event_attendance_id,event_id,member_id,attendance_status,registered_at,attended_at
1,1,1000,Attended,2023-05-19 08:41:18,2023-06-03 08:41:18
2,1,2410,Attended,2023-05-22 08:41:18,2023-06-03 08:41:18
3,1,2547,Attended,2023-05-23 08:41:18,2023-06-03 08:41:18
4,1,968,Cancelled,2023-05-12 08:41:18,
5,1,2973,Attended,2023-05-27 08:41:18,2023-06-03 08:41:18
6,1,1061,Attended,2023-05-21 08:41:18,2023-06-03 08:41:18
7,1,3213,Registered,2023-04-26 08:41:18,
8,1,133,Attended,2023-05-29 08:41:18,2023-06-03 08:41:18
9,1,1547,No Show,2023-04-27 08:41:18,
10,1,1820,Attended,2023-05-18 08:41:18,2023-06-03 08:41:18
11,1,12,Registered,2023-04-28 08:41:18,
12,1,1803,Attended,2023-05-07 08:41:18,2023-06-03 08:41:18
13,1,2428,Registered,2023-05-30 08:41:18,
14,1,2235,Attended,2023-05-02 08:41:18,2023-06-03 08:41:18
15,1,1129,Attended,2023-05-11 08:41:18,2023-06-03 08:41:18
16,1,3017,Attended,2023-05-01 08:41:18,2023-06-03 08:41:18
17,1,3256,Attended,2023-05-02 08:41:18,2023-06-03 08:41:18
18,1,1072,Registered,2023-05-25 08:41:18,
19,1,2481,No Show,2023-04-25 08:41:18,
20,1,243,Registered,2023-05-08 08:41:18,
21,1,2714,Attended,2023-04-23 08:41:18,2023-06-03 08:41:18
22,1,3073,No Show,2023-05-10 08:41:18,
23,1,199,Attended,2023-05-28 08:41:18,2023-06-03 08:41:18
24,1,985,Attended,2023-05-23 08:41:18,2023-06-03 08:41:18
25,1,1237,Attended,2023-05-22 08:41:18,2023-06-03 08:41:18
26,1,797,Attended,2023-05-28 08:41:18,2023-06-03 08:41:18
27,1,2244,Attended,2023-04-29 08:41:18,2023-06-03 08:41:18
28,1,1281,Attended,2023-05-31 08:41:18,2023-06-03 08:41:18
29,1,880,Attended,2023-04-23 08:41:18,2023-06-03 08:41:18
30,1,3053,Registered,2023-04-20 08:41:18,
31,1,752,Attended,2023-04-21 08:41:18,2023-06-03 08:41:18
32,1,2789,Attended,2023-05-18 08:41:18,2023-06-03 08:41:18
33,1,994,Registered,2023-04-27 08:41:18,
34,1,1658,No Show,2023-05-28 08:41:18,
35,1,13,Attended,2023-05-26 08:41:18,2023-06-03 08:41:18
36,1,1133,Attended,2023-05-20 08:41:18,2023-06-03 08:41:18
37,1,3004,Attended,2023-05-03 08:41:18,2023-06-03 08:41:18
38,1,2474,Attended,2023-04-25 08:41:18,2023-06-03 08:41:18
39,1,1380,Registered,2023-05-04 08:41:18,
40,1,589,Attended,2023-05-23 08:41:18,2023-06-03 08:41:18
41,1,30,Attended,2023-05-30 08:41:18,2023-06-03 08:41:18
42,1,983,Attended,2023-05-23 08:41:18,2023-06-03 08:41:18
43,1,571,Attended,2023-05-29 08:41:18,2023-06-03 08:41:18
44,1,53,Registered,2023-05-25 08:41:18,
45,2,2509,No Show,2023-01-30 07:13:01,
46,2,222,Attended,2023-03-09 07:13:01,2023-03-15 07:13:01
47,2,797,Attended,2023-03-04 07:13:01,2023-03-15 07:13:01
48,2,2653,Attended,2023-03-09 07:13:01,2023-03-15 07:13:01
49,2,573,Attended,2023-02-24 07:13:01,2023-03-15 07:13:01
50,2,3075,Attended,2023-03-09 07:13:01,2023-03-15 07:13:01
51,2,1936,No Show,2023-02-01 07:13:01,
52,2,1894,Attended,2023-02-16 07:13:01,2023-03-15 07:13:01
53,2,3150,Registered,2023-02-21 07:13:01,
54,2,2774,Attended,2023-02-06 07:13:01,2023-03-15 07:13:01
55,2,3129,Attended,2023-02-12 07:13:01,2023-03-15 07:13:01
56,2,113,Attended,2023-02-27 07:13:01,2023-03-15 07:13:01
57,2,2299,Attended,2023-02-14 07:13:01,2023-03-15 07:13:01
58,2,1053,Attended,2023-03-13 07:13:01,2023-03-15 07:13:01
59,2,1136,Attended,2023-02-22 07:13:01,2023-03-15 07:13:01
60,2,1927,Registered,2023-03-04 07:13:01,
61,2,2881,Registered,2023-02-28 07:13:01,
62,2,714,Attended,2023-03-05 07:13:01,2023-03-15 07:13:01
63,2,208,Attended,2023-02-11 07:13:01,2023-03-15 07:13:01
64,2,607,Attended,2023-02-05 07:13:01,2023-03-15 07:13:01
65,2,1314,Attended,2023-02-18 07:13:01,2023-03-15 07:13:01
66,2,1520,Registered,2023-01-29 07:13:01,
67,2,2814,Attended,2023-02-06 07:13:01,2023-03-15 07:13:01
68,2,559,Attended,2023-02-02 07:13:01,2023-03-15 07:13:01
69,2,368,Attended,2023-03-10 07:13:01,2023-03-15 07:13:01
70,2,2484,Attended,2023-01-30 07:13:01,2023-03-15 07:13:01
71,2,1663,No Show,2023-03-09 07:13:01,
72,2,394,Attended,2023-03-03 07:13:01,2023-03-15 07:13:01
73,2,3142,Attended,2023-02-07 07:13:01,2023-03-15 07:13:01
74,2,1503,Attended,2023-02-13 07:13:01,2023-03-15 07:13:01
75,2,1676,Attended,2023-02-19 07:13:01,2023-03-15 07:13:01
76,2,1091,Attended,2023-03-12 07:13:01,2023-03-15 07:13:01
77,2,2894,Registered,2023-02-19 07:13:01,
78,2,2803,Registered,2023-02-02 07:13:01,
79,2,2637,Attended,2023-03-02 07:13:01,2023-03-15 07:13:01
80,2,1199,Attended,2023-02-26 07:13:01,2023-03-15 07:13:01
81,2,150,Attended,2023-02-21 07:13:01,2023-03-15 07:13:01
82,2,2846,Registered,2023-01-31 07:13:01,
83,2,2612,Attended,2023-03-05 07:13:01,2023-03-15 07:13:01
84,2,2920,Attended,2023-02-19 07:13:01,2023-03-15 07:13:01
85,2,2793,No Show,2023-03-04 07:13:01,
86,2,2155,Attended,2023-03-08 07:13:01,2023-03-15 07:13:01
87,2,3209,Attended,2023-02-19 07:13:01,2023-03-15 07:13:01
88,2,2606,Attended,2023-02-07 07:13:01,2023-03-15 07:13:01
89,2,139,Attended,2023-03-04 07:13:01,2023-03-15 07:13:01
90,2,3205,Attended,2023-03-11 07:13:01,2023-03-15 07:13:01
91,2,1723,Cancelled,2023-02-17 07:13:01,
92,2,2620,Registered,2023-03-10 07:13:01,
93,2,2204,Attended,2023-02-07 07:13:01,2023-03-15 07:13:01
94,2,1340,Attended,2023-03-06 07:13:01,2023-03-15 07:13:01
95,2,110,Attended,2023-02-02 07:13:01,2023-03-15 07:13:01
96,2,1533,Attended,2023-02-12 07:13:01,2023-03-15 07:13:01
97,2,1602,Attended,2023-01-29 07:13:01,2023-03-15 07:13:01
98,2,1184,Attended,2023-02-02 07:13:01,2023-03-15 07:13:01
99,2,1454,Attended,2023-02-09 07:13:01,2023-03-15 07:13:01
100,2,446,Attended,2023-02-11 07:13:01,2023-03-15 07:13:01
101,2,510,Registered,2023-02-01 07:13:01,
102,2,1315,Attended,2023-03-14 07:13:01,2023-03-15 07:13:01
103,2,2192,Attended,2023-02-02 07:13:01,2023-03-15 07:13:01
104,2,2080,Attended,2023-02-19 07:13:01,2023-03-15 07:13:01
105,2,2625,Attended,2023-03-02 07:13:01,2023-03-15 07:13:01
106,2,198,Cancelled,2023-03-02 07:13:01,
107,2,2665,No Show,2023-03-05 07:13:01,
108,2,2466,Attended,2023-02-09 07:13:01,2023-03-15 07:13:01
109,2,2191,Attended,2023-02-23 07:13:01,2023-03-15 07:13:01
110,2,1879,Attended,2023-02-21 07:13:01,2023-03-15 07:13:01
111,2,2076,Cancelled,2023-03-13 07:13:01,
112,2,2720,Attended,2023-03-09 07:13:01,2023-03-15 07:13:01
113,2,918,Attended,2023-03-11 07:13:01,2023-03-15 07:13:01
114,2,2923,Attended,2023-03-13 07:13:01,2023-03-15 07:13:01
115,2,1084,Attended,2023-02-05 07:13:01,2023-03-15 07:13:01
116,2,2493,Registered,2023-01-30 07:13:01,
117,2,3050,Registered,2023-02-20 07:13:01,
118,2,2127,Attended,2023-02-06 07:13:01,2023-03-15 07:13:01
119,2,2479,Attended,2023-02-04 07:13:01,2023-03-15 07:13:01
120,2,268,Attended,2023-03-03 07:13:01,2023-03-15 07:13:01
121,2,1736,No Show,2023-02-01 07:13:01,
122,2,1161,Attended,2023-02-18 07:13:01,2023-03-15 07:13:01
123,2,843,Attended,2023-02-19 07:13:01,2023-03-15 07:13:01
124,2,915,Cancelled,2023-02-07 07:13:01,
125,2,227,Attended,2023-03-08 07:13:01,2023-03-15 07:13:01
126,2,1711,No Show,2023-03-13 07:13:01,
127,2,2855,Cancelled,2023-02-03 07:13:01,
128,2,1405,Attended,2023-02-25 07:13:01,2023-03-15 07:13:01
129,2,1582,Attended,2023-02-18 07:13:01,2023-03-15 07:13:01
130,2,247,Attended,2023-03-11 07:13:01,2023-03-15 07:13:01
131,2,2878,Cancelled,2023-02-04 07:13:01,
132,2,2804,No Show,2023-02-21 07:13:01,
133,2,417,Attended,2023-02-15 07:13:01,2023-03-15 07:13:01
134,2,2925,Attended,2023-03-13 07:13:01,2023-03-15 07:13:01
135,2,765,Attended,2023-01-30 07:13:01,2023-03-15 07:13:01
136,2,896,No Show,2023-02-13 07:13:01,
137,2,1051,No Show,2023-02-15 07:13:01,
138,2,2409,No Show,2023-02-13 07:13:01,
139,2,1072,Attended,2023-02-18 07:13:01,2023-03-15 07:13:01
140,2,722,No Show,2023-03-04 07:13:01,
141,2,104,Attended,2023-02-10 07:13:01,2023-03-15 07:13:01
142,2,2719,Attended,2023-02-01 07:13:01,2023-03-15 07:13:01
143,2,2931,Attended,2023-02-25 07:13:01,2023-03-15 07:13:01
144,2,1697,Registered,2023-02-14 07:13:01,
145,2,1264,Registered,2023-03-13 07:13:01,
146,2,1225,Attended,2023-01-29 07:13:01,2023-03-15 07:13:01
147,2,460,Attended,2023-03-01 07:13:01,2023-03-15 07:13:01
148,2,245,Attended,2023-02-19 07:13:01,2023-03-15 07:13:01
149,2,1601,Attended,2023-02-27 07:13:01,2023-03-15 07:13:01
150,3,1051,Attended,2025-02-05 03:41:02,2025-02-16 03:41:02
151,3,2202,No Show,2025-02-02 03:41:02,
152,3,2795,Cancelled,2025-02-07 03:41:02,
153,3,2918,Attended,2025-01-17 03:41:02,2025-02-16 03:41:02
154,3,126,Attended,2025-01-11 03:41:02,2025-02-16 03:41:02
155,3,2165,Attended,2025-01-04 03:41:02,2025-02-16 03:41:02
156,3,859,Attended,2025-01-27 03:41:02,2025-02-16 03:41:02
157,3,445,Attended,2025-01-12 03:41:02,2025-02-16 03:41:02
158,3,618,Registered,2025-01-12 03:41:02,
159,3,3019,Attended,2025-01-20 03:41:02,2025-02-16 03:41:02
160,3,2062,No Show,2025-01-21 03:41:02,
161,3,1961,Attended,2025-02-05 03:41:02,2025-02-16 03:41:02
162,3,1505,Cancelled,2025-02-04 03:41:02,
163,3,3142,Registered,2025-01-30 03:41:02,
164,3,44,Attended,2025-01-09 03:41:02,2025-02-16 03:41:02
165,3,2463,Attended,2025-01-23 03:41:02,2025-02-16 03:41:02
166,3,1892,Attended,2025-01-14 03:41:02,2025-02-16 03:41:02
167,3,1444,Cancelled,2025-01-26 03:41:02,
168,3,2457,No Show,2025-02-15 03:41:02,
169,3,3070,Cancelled,2025-01-08 03:41:02,
170,3,1020,Attended,2025-02-12 03:41:02,2025-02-16 03:41:02
171,3,3106,Attended,2025-01-08 03:41:02,2025-02-16 03:41:02
172,3,2756,No Show,2025-01-18 03:41:02,
173,3,102,Attended,2025-02-02 03:41:02,2025-02-16 03:41:02
174,3,1181,Attended,2025-02-03 03:41:02,2025-02-16 03:41:02
175,3,2926,Cancelled,2025-01-02 03:41:02,
176,3,3183,Attended,2025-01-27 03:41:02,2025-02-16 03:41:02
177,3,741,Attended,2025-02-13 03:41:02,2025-02-16 03:41:02
178,3,34,Attended,2025-02-13 03:41:02,2025-02-16 03:41:02
179,3,892,Registered,2025-02-10 03:41:02,
180,3,500,Attended,2025-02-10 03:41:02,2025-02-16 03:41:02
181,3,1151,Attended,2025-02-07 03:41:02,2025-02-16 03:41:02
182,3,2044,Attended,2025-02-02 03:41:02,2025-02-16 03:41:02
183,3,18,Registered,2025-01-25 03:41:02,
184,3,184,Registered,2025-02-09 03:41:02,
185,3,2766,Attended,2025-01-08 03:41:02,2025-02-16 03:41:02
186,3,1624,Attended,2025-01-04 03:41:02,2025-02-16 03:41:02
187,3,2151,Cancelled,2025-02-13 03:41:02,
188,3,3034,Attended,2025-02-03 03:41:02,2025-02-16 03:41:02
189,3,734,Cancelled,2025-01-29 03:41:02,
190,3,1729,Attended,2025-02-04 03:41:02,2025-02-16 03:41:02
191,3,2073,Attended,2025-01-15 03:41:02,2025-02-16 03:41:02
192,3,1709,Attended,2025-01-26 03:41:02,2025-02-16 03:41:02
193,3,2421,Registered,2025-01-24 03:41:02,
194,3,2956,No Show,2025-01-10 03:41:02,
195,3,2851,Attended,2025-02-14 03:41:02,2025-02-16 03:41:02
196,3,1541,Attended,2025-02-11 03:41:02,2025-02-16 03:41:02
197,3,1285,Registered,2025-01-07 03:41:02,
198,3,913,Registered,2025-01-19 03:41:02,
199,3,2715,Registered,2025-02-02 03:41:02,
200,3,71,Attended,2025-01-30 03:41:02,2025-02-16 03:41:02
201,3,1163,Attended,2025-01-23 03:41:02,2025-02-16 03:41:02
202,3,85,Attended,2025-02-05 03:41:02,2025-02-16 03:41:02
203,3,2445,Attended,2025-01-17 03:41:02,2025-02-16 03:41:02
204,3,1382,Attended,2025-02-12 03:41:02,2025-02-16 03:41:02
205,3,1933,Attended,2025-01-22 03:41:02,2025-02-16 03:41:02
206,3,1230,Attended,2025-01-27 03:41:02,2025-02-16 03:41:02
207,3,1331,Attended,2025-02-09 03:41:02,2025-02-16 03:41:02
208,3,777,No Show,2025-01-27 03:41:02,
209,3,1094,Attended,2025-01-16 03:41:02,2025-02-16 03:41:02
210,3,534,Attended,2025-01-15 03:41:02,2025-02-16 03:41:02
211,3,1849,Attended,2025-01-29 03:41:02,2025-02-16 03:41:02
212,3,944,Registered,2025-02-10 03:41:02,
213,3,665,Attended,2025-01-27 03:41:02,2025-02-16 03:41:02
214,3,2440,Attended,2025-01-18 03:41:02,2025-02-16 03:41:02
215,3,1561,Registered,2025-01-25 03:41:02,
216,3,242,Attended,2025-01-12 03:41:02,2025-02-16 03:41:02
217,3,2342,Attended,2025-01-02 03:41:02,2025-02-16 03:41:02
218,3,425,Attended,2025-02-10 03:41:02,2025-02-16 03:41:02
219,3,2381,Attended,2025-01-26 03:41:02,2025-02-16 03:41:02
220,3,1762,Attended,2025-02-14 03:41:02,2025-02-16 03:41:02
221,3,1359,Attended,2025-01-30 03:41:02,2025-02-16 03:41:02
222,3,1247,Attended,2025-01-31 03:41:02,2025-02-16 03:41:02
223,3,2972,Attended,2025-01-02 03:41:02,2025-02-16 03:41:02
224,3,1822,Registered,2025-01-11 03:41:02,
225,3,2030,No Show,2025-01-05 03:41:02,
226,3,582,Attended,2025-01-22 03:41:02,2025-02-16 03:41:02
227,3,1355,Registered,2025-02-12 03:41:02,
228,3,2545,Attended,2025-01-25 03:41:02,2025-02-16 03:41:02
229,3,2594,Attended,2025-01-06 03:41:02,2025-02-16 03:41:02
230,3,669,Attended,2025-01-24 03:41:02,2025-02-16 03:41:02
231,3,3213,Attended,2025-01-28 03:41:02,2025-02-16 03:41:02
232,3,1423,Attended,2025-01-14 03:41:02,2025-02-16 03:41:02
233,3,113,Attended,2025-01-27 03:41:02,2025-02-16 03:41:02
234,3,178,Registered,2025-02-08 03:41:02,
235,3,2364,Attended,2025-01-02 03:41:02,2025-02-16 03:41:02
236,3,2190,Attended,2025-01-28 03:41:02,2025-02-16 03:41:02
237,3,1872,Attended,2025-01-24 03:41:02,2025-02-16 03:41:02
238,3,377,Attended,2025-01-20 03:41:02,2025-02-16 03:41:02
239,3,719,Attended,2025-02-02 03:41:02,2025-02-16 03:41:02
240,3,943,Attended,2025-01-05 03:41:02,2025-02-16 03:41:02
241,3,2228,Attended,2025-01-10 03:41:02,2025-02-16 03:41:02
242,3,1924,Cancelled,2025-02-04 03:41:02,
243,3,213,Attended,2025-01-29 03:41:02,2025-02-16 03:41:02
244,3,690,Attended,2025-02-01 03:41:02,2025-02-16 03:41:02
245,3,1549,Attended,2025-01-07 03:41:02,2025-02-16 03:41:02
246,3,3246,Attended,2025-01-13 03:41:02,2025-02-16 03:41:02
247,3,2667,Attended,2025-02-07 03:41:02,2025-02-16 03:41:02
248,3,1551,Registered,2025-01-23 03:41:02,
249,3,3120,No Show,2025-01-11 03:41:02,
250,3,1871,Attended,2025-01-12 03:41:02,2025-02-16 03:41:02
251,3,2076,Attended,2025-01-30 03:41:02,2025-02-16 03:41:02
252,3,902,Attended,2025-02-08 03:41:02,2025-02-16 03:41:02
253,3,516,Attended,2025-02-13 03:41:02,2025-02-16 03:41:02
254,3,1099,Cancelled,2025-02-06 03:41:02,
255,3,629,Registered,2025-02-07 03:41:02,
256,3,337,Attended,2025-01-05 03:41:02,2025-02-16 03:41:02
257,3,2664,Attended,2025-01-16 03:41:02,2025-02-16 03:41:02
258,3,1142,Registered,2025-01-07 03:41:02,
259,3,498,Attended,2025-02-02 03:41:02,2025-02-16 03:41:02
260,3,672,Attended,2025-02-13 03:41:02,2025-02-16 03:41:02
261,3,2892,Attended,2025-01-11 03:41:02,2025-02-16 03:41:02
262,3,895,Attended,2025-02-03 03:41:02,2025-02-16 03:41:02
263,3,1557,Cancelled,2025-01-13 03:41:02,
264,3,2188,Attended,2025-02-07 03:41:02,2025-02-16 03:41:02
265,3,2678,Attended,2025-01-13 03:41:02,2025-02-16 03:41:02
266,3,1174,Attended,2025-02-12 03:41:02,2025-02-16 03:41:02
267,3,873,No Show,2025-01-14 03:41:02,
268,3,287,Attended,2025-02-15 03:41:02,2025-02-16 03:41:02
269,3,729,No Show,2025-01-22 03:41:02,
270,3,839,Registered,2025-01-16 03:41:02,
271,3,1685,Attended,2025-01-27 03:41:02,2025-02-16 03:41:02
272,3,763,Attended,2025-02-09 03:41:02,2025-02-16 03:41:02
273,3,869,Attended,2025-01-20 03:41:02,2025-02-16 03:41:02
274,3,2333,No Show,2025-01-29 03:41:02,
275,3,134,Registered,2025-01-11 03:41:02,
276,3,2328,Registered,2025-02-03 03:41:02,
277,3,210,Attended,2025-01-18 03:41:02,2025-02-16 03:41:02
278,3,2010,Attended,2025-02-14 03:41:02,2025-02-16 03:41:02
279,3,2129,Attended,2025-01-06 03:41:02,2025-02-16 03:41:02
280,3,237,Attended,2025-01-04 03:41:02,2025-02-16 03:41:02
281,3,1494,Attended,2025-02-09 03:41:02,2025-02-16 03:41:02
282,3,26,Attended,2025-01-22 03:41:02,2025-02-16 03:41:02
283,3,54,Attended,2025-02-02 03:41:02,2025-02-16 03:41:02
284,3,2924,Attended,2025-01-26 03:41:02,2025-02-16 03:41:02
285,3,2102,No Show,2025-02-13 03:41:02,
286,3,3198,Attended,2025-01-27 03:41:02,2025-02-16 03:41:02
287,3,1021,Registered,2025-01-26 03:41:02,
288,3,723,Attended,2025-01-06 03:41:02,2025-02-16 03:41:02
289,3,308,Attended,2025-01-28 03:41:02,2025-02-16 03:41:02
290,3,168,Attended,2025-01-28 03:41:02,2025-02-16 03:41:02
291,3,1357,Attended,2025-01-12 03:41:02,2025-02-16 03:41:02
292,3,1371,No Show,2025-01-02 03:41:02,
293,3,866,Attended,2025-02-09 03:41:02,2025-02-16 03:41:02
294,3,2193,Attended,2025-02-03 03:41:02,2025-02-16 03:41:02
295,3,2614,Attended,2025-01-04 03:41:02,2025-02-16 03:41:02
296,3,1424,Attended,2025-01-20 03:41:02,2025-02-16 03:41:02
297,3,2877,Attended,2025-02-14 03:41:02,2025-02-16 03:41:02
298,3,299,Cancelled,2025-01-24 03:41:02,
299,3,361,Registered,2025-02-08 03:41:02,
300,3,1262,No Show,2025-02-03 03:41:02,
301,3,1684,Attended,2025-01-15 03:41:02,2025-02-16 03:41:02
302,3,2563,No Show,2025-01-03 03:41:02,
303,3,2400,Attended,2025-02-05 03:41:02,2025-02-16 03:41:02
304,3,1911,Attended,2025-01-16 03:41:02,2025-02-16 03:41:02
305,3,2828,No Show,2025-01-16 03:41:02,
306,3,1238,Attended,2025-01-17 03:41:02,2025-02-16 03:41:02
307,3,2191,Registered,2025-01-29 03:41:02,
308,3,851,Registered,2025-02-13 03:41:02,
309,3,1393,No Show,2025-02-07 03:41:02,
310,3,2277,Attended,2025-01-29 03:41:02,2025-02-16 03:41:02
311,3,877,Registered,2025-02-10 03:41:02,
312,3,2665,Attended,2025-01-14 03:41:02,2025-02-16 03:41:02
313,3,1837,Attended,2025-01-07 03:41:02,2025-02-16 03:41:02
314,3,128,Attended,2025-02-10 03:41:02,2025-02-16 03:41:02
315,3,1218,Attended,2025-01-07 03:41:02,2025-02-16 03:41:02
316,3,992,Attended,2025-01-28 03:41:02,2025-02-16 03:41:02
317,3,709,Attended,2025-01-03 03:41:02,2025-02-16 03:41:02
318,3,2036,No Show,2025-02-10 03:41:02,
319,3,562,Attended,2025-02-07 03:41:02,2025-02-16 03:41:02
320,3,1460,Cancelled,2025-01-20 03:41:02,
321,3,58,Registered,2025-01-15 03:41:02,
322,3,1234,Attended,2025-02-05 03:41:02,2025-02-16 03:41:02
323,3,2161,Registered,2025-02-09 03:41:02,
324,3,1954,Attended,2025-02-03 03:41:02,2025-02-16 03:41:02
325,3,2330,Attended,2025-02-01 03:41:02,2025-02-16 03:41:02
326,3,2390,Attended,2025-02-04 03:41:02,2025-02-16 03:41:02
327,3,1304,Attended,2025-01-25 03:41:02,2025-02-16 03:41:02
328,3,3237,No Show,2025-01-16 03:41:02,
329,3,2485,Attended,2025-01-03 03:41:02,2025-02-16 03:41:02
330,3,953,Cancelled,2025-01-08 03:41:02,
331,3,1200,Attended,2025-01-09 03:41:02,2025-02-16 03:41:02
332,3,1756,Attended,2025-01-26 03:41:02,2025-02-16 03:41:02
333,3,1618,Attended,2025-02-13 03:41:02,2025-02-16 03:41:02
334,3,609,Attended,2025-02-10 03:41:02,2025-02-16 03:41:02
335,3,3240,Attended,2025-02-10 03:41:02,2025-02-16 03:41:02
336,3,2894,No Show,2025-02-15 03:41:02,
337,3,849,Registered,2025-02-02 03:41:02,
338,3,59,Attended,2025-02-13 03:41:02,2025-02-16 03:41:02
339,3,2588,Registered,2025-01-31 03:41:02,
340,3,2779,Registered,2025-01-14 03:41:02,
341,3,1257,No Show,2025-02-04 03:41:02,
342,3,118,Registered,2025-01-31 03:41:02,
343,3,1323,Cancelled,2025-01-02 03:41:02,
344,3,1957,Registered,2025-02-01 03:41:02,
345,3,1846,Attended,2025-02-12 03:41:02,2025-02-16 03:41:02
346,3,2370,Attended,2025-01-26 03:41:02,2025-02-16 03:41:02
347,3,1583,Attended,2025-02-07 03:41:02,2025-02-16 03:41:02
348,3,2311,Attended,2025-01-02 03:41:02,2025-02-16 03:41:02
349,3,1375,Attended,2025-01-12 03:41:02,2025-02-16 03:41:02
350,3,2024,Attended,2025-02-09 03:41:02,2025-02-16 03:41:02
351,3,2456,Attended,2025-01-25 03:41:02,2025-02-16 03:41:02
352,3,1186,Attended,2025-01-10 03:41:02,2025-02-16 03:41:02
353,3,1301,Registered,2025-01-17 03:41:02,
354,3,2967,Attended,2025-01-18 03:41:02,2025-02-16 03:41:02
355,3,2880,Registered,2025-02-03 03:41:02,
356,3,2613,Attended,2025-02-04 03:41:02,2025-02-16 03:41:02
357,3,482,Attended,2025-02-06 03:41:02,2025-02-16 03:41:02
358,3,1150,Attended,2025-01-20 03:41:02,2025-02-16 03:41:02
359,3,2687,No Show,2025-01-02 03:41:02,
360,3,2021,Cancelled,2025-01-23 03:41:02,
361,3,576,Attended,2025-01-18 03:41:02,2025-02-16 03:41:02
362,3,1471,Attended,2025-01-03 03:41:02,2025-02-16 03:41:02
363,3,1404,No Show,2025-01-08 03:41:02,
364,3,2472,Registered,2025-02-12 03:41:02,
365,3,2286,Attended,2025-01-28 03:41:02,2025-02-16 03:41:02
366,3,1587,Attended,2025-01-26 03:41:02,2025-02-16 03:41:02
367,3,66,Attended,2025-01-07 03:41:02,2025-02-16 03:41:02
368,3,1407,Attended,2025-02-15 03:41:02,2025-02-16 03:41:02
369,3,3175,No Show,2025-01-18 03:41:02,
370,3,2942,Registered,2025-01-21 03:41:02,
371,3,1881,Attended,2025-01-20 03:41:02,2025-02-16 03:41:02
372,3,32,Registered,2025-01-19 03:41:02,
373,3,3238,Attended,2025-01-18 03:41:02,2025-02-16 03:41:02
374,3,1166,Attended,2025-02-12 03:41:02,2025-02-16 03:41:02
375,3,1776,No Show,2025-02-09 03:41:02,
376,3,255,Registered,2025-01-29 03:41:02,
377,3,1329,No Show,2025-01-26 03:41:02,
378,3,1063,Attended,2025-02-14 03:41:02,2025-02-16 03:41:02
379,3,3209,Registered,2025-02-15 03:41:02,
380,3,965,Registered,2025-01-12 03:41:02,
381,3,1437,Registered,2025-01-13 03:41:02,
382,3,2441,Attended,2025-01-05 03:41:02,2025-02-16 03:41:02
383,3,988,Attended,2025-02-09 03:41:02,2025-02-16 03:41:02
384,3,205,Attended,2025-02-03 03:41:02,2025-02-16 03:41:02
385,3,2310,Registered,2025-01-28 03:41:02,
386,3,1517,Attended,2025-02-01 03:41:02,2025-02-16 03:41:02
387,3,2192,No Show,2025-01-03 03:41:02,
388,3,3094,Registered,2025-01-12 03:41:02,
389,3,2507,Attended,2025-02-06 03:41:02,2025-02-16 03:41:02
390,3,2987,Registered,2025-01-18 03:41:02,
391,3,540,No Show,2025-01-28 03:41:02,
392,3,874,Registered,2025-01-28 03:41:02,
393,3,2735,Attended,2025-01-15 03:41:02,2025-02-16 03:41:02
394,3,1217,Attended,2025-02-09 03:41:02,2025-02-16 03:41:02
395,3,644,Registered,2025-02-04 03:41:02,
396,3,2371,Attended,2025-01-14 03:41:02,2025-02-16 03:41:02
397,3,36,Attended,2025-02-13 03:41:02,2025-02-16 03:41:02
398,3,2351,Attended,2025-01-11 03:41:02,2025-02-16 03:41:02
399,3,2344,Cancelled,2025-01-29 03:41:02,
400,3,63,Attended,2025-01-14 03:41:02,2025-02-16 03:41:02
401,3,2646,Attended,2025-02-14 03:41:02,2025-02-16 03:41:02
402,3,89,Registered,2025-01-25 03:41:02,
403,3,1614,No Show,2025-01-21 03:41:02,
404,3,3217,Attended,2025-01-17 03:41:02,2025-02-16 03:41:02
405,3,1552,Attended,2025-01-26 03:41:02,2025-02-16 03:41:02
406,3,3180,Registered,2025-02-15 03:41:02,
407,3,579,Registered,2025-01-06 03:41:02,
408,3,1850,Registered,2025-02-08 03:41:02,
409,3,2741,Attended,2025-01-11 03:41:02,2025-02-16 03:41:02
410,3,2758,Attended,2025-01-06 03:41:02,2025-02-16 03:41:02
411,3,2856,No Show,2025-02-15 03:41:02,
412,3,2510,Attended,2025-01-20 03:41:02,2025-02-16 03:41:02
413,3,465,No Show,2025-01-11 03:41:02,
414,3,1511,No Show,2025-01-12 03:41:02,
415,3,1476,Attended,2025-01-28 03:41:02,2025-02-16 03:41:02
416,3,1492,Attended,2025-02-14 03:41:02,2025-02-16 03:41:02
417,3,2728,Attended,2025-02-10 03:41:02,2025-02-16 03:41:02
418,3,392,Cancelled,2025-02-09 03:41:02,
419,3,596,No Show,2025-01-26 03:41:02,
420,3,597,Attended,2025-01-11 03:41:02,2025-02-16 03:41:02
421,3,1715,Attended,2025-02-11 03:41:02,2025-02-16 03:41:02
422,3,2127,Attended,2025-01-04 03:41:02,2025-02-16 03:41:02
423,3,341,Attended,2025-02-06 03:41:02,2025-02-16 03:41:02
424,3,891,Attended,2025-01-17 03:41:02,2025-02-16 03:41:02
425,3,2093,Attended,2025-01-29 03:41:02,2025-02-16 03:41:02
426,3,3144,Attended,2025-01-31 03:41:02,2025-02-16 03:41:02
427,3,2668,No Show,2025-01-02 03:41:02,
428,3,1060,Attended,2025-01-14 03:41:02,2025-02-16 03:41:02
429,3,1905,Attended,2025-01-19 03:41:02,2025-02-16 03:41:02
430,3,2590,Attended,2025-01-18 03:41:02,2025-02-16 03:41:02
431,3,2177,No Show,2025-01-06 03:41:02,
432,3,1727,Cancelled,2025-01-18 03:41:02,
433,3,48,Attended,2025-02-08 03:41:02,2025-02-16 03:41:02
434,3,2043,Registered,2025-01-08 03:41:02,
435,3,853,Attended,2025-01-23 03:41:02,2025-02-16 03:41:02
436,3,686,Cancelled,2025-01-21 03:41:02,
437,3,747,Attended,2025-01-09 03:41:02,2025-02-16 03:41:02
438,3,2255,Attended,2025-02-13 03:41:02,2025-02-16 03:41:02
439,3,162,Attended,2025-01-29 03:41:02,2025-02-16 03:41:02
440,3,2480,Registered,2025-01-15 03:41:02,
441,3,2845,Attended,2025-02-15 03:41:02,2025-02-16 03:41:02
442,3,448,Attended,2025-01-15 03:41:02,2025-02-16 03:41:02
443,3,1760,Attended,2025-01-12 03:41:02,2025-02-16 03:41:02
444,3,2859,No Show,2025-02-12 03:41:02,
445,3,2361,Attended,2025-02-03 03:41:02,2025-02-16 03:41:02
446,3,1985,Cancelled,2025-01-18 03:41:02,
447,3,2833,Attended,2025-02-07 03:41:02,2025-02-16 03:41:02
448,3,249,Attended,2025-01-09 03:41:02,2025-02-16 03:41:02
449,3,1861,Attended,2025-02-10 03:41:02,2025-02-16 03:41:02
450,3,1243,Attended,2025-01-24 03:41:02,2025-02-16 03:41:02
451,3,2257,Attended,2025-02-03 03:41:02,2025-02-16 03:41:02
452,3,401,Attended,2025-02-09 03:41:02,2025-02-16 03:41:02
453,3,1649,Attended,2025-02-08 03:41:02,2025-02-16 03:41:02
454,3,301,Attended,2025-01-19 03:41:02,2025-02-16 03:41:02
455,3,1305,Attended,2025-01-08 03:41:02,2025-02-16 03:41:02
456,3,872,Attended,2025-02-03 03:41:02,2025-02-16 03:41:02
457,3,1560,Registered,2025-02-10 03:41:02,
458,3,2606,Attended,2025-01-23 03:41:02,2025-02-16 03:41:02
459,3,3049,Registered,2025-01-13 03:41:02,
460,3,2969,No Show,2025-01-14 03:41:02,
461,3,693,Cancelled,2025-01-03 03:41:02,
462,3,1581,Attended,2025-01-22 03:41:02,2025-02-16 03:41:02
463,3,149,No Show,2025-02-06 03:41:02,
464,3,1605,Attended,2025-01-17 03:41:02,2025-02-16 03:41:02
465,3,727,Registered,2025-01-12 03:41:02,
466,3,1027,Attended,2025-01-10 03:41:02,2025-02-16 03:41:02
467,3,2498,Registered,2025-01-09 03:41:02,
468,3,2139,Attended,2025-01-13 03:41:02,2025-02-16 03:41:02
469,3,645,Attended,2025-02-11 03:41:02,2025-02-16 03:41:02
470,3,2837,Attended,2025-02-09 03:41:02,2025-02-16 03:41:02
471,3,1672,Attended,2025-01-08 03:41:02,2025-02-16 03:41:02
472,3,798,Attended,2025-01-16 03:41:02,2025-02-16 03:41:02
473,3,2651,Cancelled,2025-02-10 03:41:02,
474,3,1041,No Show,2025-01-26 03:41:02,
475,3,2198,Attended,2025-01-13 03:41:02,2025-02-16 03:41:02
476,3,1629,Attended,2025-01-19 03:41:02,2025-02-16 03:41:02
477,3,1650,Attended,2025-01-04 03:41:02,2025-02-16 03:41:02
478,3,2033,Attended,2025-01-02 03:41:02,2025-02-16 03:41:02
479,3,2994,No Show,2025-01-03 03:41:02,
480,3,293,Registered,2025-02-01 03:41:02,
481,3,1789,Registered,2025-02-02 03:41:02,
482,3,1965,Attended,2025-01-28 03:41:02,2025-02-16 03:41:02
483,3,133,Registered,2025-02-03 03:41:02,
484,3,2112,Attended,2025-01-08 03:41:02,2025-02-16 03:41:02
485,3,2280,Attended,2025-01-18 03:41:02,2025-02-16 03:41:02
486,3,2404,Attended,2025-01-16 03:41:02,2025-02-16 03:41:02
487,3,2252,No Show,2025-02-04 03:41:02,
488,3,2962,Attended,2025-01-16 03:41:02,2025-02-16 03:41:02
489,3,1079,Registered,2025-01-13 03:41:02,
490,3,1156,Attended,2025-02-11 03:41:02,2025-02-16 03:41:02
491,3,1962,Attended,2025-01-27 03:41:02,2025-02-16 03:41:02
492,3,2100,Cancelled,2025-01-13 03:41:02,
493,3,857,Attended,2025-02-05 03:41:02,2025-02-16 03:41:02
494,3,3243,Attended,2025-02-10 03:41:02,2025-02-16 03:41:02
495,3,2912,Attended,2025-01-11 03:41:02,2025-02-16 03:41:02
496,3,657,Cancelled,2025-02-14 03:41:02,
497,3,822,Registered,2025-01-20 03:41:02,
498,3,1456,Attended,2025-01-12 03:41:02,2025-02-16 03:41:02
499,3,2931,Attended,2025-01-09 03:41:02,2025-02-16 03:41:02
500,3,2176,Attended,2025-02-10 03:41:02,2025-02-16 03:41:02
501,3,2014,Attended,2025-01-05 03:41:02,2025-02-16 03:41:02
502,3,2839,Attended,2025-02-09 03:41:02,2025-02-16 03:41:02
503,3,2170,Attended,2025-02-09 03:41:02,2025-02-16 03:41:02
504,3,935,No Show,2025-02-07 03:41:02,
505,3,3064,Attended,2025-02-07 03:41:02,2025-02-16 03:41:02
506,3,592,Registered,2025-02-06 03:41:02,
507,3,681,Registered,2025-02-12 03:41:02,
508,3,1379,Attended,2025-01-29 03:41:02,2025-02-16 03:41:02
509,3,2003,Attended,2025-02-06 03:41:02,2025-02-16 03:41:02
510,3,2179,Attended,2025-02-03 03:41:02,2025-02-16 03:41:02
511,3,2541,Attended,2025-01-06 03:41:02,2025-02-16 03:41:02
512,3,2515,Attended,2025-02-01 03:41:02,2025-02-16 03:41:02
513,3,3065,No Show,2025-02-08 03:41:02,
514,3,752,Attended,2025-01-26 03:41:02,2025-02-16 03:41:02
515,3,1978,No Show,2025-02-04 03:41:02,
516,3,2069,Attended,2025-02-01 03:41:02,2025-02-16 03:41:02
517,3,678,Attended,2025-01-06 03:41:02,2025-02-16 03:41:02
518,3,1675,Attended,2025-01-02 03:41:02,2025-02-16 03:41:02
519,3,2137,Attended,2025-01-03 03:41:02,2025-02-16 03:41:02
520,3,1683,Attended,2025-01-24 03:41:02,2025-02-16 03:41:02
521,3,685,Attended,2025-01-17 03:41:02,2025-02-16 03:41:02
522,3,637,Registered,2025-02-03 03:41:02,
523,3,3166,Attended,2025-02-12 03:41:02,2025-02-16 03:41:02
524,3,2086,Attended,2025-01-22 03:41:02,2025-02-16 03:41:02
525,3,854,Attended,2025-01-14 03:41:02,2025-02-16 03:41:02
526,3,1113,Attended,2025-01-13 03:41:02,2025-02-16 03:41:02
527,3,2835,Attended,2025-01-27 03:41:02,2025-02-16 03:41:02
528,3,2242,Attended,2025-02-01 03:41:02,2025-02-16 03:41:02
529,3,1586,Registered,2025-02-13 03:41:02,
530,3,3114,Attended,2025-02-12 03:41:02,2025-02-16 03:41:02
531,3,2815,Cancelled,2025-02-14 03:41:02,
532,3,2522,Attended,2025-02-08 03:41:02,2025-02-16 03:41:02
533,3,549,Attended,2025-02-09 03:41:02,2025-02-16 03:41:02
534,3,192,Attended,2025-01-30 03:41:02,2025-02-16 03:41:02
535,3,1303,Attended,2025-02-15 03:41:02,2025-02-16 03:41:02
536,3,2812,Attended,2025-02-09 03:41:02,2025-02-16 03:41:02
537,3,2558,Cancelled,2025-01-05 03:41:02,
538,3,2118,Attended,2025-02-02 03:41:02,2025-02-16 03:41:02
539,3,1764,Attended,2025-01-26 03:41:02,2025-02-16 03:41:02
540,3,416,Attended,2025-01-08 03:41:02,2025-02-16 03:41:02
541,3,2116,Attended,2025-02-08 03:41:02,2025-02-16 03:41:02
542,3,2583,Attended,2025-01-16 03:41:02,2025-02-16 03:41:02
543,3,76,Attended,2025-02-01 03:41:02,2025-02-16 03:41:02
544,3,2729,Attended,2025-01-23 03:41:02,2025-02-16 03:41:02
545,3,1292,Registered,2025-02-02 03:41:02,
546,3,1025,No Show,2025-01-30 03:41:02,
547,3,2971,Attended,2025-01-10 03:41:02,2025-02-16 03:41:02
548,3,1068,Attended,2025-01-05 03:41:02,2025-02-16 03:41:02
549,3,1073,Registered,2025-01-08 03:41:02,
550,3,2842,Attended,2025-02-08 03:41:02,2025-02-16 03:41:02
551,3,3058,Attended,2025-02-03 03:41:02,2025-02-16 03:41:02
552,3,2234,No Show,2025-02-12 03:41:02,
553,3,3223,Attended,2025-01-03 03:41:02,2025-02-16 03:41:02
554,3,388,Attended,2025-02-15 03:41:02,2025-02-16 03:41:02
555,3,2156,No Show,2025-01-29 03:41:02,
556,3,802,No Show,2025-01-03 03:41:02,
557,3,2309,Attended,2025-01-07 03:41:02,2025-02-16 03:41:02
558,3,435,Attended,2025-01-11 03:41:02,2025-02-16 03:41:02
559,3,712,Attended,2025-02-14 03:41:02,2025-02-16 03:41:02
560,3,1096,Attended,2025-01-14 03:41:02,2025-02-16 03:41:02
561,3,1791,Attended,2025-02-01 03:41:02,2025-02-16 03:41:02
562,3,2886,Attended,2025-02-15 03:41:02,2025-02-16 03:41:02
563,3,1838,Registered,2025-01-08 03:41:02,
564,3,251,Attended,2025-02-03 03:41:02,2025-02-16 03:41:02
565,3,915,Attended,2025-01-05 03:41:02,2025-02-16 03:41:02
566,3,99,Attended,2025-02-01 03:41:02,2025-02-16 03:41:02
567,3,1877,Attended,2025-01-30 03:41:02,2025-02-16 03:41:02
568,3,920,No Show,2025-02-13 03:41:02,
569,3,501,Attended,2025-01-06 03:41:02,2025-02-16 03:41:02
570,3,1023,Attended,2025-01-22 03:41:02,2025-02-16 03:41:02
571,3,1973,Attended,2025-02-04 03:41:02,2025-02-16 03:41:02
572,3,2995,Cancelled,2025-02-12 03:41:02,
573,3,2360,Attended,2025-02-06 03:41:02,2025-02-16 03:41:02
574,3,932,No Show,2025-02-10 03:41:02,
575,3,399,Attended,2025-02-02 03:41:02,2025-02-16 03:41:02
576,3,159,Attended,2025-01-29 03:41:02,2025-02-16 03:41:02
577,3,226,Attended,2025-01-19 03:41:02,2025-02-16 03:41:02
578,3,2504,Cancelled,2025-01-16 03:41:02,
579,3,3038,Attended,2025-02-11 03:41:02,2025-02-16 03:41:02
580,3,1575,No Show,2025-02-04 03:41:02,
581,3,123,Attended,2025-02-03 03:41:02,2025-02-16 03:41:02
582,3,675,Attended,2025-02-02 03:41:02,2025-02-16 03:41:02
583,3,627,Attended,2025-01-21 03:41:02,2025-02-16 03:41:02
584,3,1325,Attended,2025-02-15 03:41:02,2025-02-16 03:41:02
585,3,276,Attended,2025-02-04 03:41:02,2025-02-16 03:41:02
586,3,981,Attended,2025-01-28 03:41:02,2025-02-16 03:41:02
587,3,75,Attended,2025-01-24 03:41:02,2025-02-16 03:41:02
588,3,631,No Show,2025-01-12 03:41:02,
589,3,2990,Attended,2025-01-07 03:41:02,2025-02-16 03:41:02
590,3,989,Registered,2025-01-21 03:41:02,
591,3,1117,Attended,2025-01-29 03:41:02,2025-02-16 03:41:02
592,3,1495,No Show,2025-01-21 03:41:02,
593,3,3000,Attended,2025-01-16 03:41:02,2025-02-16 03:41:02
594,3,355,Attended,2025-02-04 03:41:02,2025-02-16 03:41:02
595,3,1686,Attended,2025-01-05 03:41:02,2025-02-16 03:41:02
596,3,2927,Attended,2025-01-19 03:41:02,2025-02-16 03:41:02
597,3,565,Attended,2025-01-30 03:41:02,2025-02-16 03:41:02
598,3,1842,Cancelled,2025-01-07 03:41:02,
599,3,3162,No Show,2025-01-16 03:41:02,
600,3,2204,Attended,2025-01-03 03:41:02,2025-02-16 03:41:02
601,3,1570,Attended,2025-01-15 03:41:02,2025-02-16 03:41:02
602,3,12,Attended,2025-01-23 03:41:02,2025-02-16 03:41:02
603,3,1766,Attended,2025-02-06 03:41:02,2025-02-16 03:41:02
604,3,2831,Attended,2025-01-11 03:41:02,2025-02-16 03:41:02
605,3,2724,Attended,2025-02-09 03:41:02,2025-02-16 03:41:02
606,3,2777,Attended,2025-01-28 03:41:02,2025-02-16 03:41:02
607,3,743,Attended,2025-02-04 03:41:02,2025-02-16 03:41:02
608,3,1493,Attended,2025-02-15 03:41:02,2025-02-16 03:41:02
609,3,2359,Attended,2025-01-17 03:41:02,2025-02-16 03:41:02
610,3,1753,Cancelled,2025-01-17 03:41:02,
611,3,2533,No Show,2025-01-03 03:41:02,
612,3,180,Attended,2025-01-26 03:41:02,2025-02-16 03:41:02
613,3,458,Registered,2025-01-28 03:41:02,
614,3,1680,Attended,2025-01-28 03:41:02,2025-02-16 03:41:02
615,3,2704,Attended,2025-01-16 03:41:02,2025-02-16 03:41:02
616,3,1928,Attended,2025-02-13 03:41:02,2025-02-16 03:41:02
617,3,1780,Attended,2025-02-02 03:41:02,2025-02-16 03:41:02
618,3,2934,Attended,2025-01-07 03:41:02,2025-02-16 03:41:02
619,3,713,Attended,2025-01-02 03:41:02,2025-02-16 03:41:02
620,3,68,Attended,2025-02-14 03:41:02,2025-02-16 03:41:02
621,3,868,Attended,2025-02-10 03:41:02,2025-02-16 03:41:02
622,3,158,Attended,2025-02-13 03:41:02,2025-02-16 03:41:02
623,3,2140,Attended,2025-02-14 03:41:02,2025-02-16 03:41:02
624,4,2038,Attended,2025-06-12 16:01:28,2025-06-23 16:01:28
625,4,2130,Attended,2025-05-11 16:01:28,2025-06-23 16:01:28
626,4,1793,Attended,2025-05-15 16:01:28,2025-06-23 16:01:28
627,4,2153,Attended,2025-05-29 16:01:28,2025-06-23 16:01:28
628,4,455,No Show,2025-05-30 16:01:28,
629,4,1477,Attended,2025-06-04 16:01:28,2025-06-23 16:01:28
630,4,835,No Show,2025-06-01 16:01:28,
631,4,2591,Attended,2025-05-20 16:01:28,2025-06-23 16:01:28
632,4,2502,Registered,2025-05-09 16:01:28,
633,4,149,Attended,2025-06-12 16:01:28,2025-06-23 16:01:28
634,4,1176,Registered,2025-06-08 16:01:28,
635,4,973,Attended,2025-05-13 16:01:28,2025-06-23 16:01:28
636,4,3196,Registered,2025-05-10 16:01:28,
637,4,2331,Registered,2025-06-10 16:01:28,
638,4,1120,Registered,2025-06-06 16:01:28,
639,4,2911,Attended,2025-05-25 16:01:28,2025-06-23 16:01:28
640,4,1191,Attended,2025-06-18 16:01:28,2025-06-23 16:01:28
641,4,3071,Registered,2025-06-14 16:01:28,
642,4,2933,Attended,2025-06-12 16:01:28,2025-06-23 16:01:28
643,4,869,Attended,2025-05-17 16:01:28,2025-06-23 16:01:28
644,4,2530,Registered,2025-06-20 16:01:28,
645,4,202,Attended,2025-05-20 16:01:28,2025-06-23 16:01:28
646,4,2943,Attended,2025-06-07 16:01:28,2025-06-23 16:01:28
647,4,564,Attended,2025-06-08 16:01:28,2025-06-23 16:01:28
648,4,3189,Cancelled,2025-06-08 16:01:28,
649,4,2030,Attended,2025-06-06 16:01:28,2025-06-23 16:01:28
650,4,2564,Attended,2025-06-14 16:01:28,2025-06-23 16:01:28
651,4,1378,Attended,2025-05-22 16:01:28,2025-06-23 16:01:28
652,4,1514,Attended,2025-05-28 16:01:28,2025-06-23 16:01:28
653,4,201,Attended,2025-06-13 16:01:28,2025-06-23 16:01:28
654,4,752,Attended,2025-06-08 16:01:28,2025-06-23 16:01:28
655,4,841,Attended,2025-05-28 16:01:28,2025-06-23 16:01:28
656,4,326,Attended,2025-05-21 16:01:28,2025-06-23 16:01:28
657,4,3072,Attended,2025-05-22 16:01:28,2025-06-23 16:01:28
658,4,1532,Attended,2025-05-17 16:01:28,2025-06-23 16:01:28
659,4,1677,Attended,2025-06-04 16:01:28,2025-06-23 16:01:28
660,4,1086,Registered,2025-06-11 16:01:28,
661,4,591,Attended,2025-06-05 16:01:28,2025-06-23 16:01:28
662,4,811,Attended,2025-06-22 16:01:28,2025-06-23 16:01:28
663,4,3170,Cancelled,2025-05-09 16:01:28,
664,4,2781,Cancelled,2025-05-25 16:01:28,
665,4,975,Attended,2025-05-10 16:01:28,2025-06-23 16:01:28
666,4,196,No Show,2025-06-03 16:01:28,
667,4,289,Attended,2025-06-12 16:01:28,2025-06-23 16:01:28
668,4,16,Attended,2025-05-09 16:01:28,2025-06-23 16:01:28
669,4,2207,Attended,2025-05-24 16:01:28,2025-06-23 16:01:28
670,4,1419,Attended,2025-05-18 16:01:28,2025-06-23 16:01:28
671,4,100,Attended,2025-06-09 16:01:28,2025-06-23 16:01:28
672,4,286,Attended,2025-05-15 16:01:28,2025-06-23 16:01:28
673,4,2171,Attended,2025-05-18 16:01:28,2025-06-23 16:01:28
674,5,878,Registered,2023-11-11 14:50:53,
675,5,3096,Attended,2023-11-29 14:50:53,2023-12-01 14:50:53
676,5,1952,Attended,2023-10-29 14:50:53,2023-12-01 14:50:53
677,5,555,Attended,2023-11-02 14:50:53,2023-12-01 14:50:53
678,5,75,Registered,2023-11-07 14:50:53,
679,5,691,Attended,2023-10-31 14:50:53,2023-12-01 14:50:53
680,5,2916,Attended,2023-11-22 14:50:53,2023-12-01 14:50:53
681,5,1212,No Show,2023-11-19 14:50:53,
682,5,435,Attended,2023-11-24 14:50:53,2023-12-01 14:50:53
683,5,1191,Attended,2023-10-18 14:50:53,2023-12-01 14:50:53
684,5,971,Attended,2023-11-25 14:50:53,2023-12-01 14:50:53
685,5,2601,Registered,2023-11-25 14:50:53,
686,5,1973,Attended,2023-10-24 14:50:53,2023-12-01 14:50:53
687,5,413,Attended,2023-10-17 14:50:53,2023-12-01 14:50:53
688,5,1747,Registered,2023-11-17 14:50:53,
689,5,2239,Attended,2023-11-26 14:50:53,2023-12-01 14:50:53
690,5,1508,Attended,2023-10-18 14:50:53,2023-12-01 14:50:53
691,5,496,Attended,2023-10-25 14:50:53,2023-12-01 14:50:53
692,5,2978,Cancelled,2023-11-09 14:50:53,
693,5,615,Attended,2023-11-01 14:50:53,2023-12-01 14:50:53
694,5,86,Registered,2023-11-16 14:50:53,
695,5,3134,Attended,2023-11-13 14:50:53,2023-12-01 14:50:53
696,5,3119,No Show,2023-10-18 14:50:53,
697,5,1027,Attended,2023-11-21 14:50:53,2023-12-01 14:50:53
698,5,593,Attended,2023-11-28 14:50:53,2023-12-01 14:50:53
699,5,1141,Cancelled,2023-10-20 14:50:53,
700,5,3026,Attended,2023-11-08 14:50:53,2023-12-01 14:50:53
701,5,2890,Registered,2023-11-21 14:50:53,
702,5,1175,Attended,2023-11-19 14:50:53,2023-12-01 14:50:53
703,5,2685,Attended,2023-11-17 14:50:53,2023-12-01 14:50:53
704,5,864,Attended,2023-10-29 14:50:53,2023-12-01 14:50:53
705,5,2942,Attended,2023-11-20 14:50:53,2023-12-01 14:50:53
706,5,977,Attended,2023-11-10 14:50:53,2023-12-01 14:50:53
707,5,1118,Attended,2023-11-14 14:50:53,2023-12-01 14:50:53
708,5,927,Attended,2023-10-19 14:50:53,2023-12-01 14:50:53
709,5,2910,Attended,2023-11-02 14:50:53,2023-12-01 14:50:53
710,5,440,Attended,2023-10-20 14:50:53,2023-12-01 14:50:53
711,5,998,Attended,2023-11-17 14:50:53,2023-12-01 14:50:53
712,5,2159,Attended,2023-11-03 14:50:53,2023-12-01 14:50:53
713,5,2185,Attended,2023-10-27 14:50:53,2023-12-01 14:50:53
714,5,992,Registered,2023-10-28 14:50:53,
715,5,3065,Registered,2023-11-28 14:50:53,
716,5,2009,Attended,2023-11-29 14:50:53,2023-12-01 14:50:53
717,5,3193,Attended,2023-11-24 14:50:53,2023-12-01 14:50:53
718,5,415,Cancelled,2023-11-06 14:50:53,
719,5,2135,Attended,2023-11-18 14:50:53,2023-12-01 14:50:53
720,5,2457,Registered,2023-11-06 14:50:53,
721,5,1829,No Show,2023-11-15 14:50:53,
722,5,984,Registered,2023-11-21 14:50:53,
723,5,912,Registered,2023-11-08 14:50:53,
724,5,2106,Attended,2023-11-15 14:50:53,2023-12-01 14:50:53
725,5,3220,Registered,2023-10-17 14:50:53,
726,5,2651,Attended,2023-11-20 14:50:53,2023-12-01 14:50:53
727,5,868,Registered,2023-11-13 14:50:53,
728,5,2648,Registered,2023-10-30 14:50:53,
729,5,397,Attended,2023-10-21 14:50:53,2023-12-01 14:50:53
730,5,1758,Attended,2023-11-24 14:50:53,2023-12-01 14:50:53
731,5,3150,Attended,2023-11-22 14:50:53,2023-12-01 14:50:53
732,5,1266,Attended,2023-11-13 14:50:53,2023-12-01 14:50:53
733,5,2881,Cancelled,2023-10-30 14:50:53,
734,5,2767,Attended,2023-11-29 14:50:53,2023-12-01 14:50:53
735,5,3116,Attended,2023-10-27 14:50:53,2023-12-01 14:50:53
736,5,3068,Attended,2023-11-26 14:50:53,2023-12-01 14:50:53
737,5,2606,Attended,2023-10-29 14:50:53,2023-12-01 14:50:53
738,5,237,Cancelled,2023-11-13 14:50:53,
739,5,2505,No Show,2023-11-30 14:50:53,
740,5,1390,Attended,2023-10-21 14:50:53,2023-12-01 14:50:53
741,5,3045,Attended,2023-11-20 14:50:53,2023-12-01 14:50:53
742,5,3244,Attended,2023-11-03 14:50:53,2023-12-01 14:50:53
743,5,1156,Attended,2023-11-20 14:50:53,2023-12-01 14:50:53
744,5,2966,Attended,2023-10-31 14:50:53,2023-12-01 14:50:53
745,5,1998,Attended,2023-11-16 14:50:53,2023-12-01 14:50:53
746,5,2231,Attended,2023-10-28 14:50:53,2023-12-01 14:50:53
747,5,2694,Registered,2023-11-12 14:50:53,
748,5,1269,Attended,2023-11-18 14:50:53,2023-12-01 14:50:53
749,5,1810,Attended,2023-11-26 14:50:53,2023-12-01 14:50:53
750,5,1180,No Show,2023-10-23 14:50:53,
751,5,2754,Attended,2023-11-09 14:50:53,2023-12-01 14:50:53
752,5,889,No Show,2023-11-05 14:50:53,
753,5,2059,Attended,2023-10-25 14:50:53,2023-12-01 14:50:53
754,5,533,Attended,2023-11-11 14:50:53,2023-12-01 14:50:53
755,5,2236,Attended,2023-11-10 14:50:53,2023-12-01 14:50:53
756,5,2886,Attended,2023-11-02 14:50:53,2023-12-01 14:50:53
757,5,3128,No Show,2023-11-17 14:50:53,
758,5,812,Registered,2023-10-19 14:50:53,
759,5,2211,No Show,2023-11-09 14:50:53,
760,5,282,Attended,2023-11-24 14:50:53,2023-12-01 14:50:53
761,5,576,Attended,2023-11-15 14:50:53,2023-12-01 14:50:53
762,5,1975,Cancelled,2023-11-16 14:50:53,
763,5,2403,Attended,2023-10-25 14:50:53,2023-12-01 14:50:53
764,5,1017,Attended,2023-10-19 14:50:53,2023-12-01 14:50:53
765,5,1051,Registered,2023-11-20 14:50:53,
766,5,3177,Attended,2023-11-02 14:50:53,2023-12-01 14:50:53
767,5,2458,Attended,2023-10-18 14:50:53,2023-12-01 14:50:53
768,5,1976,Attended,2023-10-19 14:50:53,2023-12-01 14:50:53
769,5,2597,Cancelled,2023-11-27 14:50:53,
770,5,2350,Registered,2023-11-14 14:50:53,
771,5,1059,Registered,2023-11-01 14:50:53,
772,5,1037,Registered,2023-10-31 14:50:53,
773,5,725,Attended,2023-11-29 14:50:53,2023-12-01 14:50:53
774,5,2334,Attended,2023-10-20 14:50:53,2023-12-01 14:50:53
775,5,2642,Attended,2023-10-26 14:50:53,2023-12-01 14:50:53
776,5,3243,Cancelled,2023-11-11 14:50:53,
777,5,1025,Attended,2023-11-25 14:50:53,2023-12-01 14:50:53
778,5,1520,Attended,2023-11-01 14:50:53,2023-12-01 14:50:53
779,5,320,Attended,2023-11-14 14:50:53,2023-12-01 14:50:53
780,5,2993,Attended,2023-11-26 14:50:53,2023-12-01 14:50:53
781,5,2248,No Show,2023-11-21 14:50:53,
782,5,872,Registered,2023-11-25 14:50:53,
783,5,3231,No Show,2023-11-01 14:50:53,
784,5,1091,Registered,2023-11-15 14:50:53,
785,5,2080,Attended,2023-10-21 14:50:53,2023-12-01 14:50:53
786,5,1178,Attended,2023-10-23 14:50:53,2023-12-01 14:50:53
787,5,264,No Show,2023-11-03 14:50:53,
788,5,311,Registered,2023-11-14 14:50:53,
789,5,3202,Attended,2023-10-21 14:50:53,2023-12-01 14:50:53
790,5,849,Attended,2023-10-23 14:50:53,2023-12-01 14:50:53
791,5,3162,Attended,2023-11-21 14:50:53,2023-12-01 14:50:53
792,5,1396,Cancelled,2023-11-29 14:50:53,
793,5,2992,No Show,2023-11-11 14:50:53,
794,5,1643,Attended,2023-11-06 14:50:53,2023-12-01 14:50:53
795,5,270,Attended,2023-11-17 14:50:53,2023-12-01 14:50:53
796,5,110,Attended,2023-10-31 14:50:53,2023-12-01 14:50:53
797,5,2846,Attended,2023-11-21 14:50:53,2023-12-01 14:50:53
798,5,773,Attended,2023-11-22 14:50:53,2023-12-01 14:50:53
799,5,3033,Attended,2023-10-25 14:50:53,2023-12-01 14:50:53
800,5,1822,Attended,2023-10-27 14:50:53,2023-12-01 14:50:53
801,5,1597,Attended,2023-11-25 14:50:53,2023-12-01 14:50:53
802,5,276,Cancelled,2023-10-20 14:50:53,
803,5,2495,No Show,2023-11-19 14:50:53,
804,5,1105,Attended,2023-10-22 14:50:53,2023-12-01 14:50:53
805,5,2600,Attended,2023-11-20 14:50:53,2023-12-01 14:50:53
806,5,2988,Attended,2023-11-17 14:50:53,2023-12-01 14:50:53
807,5,1163,Attended,2023-11-01 14:50:53,2023-12-01 14:50:53
808,5,1807,Attended,2023-10-28 14:50:53,2023-12-01 14:50:53
809,5,2326,Attended,2023-10-22 14:50:53,2023-12-01 14:50:53
810,5,2186,Registered,2023-10-18 14:50:53,
811,5,1032,Cancelled,2023-10-30 14:50:53,
812,5,1547,No Show,2023-11-09 14:50:53,
813,5,2351,Attended,2023-10-24 14:50:53,2023-12-01 14:50:53
814,5,1127,Attended,2023-11-13 14:50:53,2023-12-01 14:50:53
815,5,972,Attended,2023-11-14 14:50:53,2023-12-01 14:50:53
816,5,153,Attended,2023-11-29 14:50:53,2023-12-01 14:50:53
817,5,757,No Show,2023-10-20 14:50:53,
818,5,2909,Registered,2023-11-02 14:50:53,
819,5,247,Registered,2023-11-16 14:50:53,
820,5,2556,Attended,2023-10-23 14:50:53,2023-12-01 14:50:53
821,5,1618,Attended,2023-11-05 14:50:53,2023-12-01 14:50:53
822,5,3067,No Show,2023-10-30 14:50:53,
823,5,778,No Show,2023-11-26 14:50:53,
824,5,266,Attended,2023-10-27 14:50:53,2023-12-01 14:50:53
825,5,865,Cancelled,2023-10-27 14:50:53,
826,5,2902,Attended,2023-11-21 14:50:53,2023-12-01 14:50:53
827,5,1397,No Show,2023-11-14 14:50:53,
828,5,72,Registered,2023-11-20 14:50:53,
829,5,1733,Attended,2023-11-13 14:50:53,2023-12-01 14:50:53
830,5,1312,Registered,2023-11-28 14:50:53,
831,5,736,Attended,2023-11-14 14:50:53,2023-12-01 14:50:53
832,5,629,Attended,2023-11-16 14:50:53,2023-12-01 14:50:53
833,5,499,Attended,2023-11-14 14:50:53,2023-12-01 14:50:53
834,5,2989,Attended,2023-11-24 14:50:53,2023-12-01 14:50:53
835,5,1333,Cancelled,2023-11-04 14:50:53,
836,5,2342,Attended,2023-11-20 14:50:53,2023-12-01 14:50:53
837,5,511,Attended,2023-11-01 14:50:53,2023-12-01 14:50:53
838,5,2034,Attended,2023-10-31 14:50:53,2023-12-01 14:50:53
839,5,2035,No Show,2023-11-22 14:50:53,
840,5,805,Registered,2023-11-22 14:50:53,
841,5,243,Attended,2023-11-01 14:50:53,2023-12-01 14:50:53
842,5,933,Registered,2023-11-20 14:50:53,
843,5,79,No Show,2023-11-04 14:50:53,
844,5,2696,Attended,2023-11-08 14:50:53,2023-12-01 14:50:53
845,5,1981,Attended,2023-11-24 14:50:53,2023-12-01 14:50:53
846,5,2542,Attended,2023-11-13 14:50:53,2023-12-01 14:50:53
847,5,2626,Attended,2023-10-31 14:50:53,2023-12-01 14:50:53
848,5,2811,No Show,2023-11-12 14:50:53,
849,5,572,Attended,2023-10-29 14:50:53,2023-12-01 14:50:53
850,5,3079,Attended,2023-10-20 14:50:53,2023-12-01 14:50:53
851,5,2321,Attended,2023-10-19 14:50:53,2023-12-01 14:50:53
852,5,1417,Attended,2023-10-17 14:50:53,2023-12-01 14:50:53
853,5,929,Registered,2023-10-31 14:50:53,
854,5,1675,Attended,2023-11-18 14:50:53,2023-12-01 14:50:53
855,5,952,No Show,2023-11-28 14:50:53,
856,5,299,Attended,2023-11-22 14:50:53,2023-12-01 14:50:53
857,5,2158,Attended,2023-11-25 14:50:53,2023-12-01 14:50:53
858,5,616,Attended,2023-11-28 14:50:53,2023-12-01 14:50:53
859,5,491,Attended,2023-11-01 14:50:53,2023-12-01 14:50:53
860,5,2871,Attended,2023-10-26 14:50:53,2023-12-01 14:50:53
861,5,2863,Attended,2023-11-24 14:50:53,2023-12-01 14:50:53
862,5,2875,Attended,2023-11-14 14:50:53,2023-12-01 14:50:53
863,5,513,Attended,2023-11-03 14:50:53,2023-12-01 14:50:53
864,5,455,Registered,2023-10-19 14:50:53,
865,5,1474,No Show,2023-11-21 14:50:53,
866,5,417,No Show,2023-11-11 14:50:53,
867,5,2662,Attended,2023-11-01 14:50:53,2023-12-01 14:50:53
868,5,3028,Attended,2023-11-19 14:50:53,2023-12-01 14:50:53
869,5,2032,Attended,2023-11-17 14:50:53,2023-12-01 14:50:53
870,5,2855,No Show,2023-11-26 14:50:53,
871,5,1698,Attended,2023-11-29 14:50:53,2023-12-01 14:50:53
872,5,1982,Attended,2023-10-20 14:50:53,2023-12-01 14:50:53
873,5,108,Attended,2023-10-29 14:50:53,2023-12-01 14:50:53
874,5,2659,Attended,2023-11-27 14:50:53,2023-12-01 14:50:53
875,5,2835,Attended,2023-10-31 14:50:53,2023-12-01 14:50:53
876,5,497,Registered,2023-10-23 14:50:53,
877,5,1771,Registered,2023-11-11 14:50:53,
878,5,197,Attended,2023-10-31 14:50:53,2023-12-01 14:50:53
879,5,1443,Attended,2023-11-14 14:50:53,2023-12-01 14:50:53
880,5,3075,Cancelled,2023-11-25 14:50:53,
881,5,1635,Attended,2023-10-19 14:50:53,2023-12-01 14:50:53
882,5,3209,Attended,2023-10-17 14:50:53,2023-12-01 14:50:53
883,5,2963,Registered,2023-10-28 14:50:53,
884,5,1400,Attended,2023-11-03 14:50:53,2023-12-01 14:50:53
885,5,1522,No Show,2023-11-28 14:50:53,
886,5,1539,Cancelled,2023-11-27 14:50:53,
887,5,884,Attended,2023-11-17 14:50:53,2023-12-01 14:50:53
888,5,2414,Registered,2023-11-17 14:50:53,
889,5,2162,Attended,2023-10-28 14:50:53,2023-12-01 14:50:53
890,5,234,Attended,2023-10-17 14:50:53,2023-12-01 14:50:53
891,5,1423,Attended,2023-11-10 14:50:53,2023-12-01 14:50:53
892,5,1639,Attended,2023-10-19 14:50:53,2023-12-01 14:50:53
893,5,101,Attended,2023-11-06 14:50:53,2023-12-01 14:50:53
894,5,1436,Attended,2023-11-05 14:50:53,2023-12-01 14:50:53
895,5,3050,Attended,2023-10-19 14:50:53,2023-12-01 14:50:53
896,6,1502,No Show,2021-11-17 10:49:57,
897,6,1631,Attended,2021-11-18 10:49:57,2021-12-29 10:49:57
898,6,1727,Attended,2021-12-16 10:49:57,2021-12-29 10:49:57
899,6,3067,Attended,2021-11-24 10:49:57,2021-12-29 10:49:57
900,6,2420,Attended,2021-11-23 10:49:57,2021-12-29 10:49:57
901,6,2459,Attended,2021-12-03 10:49:57,2021-12-29 10:49:57
902,6,1077,Attended,2021-11-18 10:49:57,2021-12-29 10:49:57
903,6,2039,Attended,2021-12-27 10:49:57,2021-12-29 10:49:57
904,6,2440,Registered,2021-12-02 10:49:57,
905,6,2587,Attended,2021-11-22 10:49:57,2021-12-29 10:49:57
906,6,251,Attended,2021-12-05 10:49:57,2021-12-29 10:49:57
907,6,182,Attended,2021-12-05 10:49:57,2021-12-29 10:49:57
908,6,1133,Attended,2021-12-07 10:49:57,2021-12-29 10:49:57
909,6,2701,Attended,2021-11-24 10:49:57,2021-12-29 10:49:57
910,6,2555,Registered,2021-12-03 10:49:57,
911,6,33,Attended,2021-11-28 10:49:57,2021-12-29 10:49:57
912,6,2340,Registered,2021-11-15 10:49:57,
913,6,275,Attended,2021-12-03 10:49:57,2021-12-29 10:49:57
914,6,2837,Attended,2021-12-08 10:49:57,2021-12-29 10:49:57
915,6,1912,Attended,2021-12-18 10:49:57,2021-12-29 10:49:57
916,6,924,No Show,2021-12-09 10:49:57,
917,6,1305,Attended,2021-12-09 10:49:57,2021-12-29 10:49:57
918,6,2226,Attended,2021-11-16 10:49:57,2021-12-29 10:49:57
919,6,1125,Attended,2021-11-18 10:49:57,2021-12-29 10:49:57
920,6,2115,Registered,2021-12-09 10:49:57,
921,6,3140,Registered,2021-12-24 10:49:57,
922,6,37,Cancelled,2021-11-16 10:49:57,
923,6,2770,No Show,2021-12-08 10:49:57,
924,6,1082,Attended,2021-12-26 10:49:57,2021-12-29 10:49:57
925,6,2920,No Show,2021-12-10 10:49:57,
926,6,1706,Cancelled,2021-11-30 10:49:57,
927,6,2553,Attended,2021-11-28 10:49:57,2021-12-29 10:49:57
928,6,1162,No Show,2021-11-28 10:49:57,
929,6,867,Attended,2021-12-04 10:49:57,2021-12-29 10:49:57
930,6,1309,Attended,2021-12-09 10:49:57,2021-12-29 10:49:57
931,6,1243,Attended,2021-12-13 10:49:57,2021-12-29 10:49:57
932,6,1647,Attended,2021-12-11 10:49:57,2021-12-29 10:49:57
933,6,1830,No Show,2021-11-19 10:49:57,
934,6,2688,Attended,2021-11-25 10:49:57,2021-12-29 10:49:57
935,6,1098,Attended,2021-11-18 10:49:57,2021-12-29 10:49:57
936,6,3203,Registered,2021-11-23 10:49:57,
937,6,1998,Registered,2021-12-14 10:49:57,
938,6,2636,Attended,2021-12-28 10:49:57,2021-12-29 10:49:57
939,6,1143,Registered,2021-11-23 10:49:57,
940,6,2055,No Show,2021-12-25 10:49:57,
941,6,2495,Registered,2021-12-22 10:49:57,
942,6,2739,Attended,2021-12-06 10:49:57,2021-12-29 10:49:57
943,6,1393,Attended,2021-12-02 10:49:57,2021-12-29 10:49:57
944,7,2774,Attended,2025-11-22 02:43:30,2025-12-27 02:43:30
945,7,792,Attended,2025-12-08 02:43:30,2025-12-27 02:43:30
946,7,215,Cancelled,2025-12-01 02:43:30,
947,7,550,Attended,2025-11-25 02:43:30,2025-12-27 02:43:30
948,7,220,No Show,2025-12-09 02:43:30,
949,7,1317,Registered,2025-11-18 02:43:30,
950,7,1273,Attended,2025-12-10 02:43:30,2025-12-27 02:43:30
951,7,3094,Attended,2025-12-04 02:43:30,2025-12-27 02:43:30
952,7,2488,Attended,2025-12-22 02:43:30,2025-12-27 02:43:30
953,7,2930,Attended,2025-12-25 02:43:30,2025-12-27 02:43:30
954,7,95,Attended,2025-12-19 02:43:30,2025-12-27 02:43:30
955,7,2720,Attended,2025-11-20 02:43:30,2025-12-27 02:43:30
956,7,1906,Attended,2025-12-18 02:43:30,2025-12-27 02:43:30
957,7,1667,Registered,2025-11-19 02:43:30,
958,7,1854,Attended,2025-12-15 02:43:30,2025-12-27 02:43:30
959,7,2656,No Show,2025-11-29 02:43:30,
960,7,1079,Registered,2025-12-11 02:43:30,
961,7,2828,Attended,2025-11-27 02:43:30,2025-12-27 02:43:30
962,7,2140,Attended,2025-11-30 02:43:30,2025-12-27 02:43:30
963,7,750,Attended,2025-11-27 02:43:30,2025-12-27 02:43:30
964,7,585,No Show,2025-12-18 02:43:30,
965,7,402,Attended,2025-11-16 02:43:30,2025-12-27 02:43:30
966,7,2633,Attended,2025-12-19 02:43:30,2025-12-27 02:43:30
967,7,569,No Show,2025-12-12 02:43:30,
968,7,9,Attended,2025-12-10 02:43:30,2025-12-27 02:43:30
969,7,1238,Attended,2025-11-24 02:43:30,2025-12-27 02:43:30
970,7,205,No Show,2025-11-22 02:43:30,
971,7,531,Attended,2025-11-15 02:43:30,2025-12-27 02:43:30
972,7,3250,No Show,2025-12-24 02:43:30,
973,7,362,Attended,2025-12-17 02:43:30,2025-12-27 02:43:30
974,7,1862,Registered,2025-12-16 02:43:30,
975,7,20,Attended,2025-12-23 02:43:30,2025-12-27 02:43:30
976,7,926,Attended,2025-12-09 02:43:30,2025-12-27 02:43:30
977,7,2443,Registered,2025-12-16 02:43:30,
978,7,726,Attended,2025-12-17 02:43:30,2025-12-27 02:43:30
979,7,589,Attended,2025-12-01 02:43:30,2025-12-27 02:43:30
980,7,923,Registered,2025-12-22 02:43:30,
981,7,315,Attended,2025-12-07 02:43:30,2025-12-27 02:43:30
982,7,3221,Attended,2025-12-03 02:43:30,2025-12-27 02:43:30
983,7,2181,Attended,2025-12-07 02:43:30,2025-12-27 02:43:30
984,7,455,Attended,2025-12-05 02:43:30,2025-12-27 02:43:30
985,7,1368,Registered,2025-11-16 02:43:30,
986,7,796,Attended,2025-11-24 02:43:30,2025-12-27 02:43:30
987,7,1233,No Show,2025-11-19 02:43:30,
988,7,81,No Show,2025-12-24 02:43:30,
989,7,2002,Attended,2025-11-30 02:43:30,2025-12-27 02:43:30
990,7,2179,Registered,2025-11-12 02:43:30,
991,7,784,Attended,2025-12-26 02:43:30,2025-12-27 02:43:30
992,7,1297,Attended,2025-12-01 02:43:30,2025-12-27 02:43:30
993,7,1837,Attended,2025-12-05 02:43:30,2025-12-27 02:43:30
994,7,2320,Attended,2025-11-23 02:43:30,2025-12-27 02:43:30
995,7,906,Attended,2025-12-02 02:43:30,2025-12-27 02:43:30
996,7,169,Cancelled,2025-12-20 02:43:30,
997,7,2344,Attended,2025-12-07 02:43:30,2025-12-27 02:43:30
998,7,1063,Attended,2025-12-16 02:43:30,2025-12-27 02:43:30
999,7,3156,Attended,2025-12-01 02:43:30,2025-12-27 02:43:30
1000,7,2591,Attended,2025-12-16 02:43:30,2025-12-27 02:43:30
1001,7,2976,Attended,2025-12-24 02:43:30,2025-12-27 02:43:30
1002,7,2108,Registered,2025-12-16 02:43:30,
1003,7,2119,Registered,2025-11-28 02:43:30,
1004,7,2773,Attended,2025-11-21 02:43:30,2025-12-27 02:43:30
1005,7,2812,Attended,2025-11-18 02:43:30,2025-12-27 02:43:30
1006,7,1825,Attended,2025-12-01 02:43:30,2025-12-27 02:43:30
1007,7,2932,Attended,2025-11-17 02:43:30,2025-12-27 02:43:30
1008,7,2278,Registered,2025-12-17 02:43:30,
1009,7,1059,Cancelled,2025-12-07 02:43:30,
1010,7,1385,Attended,2025-11-16 02:43:30,2025-12-27 02:43:30
1011,7,2603,No Show,2025-11-20 02:43:30,
1012,7,2063,Attended,2025-12-11 02:43:30,2025-12-27 02:43:30
1013,7,2628,Attended,2025-12-12 02:43:30,2025-12-27 02:43:30
1014,7,1830,No Show,2025-11-17 02:43:30,
1015,7,2975,Registered,2025-11-12 02:43:30,
1016,7,2817,Attended,2025-12-05 02:43:30,2025-12-27 02:43:30
1017,7,261,Attended,2025-12-06 02:43:30,2025-12-27 02:43:30
1018,7,884,Attended,2025-12-02 02:43:30,2025-12-27 02:43:30
1019,7,3129,No Show,2025-11-17 02:43:30,
1020,7,2368,Attended,2025-12-15 02:43:30,2025-12-27 02:43:30
1021,7,468,Attended,2025-12-12 02:43:30,2025-12-27 02:43:30
1022,7,3168,Attended,2025-11-30 02:43:30,2025-12-27 02:43:30
1023,7,2649,Attended,2025-12-20 02:43:30,2025-12-27 02:43:30
1024,7,504,Attended,2025-12-03 02:43:30,2025-12-27 02:43:30
1025,7,3072,Attended,2025-12-16 02:43:30,2025-12-27 02:43:30
1026,7,1180,Attended,2025-11-28 02:43:30,2025-12-27 02:43:30
1027,7,3150,No Show,2025-11-26 02:43:30,
1028,7,1220,Cancelled,2025-12-14 02:43:30,
1029,7,2728,Registered,2025-11-16 02:43:30,
1030,7,1884,Cancelled,2025-11-26 02:43:30,
1031,7,530,Registered,2025-12-18 02:43:30,
1032,7,914,Attended,2025-12-12 02:43:30,2025-12-27 02:43:30
1033,7,76,Attended,2025-12-12 02:43:30,2025-12-27 02:43:30
1034,7,854,Attended,2025-11-23 02:43:30,2025-12-27 02:43:30
1035,7,1982,Attended,2025-12-17 02:43:30,2025-12-27 02:43:30
1036,7,1320,No Show,2025-12-12 02:43:30,
1037,7,2367,Attended,2025-12-21 02:43:30,2025-12-27 02:43:30
1038,7,216,Attended,2025-11-18 02:43:30,2025-12-27 02:43:30
1039,7,989,Attended,2025-12-03 02:43:30,2025-12-27 02:43:30
1040,7,232,No Show,2025-12-05 02:43:30,
1041,7,1813,Attended,2025-12-05 02:43:30,2025-12-27 02:43:30
1042,7,712,Registered,2025-12-24 02:43:30,
1043,7,357,Attended,2025-12-24 02:43:30,2025-12-27 02:43:30
1044,7,3232,Attended,2025-12-13 02:43:30,2025-12-27 02:43:30
1045,7,1978,Attended,2025-12-19 02:43:30,2025-12-27 02:43:30
1046,7,573,Attended,2025-12-17 02:43:30,2025-12-27 02:43:30
1047,7,2623,Attended,2025-12-22 02:43:30,2025-12-27 02:43:30
1048,7,42,Attended,2025-12-13 02:43:30,2025-12-27 02:43:30
1049,7,662,Attended,2025-11-15 02:43:30,2025-12-27 02:43:30
1050,7,1088,No Show,2025-12-15 02:43:30,
1051,7,312,Attended,2025-11-29 02:43:30,2025-12-27 02:43:30
1052,7,2477,Cancelled,2025-11-21 02:43:30,
1053,7,2797,No Show,2025-11-28 02:43:30,
1054,7,2041,Attended,2025-12-05 02:43:30,2025-12-27 02:43:30
1055,7,1316,Attended,2025-12-10 02:43:30,2025-12-27 02:43:30
1056,7,1592,Attended,2025-12-19 02:43:30,2025-12-27 02:43:30
1057,7,2547,Attended,2025-12-19 02:43:30,2025-12-27 02:43:30
1058,7,1125,Attended,2025-11-23 02:43:30,2025-12-27 02:43:30
1059,7,974,Attended,2025-12-14 02:43:30,2025-12-27 02:43:30
1060,7,2160,Attended,2025-12-14 02:43:30,2025-12-27 02:43:30
1061,7,2587,Attended,2025-11-12 02:43:30,2025-12-27 02:43:30
1062,7,1335,Attended,2025-12-02 02:43:30,2025-12-27 02:43:30
1063,7,3248,Attended,2025-12-05 02:43:30,2025-12-27 02:43:30
1064,7,331,Attended,2025-11-17 02:43:30,2025-12-27 02:43:30
1065,7,2351,Registered,2025-11-22 02:43:30,
1066,7,1041,Attended,2025-12-06 02:43:30,2025-12-27 02:43:30
1067,7,1803,Attended,2025-11-29 02:43:30,2025-12-27 02:43:30
1068,7,2705,Cancelled,2025-12-02 02:43:30,
1069,7,5,Registered,2025-11-12 02:43:30,
1070,7,84,Registered,2025-11-14 02:43:30,
1071,7,167,Cancelled,2025-12-05 02:43:30,
1072,7,924,Registered,2025-12-13 02:43:30,
1073,7,1451,Attended,2025-12-12 02:43:30,2025-12-27 02:43:30
1074,7,2662,Attended,2025-12-19 02:43:30,2025-12-27 02:43:30
1075,7,1706,No Show,2025-11-12 02:43:30,
1076,7,1948,Attended,2025-12-24 02:43:30,2025-12-27 02:43:30
1077,7,791,Attended,2025-12-11 02:43:30,2025-12-27 02:43:30
1078,7,3164,Attended,2025-11-21 02:43:30,2025-12-27 02:43:30
1079,7,2830,Attended,2025-11-20 02:43:30,2025-12-27 02:43:30
1080,7,499,Attended,2025-11-29 02:43:30,2025-12-27 02:43:30
1081,7,1657,Registered,2025-11-15 02:43:30,
1082,7,66,Registered,2025-12-13 02:43:30,
1083,7,1156,Cancelled,2025-12-08 02:43:30,
1084,7,1700,Attended,2025-11-29 02:43:30,2025-12-27 02:43:30
1085,7,2010,Attended,2025-11-14 02:43:30,2025-12-27 02:43:30
1086,7,2717,Attended,2025-11-23 02:43:30,2025-12-27 02:43:30
1087,7,187,Cancelled,2025-12-25 02:43:30,
1088,7,644,Attended,2025-12-24 02:43:30,2025-12-27 02:43:30
1089,7,3062,Attended,2025-11-17 02:43:30,2025-12-27 02:43:30
1090,7,424,Attended,2025-12-07 02:43:30,2025-12-27 02:43:30
1091,7,2404,Attended,2025-12-25 02:43:30,2025-12-27 02:43:30
1092,7,247,Attended,2025-11-26 02:43:30,2025-12-27 02:43:30
1093,7,2545,Attended,2025-12-08 02:43:30,2025-12-27 02:43:30
1094,7,2670,Attended,2025-11-13 02:43:30,2025-12-27 02:43:30
1095,7,1003,Attended,2025-12-07 02:43:30,2025-12-27 02:43:30
1096,7,1225,Attended,2025-12-26 02:43:30,2025-12-27 02:43:30
1097,7,2483,Registered,2025-11-18 02:43:30,
1098,7,2740,Registered,2025-11-25 02:43:30,
1099,7,820,Attended,2025-11-23 02:43:30,2025-12-27 02:43:30
1100,7,74,Attended,2025-11-26 02:43:30,2025-12-27 02:43:30
1101,7,643,Attended,2025-11-13 02:43:30,2025-12-27 02:43:30
1102,7,396,Attended,2025-11-14 02:43:30,2025-12-27 02:43:30
1103,7,2371,Attended,2025-12-25 02:43:30,2025-12-27 02:43:30
1104,7,763,Attended,2025-12-23 02:43:30,2025-12-27 02:43:30
1105,7,1485,Attended,2025-12-23 02:43:30,2025-12-27 02:43:30
1106,7,266,Registered,2025-12-17 02:43:30,
1107,7,234,Registered,2025-12-11 02:43:30,
1108,7,948,No Show,2025-12-05 02:43:30,
1109,7,2767,Registered,2025-11-12 02:43:30,
1110,7,3006,Registered,2025-12-13 02:43:30,
1111,7,113,Registered,2025-12-24 02:43:30,
1112,7,1021,Attended,2025-12-24 02:43:30,2025-12-27 02:43:30
1113,7,1578,Registered,2025-11-22 02:43:30,
1114,7,1072,Attended,2025-11-18 02:43:30,2025-12-27 02:43:30
1115,7,1750,Cancelled,2025-12-25 02:43:30,
1116,7,356,No Show,2025-12-21 02:43:30,
1117,7,1575,Attended,2025-11-15 02:43:30,2025-12-27 02:43:30
1118,7,240,Registered,2025-11-16 02:43:30,
1119,7,1525,Registered,2025-11-23 02:43:30,
1120,7,3066,Attended,2025-11-21 02:43:30,2025-12-27 02:43:30
1121,7,31,Attended,2025-11-22 02:43:30,2025-12-27 02:43:30
1122,7,482,Cancelled,2025-12-24 02:43:30,
1123,7,281,No Show,2025-11-16 02:43:30,
1124,7,1785,Attended,2025-12-21 02:43:30,2025-12-27 02:43:30
1125,7,957,Attended,2025-12-26 02:43:30,2025-12-27 02:43:30
1126,7,2354,Registered,2025-12-24 02:43:30,
1127,8,966,Attended,2022-04-19 04:30:35,2022-05-27 04:30:35
1128,8,3227,No Show,2022-05-04 04:30:35,
1129,8,1094,Attended,2022-04-25 04:30:35,2022-05-27 04:30:35
1130,8,791,Attended,2022-05-24 04:30:35,2022-05-27 04:30:35
1131,8,2144,Attended,2022-04-22 04:30:35,2022-05-27 04:30:35
1132,8,702,Attended,2022-05-11 04:30:35,2022-05-27 04:30:35
1133,8,2377,No Show,2022-05-08 04:30:35,
1134,8,1886,Attended,2022-04-27 04:30:35,2022-05-27 04:30:35
1135,8,1212,No Show,2022-04-27 04:30:35,
1136,8,790,Attended,2022-05-20 04:30:35,2022-05-27 04:30:35
1137,8,973,Registered,2022-05-02 04:30:35,
1138,8,60,No Show,2022-05-18 04:30:35,
1139,8,3150,Attended,2022-04-22 04:30:35,2022-05-27 04:30:35
1140,8,108,Registered,2022-04-12 04:30:35,
1141,8,518,Registered,2022-04-19 04:30:35,
1142,8,1047,Cancelled,2022-04-28 04:30:35,
1143,8,646,Registered,2022-05-10 04:30:35,
1144,8,3195,Attended,2022-05-20 04:30:35,2022-05-27 04:30:35
1145,8,1868,No Show,2022-04-20 04:30:35,
1146,8,1182,Attended,2022-04-19 04:30:35,2022-05-27 04:30:35
1147,8,1235,No Show,2022-05-02 04:30:35,
1148,8,3156,Cancelled,2022-05-15 04:30:35,
1149,8,1678,No Show,2022-05-16 04:30:35,
1150,8,414,Attended,2022-05-21 04:30:35,2022-05-27 04:30:35
1151,8,2458,Attended,2022-05-01 04:30:35,2022-05-27 04:30:35
1152,8,591,Attended,2022-04-30 04:30:35,2022-05-27 04:30:35
1153,8,894,Attended,2022-04-25 04:30:35,2022-05-27 04:30:35
1154,8,3234,No Show,2022-04-18 04:30:35,
1155,8,1358,Attended,2022-04-14 04:30:35,2022-05-27 04:30:35
1156,8,1243,Attended,2022-05-24 04:30:35,2022-05-27 04:30:35
1157,8,97,Attended,2022-04-26 04:30:35,2022-05-27 04:30:35
1158,8,315,Registered,2022-05-16 04:30:35,
1159,8,2628,Registered,2022-05-07 04:30:35,
1160,8,2464,Attended,2022-05-07 04:30:35,2022-05-27 04:30:35
1161,8,2408,Attended,2022-05-15 04:30:35,2022-05-27 04:30:35
1162,8,1113,Attended,2022-04-17 04:30:35,2022-05-27 04:30:35
1163,8,3112,Attended,2022-04-21 04:30:35,2022-05-27 04:30:35
1164,8,553,Registered,2022-04-23 04:30:35,
1165,8,708,Attended,2022-04-19 04:30:35,2022-05-27 04:30:35
1166,8,786,Registered,2022-04-12 04:30:35,
1167,8,1310,Registered,2022-04-17 04:30:35,
1168,8,364,Attended,2022-04-29 04:30:35,2022-05-27 04:30:35
1169,8,1829,Attended,2022-04-29 04:30:35,2022-05-27 04:30:35
1170,8,972,Attended,2022-05-09 04:30:35,2022-05-27 04:30:35
1171,8,2608,Attended,2022-05-15 04:30:35,2022-05-27 04:30:35
1172,8,1021,Cancelled,2022-05-14 04:30:35,
1173,8,137,No Show,2022-05-11 04:30:35,
1174,8,2570,Attended,2022-04-18 04:30:35,2022-05-27 04:30:35
1175,8,3161,No Show,2022-05-08 04:30:35,
1176,8,3138,Attended,2022-05-10 04:30:35,2022-05-27 04:30:35
1177,8,385,Attended,2022-04-20 04:30:35,2022-05-27 04:30:35
1178,8,1714,Attended,2022-04-29 04:30:35,2022-05-27 04:30:35
1179,8,2683,Attended,2022-05-04 04:30:35,2022-05-27 04:30:35
1180,8,2358,Registered,2022-05-14 04:30:35,
1181,8,1500,Attended,2022-05-14 04:30:35,2022-05-27 04:30:35
1182,8,2351,Attended,2022-05-10 04:30:35,2022-05-27 04:30:35
1183,8,48,Attended,2022-05-18 04:30:35,2022-05-27 04:30:35
1184,8,2395,No Show,2022-04-26 04:30:35,
1185,8,830,Attended,2022-04-18 04:30:35,2022-05-27 04:30:35
1186,8,2170,Attended,2022-05-19 04:30:35,2022-05-27 04:30:35
1187,8,1943,Attended,2022-04-22 04:30:35,2022-05-27 04:30:35
1188,8,1717,Attended,2022-04-18 04:30:35,2022-05-27 04:30:35
1189,8,2318,Attended,2022-04-21 04:30:35,2022-05-27 04:30:35
1190,8,2114,Attended,2022-04-29 04:30:35,2022-05-27 04:30:35
1191,8,1528,Attended,2022-05-03 04:30:35,2022-05-27 04:30:35
1192,8,1347,No Show,2022-05-22 04:30:35,
1193,8,1278,No Show,2022-04-14 04:30:35,
1194,8,1134,Registered,2022-05-19 04:30:35,
1195,8,2701,Attended,2022-05-08 04:30:35,2022-05-27 04:30:35
1196,8,2721,No Show,2022-04-22 04:30:35,
1197,8,15,No Show,2022-04-26 04:30:35,
1198,8,3162,Attended,2022-05-06 04:30:35,2022-05-27 04:30:35
1199,8,2308,Registered,2022-05-12 04:30:35,
1200,8,1376,Registered,2022-05-14 04:30:35,
1201,8,313,Registered,2022-04-21 04:30:35,
1202,8,76,Attended,2022-05-16 04:30:35,2022-05-27 04:30:35
1203,8,3076,Attended,2022-04-19 04:30:35,2022-05-27 04:30:35
1204,8,1781,Attended,2022-04-14 04:30:35,2022-05-27 04:30:35
1205,8,1610,Cancelled,2022-05-10 04:30:35,
1206,8,200,Attended,2022-04-14 04:30:35,2022-05-27 04:30:35
1207,8,3160,Attended,2022-04-21 04:30:35,2022-05-27 04:30:35
1208,8,1612,Attended,2022-04-29 04:30:35,2022-05-27 04:30:35
1209,8,810,Registered,2022-05-04 04:30:35,
1210,8,446,Attended,2022-05-21 04:30:35,2022-05-27 04:30:35
1211,8,1187,Attended,2022-05-09 04:30:35,2022-05-27 04:30:35
1212,8,1184,No Show,2022-05-23 04:30:35,
1213,8,3052,Attended,2022-04-15 04:30:35,2022-05-27 04:30:35
1214,8,16,Attended,2022-05-04 04:30:35,2022-05-27 04:30:35
1215,8,2511,Attended,2022-05-25 04:30:35,2022-05-27 04:30:35
1216,8,1427,Attended,2022-05-05 04:30:35,2022-05-27 04:30:35
1217,8,3208,Attended,2022-04-16 04:30:35,2022-05-27 04:30:35
1218,8,1377,Cancelled,2022-05-25 04:30:35,
1219,8,901,Attended,2022-04-13 04:30:35,2022-05-27 04:30:35
1220,8,3229,Registered,2022-05-04 04:30:35,
1221,8,797,No Show,2022-04-22 04:30:35,
1222,8,470,Attended,2022-05-25 04:30:35,2022-05-27 04:30:35
1223,8,2359,Attended,2022-05-21 04:30:35,2022-05-27 04:30:35
1224,8,346,Attended,2022-05-21 04:30:35,2022-05-27 04:30:35
1225,8,394,Attended,2022-05-23 04:30:35,2022-05-27 04:30:35
1226,8,1584,Attended,2022-04-19 04:30:35,2022-05-27 04:30:35
1227,8,957,Attended,2022-05-06 04:30:35,2022-05-27 04:30:35
1228,8,938,Attended,2022-05-21 04:30:35,2022-05-27 04:30:35
1229,8,2414,Attended,2022-04-15 04:30:35,2022-05-27 04:30:35
1230,8,276,Attended,2022-04-14 04:30:35,2022-05-27 04:30:35
1231,8,3058,Registered,2022-04-17 04:30:35,
1232,8,2051,Registered,2022-05-12 04:30:35,
1233,8,2513,Attended,2022-04-18 04:30:35,2022-05-27 04:30:35
1234,8,2239,No Show,2022-05-06 04:30:35,
1235,8,2988,Attended,2022-05-24 04:30:35,2022-05-27 04:30:35
1236,8,2530,Registered,2022-04-17 04:30:35,
1237,8,2499,Attended,2022-04-23 04:30:35,2022-05-27 04:30:35
1238,8,2808,Attended,2022-04-15 04:30:35,2022-05-27 04:30:35
1239,8,1622,Attended,2022-05-02 04:30:35,2022-05-27 04:30:35
1240,8,1921,Cancelled,2022-04-25 04:30:35,
1241,8,3089,No Show,2022-04-26 04:30:35,
1242,8,361,No Show,2022-04-28 04:30:35,
1243,8,1574,Attended,2022-05-06 04:30:35,2022-05-27 04:30:35
1244,8,3232,Registered,2022-05-22 04:30:35,
1245,8,2831,Cancelled,2022-04-21 04:30:35,
1246,8,225,Attended,2022-05-03 04:30:35,2022-05-27 04:30:35
1247,8,1771,Attended,2022-05-15 04:30:35,2022-05-27 04:30:35
1248,8,212,Registered,2022-05-25 04:30:35,
1249,8,687,No Show,2022-05-15 04:30:35,
1250,8,465,Registered,2022-04-20 04:30:35,
1251,9,2315,Attended,2022-12-19 10:48:34,2022-12-25 10:48:34
1252,9,595,No Show,2022-11-15 10:48:34,
1253,9,173,Cancelled,2022-11-10 10:48:34,
1254,9,1568,Attended,2022-12-07 10:48:34,2022-12-25 10:48:34
1255,9,1828,Registered,2022-11-23 10:48:34,
1256,9,2118,Attended,2022-11-15 10:48:34,2022-12-25 10:48:34
1257,9,1333,Attended,2022-12-09 10:48:34,2022-12-25 10:48:34
1258,9,402,Attended,2022-11-19 10:48:34,2022-12-25 10:48:34
1259,9,1811,Attended,2022-11-10 10:48:34,2022-12-25 10:48:34
1260,9,1320,Attended,2022-11-17 10:48:34,2022-12-25 10:48:34
1261,9,1673,Registered,2022-11-29 10:48:34,
1262,9,3187,Attended,2022-12-06 10:48:34,2022-12-25 10:48:34
1263,9,1293,Cancelled,2022-11-12 10:48:34,
1264,9,2837,Registered,2022-12-02 10:48:34,
1265,9,2521,Attended,2022-11-12 10:48:34,2022-12-25 10:48:34
1266,9,956,No Show,2022-11-12 10:48:34,
1267,9,205,No Show,2022-12-13 10:48:34,
1268,9,414,Attended,2022-12-03 10:48:34,2022-12-25 10:48:34
1269,9,1115,Attended,2022-11-13 10:48:34,2022-12-25 10:48:34
1270,9,1774,Attended,2022-12-01 10:48:34,2022-12-25 10:48:34
1271,9,2454,Attended,2022-11-30 10:48:34,2022-12-25 10:48:34
1272,9,2384,Registered,2022-11-23 10:48:34,
1273,9,2514,Cancelled,2022-12-17 10:48:34,
1274,9,1360,Attended,2022-12-09 10:48:34,2022-12-25 10:48:34
1275,9,2814,Attended,2022-11-29 10:48:34,2022-12-25 10:48:34
1276,9,734,No Show,2022-11-26 10:48:34,
1277,9,930,Attended,2022-12-23 10:48:34,2022-12-25 10:48:34
1278,9,2321,Attended,2022-12-02 10:48:34,2022-12-25 10:48:34
1279,9,2602,Cancelled,2022-12-18 10:48:34,
1280,9,2037,No Show,2022-12-20 10:48:34,
1281,9,130,Attended,2022-12-18 10:48:34,2022-12-25 10:48:34
1282,9,1220,Cancelled,2022-12-20 10:48:34,
1283,9,2210,Cancelled,2022-12-05 10:48:34,
1284,9,2741,Attended,2022-12-08 10:48:34,2022-12-25 10:48:34
1285,9,188,Cancelled,2022-12-07 10:48:34,
1286,10,441,Registered,2021-11-15 02:28:31,
1287,10,999,Attended,2021-11-27 02:28:31,2021-11-30 02:28:31
1288,10,717,Attended,2021-10-16 02:28:31,2021-11-30 02:28:31
1289,10,1882,Attended,2021-11-02 02:28:31,2021-11-30 02:28:31
1290,10,2044,Attended,2021-11-07 02:28:31,2021-11-30 02:28:31
1291,10,3061,Attended,2021-11-28 02:28:31,2021-11-30 02:28:31
1292,10,828,Registered,2021-11-05 02:28:31,
1293,10,1278,Attended,2021-10-28 02:28:31,2021-11-30 02:28:31
1294,10,1246,Attended,2021-11-01 02:28:31,2021-11-30 02:28:31
1295,10,966,Attended,2021-10-24 02:28:31,2021-11-30 02:28:31
1296,10,278,Attended,2021-11-03 02:28:31,2021-11-30 02:28:31
1297,10,830,Registered,2021-11-17 02:28:31,
1298,10,1373,Attended,2021-10-16 02:28:31,2021-11-30 02:28:31
1299,10,1820,Attended,2021-11-12 02:28:31,2021-11-30 02:28:31
1300,10,313,Registered,2021-11-02 02:28:31,
1301,10,1327,Attended,2021-11-03 02:28:31,2021-11-30 02:28:31
1302,10,2615,No Show,2021-11-06 02:28:31,
1303,10,1624,Attended,2021-11-28 02:28:31,2021-11-30 02:28:31
1304,10,2520,Attended,2021-10-22 02:28:31,2021-11-30 02:28:31
1305,10,3015,Cancelled,2021-11-06 02:28:31,
1306,10,887,Cancelled,2021-11-14 02:28:31,
1307,10,1210,Attended,2021-10-21 02:28:31,2021-11-30 02:28:31
1308,10,2068,No Show,2021-10-27 02:28:31,
1309,10,1683,Registered,2021-11-04 02:28:31,
1310,10,1352,Attended,2021-10-28 02:28:31,2021-11-30 02:28:31
1311,10,2005,No Show,2021-10-23 02:28:31,
1312,10,387,Attended,2021-11-29 02:28:31,2021-11-30 02:28:31
1313,10,1809,Attended,2021-11-05 02:28:31,2021-11-30 02:28:31
1314,10,2265,Attended,2021-11-23 02:28:31,2021-11-30 02:28:31
1315,10,2474,No Show,2021-11-19 02:28:31,
1316,10,266,No Show,2021-11-27 02:28:31,
1317,10,2528,No Show,2021-11-21 02:28:31,
1318,10,1719,Cancelled,2021-10-24 02:28:31,
1319,10,1104,Registered,2021-11-04 02:28:31,
1320,10,500,Attended,2021-11-25 02:28:31,2021-11-30 02:28:31
1321,10,413,Attended,2021-10-30 02:28:31,2021-11-30 02:28:31
1322,10,668,Attended,2021-10-22 02:28:31,2021-11-30 02:28:31
1323,10,2593,Attended,2021-11-01 02:28:31,2021-11-30 02:28:31
1324,10,713,No Show,2021-11-16 02:28:31,
1325,10,1326,Cancelled,2021-11-06 02:28:31,
1326,10,2152,Registered,2021-10-18 02:28:31,
1327,10,2930,Registered,2021-10-21 02:28:31,
1328,10,702,Attended,2021-10-24 02:28:31,2021-11-30 02:28:31
1329,10,1105,Attended,2021-10-23 02:28:31,2021-11-30 02:28:31
1330,10,2805,Attended,2021-10-31 02:28:31,2021-11-30 02:28:31
1331,10,800,Registered,2021-10-19 02:28:31,
1332,10,519,Attended,2021-10-19 02:28:31,2021-11-30 02:28:31
1333,10,2354,Attended,2021-10-27 02:28:31,2021-11-30 02:28:31
1334,10,288,Registered,2021-11-07 02:28:31,
1335,10,1199,Attended,2021-10-25 02:28:31,2021-11-30 02:28:31
1336,10,896,Attended,2021-11-02 02:28:31,2021-11-30 02:28:31
1337,10,983,No Show,2021-11-23 02:28:31,
1338,10,2832,No Show,2021-11-03 02:28:31,
1339,10,2173,Attended,2021-10-22 02:28:31,2021-11-30 02:28:31
1340,10,1174,Attended,2021-11-18 02:28:31,2021-11-30 02:28:31
1341,10,1898,Attended,2021-10-31 02:28:31,2021-11-30 02:28:31
1342,10,1391,Attended,2021-11-08 02:28:31,2021-11-30 02:28:31
1343,10,1975,Attended,2021-11-06 02:28:31,2021-11-30 02:28:31
1344,10,794,Cancelled,2021-11-03 02:28:31,
1345,10,2098,Attended,2021-10-24 02:28:31,2021-11-30 02:28:31
1346,10,1506,Attended,2021-11-08 02:28:31,2021-11-30 02:28:31
1347,10,2154,Cancelled,2021-11-24 02:28:31,
1348,10,2102,Attended,2021-11-12 02:28:31,2021-11-30 02:28:31
1349,10,2220,Attended,2021-11-17 02:28:31,2021-11-30 02:28:31
1350,10,3214,Registered,2021-11-17 02:28:31,
1351,10,777,Cancelled,2021-10-20 02:28:31,
1352,10,1965,Attended,2021-11-09 02:28:31,2021-11-30 02:28:31
1353,10,2643,Registered,2021-11-23 02:28:31,
1354,10,467,Attended,2021-11-04 02:28:31,2021-11-30 02:28:31
1355,10,435,Attended,2021-11-26 02:28:31,2021-11-30 02:28:31
1356,10,2680,Attended,2021-11-23 02:28:31,2021-11-30 02:28:31
1357,10,470,Attended,2021-10-22 02:28:31,2021-11-30 02:28:31
1358,10,2285,Attended,2021-11-18 02:28:31,2021-11-30 02:28:31
1359,10,2010,Attended,2021-11-29 02:28:31,2021-11-30 02:28:31
1360,10,642,No Show,2021-10-29 02:28:31,
1361,10,2241,Attended,2021-10-30 02:28:31,2021-11-30 02:28:31
1362,10,732,Attended,2021-11-21 02:28:31,2021-11-30 02:28:31
1363,10,3118,Attended,2021-10-25 02:28:31,2021-11-30 02:28:31
1364,10,1407,Attended,2021-10-25 02:28:31,2021-11-30 02:28:31
1365,10,2231,Attended,2021-10-28 02:28:31,2021-11-30 02:28:31
1366,10,1358,Attended,2021-10-30 02:28:31,2021-11-30 02:28:31
1367,10,628,Cancelled,2021-10-21 02:28:31,
1368,10,5,Attended,2021-11-04 02:28:31,2021-11-30 02:28:31
1369,10,51,Attended,2021-11-10 02:28:31,2021-11-30 02:28:31
1370,10,2012,Attended,2021-10-21 02:28:31,2021-11-30 02:28:31
1371,10,2882,Attended,2021-10-26 02:28:31,2021-11-30 02:28:31
1372,10,560,Registered,2021-11-26 02:28:31,
1373,10,1643,Attended,2021-11-20 02:28:31,2021-11-30 02:28:31
1374,10,911,No Show,2021-10-29 02:28:31,
1375,10,765,No Show,2021-11-17 02:28:31,
1376,10,463,Attended,2021-11-26 02:28:31,2021-11-30 02:28:31
1377,10,479,Attended,2021-11-26 02:28:31,2021-11-30 02:28:31
1378,10,1824,Registered,2021-10-29 02:28:31,
1379,10,1920,Attended,2021-11-15 02:28:31,2021-11-30 02:28:31
1380,10,714,Attended,2021-10-20 02:28:31,2021-11-30 02:28:31
1381,10,1862,No Show,2021-11-28 02:28:31,
1382,11,1489,Attended,2024-06-11 06:28:09,2024-06-20 06:28:09
1383,11,2289,Attended,2024-05-19 06:28:09,2024-06-20 06:28:09
1384,11,2549,Attended,2024-05-19 06:28:09,2024-06-20 06:28:09
1385,11,1789,Attended,2024-06-01 06:28:09,2024-06-20 06:28:09
1386,11,1379,Attended,2024-06-13 06:28:09,2024-06-20 06:28:09
1387,11,1117,Attended,2024-06-14 06:28:09,2024-06-20 06:28:09
1388,11,3239,Attended,2024-06-02 06:28:09,2024-06-20 06:28:09
1389,11,2565,Attended,2024-05-21 06:28:09,2024-06-20 06:28:09
1390,11,1053,Registered,2024-05-26 06:28:09,
1391,11,2306,Attended,2024-05-26 06:28:09,2024-06-20 06:28:09
1392,11,2100,Attended,2024-05-08 06:28:09,2024-06-20 06:28:09
1393,11,2217,Registered,2024-05-29 06:28:09,
1394,11,538,Attended,2024-06-13 06:28:09,2024-06-20 06:28:09
1395,11,798,Attended,2024-05-24 06:28:09,2024-06-20 06:28:09
1396,11,192,Cancelled,2024-06-15 06:28:09,
1397,11,2460,Attended,2024-06-07 06:28:09,2024-06-20 06:28:09
1398,11,104,Attended,2024-06-19 06:28:09,2024-06-20 06:28:09
1399,11,1635,No Show,2024-06-06 06:28:09,
1400,11,3196,Attended,2024-05-19 06:28:09,2024-06-20 06:28:09
1401,11,941,Attended,2024-06-07 06:28:09,2024-06-20 06:28:09
1402,11,461,Attended,2024-06-09 06:28:09,2024-06-20 06:28:09
1403,11,2507,Attended,2024-05-26 06:28:09,2024-06-20 06:28:09
1404,11,1153,Attended,2024-06-15 06:28:09,2024-06-20 06:28:09
1405,11,2284,Registered,2024-06-03 06:28:09,
1406,11,2609,Attended,2024-05-31 06:28:09,2024-06-20 06:28:09
1407,11,1361,Attended,2024-05-28 06:28:09,2024-06-20 06:28:09
1408,11,809,Attended,2024-05-16 06:28:09,2024-06-20 06:28:09
1409,11,1362,Attended,2024-06-14 06:28:09,2024-06-20 06:28:09
1410,11,1727,Attended,2024-05-24 06:28:09,2024-06-20 06:28:09
1411,11,1554,Attended,2024-05-24 06:28:09,2024-06-20 06:28:09
1412,11,684,Attended,2024-06-07 06:28:09,2024-06-20 06:28:09
1413,11,2174,Registered,2024-05-24 06:28:09,
1414,11,1097,No Show,2024-05-11 06:28:09,
1415,11,2257,Attended,2024-05-19 06:28:09,2024-06-20 06:28:09
1416,11,2694,Attended,2024-05-17 06:28:09,2024-06-20 06:28:09
1417,11,3238,Attended,2024-06-01 06:28:09,2024-06-20 06:28:09
1418,11,2437,Attended,2024-06-16 06:28:09,2024-06-20 06:28:09
1419,11,2939,Attended,2024-05-22 06:28:09,2024-06-20 06:28:09
1420,11,2753,Attended,2024-06-04 06:28:09,2024-06-20 06:28:09
1421,11,1391,No Show,2024-05-15 06:28:09,
1422,11,783,No Show,2024-06-19 06:28:09,
1423,11,2722,Attended,2024-06-11 06:28:09,2024-06-20 06:28:09
1424,11,1637,Attended,2024-05-11 06:28:09,2024-06-20 06:28:09
1425,11,2299,Attended,2024-05-08 06:28:09,2024-06-20 06:28:09
1426,11,637,No Show,2024-05-27 06:28:09,
1427,11,2038,Attended,2024-05-18 06:28:09,2024-06-20 06:28:09
1428,11,203,Attended,2024-05-23 06:28:09,2024-06-20 06:28:09
1429,11,2242,Attended,2024-06-12 06:28:09,2024-06-20 06:28:09
1430,11,948,Registered,2024-06-08 06:28:09,
1431,11,2163,No Show,2024-05-19 06:28:09,
1432,11,1451,Registered,2024-06-10 06:28:09,
1433,11,1579,Attended,2024-06-12 06:28:09,2024-06-20 06:28:09
1434,11,2468,Registered,2024-05-12 06:28:09,
1435,11,3228,Attended,2024-06-13 06:28:09,2024-06-20 06:28:09
1436,11,141,Cancelled,2024-05-17 06:28:09,
1437,11,2973,Cancelled,2024-05-26 06:28:09,
1438,11,1515,Cancelled,2024-06-08 06:28:09,
1439,11,1776,Attended,2024-06-19 06:28:09,2024-06-20 06:28:09
1440,11,1798,Attended,2024-05-08 06:28:09,2024-06-20 06:28:09
1441,11,935,No Show,2024-05-19 06:28:09,
1442,11,2817,Attended,2024-06-11 06:28:09,2024-06-20 06:28:09
1443,11,1690,Registered,2024-06-03 06:28:09,
1444,11,2522,Registered,2024-05-25 06:28:09,
1445,11,765,Attended,2024-06-07 06:28:09,2024-06-20 06:28:09
1446,11,653,No Show,2024-05-15 06:28:09,
1447,11,3113,Attended,2024-05-15 06:28:09,2024-06-20 06:28:09
1448,11,174,Registered,2024-06-10 06:28:09,
1449,11,2563,Registered,2024-05-10 06:28:09,
1450,11,1317,No Show,2024-05-31 06:28:09,
1451,11,1779,No Show,2024-05-08 06:28:09,
1452,11,2634,Attended,2024-06-19 06:28:09,2024-06-20 06:28:09
1453,11,2500,Attended,2024-06-03 06:28:09,2024-06-20 06:28:09
1454,11,2020,Attended,2024-06-06 06:28:09,2024-06-20 06:28:09
1455,11,1883,Attended,2024-05-26 06:28:09,2024-06-20 06:28:09
1456,11,2112,No Show,2024-05-17 06:28:09,
1457,11,106,Attended,2024-06-12 06:28:09,2024-06-20 06:28:09
1458,11,93,Registered,2024-05-27 06:28:09,
1459,11,1271,Attended,2024-05-18 06:28:09,2024-06-20 06:28:09
1460,11,3204,Attended,2024-06-12 06:28:09,2024-06-20 06:28:09
1461,11,43,Attended,2024-06-15 06:28:09,2024-06-20 06:28:09
1462,11,2537,No Show,2024-06-11 06:28:09,
1463,11,881,Attended,2024-05-19 06:28:09,2024-06-20 06:28:09
1464,11,911,Attended,2024-05-16 06:28:09,2024-06-20 06:28:09
1465,11,431,Attended,2024-05-26 06:28:09,2024-06-20 06:28:09
1466,11,2558,Attended,2024-05-12 06:28:09,2024-06-20 06:28:09
1467,11,2420,Attended,2024-06-19 06:28:09,2024-06-20 06:28:09
1468,11,737,Registered,2024-06-14 06:28:09,
1469,11,2331,Attended,2024-06-19 06:28:09,2024-06-20 06:28:09
1470,11,2203,Attended,2024-06-04 06:28:09,2024-06-20 06:28:09
1471,11,2456,Registered,2024-05-10 06:28:09,
1472,11,2393,Registered,2024-06-13 06:28:09,
1473,11,1543,Attended,2024-05-21 06:28:09,2024-06-20 06:28:09
1474,11,2873,Attended,2024-05-23 06:28:09,2024-06-20 06:28:09
1475,11,1918,Attended,2024-06-15 06:28:09,2024-06-20 06:28:09
1476,11,2511,Registered,2024-06-18 06:28:09,
1477,11,1810,Attended,2024-05-08 06:28:09,2024-06-20 06:28:09
1478,11,2372,Attended,2024-05-25 06:28:09,2024-06-20 06:28:09
1479,11,2348,Registered,2024-05-08 06:28:09,
1480,11,1815,Registered,2024-05-21 06:28:09,
1481,11,2430,Registered,2024-06-03 06:28:09,
1482,11,2023,Attended,2024-05-25 06:28:09,2024-06-20 06:28:09
1483,11,1626,Registered,2024-05-08 06:28:09,
1484,11,3148,Attended,2024-06-15 06:28:09,2024-06-20 06:28:09
1485,11,1550,Attended,2024-05-19 06:28:09,2024-06-20 06:28:09
1486,11,1136,Cancelled,2024-05-16 06:28:09,
1487,11,519,Attended,2024-05-26 06:28:09,2024-06-20 06:28:09
1488,11,1693,Registered,2024-06-04 06:28:09,
1489,11,663,Registered,2024-05-22 06:28:09,
1490,11,840,Registered,2024-05-22 06:28:09,
1491,11,458,Attended,2024-05-19 06:28:09,2024-06-20 06:28:09
1492,11,2620,Attended,2024-05-30 06:28:09,2024-06-20 06:28:09
1493,11,578,Registered,2024-06-18 06:28:09,
1494,11,2914,Registered,2024-05-24 06:28:09,
1495,11,2589,Attended,2024-06-05 06:28:09,2024-06-20 06:28:09
1496,11,2505,No Show,2024-05-07 06:28:09,
1497,11,1313,Attended,2024-05-22 06:28:09,2024-06-20 06:28:09
1498,11,3254,Attended,2024-05-11 06:28:09,2024-06-20 06:28:09
1499,11,603,No Show,2024-05-07 06:28:09,
1500,11,2367,Attended,2024-05-27 06:28:09,2024-06-20 06:28:09
1501,11,2781,Attended,2024-05-25 06:28:09,2024-06-20 06:28:09
1502,11,858,Attended,2024-05-07 06:28:09,2024-06-20 06:28:09
1503,11,291,Attended,2024-05-12 06:28:09,2024-06-20 06:28:09
1504,11,3063,Attended,2024-05-10 06:28:09,2024-06-20 06:28:09
1505,11,1429,Attended,2024-05-25 06:28:09,2024-06-20 06:28:09
1506,11,1007,Attended,2024-06-06 06:28:09,2024-06-20 06:28:09
1507,11,319,Attended,2024-05-16 06:28:09,2024-06-20 06:28:09
1508,11,974,Attended,2024-05-29 06:28:09,2024-06-20 06:28:09
1509,11,2569,Attended,2024-06-12 06:28:09,2024-06-20 06:28:09
1510,11,3217,Attended,2024-05-25 06:28:09,2024-06-20 06:28:09
1511,11,2206,Cancelled,2024-06-01 06:28:09,
1512,11,369,Attended,2024-05-23 06:28:09,2024-06-20 06:28:09
1513,12,2472,Attended,2023-10-05 21:40:33,2023-10-22 21:40:33
1514,12,2509,Registered,2023-09-17 21:40:33,
1515,12,2293,Attended,2023-09-07 21:40:33,2023-10-22 21:40:33
1516,12,3012,Attended,2023-09-28 21:40:33,2023-10-22 21:40:33
1517,12,1501,Attended,2023-09-20 21:40:33,2023-10-22 21:40:33
1518,12,2665,Attended,2023-10-08 21:40:33,2023-10-22 21:40:33
1519,12,3211,Registered,2023-10-18 21:40:33,
1520,12,1667,Attended,2023-09-12 21:40:33,2023-10-22 21:40:33
1521,12,609,Attended,2023-09-12 21:40:33,2023-10-22 21:40:33
1522,12,1337,Attended,2023-09-21 21:40:33,2023-10-22 21:40:33
1523,12,1473,Registered,2023-09-10 21:40:33,
1524,12,1756,Attended,2023-10-14 21:40:33,2023-10-22 21:40:33
1525,12,836,Attended,2023-10-04 21:40:33,2023-10-22 21:40:33
1526,12,374,Attended,2023-10-21 21:40:33,2023-10-22 21:40:33
1527,12,1403,Attended,2023-10-14 21:40:33,2023-10-22 21:40:33
1528,12,1699,Attended,2023-10-07 21:40:33,2023-10-22 21:40:33
1529,12,3207,Attended,2023-10-06 21:40:33,2023-10-22 21:40:33
1530,12,2040,Attended,2023-09-07 21:40:33,2023-10-22 21:40:33
1531,12,2102,Attended,2023-10-13 21:40:33,2023-10-22 21:40:33
1532,12,164,Attended,2023-09-10 21:40:33,2023-10-22 21:40:33
1533,12,1187,Attended,2023-09-28 21:40:33,2023-10-22 21:40:33
1534,12,3088,No Show,2023-09-28 21:40:33,
1535,13,880,Attended,2023-12-17 20:10:04,2023-12-20 20:10:04
1536,13,3067,Attended,2023-11-25 20:10:04,2023-12-20 20:10:04
1537,13,1210,Attended,2023-11-10 20:10:04,2023-12-20 20:10:04
1538,13,2243,Registered,2023-11-24 20:10:04,
1539,13,748,Attended,2023-11-11 20:10:04,2023-12-20 20:10:04
1540,13,2203,Cancelled,2023-12-16 20:10:04,
1541,13,2087,No Show,2023-11-08 20:10:04,
1542,13,2941,Registered,2023-11-25 20:10:04,
1543,13,2609,Cancelled,2023-12-11 20:10:04,
1544,13,2140,Attended,2023-12-13 20:10:04,2023-12-20 20:10:04
1545,13,3136,Attended,2023-11-30 20:10:04,2023-12-20 20:10:04
1546,13,129,Attended,2023-11-09 20:10:04,2023-12-20 20:10:04
1547,13,69,Attended,2023-11-25 20:10:04,2023-12-20 20:10:04
1548,13,3243,No Show,2023-12-01 20:10:04,
1549,13,669,Attended,2023-11-24 20:10:04,2023-12-20 20:10:04
1550,13,1387,Cancelled,2023-11-16 20:10:04,
1551,13,1279,Attended,2023-12-12 20:10:04,2023-12-20 20:10:04
1552,13,2520,Attended,2023-11-11 20:10:04,2023-12-20 20:10:04
1553,13,366,Attended,2023-11-13 20:10:04,2023-12-20 20:10:04
1554,13,46,Registered,2023-11-29 20:10:04,
1555,13,290,Attended,2023-12-07 20:10:04,2023-12-20 20:10:04
1556,13,35,Attended,2023-11-19 20:10:04,2023-12-20 20:10:04
1557,13,2173,Attended,2023-11-19 20:10:04,2023-12-20 20:10:04
1558,13,1077,Attended,2023-12-06 20:10:04,2023-12-20 20:10:04
1559,13,807,Attended,2023-11-20 20:10:04,2023-12-20 20:10:04
1560,13,671,Attended,2023-11-05 20:10:04,2023-12-20 20:10:04
1561,13,654,Attended,2023-11-24 20:10:04,2023-12-20 20:10:04
1562,13,833,Registered,2023-11-08 20:10:04,
1563,13,2574,Attended,2023-11-23 20:10:04,2023-12-20 20:10:04
1564,13,1445,Attended,2023-12-05 20:10:04,2023-12-20 20:10:04
1565,13,138,No Show,2023-12-13 20:10:04,
1566,13,578,Attended,2023-11-22 20:10:04,2023-12-20 20:10:04
1567,13,1594,Attended,2023-11-19 20:10:04,2023-12-20 20:10:04
1568,13,158,Attended,2023-12-08 20:10:04,2023-12-20 20:10:04
1569,13,3252,Attended,2023-12-04 20:10:04,2023-12-20 20:10:04
1570,13,2494,No Show,2023-12-16 20:10:04,
1571,13,2027,Attended,2023-11-29 20:10:04,2023-12-20 20:10:04
1572,13,2331,Registered,2023-11-20 20:10:04,
1573,13,1393,No Show,2023-11-17 20:10:04,
1574,13,286,Registered,2023-11-21 20:10:04,
1575,13,3120,Attended,2023-11-17 20:10:04,2023-12-20 20:10:04
1576,13,2760,No Show,2023-11-25 20:10:04,
1577,13,2057,No Show,2023-11-30 20:10:04,
1578,13,2797,Attended,2023-11-30 20:10:04,2023-12-20 20:10:04
1579,13,196,Attended,2023-11-26 20:10:04,2023-12-20 20:10:04
1580,13,2119,No Show,2023-11-05 20:10:04,
1581,13,1433,Attended,2023-11-15 20:10:04,2023-12-20 20:10:04
1582,13,2353,Attended,2023-11-08 20:10:04,2023-12-20 20:10:04
1583,13,575,Attended,2023-11-19 20:10:04,2023-12-20 20:10:04
1584,14,2940,Attended,2025-06-08 04:40:36,2025-06-28 04:40:36
1585,14,2058,No Show,2025-06-24 04:40:36,
1586,14,2414,Attended,2025-06-09 04:40:36,2025-06-28 04:40:36
1587,14,2955,Attended,2025-06-17 04:40:36,2025-06-28 04:40:36
1588,14,2383,Attended,2025-06-15 04:40:36,2025-06-28 04:40:36
1589,14,1163,No Show,2025-05-28 04:40:36,
1590,14,1848,Attended,2025-05-26 04:40:36,2025-06-28 04:40:36
1591,14,429,Attended,2025-06-17 04:40:36,2025-06-28 04:40:36
1592,14,376,Registered,2025-05-22 04:40:36,
1593,14,2208,No Show,2025-06-11 04:40:36,
1594,14,2616,Registered,2025-06-11 04:40:36,
1595,14,2459,Attended,2025-05-17 04:40:36,2025-06-28 04:40:36
1596,14,487,Attended,2025-06-24 04:40:36,2025-06-28 04:40:36
1597,14,212,Registered,2025-06-21 04:40:36,
1598,14,1852,Cancelled,2025-06-02 04:40:36,
1599,14,157,Attended,2025-05-18 04:40:36,2025-06-28 04:40:36
1600,14,682,Attended,2025-06-15 04:40:36,2025-06-28 04:40:36
1601,14,1256,Registered,2025-05-21 04:40:36,
1602,14,1636,No Show,2025-06-25 04:40:36,
1603,14,1188,Attended,2025-05-18 04:40:36,2025-06-28 04:40:36
1604,14,1936,Cancelled,2025-05-25 04:40:36,
1605,14,2804,Attended,2025-06-27 04:40:36,2025-06-28 04:40:36
1606,14,3168,No Show,2025-06-21 04:40:36,
1607,14,2380,Attended,2025-05-17 04:40:36,2025-06-28 04:40:36
1608,14,1949,Cancelled,2025-05-31 04:40:36,
1609,14,1133,Attended,2025-05-27 04:40:36,2025-06-28 04:40:36
1610,14,56,Registered,2025-06-12 04:40:36,
1611,14,1378,Attended,2025-05-21 04:40:36,2025-06-28 04:40:36
1612,14,2589,Registered,2025-06-09 04:40:36,
1613,14,240,Attended,2025-06-12 04:40:36,2025-06-28 04:40:36
1614,14,1316,Attended,2025-06-16 04:40:36,2025-06-28 04:40:36
1615,14,778,Attended,2025-05-27 04:40:36,2025-06-28 04:40:36
1616,14,1527,Registered,2025-06-03 04:40:36,
1617,14,1741,Attended,2025-06-20 04:40:36,2025-06-28 04:40:36
1618,14,3102,Attended,2025-05-17 04:40:36,2025-06-28 04:40:36
1619,14,544,Cancelled,2025-05-30 04:40:36,
1620,14,563,Attended,2025-05-22 04:40:36,2025-06-28 04:40:36
1621,14,2336,Attended,2025-05-21 04:40:36,2025-06-28 04:40:36
1622,14,1079,Attended,2025-06-18 04:40:36,2025-06-28 04:40:36
1623,14,3104,Attended,2025-06-23 04:40:36,2025-06-28 04:40:36
1624,14,3238,Registered,2025-06-17 04:40:36,
1625,14,1408,Attended,2025-06-04 04:40:36,2025-06-28 04:40:36
1626,14,276,Attended,2025-05-16 04:40:36,2025-06-28 04:40:36
1627,14,796,Attended,2025-05-21 04:40:36,2025-06-28 04:40:36
1628,14,3008,Registered,2025-06-08 04:40:36,
1629,14,2151,Attended,2025-05-29 04:40:36,2025-06-28 04:40:36
1630,14,3137,Attended,2025-06-10 04:40:36,2025-06-28 04:40:36
1631,14,1750,Attended,2025-05-26 04:40:36,2025-06-28 04:40:36
1632,14,18,Registered,2025-05-25 04:40:36,
1633,14,2497,Attended,2025-05-19 04:40:36,2025-06-28 04:40:36
1634,14,1304,Attended,2025-06-02 04:40:36,2025-06-28 04:40:36
1635,14,829,Registered,2025-05-20 04:40:36,
1636,14,2800,No Show,2025-06-24 04:40:36,
1637,14,478,Attended,2025-05-17 04:40:36,2025-06-28 04:40:36
1638,14,2469,Attended,2025-06-27 04:40:36,2025-06-28 04:40:36
1639,14,3036,Attended,2025-06-12 04:40:36,2025-06-28 04:40:36
1640,14,2032,Attended,2025-06-20 04:40:36,2025-06-28 04:40:36
1641,14,470,Attended,2025-05-28 04:40:36,2025-06-28 04:40:36
1642,14,268,Cancelled,2025-05-31 04:40:36,
1643,14,271,No Show,2025-06-02 04:40:36,
1644,14,2996,Cancelled,2025-06-22 04:40:36,
1645,14,2733,Registered,2025-05-22 04:40:36,
1646,14,2122,Registered,2025-06-01 04:40:36,
1647,14,711,Attended,2025-05-18 04:40:36,2025-06-28 04:40:36
1648,14,1249,Attended,2025-06-17 04:40:36,2025-06-28 04:40:36
1649,14,1487,Registered,2025-05-19 04:40:36,
1650,14,1415,Attended,2025-05-22 04:40:36,2025-06-28 04:40:36
1651,14,53,Attended,2025-06-01 04:40:36,2025-06-28 04:40:36
1652,14,2760,Attended,2025-06-04 04:40:36,2025-06-28 04:40:36
1653,14,1069,Attended,2025-05-24 04:40:36,2025-06-28 04:40:36
1654,14,2348,Attended,2025-06-17 04:40:36,2025-06-28 04:40:36
1655,14,2245,Attended,2025-06-14 04:40:36,2025-06-28 04:40:36
1656,14,1854,Attended,2025-06-09 04:40:36,2025-06-28 04:40:36
1657,14,545,Attended,2025-05-29 04:40:36,2025-06-28 04:40:36
1658,14,1496,No Show,2025-05-23 04:40:36,
1659,14,471,No Show,2025-06-14 04:40:36,
1660,14,2833,Cancelled,2025-05-30 04:40:36,
1661,14,1585,No Show,2025-05-21 04:40:36,
1662,14,1154,Attended,2025-05-14 04:40:36,2025-06-28 04:40:36
1663,14,175,Attended,2025-06-02 04:40:36,2025-06-28 04:40:36
1664,14,1051,Attended,2025-06-16 04:40:36,2025-06-28 04:40:36
1665,14,1538,Attended,2025-06-25 04:40:36,2025-06-28 04:40:36
1666,14,735,Registered,2025-05-16 04:40:36,
1667,14,112,No Show,2025-05-25 04:40:36,
1668,14,1531,No Show,2025-06-14 04:40:36,
1669,14,2991,Attended,2025-06-02 04:40:36,2025-06-28 04:40:36
1670,14,2456,Attended,2025-05-15 04:40:36,2025-06-28 04:40:36
1671,14,2095,Attended,2025-06-07 04:40:36,2025-06-28 04:40:36
1672,14,2875,Attended,2025-05-31 04:40:36,2025-06-28 04:40:36
1673,14,1193,Attended,2025-05-18 04:40:36,2025-06-28 04:40:36
1674,14,579,Attended,2025-05-25 04:40:36,2025-06-28 04:40:36
1675,14,1887,Attended,2025-05-20 04:40:36,2025-06-28 04:40:36
1676,14,920,Attended,2025-05-29 04:40:36,2025-06-28 04:40:36
1677,14,894,No Show,2025-06-15 04:40:36,
1678,14,2397,Registered,2025-05-23 04:40:36,
1679,14,2449,Attended,2025-05-31 04:40:36,2025-06-28 04:40:36
1680,14,310,Attended,2025-06-11 04:40:36,2025-06-28 04:40:36
1681,14,720,Attended,2025-06-14 04:40:36,2025-06-28 04:40:36
1682,14,1280,Attended,2025-06-19 04:40:36,2025-06-28 04:40:36
1683,14,2714,Attended,2025-05-17 04:40:36,2025-06-28 04:40:36
1684,14,1429,Attended,2025-06-25 04:40:36,2025-06-28 04:40:36
1685,14,754,Attended,2025-06-23 04:40:36,2025-06-28 04:40:36
1686,14,2385,No Show,2025-06-26 04:40:36,
1687,14,1421,Registered,2025-06-08 04:40:36,
1688,14,342,Cancelled,2025-05-20 04:40:36,
1689,14,2483,Attended,2025-05-22 04:40:36,2025-06-28 04:40:36
1690,14,3015,Attended,2025-06-18 04:40:36,2025-06-28 04:40:36
1691,14,37,Attended,2025-06-08 04:40:36,2025-06-28 04:40:36
1692,14,3032,Registered,2025-05-21 04:40:36,
1693,14,611,No Show,2025-05-15 04:40:36,
1694,14,1296,No Show,2025-05-31 04:40:36,
1695,14,2511,Attended,2025-06-04 04:40:36,2025-06-28 04:40:36
1696,14,2944,Attended,2025-06-17 04:40:36,2025-06-28 04:40:36
1697,14,547,Attended,2025-06-23 04:40:36,2025-06-28 04:40:36
1698,14,1955,Attended,2025-06-06 04:40:36,2025-06-28 04:40:36
1699,14,83,Attended,2025-06-03 04:40:36,2025-06-28 04:40:36
1700,14,1553,Attended,2025-06-22 04:40:36,2025-06-28 04:40:36
1701,14,22,Attended,2025-06-25 04:40:36,2025-06-28 04:40:36
1702,14,460,Attended,2025-06-10 04:40:36,2025-06-28 04:40:36
1703,14,2276,Attended,2025-05-28 04:40:36,2025-06-28 04:40:36
1704,14,288,Cancelled,2025-05-25 04:40:36,
1705,14,636,Attended,2025-06-15 04:40:36,2025-06-28 04:40:36
1706,14,226,Attended,2025-05-21 04:40:36,2025-06-28 04:40:36
1707,14,99,Attended,2025-06-27 04:40:36,2025-06-28 04:40:36
1708,14,631,Attended,2025-06-04 04:40:36,2025-06-28 04:40:36
1709,14,1435,No Show,2025-06-25 04:40:36,
1710,14,2178,No Show,2025-05-17 04:40:36,
1711,14,1110,No Show,2025-05-17 04:40:36,
1712,14,2445,Cancelled,2025-06-09 04:40:36,
1713,14,2514,Registered,2025-06-02 04:40:36,
1714,14,2668,Attended,2025-05-26 04:40:36,2025-06-28 04:40:36
1715,14,2362,Attended,2025-05-21 04:40:36,2025-06-28 04:40:36
1716,14,1028,Registered,2025-06-27 04:40:36,
1717,14,286,Registered,2025-06-21 04:40:36,
1718,14,1277,Attended,2025-05-20 04:40:36,2025-06-28 04:40:36
1719,14,2611,No Show,2025-05-21 04:40:36,
1720,14,2270,Attended,2025-06-07 04:40:36,2025-06-28 04:40:36
1721,14,155,Attended,2025-06-09 04:40:36,2025-06-28 04:40:36
1722,14,3110,Attended,2025-06-20 04:40:36,2025-06-28 04:40:36
1723,14,2648,Attended,2025-05-20 04:40:36,2025-06-28 04:40:36
1724,14,2125,Attended,2025-06-16 04:40:36,2025-06-28 04:40:36
1725,14,1698,Attended,2025-06-11 04:40:36,2025-06-28 04:40:36
1726,14,3252,Attended,2025-06-10 04:40:36,2025-06-28 04:40:36
1727,14,1385,Registered,2025-05-15 04:40:36,
1728,14,2488,Attended,2025-05-24 04:40:36,2025-06-28 04:40:36
1729,14,1809,Attended,2025-06-10 04:40:36,2025-06-28 04:40:36
1730,14,2475,Attended,2025-06-07 04:40:36,2025-06-28 04:40:36
1731,14,1833,No Show,2025-06-24 04:40:36,
1732,14,472,Attended,2025-06-08 04:40:36,2025-06-28 04:40:36
1733,14,2372,Attended,2025-06-19 04:40:36,2025-06-28 04:40:36
1734,14,607,Attended,2025-06-27 04:40:36,2025-06-28 04:40:36
1735,14,1525,Attended,2025-06-20 04:40:36,2025-06-28 04:40:36
1736,14,2224,Cancelled,2025-06-23 04:40:36,
1737,14,1753,No Show,2025-06-27 04:40:36,
1738,14,1993,Attended,2025-05-15 04:40:36,2025-06-28 04:40:36
1739,14,347,Registered,2025-06-11 04:40:36,
1740,14,3128,Attended,2025-06-01 04:40:36,2025-06-28 04:40:36
1741,14,3165,Attended,2025-05-30 04:40:36,2025-06-28 04:40:36
1742,14,803,Attended,2025-06-24 04:40:36,2025-06-28 04:40:36
1743,14,966,Cancelled,2025-05-29 04:40:36,
1744,14,144,Attended,2025-05-27 04:40:36,2025-06-28 04:40:36
1745,14,2491,Registered,2025-06-04 04:40:36,
1746,14,2639,Attended,2025-05-16 04:40:36,2025-06-28 04:40:36
1747,14,3250,Attended,2025-05-21 04:40:36,2025-06-28 04:40:36
1748,14,3160,Attended,2025-06-11 04:40:36,2025-06-28 04:40:36
1749,14,2086,Attended,2025-06-19 04:40:36,2025-06-28 04:40:36
1750,14,2798,Attended,2025-06-22 04:40:36,2025-06-28 04:40:36
1751,14,66,Registered,2025-05-15 04:40:36,
1752,14,291,Attended,2025-06-21 04:40:36,2025-06-28 04:40:36
1753,14,1077,No Show,2025-06-21 04:40:36,
1754,14,452,Registered,2025-06-20 04:40:36,
1755,14,1168,Attended,2025-06-10 04:40:36,2025-06-28 04:40:36
1756,14,2609,Registered,2025-05-18 04:40:36,
1757,14,3081,Attended,2025-06-27 04:40:36,2025-06-28 04:40:36
1758,14,2898,Attended,2025-06-08 04:40:36,2025-06-28 04:40:36
1759,14,1755,Registered,2025-05-18 04:40:36,
1760,14,926,Registered,2025-06-03 04:40:36,
1761,14,1581,Attended,2025-05-30 04:40:36,2025-06-28 04:40:36
1762,14,1363,Attended,2025-06-07 04:40:36,2025-06-28 04:40:36
1763,14,2582,Registered,2025-06-25 04:40:36,
1764,14,2943,Registered,2025-05-24 04:40:36,
1765,14,2084,Attended,2025-06-12 04:40:36,2025-06-28 04:40:36
1766,14,1030,No Show,2025-06-07 04:40:36,
1767,14,389,No Show,2025-05-24 04:40:36,
1768,14,13,Attended,2025-06-02 04:40:36,2025-06-28 04:40:36
1769,14,1692,Registered,2025-06-15 04:40:36,
1770,14,634,Attended,2025-06-21 04:40:36,2025-06-28 04:40:36
1771,14,2953,Attended,2025-05-23 04:40:36,2025-06-28 04:40:36
1772,14,2899,Attended,2025-06-04 04:40:36,2025-06-28 04:40:36
1773,14,448,No Show,2025-05-24 04:40:36,
1774,14,1365,Cancelled,2025-05-26 04:40:36,
1775,14,792,Registered,2025-05-27 04:40:36,
1776,14,948,Cancelled,2025-05-26 04:40:36,
1777,14,40,Cancelled,2025-05-27 04:40:36,
1778,14,1208,Registered,2025-06-10 04:40:36,
1779,14,876,Attended,2025-06-18 04:40:36,2025-06-28 04:40:36
1780,14,2501,Attended,2025-06-06 04:40:36,2025-06-28 04:40:36
1781,14,2378,Attended,2025-06-18 04:40:36,2025-06-28 04:40:36
1782,14,745,Attended,2025-05-27 04:40:36,2025-06-28 04:40:36
1783,14,2447,Registered,2025-06-12 04:40:36,
1784,14,1108,Registered,2025-06-09 04:40:36,
1785,14,676,Attended,2025-05-30 04:40:36,2025-06-28 04:40:36
1786,14,334,Attended,2025-06-09 04:40:36,2025-06-28 04:40:36
1787,14,2866,Attended,2025-06-03 04:40:36,2025-06-28 04:40:36
1788,14,1104,No Show,2025-06-23 04:40:36,
1789,14,260,Attended,2025-05-24 04:40:36,2025-06-28 04:40:36
1790,14,1332,No Show,2025-06-07 04:40:36,
1791,14,2562,Cancelled,2025-06-15 04:40:36,
1792,14,1866,Cancelled,2025-06-02 04:40:36,
1793,14,620,Attended,2025-06-26 04:40:36,2025-06-28 04:40:36
1794,14,302,Cancelled,2025-06-17 04:40:36,
1795,14,2578,No Show,2025-06-12 04:40:36,
1796,14,1057,Attended,2025-06-14 04:40:36,2025-06-28 04:40:36
1797,14,2779,Attended,2025-05-20 04:40:36,2025-06-28 04:40:36
1798,14,844,Attended,2025-05-31 04:40:36,2025-06-28 04:40:36
1799,14,1339,Attended,2025-05-27 04:40:36,2025-06-28 04:40:36
1800,14,1494,Attended,2025-06-18 04:40:36,2025-06-28 04:40:36
1801,14,1607,Attended,2025-06-02 04:40:36,2025-06-28 04:40:36
1802,14,2917,Attended,2025-06-22 04:40:36,2025-06-28 04:40:36
1803,14,1096,Registered,2025-05-25 04:40:36,
1804,14,2005,No Show,2025-06-05 04:40:36,
1805,14,2573,Registered,2025-05-17 04:40:36,
1806,14,580,Attended,2025-06-13 04:40:36,2025-06-28 04:40:36
1807,14,959,Attended,2025-06-11 04:40:36,2025-06-28 04:40:36
1808,14,1273,Cancelled,2025-06-25 04:40:36,
1809,14,2918,Attended,2025-05-26 04:40:36,2025-06-28 04:40:36
1810,14,1872,Attended,2025-06-06 04:40:36,2025-06-28 04:40:36
1811,14,1547,Attended,2025-06-10 04:40:36,2025-06-28 04:40:36
1812,14,1963,Attended,2025-06-06 04:40:36,2025-06-28 04:40:36
1813,14,2980,Attended,2025-06-23 04:40:36,2025-06-28 04:40:36
1814,14,1196,Attended,2025-06-11 04:40:36,2025-06-28 04:40:36
1815,14,1903,Attended,2025-05-22 04:40:36,2025-06-28 04:40:36
1816,14,2477,Attended,2025-05-15 04:40:36,2025-06-28 04:40:36
1817,14,692,Registered,2025-06-10 04:40:36,
1818,14,1815,Attended,2025-05-29 04:40:36,2025-06-28 04:40:36
1819,14,947,Attended,2025-06-16 04:40:36,2025-06-28 04:40:36
1820,14,173,Attended,2025-05-26 04:40:36,2025-06-28 04:40:36
1821,14,1796,Attended,2025-05-17 04:40:36,2025-06-28 04:40:36
1822,14,2557,Attended,2025-06-10 04:40:36,2025-06-28 04:40:36
1823,14,3136,No Show,2025-05-20 04:40:36,
1824,14,1550,Attended,2025-06-07 04:40:36,2025-06-28 04:40:36
1825,14,2299,Attended,2025-05-15 04:40:36,2025-06-28 04:40:36
1826,14,841,Attended,2025-05-24 04:40:36,2025-06-28 04:40:36
1827,14,1187,Attended,2025-05-24 04:40:36,2025-06-28 04:40:36
1828,14,350,Attended,2025-06-06 04:40:36,2025-06-28 04:40:36
1829,14,293,Attended,2025-05-24 04:40:36,2025-06-28 04:40:36
1830,14,380,Attended,2025-06-03 04:40:36,2025-06-28 04:40:36
1831,14,1906,Attended,2025-06-19 04:40:36,2025-06-28 04:40:36
1832,14,1788,Cancelled,2025-05-27 04:40:36,
1833,14,135,Cancelled,2025-06-23 04:40:36,
1834,14,1089,No Show,2025-06-24 04:40:36,
1835,14,301,Attended,2025-06-07 04:40:36,2025-06-28 04:40:36
1836,14,2421,Attended,2025-05-16 04:40:36,2025-06-28 04:40:36
1837,14,1486,Registered,2025-05-25 04:40:36,
1838,14,2581,Registered,2025-06-27 04:40:36,
1839,14,738,Attended,2025-06-03 04:40:36,2025-06-28 04:40:36
1840,14,561,Registered,2025-06-14 04:40:36,
1841,14,1120,Attended,2025-06-01 04:40:36,2025-06-28 04:40:36
1842,14,2433,Attended,2025-06-24 04:40:36,2025-06-28 04:40:36
1843,14,2600,No Show,2025-06-19 04:40:36,
1844,14,2015,Registered,2025-06-19 04:40:36,
1845,14,683,Attended,2025-05-24 04:40:36,2025-06-28 04:40:36
1846,14,2191,No Show,2025-06-04 04:40:36,
1847,14,650,Registered,2025-05-24 04:40:36,
1848,14,578,No Show,2025-06-25 04:40:36,
1849,14,814,Attended,2025-05-20 04:40:36,2025-06-28 04:40:36
1850,14,3040,Attended,2025-05-16 04:40:36,2025-06-28 04:40:36
1851,14,3246,Attended,2025-05-24 04:40:36,2025-06-28 04:40:36
1852,14,2558,Cancelled,2025-06-23 04:40:36,
1853,14,987,Attended,2025-06-14 04:40:36,2025-06-28 04:40:36
1854,14,2218,Attended,2025-05-25 04:40:36,2025-06-28 04:40:36
1855,14,1593,Attended,2025-05-26 04:40:36,2025-06-28 04:40:36
1856,14,2153,Attended,2025-06-22 04:40:36,2025-06-28 04:40:36
1857,14,1958,Attended,2025-06-27 04:40:36,2025-06-28 04:40:36
1858,14,2865,Attended,2025-05-31 04:40:36,2025-06-28 04:40:36
1859,14,1135,Attended,2025-06-15 04:40:36,2025-06-28 04:40:36
1860,14,1388,Attended,2025-05-26 04:40:36,2025-06-28 04:40:36
1861,15,398,Registered,2024-10-11 12:38:46,
1862,15,3196,Attended,2024-10-18 12:38:46,2024-11-09 12:38:46
1863,15,2848,Attended,2024-10-30 12:38:46,2024-11-09 12:38:46
1864,15,2797,Attended,2024-10-10 12:38:46,2024-11-09 12:38:46
1865,15,548,Attended,2024-09-30 12:38:46,2024-11-09 12:38:46
1866,15,1559,Attended,2024-09-30 12:38:46,2024-11-09 12:38:46
1867,15,2343,Cancelled,2024-10-03 12:38:46,
1868,15,442,No Show,2024-11-02 12:38:46,
1869,15,843,Attended,2024-10-26 12:38:46,2024-11-09 12:38:46
1870,15,2427,Registered,2024-11-03 12:38:46,
1871,15,1144,Registered,2024-09-25 12:38:46,
1872,15,2222,Attended,2024-09-28 12:38:46,2024-11-09 12:38:46
1873,15,2332,No Show,2024-09-27 12:38:46,
1874,15,1935,Attended,2024-10-04 12:38:46,2024-11-09 12:38:46
1875,15,945,Attended,2024-11-07 12:38:46,2024-11-09 12:38:46
1876,15,2957,Registered,2024-11-01 12:38:46,
1877,15,994,Attended,2024-10-09 12:38:46,2024-11-09 12:38:46
1878,15,2474,Attended,2024-11-06 12:38:46,2024-11-09 12:38:46
1879,15,2809,Attended,2024-11-07 12:38:46,2024-11-09 12:38:46
1880,15,1558,Attended,2024-09-25 12:38:46,2024-11-09 12:38:46
1881,15,3127,Attended,2024-11-05 12:38:46,2024-11-09 12:38:46
1882,15,3248,Registered,2024-10-26 12:38:46,
1883,15,2021,Attended,2024-10-25 12:38:46,2024-11-09 12:38:46
1884,15,3048,Attended,2024-09-27 12:38:46,2024-11-09 12:38:46
1885,15,1512,No Show,2024-10-05 12:38:46,
1886,15,348,No Show,2024-10-26 12:38:46,
1887,15,3105,Attended,2024-10-14 12:38:46,2024-11-09 12:38:46
1888,15,650,Attended,2024-10-12 12:38:46,2024-11-09 12:38:46
1889,15,1254,Attended,2024-10-21 12:38:46,2024-11-09 12:38:46
1890,15,259,Attended,2024-10-25 12:38:46,2024-11-09 12:38:46
1891,15,2430,Attended,2024-10-02 12:38:46,2024-11-09 12:38:46
1892,15,423,Registered,2024-10-26 12:38:46,
1893,15,2305,No Show,2024-10-10 12:38:46,
1894,15,315,Attended,2024-09-26 12:38:46,2024-11-09 12:38:46
1895,15,1940,Attended,2024-10-10 12:38:46,2024-11-09 12:38:46
1896,15,876,Attended,2024-09-30 12:38:46,2024-11-09 12:38:46
1897,15,3124,Registered,2024-10-04 12:38:46,
1898,15,2505,Attended,2024-10-25 12:38:46,2024-11-09 12:38:46
1899,15,3214,Attended,2024-10-12 12:38:46,2024-11-09 12:38:46
1900,15,2444,No Show,2024-10-01 12:38:46,
1901,15,2282,No Show,2024-10-04 12:38:46,
1902,15,2861,Registered,2024-10-03 12:38:46,
1903,15,576,No Show,2024-10-03 12:38:46,
1904,15,2064,Cancelled,2024-10-18 12:38:46,
1905,15,3165,Attended,2024-10-25 12:38:46,2024-11-09 12:38:46
1906,15,285,No Show,2024-09-26 12:38:46,
1907,15,2586,Attended,2024-11-05 12:38:46,2024-11-09 12:38:46
1908,15,684,No Show,2024-10-02 12:38:46,
1909,15,2568,Attended,2024-10-14 12:38:46,2024-11-09 12:38:46
1910,15,2321,Attended,2024-10-04 12:38:46,2024-11-09 12:38:46
1911,15,2434,Attended,2024-11-05 12:38:46,2024-11-09 12:38:46
1912,15,482,Attended,2024-09-26 12:38:46,2024-11-09 12:38:46
1913,15,2501,Registered,2024-09-25 12:38:46,
1914,15,1457,Attended,2024-10-26 12:38:46,2024-11-09 12:38:46
1915,15,2017,Cancelled,2024-11-02 12:38:46,
1916,15,2277,Registered,2024-10-01 12:38:46,
1917,15,1959,Attended,2024-09-29 12:38:46,2024-11-09 12:38:46
1918,15,3164,Attended,2024-11-03 12:38:46,2024-11-09 12:38:46
1919,15,1927,Attended,2024-10-26 12:38:46,2024-11-09 12:38:46
1920,15,509,Attended,2024-10-23 12:38:46,2024-11-09 12:38:46
1921,15,101,Cancelled,2024-10-29 12:38:46,
1922,15,3221,Registered,2024-10-24 12:38:46,
1923,15,444,Attended,2024-10-01 12:38:46,2024-11-09 12:38:46
1924,15,190,Registered,2024-09-30 12:38:46,
1925,15,2743,Attended,2024-10-04 12:38:46,2024-11-09 12:38:46
1926,15,1969,Registered,2024-10-08 12:38:46,
1927,15,2564,Attended,2024-10-30 12:38:46,2024-11-09 12:38:46
1928,15,2491,No Show,2024-10-06 12:38:46,
1929,15,2196,Attended,2024-10-22 12:38:46,2024-11-09 12:38:46
1930,15,1280,Attended,2024-11-06 12:38:46,2024-11-09 12:38:46
1931,15,2911,No Show,2024-10-12 12:38:46,
1932,15,891,Registered,2024-10-08 12:38:46,
1933,15,3122,Attended,2024-10-18 12:38:46,2024-11-09 12:38:46
1934,15,2947,No Show,2024-11-01 12:38:46,
1935,15,1294,No Show,2024-09-30 12:38:46,
1936,15,673,Attended,2024-09-27 12:38:46,2024-11-09 12:38:46
1937,15,2442,No Show,2024-10-08 12:38:46,
1938,15,203,Cancelled,2024-10-06 12:38:46,
1939,15,1036,Cancelled,2024-10-02 12:38:46,
1940,15,3088,No Show,2024-10-21 12:38:46,
1941,15,981,Attended,2024-10-20 12:38:46,2024-11-09 12:38:46
1942,15,2116,Attended,2024-10-03 12:38:46,2024-11-09 12:38:46
1943,15,2286,Attended,2024-10-24 12:38:46,2024-11-09 12:38:46
1944,15,2228,Attended,2024-10-03 12:38:46,2024-11-09 12:38:46
1945,15,1887,Cancelled,2024-10-22 12:38:46,
1946,15,1669,Attended,2024-10-31 12:38:46,2024-11-09 12:38:46
1947,15,226,Attended,2024-10-18 12:38:46,2024-11-09 12:38:46
1948,15,2246,Attended,2024-11-07 12:38:46,2024-11-09 12:38:46
1949,15,1032,Attended,2024-10-06 12:38:46,2024-11-09 12:38:46
1950,15,969,Attended,2024-10-31 12:38:46,2024-11-09 12:38:46
1951,15,1491,Attended,2024-09-30 12:38:46,2024-11-09 12:38:46
1952,15,524,Cancelled,2024-10-30 12:38:46,
1953,15,2237,Attended,2024-10-24 12:38:46,2024-11-09 12:38:46
1954,15,2883,Attended,2024-10-18 12:38:46,2024-11-09 12:38:46
1955,15,598,Attended,2024-10-16 12:38:46,2024-11-09 12:38:46
1956,15,1568,Attended,2024-10-16 12:38:46,2024-11-09 12:38:46
1957,15,728,Attended,2024-09-26 12:38:46,2024-11-09 12:38:46
1958,15,2566,Registered,2024-10-30 12:38:46,
1959,15,1663,No Show,2024-10-16 12:38:46,
1960,15,2058,Registered,2024-10-02 12:38:46,
1961,15,2540,Attended,2024-09-30 12:38:46,2024-11-09 12:38:46
1962,15,2377,Attended,2024-10-15 12:38:46,2024-11-09 12:38:46
1963,15,2846,Attended,2024-10-12 12:38:46,2024-11-09 12:38:46
1964,15,1536,Attended,2024-09-30 12:38:46,2024-11-09 12:38:46
1965,15,271,No Show,2024-09-27 12:38:46,
1966,15,326,Attended,2024-11-04 12:38:46,2024-11-09 12:38:46
1967,15,108,Attended,2024-11-03 12:38:46,2024-11-09 12:38:46
1968,15,86,No Show,2024-09-28 12:38:46,
1969,15,609,Attended,2024-10-12 12:38:46,2024-11-09 12:38:46
1970,15,1336,Registered,2024-10-24 12:38:46,
1971,15,279,Attended,2024-09-29 12:38:46,2024-11-09 12:38:46
1972,15,2802,Attended,2024-10-10 12:38:46,2024-11-09 12:38:46
1973,15,491,No Show,2024-10-22 12:38:46,
1974,15,760,Attended,2024-10-23 12:38:46,2024-11-09 12:38:46
1975,15,1801,Attended,2024-10-16 12:38:46,2024-11-09 12:38:46
1976,15,268,Attended,2024-10-15 12:38:46,2024-11-09 12:38:46
1977,15,369,Attended,2024-10-24 12:38:46,2024-11-09 12:38:46
1978,15,1649,Attended,2024-10-17 12:38:46,2024-11-09 12:38:46
1979,15,2591,Cancelled,2024-10-14 12:38:46,
1980,15,1602,Attended,2024-11-06 12:38:46,2024-11-09 12:38:46
1981,15,1981,Attended,2024-10-09 12:38:46,2024-11-09 12:38:46
1982,15,85,Attended,2024-09-27 12:38:46,2024-11-09 12:38:46
1983,15,2015,Attended,2024-10-06 12:38:46,2024-11-09 12:38:46
1984,15,1062,Attended,2024-10-26 12:38:46,2024-11-09 12:38:46
1985,15,1298,Attended,2024-10-23 12:38:46,2024-11-09 12:38:46
1986,15,2122,Registered,2024-09-28 12:38:46,
1987,15,1942,No Show,2024-10-10 12:38:46,
1988,15,1891,Attended,2024-10-15 12:38:46,2024-11-09 12:38:46
1989,15,1397,Attended,2024-10-14 12:38:46,2024-11-09 12:38:46
1990,15,733,Registered,2024-10-25 12:38:46,
1991,15,2687,Attended,2024-10-24 12:38:46,2024-11-09 12:38:46
1992,15,1324,Attended,2024-10-10 12:38:46,2024-11-09 12:38:46
1993,15,1704,Attended,2024-10-17 12:38:46,2024-11-09 12:38:46
1994,15,2136,No Show,2024-11-08 12:38:46,
1995,15,2713,Attended,2024-10-07 12:38:46,2024-11-09 12:38:46
1996,15,1009,Cancelled,2024-10-08 12:38:46,
1997,15,2920,Attended,2024-09-28 12:38:46,2024-11-09 12:38:46
1998,15,2946,No Show,2024-10-15 12:38:46,
1999,15,147,No Show,2024-10-16 12:38:46,
2000,15,3186,Attended,2024-10-11 12:38:46,2024-11-09 12:38:46
2001,15,2759,Attended,2024-11-05 12:38:46,2024-11-09 12:38:46
2002,15,1949,Cancelled,2024-10-11 12:38:46,
2003,15,1251,Cancelled,2024-10-23 12:38:46,
2004,15,2541,Registered,2024-10-29 12:38:46,
2005,15,1377,Attended,2024-10-08 12:38:46,2024-11-09 12:38:46
2006,15,1430,Registered,2024-09-26 12:38:46,
2007,15,2986,Attended,2024-10-12 12:38:46,2024-11-09 12:38:46
2008,15,2827,Cancelled,2024-09-30 12:38:46,
2009,15,1624,Attended,2024-10-27 12:38:46,2024-11-09 12:38:46
2010,15,1410,Attended,2024-10-07 12:38:46,2024-11-09 12:38:46
2011,15,2530,No Show,2024-10-13 12:38:46,
2012,15,1054,Attended,2024-09-26 12:38:46,2024-11-09 12:38:46
2013,15,1890,Attended,2024-10-10 12:38:46,2024-11-09 12:38:46
2014,15,2176,No Show,2024-11-05 12:38:46,
2015,15,294,Attended,2024-10-01 12:38:46,2024-11-09 12:38:46
2016,15,1192,Attended,2024-10-22 12:38:46,2024-11-09 12:38:46
2017,15,2754,Registered,2024-10-19 12:38:46,
2018,15,1903,Attended,2024-10-16 12:38:46,2024-11-09 12:38:46
2019,15,2498,Attended,2024-11-07 12:38:46,2024-11-09 12:38:46
2020,15,2973,Attended,2024-10-01 12:38:46,2024-11-09 12:38:46
2021,15,3173,Attended,2024-11-03 12:38:46,2024-11-09 12:38:46
2022,15,2304,Registered,2024-10-21 12:38:46,
2023,15,248,Attended,2024-10-18 12:38:46,2024-11-09 12:38:46
2024,15,3096,No Show,2024-11-02 12:38:46,
2025,15,55,Registered,2024-10-13 12:38:46,
2026,15,1906,Cancelled,2024-10-19 12:38:46,
2027,15,2656,Attended,2024-10-17 12:38:46,2024-11-09 12:38:46
2028,15,2667,Registered,2024-10-31 12:38:46,
2029,15,2497,Registered,2024-10-27 12:38:46,
2030,15,1842,Attended,2024-11-06 12:38:46,2024-11-09 12:38:46
2031,15,2685,Cancelled,2024-11-01 12:38:46,
2032,15,2330,No Show,2024-11-04 12:38:46,
2033,15,2460,Attended,2024-11-03 12:38:46,2024-11-09 12:38:46
2034,15,205,Registered,2024-10-10 12:38:46,
2035,15,1405,No Show,2024-10-30 12:38:46,
2036,15,784,Attended,2024-10-21 12:38:46,2024-11-09 12:38:46
2037,15,1021,Attended,2024-10-20 12:38:46,2024-11-09 12:38:46
2038,15,1361,Attended,2024-10-13 12:38:46,2024-11-09 12:38:46
2039,15,2078,Attended,2024-10-05 12:38:46,2024-11-09 12:38:46
2040,15,3157,Attended,2024-09-29 12:38:46,2024-11-09 12:38:46
2041,15,1738,Attended,2024-10-12 12:38:46,2024-11-09 12:38:46
2042,15,918,Attended,2024-10-11 12:38:46,2024-11-09 12:38:46
2043,15,435,Registered,2024-10-20 12:38:46,
2044,16,504,Attended,2025-12-25 17:07:07,2026-01-25 17:07:07
2045,16,1238,Attended,2025-12-11 17:07:07,2026-01-25 17:07:07
2046,16,2307,Attended,2026-01-03 17:07:07,2026-01-25 17:07:07
2047,16,2568,Attended,2026-01-02 17:07:07,2026-01-25 17:07:07
2048,16,2776,Attended,2025-12-20 17:07:07,2026-01-25 17:07:07
2049,16,2354,Registered,2025-12-25 17:07:07,
2050,16,2534,Attended,2026-01-05 17:07:07,2026-01-25 17:07:07
2051,16,1649,Attended,2026-01-07 17:07:07,2026-01-25 17:07:07
2052,16,420,Attended,2026-01-16 17:07:07,2026-01-25 17:07:07
2053,16,1461,Attended,2026-01-08 17:07:07,2026-01-25 17:07:07
2054,16,2792,Attended,2026-01-10 17:07:07,2026-01-25 17:07:07
2055,16,2344,Registered,2026-01-16 17:07:07,
2056,16,2297,Attended,2025-12-29 17:07:07,2026-01-25 17:07:07
2057,16,296,Attended,2025-12-16 17:07:07,2026-01-25 17:07:07
2058,16,698,Attended,2025-12-16 17:07:07,2026-01-25 17:07:07
2059,16,1720,Attended,2026-01-02 17:07:07,2026-01-25 17:07:07
2060,16,1394,No Show,2026-01-09 17:07:07,
2061,16,1256,Attended,2026-01-15 17:07:07,2026-01-25 17:07:07
2062,16,1536,Registered,2025-12-29 17:07:07,
2063,16,1724,Cancelled,2026-01-16 17:07:07,
2064,16,2431,Attended,2026-01-18 17:07:07,2026-01-25 17:07:07
2065,16,3134,Attended,2025-12-26 17:07:07,2026-01-25 17:07:07
2066,16,1205,Attended,2025-12-29 17:07:07,2026-01-25 17:07:07
2067,16,3085,Attended,2025-12-26 17:07:07,2026-01-25 17:07:07
2068,16,1055,Attended,2025-12-23 17:07:07,2026-01-25 17:07:07
2069,16,2577,Attended,2025-12-27 17:07:07,2026-01-25 17:07:07
2070,16,1553,Cancelled,2025-12-19 17:07:07,
2071,16,577,Attended,2026-01-10 17:07:07,2026-01-25 17:07:07
2072,16,260,Attended,2026-01-21 17:07:07,2026-01-25 17:07:07
2073,16,412,Attended,2025-12-29 17:07:07,2026-01-25 17:07:07
2074,16,695,Attended,2025-12-28 17:07:07,2026-01-25 17:07:07
2075,16,762,Registered,2025-12-22 17:07:07,
2076,16,894,Attended,2026-01-13 17:07:07,2026-01-25 17:07:07
2077,16,1474,No Show,2025-12-26 17:07:07,
2078,16,311,Registered,2026-01-24 17:07:07,
2079,16,674,Attended,2025-12-17 17:07:07,2026-01-25 17:07:07
2080,16,998,Cancelled,2025-12-16 17:07:07,
2081,16,157,Attended,2026-01-16 17:07:07,2026-01-25 17:07:07
2082,16,521,Attended,2025-12-14 17:07:07,2026-01-25 17:07:07
2083,16,2869,Attended,2026-01-22 17:07:07,2026-01-25 17:07:07
2084,16,1439,Attended,2025-12-14 17:07:07,2026-01-25 17:07:07
2085,16,2806,Registered,2025-12-24 17:07:07,
2086,16,2220,Attended,2025-12-21 17:07:07,2026-01-25 17:07:07
2087,16,2704,Attended,2025-12-30 17:07:07,2026-01-25 17:07:07
2088,16,250,Attended,2025-12-19 17:07:07,2026-01-25 17:07:07
2089,16,3123,Attended,2025-12-26 17:07:07,2026-01-25 17:07:07
2090,16,2243,Attended,2025-12-18 17:07:07,2026-01-25 17:07:07
2091,16,2561,Attended,2026-01-11 17:07:07,2026-01-25 17:07:07
2092,16,813,Attended,2025-12-18 17:07:07,2026-01-25 17:07:07
2093,16,1879,Attended,2025-12-26 17:07:07,2026-01-25 17:07:07
2094,16,2067,No Show,2025-12-25 17:07:07,
2095,16,3079,Registered,2026-01-13 17:07:07,
2096,16,1246,Attended,2026-01-19 17:07:07,2026-01-25 17:07:07
2097,16,585,Registered,2025-12-27 17:07:07,
2098,16,1577,No Show,2025-12-16 17:07:07,
2099,16,3025,Attended,2025-12-27 17:07:07,2026-01-25 17:07:07
2100,16,1916,Attended,2025-12-22 17:07:07,2026-01-25 17:07:07
2101,16,1359,No Show,2025-12-22 17:07:07,
2102,16,2318,Attended,2026-01-17 17:07:07,2026-01-25 17:07:07
2103,16,1253,Attended,2025-12-27 17:07:07,2026-01-25 17:07:07
2104,16,25,Attended,2025-12-14 17:07:07,2026-01-25 17:07:07
2105,16,1063,Attended,2025-12-11 17:07:07,2026-01-25 17:07:07
2106,16,1554,Cancelled,2025-12-20 17:07:07,
2107,16,2868,No Show,2025-12-21 17:07:07,
2108,16,3219,Registered,2025-12-30 17:07:07,
2109,16,1731,Attended,2026-01-16 17:07:07,2026-01-25 17:07:07
2110,16,3186,Attended,2026-01-13 17:07:07,2026-01-25 17:07:07
2111,16,2118,Attended,2025-12-11 17:07:07,2026-01-25 17:07:07
2112,16,2179,Attended,2025-12-17 17:07:07,2026-01-25 17:07:07
2113,16,1140,Attended,2025-12-14 17:07:07,2026-01-25 17:07:07
2114,16,2352,Attended,2026-01-03 17:07:07,2026-01-25 17:07:07
2115,16,146,Registered,2026-01-03 17:07:07,
2116,16,270,Attended,2025-12-12 17:07:07,2026-01-25 17:07:07
2117,16,1546,No Show,2026-01-17 17:07:07,
2118,16,152,Attended,2025-12-13 17:07:07,2026-01-25 17:07:07
2119,16,1132,No Show,2025-12-15 17:07:07,
2120,16,1687,Attended,2025-12-26 17:07:07,2026-01-25 17:07:07
2121,16,2018,Cancelled,2026-01-09 17:07:07,
2122,16,1957,No Show,2026-01-16 17:07:07,
2123,16,1432,Attended,2026-01-06 17:07:07,2026-01-25 17:07:07
2124,16,266,Attended,2026-01-13 17:07:07,2026-01-25 17:07:07
2125,16,1493,No Show,2025-12-29 17:07:07,
2126,16,62,No Show,2025-12-20 17:07:07,
2127,16,505,Attended,2025-12-17 17:07:07,2026-01-25 17:07:07
2128,16,1996,Registered,2025-12-17 17:07:07,
2129,16,2764,Attended,2026-01-05 17:07:07,2026-01-25 17:07:07
2130,16,524,Attended,2026-01-11 17:07:07,2026-01-25 17:07:07
2131,16,91,Registered,2026-01-22 17:07:07,
2132,16,2749,Attended,2026-01-18 17:07:07,2026-01-25 17:07:07
2133,16,3022,Attended,2025-12-18 17:07:07,2026-01-25 17:07:07
2134,16,915,Registered,2026-01-02 17:07:07,
2135,16,2456,Attended,2025-12-22 17:07:07,2026-01-25 17:07:07
2136,16,1515,Attended,2026-01-09 17:07:07,2026-01-25 17:07:07
2137,16,2662,Attended,2025-12-18 17:07:07,2026-01-25 17:07:07
2138,16,1217,Registered,2025-12-19 17:07:07,
2139,16,2726,Attended,2025-12-20 17:07:07,2026-01-25 17:07:07
2140,16,109,No Show,2026-01-02 17:07:07,
2141,16,1498,Attended,2026-01-17 17:07:07,2026-01-25 17:07:07
2142,16,101,Cancelled,2026-01-22 17:07:07,
2143,16,2871,Attended,2026-01-02 17:07:07,2026-01-25 17:07:07
2144,16,1759,Registered,2026-01-19 17:07:07,
2145,16,1963,No Show,2026-01-20 17:07:07,
2146,16,2638,No Show,2026-01-16 17:07:07,
2147,16,625,Registered,2026-01-16 17:07:07,
2148,16,1076,No Show,2026-01-12 17:07:07,
2149,16,2280,Registered,2025-12-29 17:07:07,
2150,16,2418,Attended,2026-01-10 17:07:07,2026-01-25 17:07:07
2151,16,3197,Attended,2026-01-14 17:07:07,2026-01-25 17:07:07
2152,16,2946,Cancelled,2025-12-29 17:07:07,
2153,16,2122,Registered,2025-12-18 17:07:07,
2154,16,214,Attended,2025-12-20 17:07:07,2026-01-25 17:07:07
2155,16,1964,Attended,2025-12-28 17:07:07,2026-01-25 17:07:07
2156,16,987,Attended,2026-01-15 17:07:07,2026-01-25 17:07:07
2157,16,2483,Attended,2026-01-21 17:07:07,2026-01-25 17:07:07
2158,16,2348,No Show,2026-01-06 17:07:07,
2159,16,314,No Show,2025-12-18 17:07:07,
2160,16,2316,Attended,2025-12-31 17:07:07,2026-01-25 17:07:07
2161,16,2262,No Show,2026-01-06 17:07:07,
2162,16,2689,Attended,2026-01-16 17:07:07,2026-01-25 17:07:07
2163,16,916,Attended,2026-01-01 17:07:07,2026-01-25 17:07:07
2164,16,1604,Cancelled,2025-12-25 17:07:07,
2165,16,1989,Registered,2025-12-23 17:07:07,
2166,16,1560,Attended,2025-12-27 17:07:07,2026-01-25 17:07:07
2167,16,3072,Cancelled,2026-01-10 17:07:07,
2168,16,1757,Attended,2026-01-10 17:07:07,2026-01-25 17:07:07
2169,16,249,Attended,2025-12-15 17:07:07,2026-01-25 17:07:07
2170,16,548,Attended,2026-01-06 17:07:07,2026-01-25 17:07:07
2171,16,1659,Attended,2026-01-05 17:07:07,2026-01-25 17:07:07
2172,16,2760,Registered,2025-12-18 17:07:07,
2173,16,156,Attended,2025-12-13 17:07:07,2026-01-25 17:07:07
2174,16,1501,Registered,2026-01-20 17:07:07,
2175,16,1446,Registered,2025-12-11 17:07:07,
2176,16,220,Attended,2025-12-16 17:07:07,2026-01-25 17:07:07
2177,16,1773,Attended,2025-12-11 17:07:07,2026-01-25 17:07:07
2178,16,2163,Attended,2026-01-11 17:07:07,2026-01-25 17:07:07
2179,16,1478,Attended,2026-01-06 17:07:07,2026-01-25 17:07:07
2180,16,2744,Cancelled,2025-12-30 17:07:07,
2181,16,1212,Attended,2025-12-25 17:07:07,2026-01-25 17:07:07
2182,16,1679,Attended,2026-01-02 17:07:07,2026-01-25 17:07:07
2183,16,1421,Attended,2026-01-12 17:07:07,2026-01-25 17:07:07
2184,16,1895,Attended,2026-01-23 17:07:07,2026-01-25 17:07:07
2185,16,726,Registered,2025-12-13 17:07:07,
2186,16,879,Registered,2026-01-11 17:07:07,
2187,16,1551,Attended,2025-12-26 17:07:07,2026-01-25 17:07:07
2188,16,1355,Attended,2026-01-04 17:07:07,2026-01-25 17:07:07
2189,16,2858,Attended,2026-01-06 17:07:07,2026-01-25 17:07:07
2190,16,1992,Registered,2026-01-19 17:07:07,
2191,16,281,Cancelled,2026-01-02 17:07:07,
2192,16,2430,Attended,2026-01-09 17:07:07,2026-01-25 17:07:07
2193,16,373,Registered,2026-01-18 17:07:07,
2194,16,149,No Show,2026-01-20 17:07:07,
2195,16,273,No Show,2025-12-12 17:07:07,
2196,16,2788,Attended,2025-12-26 17:07:07,2026-01-25 17:07:07
2197,16,1813,Cancelled,2026-01-14 17:07:07,
2198,16,1420,No Show,2026-01-01 17:07:07,
2199,16,2062,Attended,2025-12-31 17:07:07,2026-01-25 17:07:07
2200,16,2031,Attended,2025-12-20 17:07:07,2026-01-25 17:07:07
2201,16,2293,Attended,2025-12-24 17:07:07,2026-01-25 17:07:07
2202,16,1027,Attended,2025-12-19 17:07:07,2026-01-25 17:07:07
2203,16,1150,Attended,2026-01-02 17:07:07,2026-01-25 17:07:07
2204,16,2405,Attended,2025-12-16 17:07:07,2026-01-25 17:07:07
2205,16,2394,Attended,2025-12-20 17:07:07,2026-01-25 17:07:07
2206,16,2814,Attended,2026-01-01 17:07:07,2026-01-25 17:07:07
2207,16,1006,Attended,2025-12-11 17:07:07,2026-01-25 17:07:07
2208,16,1950,Attended,2025-12-14 17:07:07,2026-01-25 17:07:07
2209,16,2538,Attended,2026-01-12 17:07:07,2026-01-25 17:07:07
2210,16,1302,No Show,2025-12-30 17:07:07,
2211,16,3057,Attended,2025-12-21 17:07:07,2026-01-25 17:07:07
2212,16,1510,Attended,2025-12-15 17:07:07,2026-01-25 17:07:07
2213,16,1521,Attended,2026-01-19 17:07:07,2026-01-25 17:07:07
2214,16,612,Attended,2026-01-03 17:07:07,2026-01-25 17:07:07
2215,16,1625,Attended,2025-12-26 17:07:07,2026-01-25 17:07:07
2216,16,710,Attended,2025-12-27 17:07:07,2026-01-25 17:07:07
2217,16,2306,Attended,2026-01-18 17:07:07,2026-01-25 17:07:07
2218,16,2088,Attended,2026-01-08 17:07:07,2026-01-25 17:07:07
2219,16,1981,Attended,2026-01-08 17:07:07,2026-01-25 17:07:07
2220,16,662,Attended,2026-01-03 17:07:07,2026-01-25 17:07:07
2221,16,2150,Attended,2026-01-19 17:07:07,2026-01-25 17:07:07
2222,16,865,Attended,2026-01-04 17:07:07,2026-01-25 17:07:07
2223,16,2630,Attended,2026-01-07 17:07:07,2026-01-25 17:07:07
2224,16,2655,Attended,2025-12-25 17:07:07,2026-01-25 17:07:07
2225,16,2447,Attended,2025-12-23 17:07:07,2026-01-25 17:07:07
2226,16,2873,Attended,2025-12-13 17:07:07,2026-01-25 17:07:07
2227,16,2592,Attended,2025-12-12 17:07:07,2026-01-25 17:07:07
2228,16,4,No Show,2026-01-04 17:07:07,
2229,16,425,No Show,2026-01-03 17:07:07,
2230,16,181,No Show,2025-12-15 17:07:07,
2231,16,2605,Registered,2026-01-10 17:07:07,
2232,16,388,Attended,2025-12-17 17:07:07,2026-01-25 17:07:07
2233,16,1618,Attended,2026-01-23 17:07:07,2026-01-25 17:07:07
2234,16,2465,Cancelled,2025-12-26 17:07:07,
2235,16,684,No Show,2026-01-20 17:07:07,
2236,16,1054,Attended,2025-12-26 17:07:07,2026-01-25 17:07:07
2237,16,3193,Attended,2026-01-13 17:07:07,2026-01-25 17:07:07
2238,16,1162,Cancelled,2025-12-23 17:07:07,
2239,16,536,No Show,2026-01-14 17:07:07,
2240,16,873,Cancelled,2025-12-30 17:07:07,
2241,16,1191,Attended,2026-01-21 17:07:07,2026-01-25 17:07:07
2242,16,2181,Registered,2026-01-21 17:07:07,
2243,16,1620,Registered,2026-01-18 17:07:07,
2244,16,154,Attended,2025-12-18 17:07:07,2026-01-25 17:07:07
2245,16,3037,Cancelled,2026-01-09 17:07:07,
2246,16,1746,Cancelled,2025-12-28 17:07:07,
2247,16,2225,Attended,2025-12-30 17:07:07,2026-01-25 17:07:07
2248,16,3015,Attended,2026-01-07 17:07:07,2026-01-25 17:07:07
2249,16,282,Cancelled,2025-12-24 17:07:07,
2250,16,2380,Attended,2026-01-11 17:07:07,2026-01-25 17:07:07
2251,16,164,Attended,2026-01-18 17:07:07,2026-01-25 17:07:07
2252,16,2849,Attended,2025-12-16 17:07:07,2026-01-25 17:07:07
2253,16,1373,Attended,2025-12-23 17:07:07,2026-01-25 17:07:07
2254,16,264,Registered,2025-12-17 17:07:07,
2255,16,380,No Show,2025-12-28 17:07:07,
2256,16,1803,No Show,2026-01-06 17:07:07,
2257,16,2664,Attended,2025-12-23 17:07:07,2026-01-25 17:07:07
2258,16,629,Attended,2026-01-16 17:07:07,2026-01-25 17:07:07
2259,16,2552,Attended,2026-01-14 17:07:07,2026-01-25 17:07:07
2260,16,1931,Attended,2025-12-29 17:07:07,2026-01-25 17:07:07
2261,16,1116,No Show,2026-01-14 17:07:07,
2262,16,2253,Attended,2026-01-18 17:07:07,2026-01-25 17:07:07
2263,16,898,Attended,2026-01-10 17:07:07,2026-01-25 17:07:07
2264,16,1578,Attended,2026-01-23 17:07:07,2026-01-25 17:07:07
2265,16,166,Attended,2025-12-19 17:07:07,2026-01-25 17:07:07
2266,16,128,Attended,2025-12-14 17:07:07,2026-01-25 17:07:07
2267,16,921,Attended,2025-12-14 17:07:07,2026-01-25 17:07:07
2268,16,1838,Attended,2025-12-15 17:07:07,2026-01-25 17:07:07
2269,16,1816,Attended,2025-12-16 17:07:07,2026-01-25 17:07:07
2270,16,752,Attended,2026-01-16 17:07:07,2026-01-25 17:07:07
2271,16,2611,Attended,2025-12-13 17:07:07,2026-01-25 17:07:07
2272,16,272,Registered,2026-01-23 17:07:07,
2273,16,123,Registered,2025-12-17 17:07:07,
2274,16,12,Registered,2025-12-23 17:07:07,
2275,16,1262,Attended,2026-01-23 17:07:07,2026-01-25 17:07:07
2276,16,665,Attended,2025-12-14 17:07:07,2026-01-25 17:07:07
2277,16,2349,Registered,2025-12-21 17:07:07,
2278,16,1058,Registered,2026-01-22 17:07:07,
2279,16,681,Registered,2026-01-04 17:07:07,
2280,16,2039,Cancelled,2025-12-14 17:07:07,
2281,16,2074,No Show,2026-01-19 17:07:07,
2282,16,594,Attended,2026-01-16 17:07:07,2026-01-25 17:07:07
2283,16,2974,No Show,2025-12-19 17:07:07,
2284,17,1534,Attended,2026-01-01 15:35:26,2026-02-13 15:35:26
2285,17,85,Attended,2026-01-06 15:35:26,2026-02-13 15:35:26
2286,17,1551,No Show,2026-01-04 15:35:26,
2287,17,3050,Attended,2026-02-07 15:35:26,2026-02-13 15:35:26
2288,17,1772,No Show,2026-01-16 15:35:26,
2289,17,1086,Cancelled,2025-12-31 15:35:26,
2290,17,2584,Attended,2026-01-12 15:35:26,2026-02-13 15:35:26
2291,17,2312,No Show,2026-01-14 15:35:26,
2292,17,849,Attended,2026-01-01 15:35:26,2026-02-13 15:35:26
2293,17,2002,Attended,2026-01-12 15:35:26,2026-02-13 15:35:26
2294,17,2573,Attended,2026-01-03 15:35:26,2026-02-13 15:35:26
2295,17,185,Attended,2026-02-05 15:35:26,2026-02-13 15:35:26
2296,17,2431,Attended,2026-01-16 15:35:26,2026-02-13 15:35:26
2297,17,676,Attended,2026-01-07 15:35:26,2026-02-13 15:35:26
2298,17,2675,Attended,2026-01-03 15:35:26,2026-02-13 15:35:26
2299,17,13,Attended,2026-01-11 15:35:26,2026-02-13 15:35:26
2300,17,2669,Attended,2026-01-23 15:35:26,2026-02-13 15:35:26
2301,17,2311,Registered,2026-01-04 15:35:26,
2302,17,2171,Attended,2026-01-18 15:35:26,2026-02-13 15:35:26
2303,17,2043,Attended,2026-01-25 15:35:26,2026-02-13 15:35:26
2304,17,1971,Cancelled,2026-01-24 15:35:26,
2305,17,2310,Attended,2026-01-14 15:35:26,2026-02-13 15:35:26
2306,17,3254,Cancelled,2026-01-11 15:35:26,
2307,17,2627,Registered,2026-01-05 15:35:26,
2308,17,1756,Attended,2026-02-03 15:35:26,2026-02-13 15:35:26
2309,17,1761,Attended,2026-02-08 15:35:26,2026-02-13 15:35:26
2310,17,3067,Registered,2026-02-05 15:35:26,
2311,17,1393,Attended,2026-01-29 15:35:26,2026-02-13 15:35:26
2312,17,2208,Attended,2026-01-04 15:35:26,2026-02-13 15:35:26
2313,17,92,Attended,2026-01-04 15:35:26,2026-02-13 15:35:26
2314,17,2577,Attended,2026-01-06 15:35:26,2026-02-13 15:35:26
2315,17,2166,Attended,2026-01-05 15:35:26,2026-02-13 15:35:26
2316,17,1235,Attended,2026-02-11 15:35:26,2026-02-13 15:35:26
2317,17,2336,Attended,2026-01-25 15:35:26,2026-02-13 15:35:26
2318,17,2713,No Show,2026-02-11 15:35:26,
2319,17,2625,Attended,2026-02-04 15:35:26,2026-02-13 15:35:26
2320,17,1866,Attended,2026-01-21 15:35:26,2026-02-13 15:35:26
2321,17,491,Attended,2026-01-08 15:35:26,2026-02-13 15:35:26
2322,17,2923,No Show,2026-01-30 15:35:26,
2323,17,1704,Attended,2026-02-03 15:35:26,2026-02-13 15:35:26
2324,17,2586,Attended,2026-01-12 15:35:26,2026-02-13 15:35:26
2325,17,3017,No Show,2026-01-25 15:35:26,
2326,17,871,Attended,2026-01-31 15:35:26,2026-02-13 15:35:26
2327,17,1361,Attended,2026-02-01 15:35:26,2026-02-13 15:35:26
2328,17,2207,Attended,2026-02-02 15:35:26,2026-02-13 15:35:26
2329,17,233,Attended,2026-01-18 15:35:26,2026-02-13 15:35:26
2330,17,2276,Attended,2026-01-25 15:35:26,2026-02-13 15:35:26
2331,17,1698,Attended,2026-02-02 15:35:26,2026-02-13 15:35:26
2332,17,698,Attended,2026-01-07 15:35:26,2026-02-13 15:35:26
2333,17,2120,No Show,2026-01-09 15:35:26,
2334,17,847,No Show,2026-01-22 15:35:26,
2335,17,2899,Registered,2026-01-09 15:35:26,
2336,17,470,Attended,2026-01-14 15:35:26,2026-02-13 15:35:26
2337,17,963,Attended,2026-02-05 15:35:26,2026-02-13 15:35:26
2338,17,707,Attended,2026-01-04 15:35:26,2026-02-13 15:35:26
2339,17,1495,Attended,2026-01-20 15:35:26,2026-02-13 15:35:26
2340,17,1114,Registered,2026-02-04 15:35:26,
2341,17,2515,Cancelled,2026-02-11 15:35:26,
2342,17,1365,Attended,2026-01-24 15:35:26,2026-02-13 15:35:26
2343,17,2375,Attended,2026-01-24 15:35:26,2026-02-13 15:35:26
2344,17,2837,Attended,2026-02-05 15:35:26,2026-02-13 15:35:26
2345,17,388,Registered,2026-02-04 15:35:26,
2346,17,894,Cancelled,2026-01-30 15:35:26,
2347,17,670,No Show,2026-01-03 15:35:26,
2348,17,1863,Attended,2026-02-10 15:35:26,2026-02-13 15:35:26
2349,17,1382,Attended,2025-12-30 15:35:26,2026-02-13 15:35:26
2350,17,264,Registered,2026-01-31 15:35:26,
2351,17,271,No Show,2026-01-15 15:35:26,
2352,17,3066,Attended,2026-01-22 15:35:26,2026-02-13 15:35:26
2353,17,1289,Attended,2026-01-27 15:35:26,2026-02-13 15:35:26
2354,17,3,Attended,2026-01-02 15:35:26,2026-02-13 15:35:26
2355,17,1221,Attended,2026-02-01 15:35:26,2026-02-13 15:35:26
2356,17,2380,Attended,2026-01-14 15:35:26,2026-02-13 15:35:26
2357,17,3115,Attended,2026-01-10 15:35:26,2026-02-13 15:35:26
2358,17,3234,Registered,2026-02-01 15:35:26,
2359,17,1567,Attended,2026-01-30 15:35:26,2026-02-13 15:35:26
2360,17,2771,Attended,2026-02-10 15:35:26,2026-02-13 15:35:26
2361,17,3100,Cancelled,2026-02-10 15:35:26,
2362,17,613,No Show,2026-01-21 15:35:26,
2363,17,2559,Registered,2026-01-20 15:35:26,
2364,17,1814,No Show,2026-02-06 15:35:26,
2365,17,1430,No Show,2026-01-07 15:35:26,
2366,17,876,Registered,2026-01-27 15:35:26,
2367,17,2635,No Show,2026-01-28 15:35:26,
2368,17,20,Attended,2026-01-14 15:35:26,2026-02-13 15:35:26
2369,17,2368,Attended,2026-01-28 15:35:26,2026-02-13 15:35:26
2370,17,2354,Attended,2026-01-05 15:35:26,2026-02-13 15:35:26
2371,17,1283,Attended,2026-01-15 15:35:26,2026-02-13 15:35:26
2372,17,3056,Attended,2026-01-23 15:35:26,2026-02-13 15:35:26
2373,17,465,Cancelled,2026-01-08 15:35:26,
2374,17,1703,Registered,2026-01-26 15:35:26,
2375,17,2081,Attended,2026-01-20 15:35:26,2026-02-13 15:35:26
2376,17,2231,Attended,2026-01-17 15:35:26,2026-02-13 15:35:26
2377,17,1273,Attended,2026-01-16 15:35:26,2026-02-13 15:35:26
2378,17,2173,Cancelled,2026-02-10 15:35:26,
2379,17,2047,Attended,2026-01-02 15:35:26,2026-02-13 15:35:26
2380,17,1072,Attended,2026-01-22 15:35:26,2026-02-13 15:35:26
2381,17,3206,Cancelled,2025-12-30 15:35:26,
2382,17,374,Registered,2026-02-09 15:35:26,
2383,17,2838,Attended,2026-01-17 15:35:26,2026-02-13 15:35:26
2384,17,2604,No Show,2025-12-31 15:35:26,
2385,17,1260,Attended,2026-02-02 15:35:26,2026-02-13 15:35:26
2386,17,1352,Attended,2026-01-05 15:35:26,2026-02-13 15:35:26
2387,17,2427,Attended,2026-01-24 15:35:26,2026-02-13 15:35:26
2388,17,2555,Registered,2026-01-08 15:35:26,
2389,17,3223,Attended,2026-01-22 15:35:26,2026-02-13 15:35:26
2390,17,1391,Cancelled,2026-01-29 15:35:26,
2391,17,1261,Attended,2026-01-30 15:35:26,2026-02-13 15:35:26
2392,17,1832,Attended,2026-01-03 15:35:26,2026-02-13 15:35:26
2393,17,938,Registered,2026-01-31 15:35:26,
2394,17,1899,Attended,2026-02-12 15:35:26,2026-02-13 15:35:26
2395,17,850,Attended,2026-01-16 15:35:26,2026-02-13 15:35:26
2396,17,2206,Attended,2026-01-09 15:35:26,2026-02-13 15:35:26
2397,17,1722,Cancelled,2026-02-05 15:35:26,
2398,17,1670,Attended,2026-01-24 15:35:26,2026-02-13 15:35:26
2399,17,546,Attended,2026-01-26 15:35:26,2026-02-13 15:35:26
2400,18,2075,Attended,2021-09-23 09:07:26,2021-10-12 09:07:26
2401,18,2552,Attended,2021-09-09 09:07:26,2021-10-12 09:07:26
2402,18,1554,Attended,2021-08-29 09:07:26,2021-10-12 09:07:26
2403,18,2885,Attended,2021-09-29 09:07:26,2021-10-12 09:07:26
2404,18,2138,Registered,2021-09-29 09:07:26,
2405,18,2904,Attended,2021-09-22 09:07:26,2021-10-12 09:07:26
2406,18,659,Attended,2021-09-16 09:07:26,2021-10-12 09:07:26
2407,18,3216,Attended,2021-09-23 09:07:26,2021-10-12 09:07:26
2408,18,3038,Attended,2021-09-22 09:07:26,2021-10-12 09:07:26
2409,18,777,Registered,2021-09-18 09:07:26,
2410,18,400,Attended,2021-09-01 09:07:26,2021-10-12 09:07:26
2411,18,626,Registered,2021-09-10 09:07:26,
2412,18,125,Attended,2021-09-20 09:07:26,2021-10-12 09:07:26
2413,18,3227,Attended,2021-10-01 09:07:26,2021-10-12 09:07:26
2414,18,2882,Attended,2021-09-24 09:07:26,2021-10-12 09:07:26
2415,18,1680,Cancelled,2021-09-03 09:07:26,
2416,18,2235,Attended,2021-10-07 09:07:26,2021-10-12 09:07:26
2417,18,2600,Attended,2021-09-03 09:07:26,2021-10-12 09:07:26
2418,18,1513,Attended,2021-09-05 09:07:26,2021-10-12 09:07:26
2419,18,1044,Cancelled,2021-10-03 09:07:26,
2420,18,311,Attended,2021-09-10 09:07:26,2021-10-12 09:07:26
2421,18,1075,Attended,2021-10-10 09:07:26,2021-10-12 09:07:26
2422,18,1664,Attended,2021-08-30 09:07:26,2021-10-12 09:07:26
2423,18,2414,Attended,2021-09-22 09:07:26,2021-10-12 09:07:26
2424,18,1229,Attended,2021-09-14 09:07:26,2021-10-12 09:07:26
2425,18,2372,Registered,2021-08-29 09:07:26,
2426,18,1824,Cancelled,2021-10-08 09:07:26,
2427,18,1048,Attended,2021-09-04 09:07:26,2021-10-12 09:07:26
2428,18,1226,Attended,2021-09-02 09:07:26,2021-10-12 09:07:26
2429,18,2225,Attended,2021-09-27 09:07:26,2021-10-12 09:07:26
2430,18,606,Attended,2021-09-06 09:07:26,2021-10-12 09:07:26
2431,18,2485,Attended,2021-10-11 09:07:26,2021-10-12 09:07:26
2432,18,2385,No Show,2021-09-12 09:07:26,
2433,18,1373,Cancelled,2021-09-26 09:07:26,
2434,18,1257,Cancelled,2021-10-08 09:07:26,
2435,18,580,No Show,2021-09-16 09:07:26,
2436,18,2251,Attended,2021-10-01 09:07:26,2021-10-12 09:07:26
2437,18,2192,Attended,2021-09-07 09:07:26,2021-10-12 09:07:26
2438,18,2388,Attended,2021-10-11 09:07:26,2021-10-12 09:07:26
2439,18,2215,Attended,2021-08-28 09:07:26,2021-10-12 09:07:26
2440,18,1103,No Show,2021-10-09 09:07:26,
2441,18,690,Attended,2021-09-30 09:07:26,2021-10-12 09:07:26
2442,18,1118,Attended,2021-08-31 09:07:26,2021-10-12 09:07:26
2443,18,500,Attended,2021-09-24 09:07:26,2021-10-12 09:07:26
2444,18,2758,Cancelled,2021-09-16 09:07:26,
2445,18,1765,Attended,2021-09-18 09:07:26,2021-10-12 09:07:26
2446,18,194,No Show,2021-10-10 09:07:26,
2447,18,582,Attended,2021-09-13 09:07:26,2021-10-12 09:07:26
2448,18,1855,Registered,2021-08-29 09:07:26,
2449,18,2883,Attended,2021-09-13 09:07:26,2021-10-12 09:07:26
2450,18,1651,Attended,2021-10-03 09:07:26,2021-10-12 09:07:26
2451,18,2101,Registered,2021-10-10 09:07:26,
2452,18,2324,Attended,2021-09-07 09:07:26,2021-10-12 09:07:26
2453,18,2060,Attended,2021-09-16 09:07:26,2021-10-12 09:07:26
2454,18,2877,Attended,2021-09-10 09:07:26,2021-10-12 09:07:26
2455,18,2444,Attended,2021-09-06 09:07:26,2021-10-12 09:07:26
2456,18,1295,Cancelled,2021-09-16 09:07:26,
2457,18,2344,Attended,2021-09-08 09:07:26,2021-10-12 09:07:26
2458,18,3181,Attended,2021-09-23 09:07:26,2021-10-12 09:07:26
2459,18,1846,Attended,2021-09-04 09:07:26,2021-10-12 09:07:26
2460,18,57,Attended,2021-10-01 09:07:26,2021-10-12 09:07:26
2461,18,628,Attended,2021-08-28 09:07:26,2021-10-12 09:07:26
2462,18,2315,Registered,2021-09-10 09:07:26,
2463,18,2230,Registered,2021-09-19 09:07:26,
2464,18,781,Attended,2021-10-02 09:07:26,2021-10-12 09:07:26
2465,18,714,Cancelled,2021-09-02 09:07:26,
2466,18,1740,Cancelled,2021-10-11 09:07:26,
2467,18,444,Attended,2021-09-07 09:07:26,2021-10-12 09:07:26
2468,18,286,Attended,2021-09-17 09:07:26,2021-10-12 09:07:26
2469,18,2988,Attended,2021-09-21 09:07:26,2021-10-12 09:07:26
2470,18,1766,Attended,2021-09-03 09:07:26,2021-10-12 09:07:26
2471,18,1743,Attended,2021-09-24 09:07:26,2021-10-12 09:07:26
2472,18,3152,Attended,2021-10-11 09:07:26,2021-10-12 09:07:26
2473,18,2479,Cancelled,2021-09-12 09:07:26,
2474,18,2780,Registered,2021-10-02 09:07:26,
2475,18,977,Attended,2021-09-05 09:07:26,2021-10-12 09:07:26
2476,18,2108,Attended,2021-09-20 09:07:26,2021-10-12 09:07:26
2477,18,3119,Attended,2021-09-28 09:07:26,2021-10-12 09:07:26
2478,18,2142,Attended,2021-09-20 09:07:26,2021-10-12 09:07:26
2479,18,1503,Cancelled,2021-09-23 09:07:26,
2480,18,3023,Attended,2021-09-04 09:07:26,2021-10-12 09:07:26
2481,18,1662,Attended,2021-09-09 09:07:26,2021-10-12 09:07:26
2482,18,1791,Attended,2021-09-06 09:07:26,2021-10-12 09:07:26
2483,18,40,Attended,2021-09-17 09:07:26,2021-10-12 09:07:26
2484,18,3182,Attended,2021-09-10 09:07:26,2021-10-12 09:07:26
2485,18,514,Attended,2021-09-11 09:07:26,2021-10-12 09:07:26
2486,18,2662,No Show,2021-10-03 09:07:26,
2487,18,924,Registered,2021-09-16 09:07:26,
2488,18,1109,Attended,2021-09-18 09:07:26,2021-10-12 09:07:26
2489,18,455,Registered,2021-09-24 09:07:26,
2490,18,429,Attended,2021-09-22 09:07:26,2021-10-12 09:07:26
2491,18,1180,No Show,2021-08-31 09:07:26,
2492,18,1614,Attended,2021-10-03 09:07:26,2021-10-12 09:07:26
2493,18,476,Registered,2021-08-31 09:07:26,
2494,18,2566,Cancelled,2021-10-05 09:07:26,
2495,18,1350,Registered,2021-10-05 09:07:26,
2496,18,1919,Attended,2021-09-04 09:07:26,2021-10-12 09:07:26
2497,19,461,Registered,2022-04-12 23:31:36,
2498,19,2451,Attended,2022-04-18 23:31:36,2022-04-20 23:31:36
2499,19,386,Attended,2022-03-28 23:31:36,2022-04-20 23:31:36
2500,19,558,Attended,2022-04-04 23:31:36,2022-04-20 23:31:36
2501,19,514,No Show,2022-03-31 23:31:36,
2502,19,3069,Attended,2022-03-12 23:31:36,2022-04-20 23:31:36
2503,19,140,No Show,2022-04-13 23:31:36,
2504,19,3008,Attended,2022-03-24 23:31:36,2022-04-20 23:31:36
2505,19,1788,Attended,2022-03-26 23:31:36,2022-04-20 23:31:36
2506,19,2005,Attended,2022-03-20 23:31:36,2022-04-20 23:31:36
2507,19,1566,Attended,2022-04-07 23:31:36,2022-04-20 23:31:36
2508,19,2959,Registered,2022-04-14 23:31:36,
2509,19,748,Attended,2022-04-02 23:31:36,2022-04-20 23:31:36
2510,19,2029,Registered,2022-03-21 23:31:36,
2511,19,1856,Attended,2022-04-15 23:31:36,2022-04-20 23:31:36
2512,19,823,Registered,2022-04-02 23:31:36,
2513,19,2254,Registered,2022-03-30 23:31:36,
2514,19,1132,Attended,2022-04-11 23:31:36,2022-04-20 23:31:36
2515,19,1886,No Show,2022-03-27 23:31:36,
2516,19,392,Attended,2022-04-05 23:31:36,2022-04-20 23:31:36
2517,19,554,Attended,2022-03-07 23:31:36,2022-04-20 23:31:36
2518,19,940,Attended,2022-04-15 23:31:36,2022-04-20 23:31:36
2519,19,2889,No Show,2022-04-07 23:31:36,
2520,19,2506,Attended,2022-04-07 23:31:36,2022-04-20 23:31:36
2521,19,51,Registered,2022-03-21 23:31:36,
2522,19,1358,Attended,2022-03-25 23:31:36,2022-04-20 23:31:36
2523,19,1148,Attended,2022-03-18 23:31:36,2022-04-20 23:31:36
2524,19,1616,Attended,2022-03-30 23:31:36,2022-04-20 23:31:36
2525,19,12,Registered,2022-04-11 23:31:36,
2526,19,2381,No Show,2022-03-26 23:31:36,
2527,19,1659,Attended,2022-03-06 23:31:36,2022-04-20 23:31:36
2528,19,202,Attended,2022-03-21 23:31:36,2022-04-20 23:31:36
2529,19,1647,Registered,2022-04-10 23:31:36,
2530,19,1233,Attended,2022-03-09 23:31:36,2022-04-20 23:31:36
2531,19,1938,Registered,2022-03-24 23:31:36,
2532,19,1757,Attended,2022-03-20 23:31:36,2022-04-20 23:31:36
2533,19,3246,Cancelled,2022-03-18 23:31:36,
2534,19,279,Attended,2022-03-21 23:31:36,2022-04-20 23:31:36
2535,19,3147,Attended,2022-03-11 23:31:36,2022-04-20 23:31:36
2536,19,733,Attended,2022-04-02 23:31:36,2022-04-20 23:31:36
2537,19,1033,Attended,2022-03-15 23:31:36,2022-04-20 23:31:36
2538,19,1010,Registered,2022-04-01 23:31:36,
2539,19,1814,Attended,2022-04-15 23:31:36,2022-04-20 23:31:36
2540,19,2479,Attended,2022-03-07 23:31:36,2022-04-20 23:31:36
2541,19,2255,Attended,2022-03-22 23:31:36,2022-04-20 23:31:36
2542,19,2174,Attended,2022-03-25 23:31:36,2022-04-20 23:31:36
2543,19,1275,Attended,2022-04-04 23:31:36,2022-04-20 23:31:36
2544,19,2968,No Show,2022-04-02 23:31:36,
2545,19,1062,Attended,2022-03-26 23:31:36,2022-04-20 23:31:36
2546,19,1610,No Show,2022-04-07 23:31:36,
2547,19,2503,Attended,2022-04-13 23:31:36,2022-04-20 23:31:36
2548,19,1307,Cancelled,2022-04-17 23:31:36,
2549,19,99,No Show,2022-03-19 23:31:36,
2550,19,2187,No Show,2022-04-04 23:31:36,
2551,19,933,Attended,2022-03-14 23:31:36,2022-04-20 23:31:36
2552,19,259,No Show,2022-03-09 23:31:36,
2553,19,3216,Cancelled,2022-03-14 23:31:36,
2554,19,847,Attended,2022-04-19 23:31:36,2022-04-20 23:31:36
2555,19,2669,Attended,2022-03-08 23:31:36,2022-04-20 23:31:36
2556,19,1281,No Show,2022-04-14 23:31:36,
2557,19,3061,Attended,2022-04-08 23:31:36,2022-04-20 23:31:36
2558,19,1322,Attended,2022-03-17 23:31:36,2022-04-20 23:31:36
2559,19,3203,Registered,2022-04-02 23:31:36,
2560,19,3215,Registered,2022-04-07 23:31:36,
2561,19,2636,Attended,2022-04-17 23:31:36,2022-04-20 23:31:36
2562,19,691,Cancelled,2022-03-21 23:31:36,
2563,19,2729,No Show,2022-03-09 23:31:36,
2564,19,1906,Attended,2022-03-28 23:31:36,2022-04-20 23:31:36
2565,19,1705,Cancelled,2022-04-03 23:31:36,
2566,19,3073,Attended,2022-03-21 23:31:36,2022-04-20 23:31:36
2567,19,2742,Registered,2022-03-17 23:31:36,
2568,19,2105,Cancelled,2022-04-08 23:31:36,
2569,19,1438,Attended,2022-03-08 23:31:36,2022-04-20 23:31:36
2570,19,339,Registered,2022-04-04 23:31:36,
2571,19,597,No Show,2022-03-19 23:31:36,
2572,19,2205,Attended,2022-03-14 23:31:36,2022-04-20 23:31:36
2573,19,796,Attended,2022-03-18 23:31:36,2022-04-20 23:31:36
2574,19,2173,Attended,2022-03-21 23:31:36,2022-04-20 23:31:36
2575,19,2583,No Show,2022-03-08 23:31:36,
2576,19,2019,Registered,2022-03-29 23:31:36,
2577,19,817,Attended,2022-04-11 23:31:36,2022-04-20 23:31:36
2578,19,1836,Attended,2022-03-15 23:31:36,2022-04-20 23:31:36
2579,19,506,No Show,2022-03-22 23:31:36,
2580,19,190,Attended,2022-03-29 23:31:36,2022-04-20 23:31:36
2581,19,1553,Attended,2022-03-26 23:31:36,2022-04-20 23:31:36
2582,19,403,Attended,2022-04-16 23:31:36,2022-04-20 23:31:36
2583,19,3027,Registered,2022-04-09 23:31:36,
2584,19,577,Cancelled,2022-04-08 23:31:36,
2585,19,2603,Registered,2022-04-14 23:31:36,
2586,19,3079,Cancelled,2022-03-21 23:31:36,
2587,19,1332,Attended,2022-04-04 23:31:36,2022-04-20 23:31:36
2588,19,39,Attended,2022-03-12 23:31:36,2022-04-20 23:31:36
2589,19,2604,Attended,2022-04-12 23:31:36,2022-04-20 23:31:36
2590,19,1374,Cancelled,2022-03-21 23:31:36,
2591,19,2670,No Show,2022-03-13 23:31:36,
2592,19,2645,Attended,2022-04-09 23:31:36,2022-04-20 23:31:36
2593,19,251,Attended,2022-03-22 23:31:36,2022-04-20 23:31:36
2594,19,372,Cancelled,2022-04-08 23:31:36,
2595,19,907,Cancelled,2022-04-07 23:31:36,
2596,19,1251,Cancelled,2022-04-14 23:31:36,
2597,19,2231,Attended,2022-03-09 23:31:36,2022-04-20 23:31:36
2598,19,2034,No Show,2022-04-19 23:31:36,
2599,19,1676,Attended,2022-04-16 23:31:36,2022-04-20 23:31:36
2600,19,1835,Registered,2022-03-14 23:31:36,
2601,19,37,No Show,2022-04-09 23:31:36,
2602,19,2120,Registered,2022-04-07 23:31:36,
2603,19,144,Attended,2022-04-05 23:31:36,2022-04-20 23:31:36
2604,19,1845,Attended,2022-04-08 23:31:36,2022-04-20 23:31:36
2605,19,899,Attended,2022-03-22 23:31:36,2022-04-20 23:31:36
2606,19,1488,No Show,2022-04-09 23:31:36,
2607,19,419,Attended,2022-04-04 23:31:36,2022-04-20 23:31:36
2608,19,900,Registered,2022-03-23 23:31:36,
2609,19,1089,Attended,2022-04-17 23:31:36,2022-04-20 23:31:36
2610,19,223,Attended,2022-03-14 23:31:36,2022-04-20 23:31:36
2611,19,1082,Attended,2022-03-20 23:31:36,2022-04-20 23:31:36
2612,19,2144,Attended,2022-04-01 23:31:36,2022-04-20 23:31:36
2613,19,2454,Attended,2022-04-06 23:31:36,2022-04-20 23:31:36
2614,19,1197,Attended,2022-04-08 23:31:36,2022-04-20 23:31:36
2615,19,2408,Attended,2022-03-13 23:31:36,2022-04-20 23:31:36
2616,19,828,Attended,2022-03-14 23:31:36,2022-04-20 23:31:36
2617,19,2586,Attended,2022-04-19 23:31:36,2022-04-20 23:31:36
2618,19,50,Attended,2022-03-26 23:31:36,2022-04-20 23:31:36
2619,19,1937,Attended,2022-04-10 23:31:36,2022-04-20 23:31:36
2620,19,265,Attended,2022-03-21 23:31:36,2022-04-20 23:31:36
2621,19,2515,Attended,2022-04-17 23:31:36,2022-04-20 23:31:36
2622,19,357,Attended,2022-03-28 23:31:36,2022-04-20 23:31:36
2623,19,48,Registered,2022-04-05 23:31:36,
2624,19,2537,Attended,2022-04-04 23:31:36,2022-04-20 23:31:36
2625,19,2373,Attended,2022-04-11 23:31:36,2022-04-20 23:31:36
2626,19,937,Registered,2022-03-24 23:31:36,
2627,19,697,Attended,2022-04-02 23:31:36,2022-04-20 23:31:36
2628,19,1076,Attended,2022-03-31 23:31:36,2022-04-20 23:31:36
2629,19,1794,No Show,2022-04-13 23:31:36,
2630,19,2351,No Show,2022-04-06 23:31:36,
2631,19,1651,Attended,2022-03-29 23:31:36,2022-04-20 23:31:36
2632,19,576,Attended,2022-04-05 23:31:36,2022-04-20 23:31:36
2633,19,2720,Attended,2022-03-12 23:31:36,2022-04-20 23:31:36
2634,19,125,No Show,2022-04-04 23:31:36,
2635,19,1518,Attended,2022-03-22 23:31:36,2022-04-20 23:31:36
2636,19,931,Attended,2022-04-05 23:31:36,2022-04-20 23:31:36
2637,19,2851,Attended,2022-03-20 23:31:36,2022-04-20 23:31:36
2638,19,2744,Attended,2022-03-31 23:31:36,2022-04-20 23:31:36
2639,19,2689,Cancelled,2022-03-17 23:31:36,
2640,19,261,Attended,2022-03-12 23:31:36,2022-04-20 23:31:36
2641,19,3139,Attended,2022-04-16 23:31:36,2022-04-20 23:31:36
2642,19,232,Attended,2022-03-30 23:31:36,2022-04-20 23:31:36
2643,19,404,Attended,2022-03-31 23:31:36,2022-04-20 23:31:36
2644,19,1628,Attended,2022-03-06 23:31:36,2022-04-20 23:31:36
2645,19,2207,Attended,2022-03-19 23:31:36,2022-04-20 23:31:36
2646,19,1292,Attended,2022-04-02 23:31:36,2022-04-20 23:31:36
2647,19,951,Registered,2022-03-23 23:31:36,
2648,19,350,Cancelled,2022-03-24 23:31:36,
2649,19,1750,Attended,2022-03-15 23:31:36,2022-04-20 23:31:36
2650,19,584,Registered,2022-04-06 23:31:36,
2651,19,939,Registered,2022-03-11 23:31:36,
2652,19,213,Registered,2022-04-15 23:31:36,
2653,19,1591,Attended,2022-03-13 23:31:36,2022-04-20 23:31:36
2654,19,550,Attended,2022-04-07 23:31:36,2022-04-20 23:31:36
2655,19,1706,No Show,2022-03-27 23:31:36,
2656,19,1453,Attended,2022-03-19 23:31:36,2022-04-20 23:31:36
2657,19,1754,Cancelled,2022-03-19 23:31:36,
2658,19,2095,Cancelled,2022-03-23 23:31:36,
2659,19,72,Attended,2022-03-31 23:31:36,2022-04-20 23:31:36
2660,19,1604,Cancelled,2022-04-14 23:31:36,
2661,19,388,Registered,2022-04-15 23:31:36,
2662,19,2831,Attended,2022-03-20 23:31:36,2022-04-20 23:31:36
2663,19,65,Attended,2022-03-22 23:31:36,2022-04-20 23:31:36
2664,19,2995,Attended,2022-04-17 23:31:36,2022-04-20 23:31:36
2665,19,1801,Attended,2022-04-14 23:31:36,2022-04-20 23:31:36
2666,19,3020,Attended,2022-03-15 23:31:36,2022-04-20 23:31:36
2667,19,1551,Attended,2022-03-09 23:31:36,2022-04-20 23:31:36
2668,19,1961,Attended,2022-03-12 23:31:36,2022-04-20 23:31:36
2669,19,2686,Attended,2022-03-16 23:31:36,2022-04-20 23:31:36
2670,19,2292,Attended,2022-03-08 23:31:36,2022-04-20 23:31:36
2671,19,2841,Cancelled,2022-03-21 23:31:36,
2672,19,2897,Registered,2022-04-11 23:31:36,
2673,19,1991,Attended,2022-04-10 23:31:36,2022-04-20 23:31:36
2674,19,377,Registered,2022-03-20 23:31:36,
2675,19,990,Attended,2022-03-08 23:31:36,2022-04-20 23:31:36
2676,19,176,No Show,2022-04-11 23:31:36,
2677,19,991,Attended,2022-04-03 23:31:36,2022-04-20 23:31:36
2678,19,1732,No Show,2022-03-21 23:31:36,
2679,19,1680,Attended,2022-03-24 23:31:36,2022-04-20 23:31:36
2680,19,894,Attended,2022-03-10 23:31:36,2022-04-20 23:31:36
2681,19,1574,Attended,2022-03-26 23:31:36,2022-04-20 23:31:36
2682,19,2397,No Show,2022-04-08 23:31:36,
2683,19,2512,Attended,2022-04-01 23:31:36,2022-04-20 23:31:36
2684,19,2035,Attended,2022-04-19 23:31:36,2022-04-20 23:31:36
2685,19,1238,Attended,2022-03-14 23:31:36,2022-04-20 23:31:36
2686,19,2336,No Show,2022-03-09 23:31:36,
2687,19,1627,Attended,2022-04-11 23:31:36,2022-04-20 23:31:36
2688,19,1413,Attended,2022-03-19 23:31:36,2022-04-20 23:31:36
2689,19,3035,Attended,2022-04-18 23:31:36,2022-04-20 23:31:36
2690,19,1150,Attended,2022-04-02 23:31:36,2022-04-20 23:31:36
2691,19,3092,Attended,2022-03-20 23:31:36,2022-04-20 23:31:36
2692,19,1485,Attended,2022-04-03 23:31:36,2022-04-20 23:31:36
2693,19,975,Attended,2022-04-06 23:31:36,2022-04-20 23:31:36
2694,19,2178,Registered,2022-03-08 23:31:36,
2695,19,1143,Attended,2022-04-03 23:31:36,2022-04-20 23:31:36
2696,19,2281,Registered,2022-03-06 23:31:36,
2697,19,2058,Attended,2022-03-11 23:31:36,2022-04-20 23:31:36
2698,19,1467,Attended,2022-04-13 23:31:36,2022-04-20 23:31:36
2699,19,1155,Attended,2022-04-05 23:31:36,2022-04-20 23:31:36
2700,19,2153,Attended,2022-03-20 23:31:36,2022-04-20 23:31:36
2701,19,344,Attended,2022-03-31 23:31:36,2022-04-20 23:31:36
2702,19,692,Attended,2022-03-16 23:31:36,2022-04-20 23:31:36
2703,19,61,Attended,2022-03-13 23:31:36,2022-04-20 23:31:36
2704,19,754,Attended,2022-03-11 23:31:36,2022-04-20 23:31:36
2705,19,2107,No Show,2022-04-02 23:31:36,
2706,19,2325,Registered,2022-03-21 23:31:36,
2707,19,533,Attended,2022-04-01 23:31:36,2022-04-20 23:31:36
2708,19,311,Attended,2022-04-09 23:31:36,2022-04-20 23:31:36
2709,19,540,Attended,2022-03-27 23:31:36,2022-04-20 23:31:36
2710,19,763,Attended,2022-04-02 23:31:36,2022-04-20 23:31:36
2711,19,1528,No Show,2022-03-11 23:31:36,
2712,19,2554,Attended,2022-04-14 23:31:36,2022-04-20 23:31:36
2713,19,369,Attended,2022-04-19 23:31:36,2022-04-20 23:31:36
2714,19,970,Attended,2022-03-10 23:31:36,2022-04-20 23:31:36
2715,19,911,Cancelled,2022-03-25 23:31:36,
2716,19,2859,Attended,2022-03-08 23:31:36,2022-04-20 23:31:36
2717,19,1168,Attended,2022-03-26 23:31:36,2022-04-20 23:31:36
2718,19,1691,Attended,2022-04-01 23:31:36,2022-04-20 23:31:36
2719,19,3196,Attended,2022-04-03 23:31:36,2022-04-20 23:31:36
2720,19,1449,Registered,2022-03-16 23:31:36,
2721,19,1075,Attended,2022-03-31 23:31:36,2022-04-20 23:31:36
2722,19,1337,Attended,2022-03-23 23:31:36,2022-04-20 23:31:36
2723,19,1074,Cancelled,2022-04-04 23:31:36,
2724,19,2751,Attended,2022-03-29 23:31:36,2022-04-20 23:31:36
2725,19,1612,No Show,2022-04-12 23:31:36,
2726,19,306,Attended,2022-04-03 23:31:36,2022-04-20 23:31:36
2727,19,586,Attended,2022-04-04 23:31:36,2022-04-20 23:31:36
2728,19,2302,Attended,2022-04-08 23:31:36,2022-04-20 23:31:36
2729,19,2086,Attended,2022-03-27 23:31:36,2022-04-20 23:31:36
2730,19,353,Attended,2022-03-06 23:31:36,2022-04-20 23:31:36
2731,19,1304,Attended,2022-03-24 23:31:36,2022-04-20 23:31:36
2732,19,2166,Attended,2022-04-03 23:31:36,2022-04-20 23:31:36
2733,19,1118,Attended,2022-03-12 23:31:36,2022-04-20 23:31:36
2734,19,2947,Attended,2022-03-11 23:31:36,2022-04-20 23:31:36
2735,19,264,Attended,2022-03-28 23:31:36,2022-04-20 23:31:36
2736,19,1122,Cancelled,2022-03-22 23:31:36,
2737,19,1918,Attended,2022-04-12 23:31:36,2022-04-20 23:31:36
2738,19,768,No Show,2022-03-17 23:31:36,
2739,19,58,Attended,2022-03-21 23:31:36,2022-04-20 23:31:36
2740,19,1872,Registered,2022-03-24 23:31:36,
2741,19,867,Attended,2022-03-10 23:31:36,2022-04-20 23:31:36
2742,19,2940,Registered,2022-03-26 23:31:36,
2743,19,1862,Attended,2022-03-22 23:31:36,2022-04-20 23:31:36
2744,19,1024,Attended,2022-04-08 23:31:36,2022-04-20 23:31:36
2745,19,2021,Attended,2022-03-16 23:31:36,2022-04-20 23:31:36
2746,19,3126,Attended,2022-03-19 23:31:36,2022-04-20 23:31:36
2747,19,1210,Attended,2022-03-13 23:31:36,2022-04-20 23:31:36
2748,19,1272,Attended,2022-04-09 23:31:36,2022-04-20 23:31:36
2749,19,573,No Show,2022-03-07 23:31:36,
2750,19,1671,Registered,2022-03-30 23:31:36,
2751,19,2663,Attended,2022-03-30 23:31:36,2022-04-20 23:31:36
2752,19,3053,No Show,2022-03-24 23:31:36,
2753,19,1311,No Show,2022-03-14 23:31:36,
2754,19,934,Registered,2022-04-03 23:31:36,
2755,19,116,Attended,2022-03-26 23:31:36,2022-04-20 23:31:36
2756,19,2552,Attended,2022-03-09 23:31:36,2022-04-20 23:31:36
2757,19,2843,Attended,2022-03-09 23:31:36,2022-04-20 23:31:36
2758,19,529,No Show,2022-03-08 23:31:36,
2759,19,708,Cancelled,2022-03-30 23:31:36,
2760,19,2846,Registered,2022-04-16 23:31:36,
2761,19,3122,Registered,2022-04-08 23:31:36,
2762,19,731,Attended,2022-03-20 23:31:36,2022-04-20 23:31:36
2763,19,1165,Attended,2022-04-14 23:31:36,2022-04-20 23:31:36
2764,19,1910,Attended,2022-03-15 23:31:36,2022-04-20 23:31:36
2765,19,1423,Attended,2022-04-14 23:31:36,2022-04-20 23:31:36
2766,19,1431,Registered,2022-03-06 23:31:36,
2767,19,902,Attended,2022-03-08 23:31:36,2022-04-20 23:31:36
2768,19,2541,Registered,2022-03-19 23:31:36,
2769,19,923,Cancelled,2022-04-07 23:31:36,
2770,19,2366,Attended,2022-03-30 23:31:36,2022-04-20 23:31:36
2771,19,2737,Cancelled,2022-04-06 23:31:36,
2772,19,85,Attended,2022-03-30 23:31:36,2022-04-20 23:31:36
2773,19,455,Attended,2022-04-19 23:31:36,2022-04-20 23:31:36
2774,19,3108,Attended,2022-04-11 23:31:36,2022-04-20 23:31:36
2775,19,343,Attended,2022-04-06 23:31:36,2022-04-20 23:31:36
2776,19,743,Cancelled,2022-04-02 23:31:36,
2777,19,1858,Attended,2022-03-20 23:31:36,2022-04-20 23:31:36
2778,19,537,Attended,2022-03-16 23:31:36,2022-04-20 23:31:36
2779,19,1534,Registered,2022-03-08 23:31:36,
2780,19,636,Registered,2022-04-07 23:31:36,
2781,19,988,No Show,2022-03-23 23:31:36,
2782,19,1795,Attended,2022-04-10 23:31:36,2022-04-20 23:31:36
2783,19,421,Registered,2022-04-05 23:31:36,
2784,19,581,Attended,2022-03-28 23:31:36,2022-04-20 23:31:36
2785,19,2142,Attended,2022-04-06 23:31:36,2022-04-20 23:31:36
2786,19,2129,Attended,2022-03-23 23:31:36,2022-04-20 23:31:36
2787,19,122,Attended,2022-04-11 23:31:36,2022-04-20 23:31:36
2788,19,630,Attended,2022-03-10 23:31:36,2022-04-20 23:31:36
2789,19,1478,Registered,2022-03-22 23:31:36,
2790,19,471,Registered,2022-03-23 23:31:36,
2791,19,1334,Registered,2022-04-04 23:31:36,
2792,19,2440,Attended,2022-04-02 23:31:36,2022-04-20 23:31:36
2793,19,483,Attended,2022-03-12 23:31:36,2022-04-20 23:31:36
2794,19,2942,Registered,2022-04-04 23:31:36,
2795,19,2514,Attended,2022-03-15 23:31:36,2022-04-20 23:31:36
2796,19,1171,Attended,2022-03-20 23:31:36,2022-04-20 23:31:36
2797,19,434,Attended,2022-04-04 23:31:36,2022-04-20 23:31:36
2798,19,2756,No Show,2022-04-17 23:31:36,
2799,19,2692,Attended,2022-04-18 23:31:36,2022-04-20 23:31:36
2800,19,942,Attended,2022-04-12 23:31:36,2022-04-20 23:31:36
2801,19,957,Registered,2022-04-09 23:31:36,
2802,19,563,Attended,2022-03-22 23:31:36,2022-04-20 23:31:36
2803,19,1480,Registered,2022-04-06 23:31:36,
2804,19,3180,Cancelled,2022-03-29 23:31:36,
2805,19,389,Attended,2022-03-09 23:31:36,2022-04-20 23:31:36
2806,19,1091,Attended,2022-03-07 23:31:36,2022-04-20 23:31:36
2807,19,2066,Registered,2022-04-12 23:31:36,
2808,19,624,Registered,2022-03-10 23:31:36,
2809,19,1432,Registered,2022-04-18 23:31:36,
2810,19,304,Attended,2022-04-17 23:31:36,2022-04-20 23:31:36
2811,19,1736,Attended,2022-03-29 23:31:36,2022-04-20 23:31:36
2812,19,1803,No Show,2022-03-07 23:31:36,
2813,19,46,Attended,2022-04-15 23:31:36,2022-04-20 23:31:36
2814,19,1514,No Show,2022-03-19 23:31:36,
2815,19,470,Attended,2022-03-12 23:31:36,2022-04-20 23:31:36
2816,19,2429,Attended,2022-03-31 23:31:36,2022-04-20 23:31:36
2817,19,3052,Attended,2022-04-06 23:31:36,2022-04-20 23:31:36
2818,19,2614,Attended,2022-03-29 23:31:36,2022-04-20 23:31:36
2819,19,2448,Cancelled,2022-04-04 23:31:36,
2820,19,1054,Attended,2022-04-19 23:31:36,2022-04-20 23:31:36
2821,19,1758,Attended,2022-03-17 23:31:36,2022-04-20 23:31:36
2822,19,2492,Registered,2022-03-30 23:31:36,
2823,19,3028,Attended,2022-03-20 23:31:36,2022-04-20 23:31:36
2824,19,2724,No Show,2022-03-18 23:31:36,
2825,19,790,Attended,2022-03-07 23:31:36,2022-04-20 23:31:36
2826,19,1859,Attended,2022-04-18 23:31:36,2022-04-20 23:31:36
2827,19,2182,Attended,2022-03-30 23:31:36,2022-04-20 23:31:36
2828,19,881,Attended,2022-04-16 23:31:36,2022-04-20 23:31:36
2829,19,2638,Attended,2022-03-10 23:31:36,2022-04-20 23:31:36
2830,19,2141,Attended,2022-03-16 23:31:36,2022-04-20 23:31:36
2831,19,1661,Attended,2022-03-08 23:31:36,2022-04-20 23:31:36
2832,19,2128,Attended,2022-03-29 23:31:36,2022-04-20 23:31:36
2833,19,920,Attended,2022-04-19 23:31:36,2022-04-20 23:31:36
2834,19,2883,Attended,2022-03-15 23:31:36,2022-04-20 23:31:36
2835,19,1183,Cancelled,2022-04-10 23:31:36,
2836,19,2873,Attended,2022-03-25 23:31:36,2022-04-20 23:31:36
2837,19,1327,Registered,2022-03-28 23:31:36,
2838,19,1873,Attended,2022-03-08 23:31:36,2022-04-20 23:31:36
2839,19,3118,Attended,2022-03-17 23:31:36,2022-04-20 23:31:36
2840,19,2053,Attended,2022-04-10 23:31:36,2022-04-20 23:31:36
2841,19,1951,Attended,2022-03-14 23:31:36,2022-04-20 23:31:36
2842,19,575,No Show,2022-03-06 23:31:36,
2843,19,2978,Cancelled,2022-04-11 23:31:36,
2844,19,3066,Registered,2022-03-13 23:31:36,
2845,19,1509,No Show,2022-04-03 23:31:36,
2846,19,2860,Attended,2022-04-10 23:31:36,2022-04-20 23:31:36
2847,19,3057,No Show,2022-03-28 23:31:36,
2848,19,2746,Attended,2022-03-21 23:31:36,2022-04-20 23:31:36
2849,19,561,No Show,2022-03-22 23:31:36,
2850,19,1385,Registered,2022-04-07 23:31:36,
2851,19,860,Registered,2022-03-14 23:31:36,
2852,19,1666,Attended,2022-04-08 23:31:36,2022-04-20 23:31:36
2853,19,3256,Registered,2022-04-01 23:31:36,
2854,19,538,Attended,2022-03-13 23:31:36,2022-04-20 23:31:36
2855,19,2161,Attended,2022-03-30 23:31:36,2022-04-20 23:31:36
2856,19,2227,Attended,2022-03-30 23:31:36,2022-04-20 23:31:36
2857,19,189,Attended,2022-04-05 23:31:36,2022-04-20 23:31:36
2858,19,32,Attended,2022-03-16 23:31:36,2022-04-20 23:31:36
2859,19,1714,Cancelled,2022-03-10 23:31:36,
2860,19,423,Attended,2022-04-01 23:31:36,2022-04-20 23:31:36
2861,19,399,Attended,2022-04-01 23:31:36,2022-04-20 23:31:36
2862,19,2743,Attended,2022-03-31 23:31:36,2022-04-20 23:31:36
2863,19,3170,Attended,2022-04-09 23:31:36,2022-04-20 23:31:36
2864,19,2293,No Show,2022-04-11 23:31:36,
2865,19,1095,Registered,2022-03-20 23:31:36,
2866,19,1943,Attended,2022-03-30 23:31:36,2022-04-20 23:31:36
2867,19,2657,Attended,2022-03-27 23:31:36,2022-04-20 23:31:36
2868,19,1173,Attended,2022-03-22 23:31:36,2022-04-20 23:31:36
2869,19,2040,No Show,2022-03-06 23:31:36,
2870,19,2184,Attended,2022-04-06 23:31:36,2022-04-20 23:31:36
2871,19,2465,Registered,2022-03-24 23:31:36,
2872,19,1482,No Show,2022-04-06 23:31:36,
2873,19,2109,Attended,2022-03-24 23:31:36,2022-04-20 23:31:36
2874,19,2420,Cancelled,2022-03-31 23:31:36,
2875,19,2346,Registered,2022-03-26 23:31:36,
2876,19,1959,Attended,2022-03-15 23:31:36,2022-04-20 23:31:36
2877,19,2220,Registered,2022-04-05 23:31:36,
2878,19,3134,Attended,2022-03-08 23:31:36,2022-04-20 23:31:36
2879,19,1369,Attended,2022-04-09 23:31:36,2022-04-20 23:31:36
2880,19,2976,No Show,2022-04-16 23:31:36,
2881,19,3199,No Show,2022-03-13 23:31:36,
2882,19,1575,Cancelled,2022-03-15 23:31:36,
2883,19,2394,Attended,2022-04-17 23:31:36,2022-04-20 23:31:36
2884,19,301,Attended,2022-04-03 23:31:36,2022-04-20 23:31:36
2885,19,446,No Show,2022-04-09 23:31:36,
2886,19,1763,Attended,2022-03-06 23:31:36,2022-04-20 23:31:36
2887,19,47,Registered,2022-04-14 23:31:36,
2888,19,2920,Attended,2022-03-14 23:31:36,2022-04-20 23:31:36
2889,19,1703,Attended,2022-04-19 23:31:36,2022-04-20 23:31:36
2890,19,2589,Attended,2022-03-09 23:31:36,2022-04-20 23:31:36
2891,19,2239,No Show,2022-04-13 23:31:36,
2892,19,36,Attended,2022-03-19 23:31:36,2022-04-20 23:31:36
2893,19,1554,No Show,2022-03-10 23:31:36,
2894,19,2067,Registered,2022-03-13 23:31:36,
2895,19,3024,Cancelled,2022-03-15 23:31:36,
2896,19,2733,Registered,2022-04-08 23:31:36,
2897,19,3167,Attended,2022-03-06 23:31:36,2022-04-20 23:31:36
2898,19,2156,Attended,2022-03-20 23:31:36,2022-04-20 23:31:36
2899,19,825,Attended,2022-03-17 23:31:36,2022-04-20 23:31:36
2900,19,700,Attended,2022-03-08 23:31:36,2022-04-20 23:31:36
2901,19,3034,Attended,2022-03-25 23:31:36,2022-04-20 23:31:36
2902,19,1227,Attended,2022-04-17 23:31:36,2022-04-20 23:31:36
2903,19,38,Attended,2022-03-13 23:31:36,2022-04-20 23:31:36
2904,19,2911,Registered,2022-04-08 23:31:36,
2905,19,844,Cancelled,2022-04-08 23:31:36,
2906,19,741,No Show,2022-04-01 23:31:36,
2907,19,1045,Attended,2022-04-14 23:31:36,2022-04-20 23:31:36
2908,19,10,Registered,2022-03-21 23:31:36,
2909,19,462,Attended,2022-03-28 23:31:36,2022-04-20 23:31:36
2910,19,1448,Attended,2022-04-04 23:31:36,2022-04-20 23:31:36
2911,19,1000,Attended,2022-04-18 23:31:36,2022-04-20 23:31:36
2912,19,185,Attended,2022-03-28 23:31:36,2022-04-20 23:31:36
2913,19,3062,Attended,2022-04-17 23:31:36,2022-04-20 23:31:36
2914,19,1232,Attended,2022-04-15 23:31:36,2022-04-20 23:31:36
2915,19,1129,Cancelled,2022-03-13 23:31:36,
2916,19,2152,Attended,2022-03-23 23:31:36,2022-04-20 23:31:36
2917,19,2101,Registered,2022-03-21 23:31:36,
2918,19,2100,No Show,2022-03-09 23:31:36,
2919,19,627,Attended,2022-04-06 23:31:36,2022-04-20 23:31:36
2920,19,2673,Attended,2022-04-19 23:31:36,2022-04-20 23:31:36
2921,19,347,Attended,2022-04-17 23:31:36,2022-04-20 23:31:36
2922,19,451,No Show,2022-03-13 23:31:36,
2923,19,1698,Attended,2022-03-11 23:31:36,2022-04-20 23:31:36
2924,19,1391,Attended,2022-03-10 23:31:36,2022-04-20 23:31:36
2925,19,149,Attended,2022-04-05 23:31:36,2022-04-20 23:31:36
2926,19,1212,Attended,2022-04-03 23:31:36,2022-04-20 23:31:36
2927,19,995,Attended,2022-03-30 23:31:36,2022-04-20 23:31:36
2928,19,2530,Attended,2022-04-13 23:31:36,2022-04-20 23:31:36
2929,19,91,Attended,2022-03-20 23:31:36,2022-04-20 23:31:36
2930,19,2585,Attended,2022-03-23 23:31:36,2022-04-20 23:31:36
2931,19,1216,Attended,2022-03-16 23:31:36,2022-04-20 23:31:36
2932,19,1120,Attended,2022-04-08 23:31:36,2022-04-20 23:31:36
2933,19,3125,Attended,2022-04-03 23:31:36,2022-04-20 23:31:36
2934,19,3198,Attended,2022-03-31 23:31:36,2022-04-20 23:31:36
2935,19,3145,Cancelled,2022-03-22 23:31:36,
2936,19,3049,Attended,2022-04-18 23:31:36,2022-04-20 23:31:36
2937,19,474,Attended,2022-03-23 23:31:36,2022-04-20 23:31:36
2938,19,2384,Attended,2022-03-29 23:31:36,2022-04-20 23:31:36
2939,19,31,Attended,2022-03-17 23:31:36,2022-04-20 23:31:36
2940,19,163,Attended,2022-04-10 23:31:36,2022-04-20 23:31:36
2941,19,457,Attended,2022-03-20 23:31:36,2022-04-20 23:31:36
2942,19,1709,Attended,2022-03-16 23:31:36,2022-04-20 23:31:36
2943,19,2903,Attended,2022-03-11 23:31:36,2022-04-20 23:31:36
2944,19,325,Registered,2022-03-07 23:31:36,
2945,19,130,Attended,2022-04-07 23:31:36,2022-04-20 23:31:36
2946,19,3046,Attended,2022-04-09 23:31:36,2022-04-20 23:31:36
2947,19,129,Registered,2022-04-01 23:31:36,
2948,19,2593,Registered,2022-03-21 23:31:36,
2949,19,98,Attended,2022-03-14 23:31:36,2022-04-20 23:31:36
2950,19,2996,Attended,2022-03-23 23:31:36,2022-04-20 23:31:36
2951,19,3249,Attended,2022-03-06 23:31:36,2022-04-20 23:31:36
2952,19,578,Attended,2022-03-12 23:31:36,2022-04-20 23:31:36
2953,19,2080,No Show,2022-03-29 23:31:36,
2954,19,1128,Attended,2022-04-17 23:31:36,2022-04-20 23:31:36
2955,19,725,Attended,2022-04-03 23:31:36,2022-04-20 23:31:36
2956,19,2822,Attended,2022-04-16 23:31:36,2022-04-20 23:31:36
2957,19,1382,Attended,2022-04-19 23:31:36,2022-04-20 23:31:36
2958,19,280,Attended,2022-03-16 23:31:36,2022-04-20 23:31:36
2959,19,1945,Attended,2022-03-18 23:31:36,2022-04-20 23:31:36
2960,19,1018,Registered,2022-04-19 23:31:36,
2961,19,1853,Attended,2022-03-19 23:31:36,2022-04-20 23:31:36
2962,19,1614,Attended,2022-03-25 23:31:36,2022-04-20 23:31:36
2963,19,2774,Attended,2022-04-18 23:31:36,2022-04-20 23:31:36
2964,19,2635,Attended,2022-04-01 23:31:36,2022-04-20 23:31:36
2965,19,1201,Attended,2022-04-06 23:31:36,2022-04-20 23:31:36
2966,19,1513,Attended,2022-03-16 23:31:36,2022-04-20 23:31:36
2967,19,826,No Show,2022-03-27 23:31:36,
2968,19,476,Attended,2022-03-15 23:31:36,2022-04-20 23:31:36
2969,19,493,No Show,2022-04-19 23:31:36,
2970,19,1359,Attended,2022-03-18 23:31:36,2022-04-20 23:31:36
2971,19,2619,Attended,2022-03-23 23:31:36,2022-04-20 23:31:36
2972,19,145,Attended,2022-04-18 23:31:36,2022-04-20 23:31:36
2973,19,974,Attended,2022-03-10 23:31:36,2022-04-20 23:31:36
2974,19,2597,Registered,2022-04-13 23:31:36,
2975,19,574,Attended,2022-03-21 23:31:36,2022-04-20 23:31:36
2976,19,2862,Attended,2022-04-18 23:31:36,2022-04-20 23:31:36
2977,19,1479,No Show,2022-03-22 23:31:36,
2978,19,897,Attended,2022-03-14 23:31:36,2022-04-20 23:31:36
2979,19,105,Attended,2022-03-18 23:31:36,2022-04-20 23:31:36
2980,19,912,Cancelled,2022-04-16 23:31:36,
2981,19,2820,Attended,2022-04-02 23:31:36,2022-04-20 23:31:36
2982,19,1902,Registered,2022-04-09 23:31:36,
2983,19,82,No Show,2022-03-13 23:31:36,
2984,19,1356,Cancelled,2022-03-31 23:31:36,
2985,19,709,No Show,2022-03-09 23:31:36,
2986,19,2106,Attended,2022-03-26 23:31:36,2022-04-20 23:31:36
2987,19,286,Attended,2022-04-17 23:31:36,2022-04-20 23:31:36
2988,19,7,Attended,2022-03-10 23:31:36,2022-04-20 23:31:36
2989,19,3075,Cancelled,2022-04-18 23:31:36,
2990,19,1430,Attended,2022-04-01 23:31:36,2022-04-20 23:31:36
2991,19,1246,Attended,2022-03-22 23:31:36,2022-04-20 23:31:36
2992,19,2269,Attended,2022-03-16 23:31:36,2022-04-20 23:31:36
2993,19,1253,Cancelled,2022-04-05 23:31:36,
2994,19,1688,Attended,2022-03-11 23:31:36,2022-04-20 23:31:36
2995,19,1412,Registered,2022-03-11 23:31:36,
2996,19,3021,No Show,2022-04-12 23:31:36,
2997,19,711,Attended,2022-03-21 23:31:36,2022-04-20 23:31:36
2998,19,1465,Attended,2022-04-14 23:31:36,2022-04-20 23:31:36
2999,19,2880,Attended,2022-03-29 23:31:36,2022-04-20 23:31:36
3000,19,704,Attended,2022-03-12 23:31:36,2022-04-20 23:31:36
3001,19,2799,Attended,2022-03-29 23:31:36,2022-04-20 23:31:36
3002,19,489,Attended,2022-03-18 23:31:36,2022-04-20 23:31:36
3003,19,2979,No Show,2022-04-08 23:31:36,
3004,19,1321,Attended,2022-03-15 23:31:36,2022-04-20 23:31:36
3005,19,609,No Show,2022-03-18 23:31:36,
3006,19,762,Attended,2022-03-09 23:31:36,2022-04-20 23:31:36
3007,19,513,Attended,2022-03-17 23:31:36,2022-04-20 23:31:36
3008,19,1214,Attended,2022-04-13 23:31:36,2022-04-20 23:31:36
3009,19,1240,Attended,2022-04-16 23:31:36,2022-04-20 23:31:36
3010,19,2998,Attended,2022-04-13 23:31:36,2022-04-20 23:31:36
3011,19,158,Attended,2022-03-13 23:31:36,2022-04-20 23:31:36
3012,19,2896,No Show,2022-03-29 23:31:36,
3013,19,3074,Registered,2022-03-14 23:31:36,
3014,19,2721,Attended,2022-04-12 23:31:36,2022-04-20 23:31:36
3015,19,166,Registered,2022-04-19 23:31:36,
3016,19,309,Registered,2022-03-30 23:31:36,
3017,19,1408,Attended,2022-04-17 23:31:36,2022-04-20 23:31:36
3018,19,3218,Attended,2022-04-16 23:31:36,2022-04-20 23:31:36
3019,19,2694,Attended,2022-04-10 23:31:36,2022-04-20 23:31:36
3020,19,2222,Attended,2022-03-17 23:31:36,2022-04-20 23:31:36
3021,19,2251,No Show,2022-03-29 23:31:36,
3022,19,2522,No Show,2022-03-21 23:31:36,
3023,19,1901,Attended,2022-03-15 23:31:36,2022-04-20 23:31:36
3024,19,2354,Attended,2022-03-18 23:31:36,2022-04-20 23:31:36
3025,19,2291,Registered,2022-03-26 23:31:36,
3026,19,2690,Cancelled,2022-04-16 23:31:36,
3027,19,2917,Attended,2022-03-06 23:31:36,2022-04-20 23:31:36
3028,19,1121,Attended,2022-04-17 23:31:36,2022-04-20 23:31:36
3029,19,2816,Attended,2022-03-11 23:31:36,2022-04-20 23:31:36
3030,19,1029,Registered,2022-04-06 23:31:36,
3031,19,734,Attended,2022-03-16 23:31:36,2022-04-20 23:31:36
3032,19,1747,Attended,2022-03-31 23:31:36,2022-04-20 23:31:36
3033,19,1715,Attended,2022-03-26 23:31:36,2022-04-20 23:31:36
3034,19,1743,Cancelled,2022-04-08 23:31:36,
3035,19,2658,Attended,2022-03-27 23:31:36,2022-04-20 23:31:36
3036,19,2317,Registered,2022-03-20 23:31:36,
3037,19,1101,Attended,2022-03-06 23:31:36,2022-04-20 23:31:36
3038,19,2194,Attended,2022-03-09 23:31:36,2022-04-20 23:31:36
3039,19,490,Attended,2022-04-09 23:31:36,2022-04-20 23:31:36
3040,19,1388,Cancelled,2022-04-08 23:31:36,
3041,19,2913,Attended,2022-03-16 23:31:36,2022-04-20 23:31:36
3042,19,1888,Attended,2022-03-08 23:31:36,2022-04-20 23:31:36
3043,19,1539,Attended,2022-04-15 23:31:36,2022-04-20 23:31:36
3044,19,1978,Attended,2022-03-31 23:31:36,2022-04-20 23:31:36
3045,19,2059,Attended,2022-04-01 23:31:36,2022-04-20 23:31:36
3046,19,2908,Attended,2022-03-16 23:31:36,2022-04-20 23:31:36
3047,19,1870,Attended,2022-03-27 23:31:36,2022-04-20 23:31:36
3048,19,676,Attended,2022-03-06 23:31:36,2022-04-20 23:31:36
3049,19,2825,Attended,2022-03-29 23:31:36,2022-04-20 23:31:36
3050,19,2284,Registered,2022-03-16 23:31:36,
3051,19,717,Attended,2022-03-26 23:31:36,2022-04-20 23:31:36
3052,19,1456,No Show,2022-03-09 23:31:36,
3053,19,2957,No Show,2022-04-13 23:31:36,
3054,19,481,Attended,2022-03-09 23:31:36,2022-04-20 23:31:36
3055,19,400,Registered,2022-03-15 23:31:36,
3056,19,2600,No Show,2022-03-30 23:31:36,
3057,19,804,Registered,2022-03-16 23:31:36,
3058,19,1159,Attended,2022-03-21 23:31:36,2022-04-20 23:31:36
3059,19,2902,No Show,2022-04-12 23:31:36,
3060,19,341,Attended,2022-04-19 23:31:36,2022-04-20 23:31:36
3061,19,2318,Attended,2022-04-05 23:31:36,2022-04-20 23:31:36
3062,19,1833,Attended,2022-04-13 23:31:36,2022-04-20 23:31:36
3063,19,2030,Attended,2022-03-11 23:31:36,2022-04-20 23:31:36
3064,19,217,Attended,2022-04-19 23:31:36,2022-04-20 23:31:36
3065,19,1435,Attended,2022-03-16 23:31:36,2022-04-20 23:31:36
3066,19,810,Registered,2022-03-19 23:31:36,
3067,19,2433,No Show,2022-04-05 23:31:36,
3068,19,589,Attended,2022-03-13 23:31:36,2022-04-20 23:31:36
3069,19,200,Attended,2022-03-28 23:31:36,2022-04-20 23:31:36
3070,19,2782,Attended,2022-03-26 23:31:36,2022-04-20 23:31:36
3071,19,616,Attended,2022-04-06 23:31:36,2022-04-20 23:31:36
3072,19,2052,Attended,2022-03-15 23:31:36,2022-04-20 23:31:36
3073,19,242,Attended,2022-04-06 23:31:36,2022-04-20 23:31:36
3074,19,2632,Registered,2022-03-27 23:31:36,
3075,19,1409,Registered,2022-03-19 23:31:36,
3076,19,1023,Attended,2022-04-05 23:31:36,2022-04-20 23:31:36
3077,19,2981,Registered,2022-03-23 23:31:36,
3078,19,2954,Attended,2022-03-13 23:31:36,2022-04-20 23:31:36
3079,19,987,Attended,2022-04-09 23:31:36,2022-04-20 23:31:36
3080,19,236,Cancelled,2022-03-24 23:31:36,
3081,19,1433,Attended,2022-03-07 23:31:36,2022-04-20 23:31:36
3082,19,3242,Attended,2022-03-21 23:31:36,2022-04-20 23:31:36
3083,19,1808,Attended,2022-03-12 23:31:36,2022-04-20 23:31:36
3084,19,1526,No Show,2022-04-02 23:31:36,
3085,19,1913,Registered,2022-03-31 23:31:36,
3086,19,816,Attended,2022-03-29 23:31:36,2022-04-20 23:31:36
3087,19,2906,Attended,2022-03-24 23:31:36,2022-04-20 23:31:36
3088,19,961,Attended,2022-03-12 23:31:36,2022-04-20 23:31:36
3089,20,743,No Show,2023-01-04 10:24:19,
3090,20,208,Attended,2022-12-20 10:24:19,2023-01-12 10:24:19
3091,20,157,Attended,2022-12-10 10:24:19,2023-01-12 10:24:19
3092,20,259,Attended,2023-01-10 10:24:19,2023-01-12 10:24:19
3093,20,771,Attended,2022-11-28 10:24:19,2023-01-12 10:24:19
3094,20,1405,Attended,2022-12-01 10:24:19,2023-01-12 10:24:19
3095,20,726,Attended,2023-01-04 10:24:19,2023-01-12 10:24:19
3096,20,1427,Attended,2022-12-21 10:24:19,2023-01-12 10:24:19
3097,20,1512,Registered,2022-12-01 10:24:19,
3098,20,3091,Attended,2022-12-01 10:24:19,2023-01-12 10:24:19
3099,20,410,Attended,2022-11-29 10:24:19,2023-01-12 10:24:19
3100,20,1573,Attended,2023-01-05 10:24:19,2023-01-12 10:24:19
3101,20,679,Cancelled,2022-12-02 10:24:19,
3102,20,963,Cancelled,2022-11-30 10:24:19,
3103,20,1230,Attended,2022-12-04 10:24:19,2023-01-12 10:24:19
3104,20,225,No Show,2022-12-21 10:24:19,
3105,20,856,Registered,2022-11-30 10:24:19,
3106,20,584,Attended,2022-12-03 10:24:19,2023-01-12 10:24:19
3107,20,430,Attended,2022-12-16 10:24:19,2023-01-12 10:24:19
3108,20,2698,Attended,2022-12-13 10:24:19,2023-01-12 10:24:19
3109,20,3170,No Show,2023-01-11 10:24:19,
3110,20,2644,Cancelled,2022-12-14 10:24:19,
3111,20,3033,Attended,2022-12-16 10:24:19,2023-01-12 10:24:19
3112,20,1354,Attended,2023-01-01 10:24:19,2023-01-12 10:24:19
3113,20,322,Attended,2022-12-19 10:24:19,2023-01-12 10:24:19
3114,20,73,Attended,2022-12-06 10:24:19,2023-01-12 10:24:19
3115,20,2135,Attended,2023-01-02 10:24:19,2023-01-12 10:24:19
3116,20,165,Registered,2022-12-06 10:24:19,
3117,20,254,Attended,2023-01-10 10:24:19,2023-01-12 10:24:19
3118,20,271,Cancelled,2022-12-26 10:24:19,
3119,20,1477,Attended,2022-12-21 10:24:19,2023-01-12 10:24:19
3120,20,207,No Show,2022-12-30 10:24:19,
3121,20,2442,Registered,2022-11-30 10:24:19,
3122,20,191,Registered,2023-01-02 10:24:19,
3123,20,501,Cancelled,2023-01-09 10:24:19,
3124,20,391,Attended,2022-12-28 10:24:19,2023-01-12 10:24:19
3125,20,2616,Attended,2022-12-29 10:24:19,2023-01-12 10:24:19
3126,20,983,Attended,2022-12-03 10:24:19,2023-01-12 10:24:19
3127,20,1176,No Show,2022-12-01 10:24:19,
3128,20,1847,Attended,2022-11-29 10:24:19,2023-01-12 10:24:19
3129,20,2419,Attended,2022-12-19 10:24:19,2023-01-12 10:24:19
3130,20,1953,Attended,2022-12-02 10:24:19,2023-01-12 10:24:19
3131,20,805,Attended,2022-12-04 10:24:19,2023-01-12 10:24:19
3132,20,2422,No Show,2022-12-13 10:24:19,
3133,20,2541,Attended,2022-12-29 10:24:19,2023-01-12 10:24:19
3134,20,1399,Attended,2022-12-13 10:24:19,2023-01-12 10:24:19
3135,20,741,Attended,2022-12-12 10:24:19,2023-01-12 10:24:19
3136,20,1402,Attended,2022-12-26 10:24:19,2023-01-12 10:24:19
3137,20,1291,Attended,2022-12-09 10:24:19,2023-01-12 10:24:19
3138,20,1756,Attended,2023-01-09 10:24:19,2023-01-12 10:24:19
3139,20,1441,Attended,2023-01-01 10:24:19,2023-01-12 10:24:19
3140,20,2462,Attended,2023-01-07 10:24:19,2023-01-12 10:24:19
3141,20,3056,Attended,2023-01-03 10:24:19,2023-01-12 10:24:19
3142,20,1194,Registered,2022-12-09 10:24:19,
3143,20,1148,No Show,2022-12-18 10:24:19,
3144,20,2852,Attended,2022-12-09 10:24:19,2023-01-12 10:24:19
3145,20,396,Attended,2022-12-19 10:24:19,2023-01-12 10:24:19
3146,20,2390,Attended,2022-12-11 10:24:19,2023-01-12 10:24:19
3147,20,68,Attended,2022-12-29 10:24:19,2023-01-12 10:24:19
3148,20,2727,Registered,2022-12-21 10:24:19,
3149,20,2126,No Show,2022-11-30 10:24:19,
3150,20,3155,Attended,2022-12-26 10:24:19,2023-01-12 10:24:19
3151,20,2612,Attended,2022-12-20 10:24:19,2023-01-12 10:24:19
3152,20,1140,Attended,2022-12-25 10:24:19,2023-01-12 10:24:19
3153,20,146,Attended,2023-01-02 10:24:19,2023-01-12 10:24:19
3154,20,1666,Registered,2022-12-24 10:24:19,
3155,20,810,Attended,2022-12-27 10:24:19,2023-01-12 10:24:19
3156,20,664,Cancelled,2023-01-10 10:24:19,
3157,20,910,Attended,2022-12-25 10:24:19,2023-01-12 10:24:19
3158,20,2450,Attended,2022-12-27 10:24:19,2023-01-12 10:24:19
3159,20,812,Attended,2022-12-22 10:24:19,2023-01-12 10:24:19
3160,20,1160,Attended,2022-12-17 10:24:19,2023-01-12 10:24:19
3161,20,1229,Registered,2022-12-16 10:24:19,
3162,20,533,Attended,2022-12-27 10:24:19,2023-01-12 10:24:19
3163,20,1930,Attended,2023-01-06 10:24:19,2023-01-12 10:24:19
3164,20,3052,Attended,2023-01-04 10:24:19,2023-01-12 10:24:19
3165,20,1010,Registered,2022-12-29 10:24:19,
3166,20,2240,Attended,2022-12-11 10:24:19,2023-01-12 10:24:19
3167,20,3099,Attended,2022-12-29 10:24:19,2023-01-12 10:24:19
3168,20,3101,Attended,2022-11-30 10:24:19,2023-01-12 10:24:19
3169,20,1521,Attended,2022-12-30 10:24:19,2023-01-12 10:24:19
3170,20,803,Attended,2023-01-05 10:24:19,2023-01-12 10:24:19
3171,20,2795,Attended,2022-12-15 10:24:19,2023-01-12 10:24:19
3172,20,1787,Attended,2022-12-02 10:24:19,2023-01-12 10:24:19
3173,20,1824,Attended,2022-12-23 10:24:19,2023-01-12 10:24:19
3174,20,2184,Registered,2022-12-08 10:24:19,
3175,20,2436,Attended,2022-12-26 10:24:19,2023-01-12 10:24:19
3176,20,2862,Attended,2022-11-29 10:24:19,2023-01-12 10:24:19
3177,20,1823,Attended,2023-01-11 10:24:19,2023-01-12 10:24:19
3178,20,2753,No Show,2023-01-03 10:24:19,
3179,20,2931,Attended,2022-12-29 10:24:19,2023-01-12 10:24:19
3180,20,399,Attended,2022-12-21 10:24:19,2023-01-12 10:24:19
3181,20,2373,Attended,2022-12-13 10:24:19,2023-01-12 10:24:19
3182,20,372,Registered,2023-01-08 10:24:19,
3183,20,169,Attended,2023-01-05 10:24:19,2023-01-12 10:24:19
3184,20,3137,Attended,2022-12-01 10:24:19,2023-01-12 10:24:19
3185,20,3164,No Show,2022-12-09 10:24:19,
3186,20,1598,Registered,2022-12-27 10:24:19,
3187,20,494,Attended,2023-01-06 10:24:19,2023-01-12 10:24:19
3188,20,2195,Attended,2022-12-29 10:24:19,2023-01-12 10:24:19
3189,20,943,Attended,2022-12-15 10:24:19,2023-01-12 10:24:19
3190,20,783,Registered,2022-12-02 10:24:19,
3191,20,773,Attended,2022-12-16 10:24:19,2023-01-12 10:24:19
3192,20,390,Attended,2023-01-06 10:24:19,2023-01-12 10:24:19
3193,20,1400,Attended,2022-12-24 10:24:19,2023-01-12 10:24:19
3194,20,2175,Attended,2022-12-06 10:24:19,2023-01-12 10:24:19
3195,20,2606,Attended,2022-12-17 10:24:19,2023-01-12 10:24:19
3196,20,2339,No Show,2022-12-20 10:24:19,
3197,20,88,Registered,2023-01-05 10:24:19,
3198,20,181,Attended,2022-12-05 10:24:19,2023-01-12 10:24:19
3199,20,1976,Attended,2022-12-01 10:24:19,2023-01-12 10:24:19
3200,20,1800,No Show,2023-01-03 10:24:19,
3201,20,2395,Registered,2022-12-31 10:24:19,
3202,20,3049,Registered,2022-12-27 10:24:19,
3203,20,618,Attended,2022-12-18 10:24:19,2023-01-12 10:24:19
3204,20,1349,Attended,2022-12-11 10:24:19,2023-01-12 10:24:19
3205,20,347,Attended,2022-12-04 10:24:19,2023-01-12 10:24:19
3206,20,2897,No Show,2022-12-29 10:24:19,
3207,20,282,Attended,2022-12-18 10:24:19,2023-01-12 10:24:19
3208,20,3181,Attended,2023-01-03 10:24:19,2023-01-12 10:24:19
3209,20,2484,Cancelled,2023-01-06 10:24:19,
3210,20,2658,Attended,2023-01-06 10:24:19,2023-01-12 10:24:19
3211,20,1379,Registered,2022-12-30 10:24:19,
3212,20,1699,Attended,2022-12-22 10:24:19,2023-01-12 10:24:19
3213,20,2962,No Show,2022-11-29 10:24:19,
3214,20,461,No Show,2022-12-11 10:24:19,
3215,20,1171,Registered,2022-12-26 10:24:19,
3216,20,41,No Show,2022-12-15 10:24:19,
3217,20,1490,Cancelled,2022-12-08 10:24:19,
3218,20,2942,Cancelled,2022-12-22 10:24:19,
3219,20,2004,Attended,2023-01-07 10:24:19,2023-01-12 10:24:19
3220,20,2170,Attended,2023-01-10 10:24:19,2023-01-12 10:24:19
3221,20,1644,Attended,2022-12-31 10:24:19,2023-01-12 10:24:19
3222,20,952,Cancelled,2023-01-04 10:24:19,
3223,20,2243,No Show,2022-12-03 10:24:19,
3224,20,104,No Show,2022-12-15 10:24:19,
3225,20,2967,Attended,2022-12-23 10:24:19,2023-01-12 10:24:19
3226,20,113,Attended,2022-11-30 10:24:19,2023-01-12 10:24:19
3227,20,15,Cancelled,2022-12-02 10:24:19,
3228,20,1395,Cancelled,2022-12-27 10:24:19,
3229,20,2818,Registered,2023-01-08 10:24:19,
3230,20,2173,Cancelled,2022-12-22 10:24:19,
3231,20,2814,No Show,2023-01-01 10:24:19,
3232,20,425,Attended,2022-12-16 10:24:19,2023-01-12 10:24:19
3233,20,1082,Attended,2022-12-21 10:24:19,2023-01-12 10:24:19
3234,20,1087,Attended,2022-12-22 10:24:19,2023-01-12 10:24:19
3235,20,1682,Attended,2023-01-08 10:24:19,2023-01-12 10:24:19
3236,20,2537,Attended,2022-12-04 10:24:19,2023-01-12 10:24:19
3237,20,1149,Attended,2022-12-26 10:24:19,2023-01-12 10:24:19
3238,20,832,Attended,2022-12-24 10:24:19,2023-01-12 10:24:19
3239,20,2971,No Show,2022-12-31 10:24:19,
3240,20,1431,Attended,2022-11-30 10:24:19,2023-01-12 10:24:19
3241,20,34,No Show,2023-01-08 10:24:19,
3242,20,2121,Attended,2022-12-15 10:24:19,2023-01-12 10:24:19
3243,20,818,Attended,2022-12-25 10:24:19,2023-01-12 10:24:19
3244,20,2980,Registered,2022-12-07 10:24:19,
3245,20,1858,Attended,2022-12-14 10:24:19,2023-01-12 10:24:19
3246,20,2655,Attended,2022-12-10 10:24:19,2023-01-12 10:24:19
3247,20,1063,Attended,2023-01-09 10:24:19,2023-01-12 10:24:19
3248,20,2651,Attended,2022-12-29 10:24:19,2023-01-12 10:24:19
3249,20,2522,Attended,2022-12-18 10:24:19,2023-01-12 10:24:19
3250,20,2562,Attended,2023-01-06 10:24:19,2023-01-12 10:24:19
3251,20,197,Attended,2023-01-11 10:24:19,2023-01-12 10:24:19
3252,20,1258,Attended,2022-12-13 10:24:19,2023-01-12 10:24:19
3253,20,714,Attended,2023-01-08 10:24:19,2023-01-12 10:24:19
3254,20,209,Registered,2022-12-20 10:24:19,
3255,20,2596,Attended,2022-12-20 10:24:19,2023-01-12 10:24:19
3256,20,422,Attended,2022-12-15 10:24:19,2023-01-12 10:24:19
3257,20,2049,Attended,2022-12-19 10:24:19,2023-01-12 10:24:19
3258,20,2734,Attended,2022-12-07 10:24:19,2023-01-12 10:24:19
3259,20,168,Attended,2022-12-27 10:24:19,2023-01-12 10:24:19
3260,20,2574,Registered,2023-01-04 10:24:19,
3261,20,1923,Attended,2022-11-30 10:24:19,2023-01-12 10:24:19
3262,20,1136,Attended,2023-01-08 10:24:19,2023-01-12 10:24:19
3263,20,699,Attended,2022-12-31 10:24:19,2023-01-12 10:24:19
3264,20,745,Registered,2022-12-21 10:24:19,
3265,20,350,Attended,2023-01-03 10:24:19,2023-01-12 10:24:19
3266,20,1265,Attended,2023-01-09 10:24:19,2023-01-12 10:24:19
3267,20,2217,Attended,2023-01-03 10:24:19,2023-01-12 10:24:19
3268,20,820,Attended,2022-12-28 10:24:19,2023-01-12 10:24:19
3269,20,2986,Attended,2022-12-03 10:24:19,2023-01-12 10:24:19
3270,20,1783,Attended,2022-12-14 10:24:19,2023-01-12 10:24:19
3271,20,353,Attended,2022-12-29 10:24:19,2023-01-12 10:24:19
3272,20,1872,Attended,2022-12-21 10:24:19,2023-01-12 10:24:19
3273,20,359,Attended,2023-01-06 10:24:19,2023-01-12 10:24:19
3274,20,2363,Registered,2022-12-30 10:24:19,
3275,20,1236,Attended,2022-12-09 10:24:19,2023-01-12 10:24:19
3276,20,847,Attended,2022-11-29 10:24:19,2023-01-12 10:24:19
3277,20,899,No Show,2022-12-05 10:24:19,
3278,20,1723,Attended,2022-12-10 10:24:19,2023-01-12 10:24:19
3279,20,2686,Attended,2022-12-29 10:24:19,2023-01-12 10:24:19
3280,20,1343,Attended,2023-01-04 10:24:19,2023-01-12 10:24:19
3281,20,1945,Attended,2023-01-02 10:24:19,2023-01-12 10:24:19
3282,20,1494,Attended,2022-12-18 10:24:19,2023-01-12 10:24:19
3283,20,3140,Attended,2022-12-02 10:24:19,2023-01-12 10:24:19
3284,20,2162,Cancelled,2022-12-21 10:24:19,
3285,20,1928,Attended,2022-12-06 10:24:19,2023-01-12 10:24:19
3286,20,1889,Attended,2022-12-23 10:24:19,2023-01-12 10:24:19
3287,20,3201,Registered,2023-01-02 10:24:19,
3288,20,1248,Attended,2022-12-31 10:24:19,2023-01-12 10:24:19
3289,20,407,Attended,2022-12-30 10:24:19,2023-01-12 10:24:19
3290,20,2826,Attended,2022-12-30 10:24:19,2023-01-12 10:24:19
3291,20,1697,Attended,2022-12-17 10:24:19,2023-01-12 10:24:19
3292,20,777,No Show,2022-12-24 10:24:19,
3293,20,895,Attended,2023-01-03 10:24:19,2023-01-12 10:24:19
3294,20,1893,Registered,2022-12-21 10:24:19,
3295,20,2090,No Show,2023-01-05 10:24:19,
3296,20,2783,Attended,2022-12-29 10:24:19,2023-01-12 10:24:19
3297,20,361,Attended,2022-12-16 10:24:19,2023-01-12 10:24:19
3298,20,1865,Registered,2022-12-21 10:24:19,
3299,20,724,Attended,2022-12-15 10:24:19,2023-01-12 10:24:19
3300,20,438,Attended,2023-01-02 10:24:19,2023-01-12 10:24:19
3301,20,1046,Attended,2022-12-25 10:24:19,2023-01-12 10:24:19
3302,20,2999,Attended,2022-12-20 10:24:19,2023-01-12 10:24:19
3303,20,296,Attended,2023-01-07 10:24:19,2023-01-12 10:24:19
3304,20,1224,Attended,2022-12-27 10:24:19,2023-01-12 10:24:19
3305,20,2932,Attended,2023-01-05 10:24:19,2023-01-12 10:24:19
3306,20,151,Attended,2022-12-18 10:24:19,2023-01-12 10:24:19
3307,20,2965,Attended,2023-01-04 10:24:19,2023-01-12 10:24:19
3308,20,1310,Attended,2022-12-03 10:24:19,2023-01-12 10:24:19
3309,20,2993,Attended,2022-12-09 10:24:19,2023-01-12 10:24:19
3310,20,2909,Attended,2022-12-25 10:24:19,2023-01-12 10:24:19
3311,20,669,Attended,2022-12-04 10:24:19,2023-01-12 10:24:19
3312,20,1465,Attended,2022-11-28 10:24:19,2023-01-12 10:24:19
3313,20,1896,Attended,2023-01-08 10:24:19,2023-01-12 10:24:19
3314,21,2233,Attended,2022-11-03 15:42:28,2022-12-08 15:42:28
3315,21,1760,Cancelled,2022-11-25 15:42:28,
3316,21,886,No Show,2022-11-10 15:42:28,
3317,21,2078,Attended,2022-10-31 15:42:28,2022-12-08 15:42:28
3318,21,1722,Attended,2022-11-14 15:42:28,2022-12-08 15:42:28
3319,21,811,Attended,2022-12-01 15:42:28,2022-12-08 15:42:28
3320,21,2413,Attended,2022-11-04 15:42:28,2022-12-08 15:42:28
3321,21,195,Attended,2022-10-28 15:42:28,2022-12-08 15:42:28
3322,21,1731,Attended,2022-10-24 15:42:28,2022-12-08 15:42:28
3323,21,1625,Registered,2022-12-03 15:42:28,
3324,21,945,Attended,2022-11-03 15:42:28,2022-12-08 15:42:28
3325,21,134,No Show,2022-11-26 15:42:28,
3326,21,844,No Show,2022-12-02 15:42:28,
3327,21,1545,Attended,2022-10-28 15:42:28,2022-12-08 15:42:28
3328,21,2218,Attended,2022-11-03 15:42:28,2022-12-08 15:42:28
3329,21,1944,Cancelled,2022-12-02 15:42:28,
3330,21,27,Registered,2022-10-28 15:42:28,
3331,21,389,Attended,2022-11-25 15:42:28,2022-12-08 15:42:28
3332,21,2102,Attended,2022-11-23 15:42:28,2022-12-08 15:42:28
3333,21,3060,Attended,2022-11-25 15:42:28,2022-12-08 15:42:28
3334,21,802,Attended,2022-11-09 15:42:28,2022-12-08 15:42:28
3335,21,1939,Attended,2022-11-26 15:42:28,2022-12-08 15:42:28
3336,21,2873,Attended,2022-12-05 15:42:28,2022-12-08 15:42:28
3337,21,1629,No Show,2022-12-07 15:42:28,
3338,21,1710,Registered,2022-11-22 15:42:28,
3339,21,2534,Attended,2022-12-04 15:42:28,2022-12-08 15:42:28
3340,21,3234,Attended,2022-10-30 15:42:28,2022-12-08 15:42:28
3341,21,275,Attended,2022-11-30 15:42:28,2022-12-08 15:42:28
3342,21,2167,Attended,2022-12-01 15:42:28,2022-12-08 15:42:28
3343,21,629,Attended,2022-11-11 15:42:28,2022-12-08 15:42:28
3344,21,2967,Attended,2022-11-25 15:42:28,2022-12-08 15:42:28
3345,21,2673,Registered,2022-11-30 15:42:28,
3346,21,449,Attended,2022-11-12 15:42:28,2022-12-08 15:42:28
3347,21,2098,Attended,2022-11-22 15:42:28,2022-12-08 15:42:28
3348,21,2529,Attended,2022-11-11 15:42:28,2022-12-08 15:42:28
3349,21,1449,Attended,2022-10-24 15:42:28,2022-12-08 15:42:28
3350,21,2639,Attended,2022-11-03 15:42:28,2022-12-08 15:42:28
3351,21,1631,Attended,2022-11-06 15:42:28,2022-12-08 15:42:28
3352,21,1194,Attended,2022-11-11 15:42:28,2022-12-08 15:42:28
3353,21,382,Attended,2022-10-31 15:42:28,2022-12-08 15:42:28
3354,21,1588,Attended,2022-11-02 15:42:28,2022-12-08 15:42:28
3355,21,3001,Registered,2022-10-28 15:42:28,
3356,21,3228,Attended,2022-12-02 15:42:28,2022-12-08 15:42:28
3357,21,1552,Attended,2022-11-06 15:42:28,2022-12-08 15:42:28
3358,21,1670,No Show,2022-11-16 15:42:28,
3359,21,207,Registered,2022-11-12 15:42:28,
3360,21,832,No Show,2022-10-26 15:42:28,
3361,21,2618,Registered,2022-11-23 15:42:28,
3362,21,1067,Cancelled,2022-11-28 15:42:28,
3363,21,877,Attended,2022-11-09 15:42:28,2022-12-08 15:42:28
3364,21,873,No Show,2022-12-03 15:42:28,
3365,21,1881,No Show,2022-11-14 15:42:28,
3366,21,2255,Attended,2022-11-23 15:42:28,2022-12-08 15:42:28
3367,21,1802,Attended,2022-10-31 15:42:28,2022-12-08 15:42:28
3368,21,2859,Attended,2022-11-09 15:42:28,2022-12-08 15:42:28
3369,21,1538,Attended,2022-11-08 15:42:28,2022-12-08 15:42:28
3370,22,1203,Attended,2024-06-07 19:00:35,2024-06-10 19:00:35
3371,22,2987,Registered,2024-05-22 19:00:35,
3372,22,225,Attended,2024-05-05 19:00:35,2024-06-10 19:00:35
3373,22,2943,Cancelled,2024-06-09 19:00:35,
3374,22,3135,Attended,2024-05-08 19:00:35,2024-06-10 19:00:35
3375,22,1502,Attended,2024-05-29 19:00:35,2024-06-10 19:00:35
3376,22,2126,Attended,2024-05-02 19:00:35,2024-06-10 19:00:35
3377,22,354,Attended,2024-05-23 19:00:35,2024-06-10 19:00:35
3378,22,3250,No Show,2024-05-31 19:00:35,
3379,22,3139,Attended,2024-05-09 19:00:35,2024-06-10 19:00:35
3380,22,1349,No Show,2024-05-01 19:00:35,
3381,22,2832,Attended,2024-06-06 19:00:35,2024-06-10 19:00:35
3382,22,251,Attended,2024-05-25 19:00:35,2024-06-10 19:00:35
3383,22,82,Registered,2024-05-23 19:00:35,
3384,22,1469,Attended,2024-05-19 19:00:35,2024-06-10 19:00:35
3385,22,491,No Show,2024-04-29 19:00:35,
3386,22,2371,Registered,2024-05-04 19:00:35,
3387,22,2360,Attended,2024-05-11 19:00:35,2024-06-10 19:00:35
3388,22,2241,Attended,2024-05-11 19:00:35,2024-06-10 19:00:35
3389,22,825,Attended,2024-06-04 19:00:35,2024-06-10 19:00:35
3390,22,1326,Attended,2024-05-18 19:00:35,2024-06-10 19:00:35
3391,22,1679,Attended,2024-04-26 19:00:35,2024-06-10 19:00:35
3392,22,1761,Attended,2024-05-06 19:00:35,2024-06-10 19:00:35
3393,22,1783,No Show,2024-05-23 19:00:35,
3394,22,3058,Attended,2024-05-05 19:00:35,2024-06-10 19:00:35
3395,22,1408,No Show,2024-05-20 19:00:35,
3396,22,1499,Attended,2024-05-06 19:00:35,2024-06-10 19:00:35
3397,22,140,Attended,2024-05-09 19:00:35,2024-06-10 19:00:35
3398,22,2977,Attended,2024-06-02 19:00:35,2024-06-10 19:00:35
3399,22,2656,Attended,2024-05-14 19:00:35,2024-06-10 19:00:35
3400,22,41,Registered,2024-06-07 19:00:35,
3401,22,2962,Attended,2024-05-23 19:00:35,2024-06-10 19:00:35
3402,22,1624,Attended,2024-05-14 19:00:35,2024-06-10 19:00:35
3403,22,2841,Attended,2024-06-01 19:00:35,2024-06-10 19:00:35
3404,22,1320,Registered,2024-05-02 19:00:35,
3405,22,1951,Attended,2024-06-06 19:00:35,2024-06-10 19:00:35
3406,22,1318,Registered,2024-05-12 19:00:35,
3407,23,2931,Registered,2024-11-16 18:55:35,
3408,23,1401,Attended,2024-11-20 18:55:35,2024-12-22 18:55:35
3409,23,681,Attended,2024-11-10 18:55:35,2024-12-22 18:55:35
3410,23,1602,Registered,2024-11-22 18:55:35,
3411,23,1291,Attended,2024-11-21 18:55:35,2024-12-22 18:55:35
3412,23,627,Attended,2024-11-07 18:55:35,2024-12-22 18:55:35
3413,23,1909,Registered,2024-12-03 18:55:35,
3414,23,160,Attended,2024-11-27 18:55:35,2024-12-22 18:55:35
3415,23,2044,Attended,2024-11-25 18:55:35,2024-12-22 18:55:35
3416,23,2428,Attended,2024-11-12 18:55:35,2024-12-22 18:55:35
3417,23,2958,Attended,2024-11-25 18:55:35,2024-12-22 18:55:35
3418,23,2830,Attended,2024-12-20 18:55:35,2024-12-22 18:55:35
3419,23,2509,Attended,2024-11-27 18:55:35,2024-12-22 18:55:35
3420,23,1347,Attended,2024-12-15 18:55:35,2024-12-22 18:55:35
3421,23,231,Registered,2024-11-26 18:55:35,
3422,23,2468,Attended,2024-11-18 18:55:35,2024-12-22 18:55:35
3423,23,3042,Attended,2024-11-27 18:55:35,2024-12-22 18:55:35
3424,23,369,Registered,2024-12-12 18:55:35,
3425,23,2689,Attended,2024-11-08 18:55:35,2024-12-22 18:55:35
3426,23,2015,Attended,2024-11-17 18:55:35,2024-12-22 18:55:35
3427,23,411,Attended,2024-11-27 18:55:35,2024-12-22 18:55:35
3428,23,121,Attended,2024-11-30 18:55:35,2024-12-22 18:55:35
3429,23,575,Cancelled,2024-11-17 18:55:35,
3430,23,852,Attended,2024-11-07 18:55:35,2024-12-22 18:55:35
3431,23,608,Registered,2024-12-01 18:55:35,
3432,23,2413,Attended,2024-11-26 18:55:35,2024-12-22 18:55:35
3433,23,2955,Attended,2024-11-27 18:55:35,2024-12-22 18:55:35
3434,23,2924,Attended,2024-11-27 18:55:35,2024-12-22 18:55:35
3435,23,2045,Attended,2024-12-02 18:55:35,2024-12-22 18:55:35
3436,23,1676,Registered,2024-11-29 18:55:35,
3437,23,1905,Attended,2024-11-17 18:55:35,2024-12-22 18:55:35
3438,23,442,Registered,2024-11-21 18:55:35,
3439,23,1009,Attended,2024-12-06 18:55:35,2024-12-22 18:55:35
3440,23,2982,Attended,2024-12-03 18:55:35,2024-12-22 18:55:35
3441,23,2943,Attended,2024-12-21 18:55:35,2024-12-22 18:55:35
3442,23,1583,Attended,2024-11-07 18:55:35,2024-12-22 18:55:35
3443,23,3203,Attended,2024-11-23 18:55:35,2024-12-22 18:55:35
3444,23,747,Cancelled,2024-11-16 18:55:35,
3445,23,1525,No Show,2024-12-18 18:55:35,
3446,23,2051,No Show,2024-12-15 18:55:35,
3447,23,1715,Attended,2024-12-07 18:55:35,2024-12-22 18:55:35
3448,23,1202,Cancelled,2024-12-15 18:55:35,
3449,23,2497,Attended,2024-12-14 18:55:35,2024-12-22 18:55:35
3450,23,2239,Cancelled,2024-11-22 18:55:35,
3451,23,76,Registered,2024-12-17 18:55:35,
3452,23,105,Registered,2024-12-07 18:55:35,
3453,23,3081,Attended,2024-12-07 18:55:35,2024-12-22 18:55:35
3454,23,1124,Registered,2024-12-12 18:55:35,
3455,23,1438,Attended,2024-11-23 18:55:35,2024-12-22 18:55:35
3456,23,825,Attended,2024-12-04 18:55:35,2024-12-22 18:55:35
3457,23,991,Attended,2024-11-07 18:55:35,2024-12-22 18:55:35
3458,23,834,Attended,2024-11-26 18:55:35,2024-12-22 18:55:35
3459,23,639,Attended,2024-11-24 18:55:35,2024-12-22 18:55:35
3460,23,2541,Attended,2024-11-27 18:55:35,2024-12-22 18:55:35
3461,23,29,Cancelled,2024-11-21 18:55:35,
3462,23,1037,Attended,2024-12-03 18:55:35,2024-12-22 18:55:35
3463,23,390,Attended,2024-12-05 18:55:35,2024-12-22 18:55:35
3464,23,1456,Attended,2024-11-23 18:55:35,2024-12-22 18:55:35
3465,23,2371,No Show,2024-12-10 18:55:35,
3466,23,1405,Attended,2024-11-24 18:55:35,2024-12-22 18:55:35
3467,23,345,Registered,2024-12-14 18:55:35,
3468,23,2474,Attended,2024-12-12 18:55:35,2024-12-22 18:55:35
3469,23,49,Attended,2024-12-10 18:55:35,2024-12-22 18:55:35
3470,23,2472,Attended,2024-11-22 18:55:35,2024-12-22 18:55:35
3471,23,2024,Attended,2024-12-13 18:55:35,2024-12-22 18:55:35
3472,23,2348,Attended,2024-11-20 18:55:35,2024-12-22 18:55:35
3473,23,1044,Attended,2024-12-02 18:55:35,2024-12-22 18:55:35
3474,23,1807,Attended,2024-12-20 18:55:35,2024-12-22 18:55:35
3475,23,1699,Attended,2024-11-12 18:55:35,2024-12-22 18:55:35
3476,23,87,Attended,2024-11-22 18:55:35,2024-12-22 18:55:35
3477,23,84,Registered,2024-12-02 18:55:35,
3478,23,2832,Attended,2024-11-26 18:55:35,2024-12-22 18:55:35
3479,23,2131,Attended,2024-12-02 18:55:35,2024-12-22 18:55:35
3480,23,304,No Show,2024-12-13 18:55:35,
3481,23,267,Attended,2024-11-22 18:55:35,2024-12-22 18:55:35
3482,23,317,Attended,2024-12-17 18:55:35,2024-12-22 18:55:35
3483,23,2578,Attended,2024-11-16 18:55:35,2024-12-22 18:55:35
3484,23,1016,No Show,2024-11-20 18:55:35,
3485,23,9,Attended,2024-11-22 18:55:35,2024-12-22 18:55:35
3486,23,2582,Attended,2024-12-17 18:55:35,2024-12-22 18:55:35
3487,23,3239,Registered,2024-12-02 18:55:35,
3488,23,994,No Show,2024-11-21 18:55:35,
3489,23,2700,Attended,2024-11-30 18:55:35,2024-12-22 18:55:35
3490,23,1007,Attended,2024-11-12 18:55:35,2024-12-22 18:55:35
3491,23,330,Attended,2024-11-29 18:55:35,2024-12-22 18:55:35
3492,23,1692,Attended,2024-11-27 18:55:35,2024-12-22 18:55:35
3493,23,13,Attended,2024-12-17 18:55:35,2024-12-22 18:55:35
3494,24,1492,Attended,2022-07-16 10:26:38,2022-08-18 10:26:38
3495,24,2634,Registered,2022-07-08 10:26:38,
3496,24,2123,Attended,2022-07-04 10:26:38,2022-08-18 10:26:38
3497,24,983,Attended,2022-07-22 10:26:38,2022-08-18 10:26:38
3498,24,44,Attended,2022-07-31 10:26:38,2022-08-18 10:26:38
3499,24,74,Attended,2022-07-27 10:26:38,2022-08-18 10:26:38
3500,24,2663,Attended,2022-07-24 10:26:38,2022-08-18 10:26:38
3501,24,2015,Attended,2022-08-11 10:26:38,2022-08-18 10:26:38
3502,24,3166,Attended,2022-07-10 10:26:38,2022-08-18 10:26:38
3503,24,3228,Attended,2022-08-13 10:26:38,2022-08-18 10:26:38
3504,24,43,Attended,2022-07-31 10:26:38,2022-08-18 10:26:38
3505,24,1700,Attended,2022-08-15 10:26:38,2022-08-18 10:26:38
3506,24,386,Attended,2022-08-05 10:26:38,2022-08-18 10:26:38
3507,24,938,Attended,2022-08-01 10:26:38,2022-08-18 10:26:38
3508,24,1098,Attended,2022-07-20 10:26:38,2022-08-18 10:26:38
3509,24,1259,Attended,2022-07-09 10:26:38,2022-08-18 10:26:38
3510,24,2302,Attended,2022-07-30 10:26:38,2022-08-18 10:26:38
3511,24,2039,Attended,2022-08-08 10:26:38,2022-08-18 10:26:38
3512,24,1207,Attended,2022-07-15 10:26:38,2022-08-18 10:26:38
3513,24,1565,Attended,2022-08-02 10:26:38,2022-08-18 10:26:38
3514,24,844,Attended,2022-07-13 10:26:38,2022-08-18 10:26:38
3515,24,929,Attended,2022-07-26 10:26:38,2022-08-18 10:26:38
3516,24,1349,Attended,2022-08-02 10:26:38,2022-08-18 10:26:38
3517,24,1959,Attended,2022-07-20 10:26:38,2022-08-18 10:26:38
3518,24,3216,No Show,2022-08-07 10:26:38,
3519,24,1194,Attended,2022-08-08 10:26:38,2022-08-18 10:26:38
3520,24,2009,Attended,2022-08-05 10:26:38,2022-08-18 10:26:38
3521,24,3122,Registered,2022-08-08 10:26:38,
3522,24,777,Attended,2022-08-08 10:26:38,2022-08-18 10:26:38
3523,24,1079,No Show,2022-08-13 10:26:38,
3524,24,2611,Attended,2022-08-01 10:26:38,2022-08-18 10:26:38
3525,24,2667,Attended,2022-08-01 10:26:38,2022-08-18 10:26:38
3526,24,2354,Attended,2022-07-11 10:26:38,2022-08-18 10:26:38
3527,24,2638,Attended,2022-07-07 10:26:38,2022-08-18 10:26:38
3528,24,2900,Attended,2022-08-10 10:26:38,2022-08-18 10:26:38
3529,24,2952,Attended,2022-07-23 10:26:38,2022-08-18 10:26:38
3530,24,1823,Registered,2022-07-31 10:26:38,
3531,24,2005,Attended,2022-07-25 10:26:38,2022-08-18 10:26:38
3532,24,2793,Registered,2022-07-23 10:26:38,
3533,24,2168,Attended,2022-08-06 10:26:38,2022-08-18 10:26:38
3534,24,1063,Cancelled,2022-07-30 10:26:38,
3535,24,632,Attended,2022-08-16 10:26:38,2022-08-18 10:26:38
3536,24,2795,Attended,2022-07-26 10:26:38,2022-08-18 10:26:38
3537,24,1481,Attended,2022-07-26 10:26:38,2022-08-18 10:26:38
3538,24,803,Attended,2022-07-24 10:26:38,2022-08-18 10:26:38
3539,24,1151,Attended,2022-08-03 10:26:38,2022-08-18 10:26:38
3540,24,70,Cancelled,2022-08-02 10:26:38,
3541,24,2272,Registered,2022-07-25 10:26:38,
3542,24,2910,Attended,2022-07-13 10:26:38,2022-08-18 10:26:38
3543,24,1252,Registered,2022-08-15 10:26:38,
3544,24,2314,No Show,2022-08-13 10:26:38,
3545,24,2124,No Show,2022-07-08 10:26:38,
3546,24,1759,Attended,2022-07-24 10:26:38,2022-08-18 10:26:38
3547,24,294,Attended,2022-08-08 10:26:38,2022-08-18 10:26:38
3548,24,222,Cancelled,2022-07-24 10:26:38,
3549,24,1667,Attended,2022-08-14 10:26:38,2022-08-18 10:26:38
3550,24,2165,Attended,2022-07-18 10:26:38,2022-08-18 10:26:38
3551,24,156,Attended,2022-07-27 10:26:38,2022-08-18 10:26:38
3552,24,3130,Attended,2022-07-19 10:26:38,2022-08-18 10:26:38
3553,24,637,Registered,2022-07-19 10:26:38,
3554,24,1116,Attended,2022-08-11 10:26:38,2022-08-18 10:26:38
3555,24,915,Attended,2022-07-05 10:26:38,2022-08-18 10:26:38
3556,24,2012,Attended,2022-08-15 10:26:38,2022-08-18 10:26:38
3557,24,2270,Attended,2022-07-09 10:26:38,2022-08-18 10:26:38
3558,24,217,No Show,2022-08-17 10:26:38,
3559,24,2683,Attended,2022-08-16 10:26:38,2022-08-18 10:26:38
3560,24,1916,No Show,2022-08-11 10:26:38,
3561,24,2806,Attended,2022-07-14 10:26:38,2022-08-18 10:26:38
3562,24,1249,No Show,2022-07-11 10:26:38,
3563,24,2513,Attended,2022-08-10 10:26:38,2022-08-18 10:26:38
3564,24,1757,Registered,2022-07-09 10:26:38,
3565,24,1209,Attended,2022-08-13 10:26:38,2022-08-18 10:26:38
3566,24,3076,Registered,2022-07-18 10:26:38,
3567,24,1451,No Show,2022-08-01 10:26:38,
3568,24,1193,Registered,2022-07-28 10:26:38,
3569,24,895,Attended,2022-07-25 10:26:38,2022-08-18 10:26:38
3570,24,922,Attended,2022-08-12 10:26:38,2022-08-18 10:26:38
3571,24,2238,Registered,2022-07-16 10:26:38,
3572,24,1729,Attended,2022-07-21 10:26:38,2022-08-18 10:26:38
3573,24,837,No Show,2022-07-24 10:26:38,
3574,24,1767,Attended,2022-07-26 10:26:38,2022-08-18 10:26:38
3575,24,2971,Attended,2022-07-28 10:26:38,2022-08-18 10:26:38
3576,24,795,Attended,2022-07-09 10:26:38,2022-08-18 10:26:38
3577,24,2342,Registered,2022-07-13 10:26:38,
3578,24,3138,Attended,2022-07-08 10:26:38,2022-08-18 10:26:38
3579,24,1850,Registered,2022-08-03 10:26:38,
3580,24,1650,Attended,2022-08-16 10:26:38,2022-08-18 10:26:38
3581,24,2483,Attended,2022-07-30 10:26:38,2022-08-18 10:26:38
3582,24,755,Attended,2022-07-20 10:26:38,2022-08-18 10:26:38
3583,24,1069,Attended,2022-07-13 10:26:38,2022-08-18 10:26:38
3584,24,2277,No Show,2022-08-11 10:26:38,
3585,24,144,Cancelled,2022-08-05 10:26:38,
3586,24,1424,Registered,2022-07-18 10:26:38,
3587,24,2456,No Show,2022-08-16 10:26:38,
3588,24,3137,Attended,2022-07-20 10:26:38,2022-08-18 10:26:38
3589,24,1317,Registered,2022-07-17 10:26:38,
3590,24,2913,Registered,2022-07-04 10:26:38,
3591,24,3246,Attended,2022-07-25 10:26:38,2022-08-18 10:26:38
3592,24,365,Attended,2022-07-29 10:26:38,2022-08-18 10:26:38
3593,24,2106,Attended,2022-08-15 10:26:38,2022-08-18 10:26:38
3594,24,1089,Attended,2022-08-02 10:26:38,2022-08-18 10:26:38
3595,24,246,Attended,2022-08-06 10:26:38,2022-08-18 10:26:38
3596,24,207,Cancelled,2022-08-08 10:26:38,
3597,24,19,Registered,2022-08-13 10:26:38,
3598,24,3083,Attended,2022-07-26 10:26:38,2022-08-18 10:26:38
3599,24,2002,Attended,2022-07-04 10:26:38,2022-08-18 10:26:38
3600,24,1362,No Show,2022-08-10 10:26:38,
3601,24,3241,Attended,2022-08-10 10:26:38,2022-08-18 10:26:38
3602,24,2609,Attended,2022-08-10 10:26:38,2022-08-18 10:26:38
3603,24,2987,Attended,2022-07-14 10:26:38,2022-08-18 10:26:38
3604,24,4,Attended,2022-07-11 10:26:38,2022-08-18 10:26:38
3605,24,2188,No Show,2022-07-08 10:26:38,
3606,24,3169,Attended,2022-07-09 10:26:38,2022-08-18 10:26:38
3607,24,338,Attended,2022-07-04 10:26:38,2022-08-18 10:26:38
3608,24,2245,Attended,2022-07-25 10:26:38,2022-08-18 10:26:38
3609,24,587,Cancelled,2022-07-12 10:26:38,
3610,24,1838,Attended,2022-07-24 10:26:38,2022-08-18 10:26:38
3611,24,2605,Attended,2022-07-15 10:26:38,2022-08-18 10:26:38
3612,24,371,Attended,2022-07-06 10:26:38,2022-08-18 10:26:38
3613,24,2221,No Show,2022-07-25 10:26:38,
3614,24,1114,Attended,2022-07-25 10:26:38,2022-08-18 10:26:38
3615,24,2993,Attended,2022-08-07 10:26:38,2022-08-18 10:26:38
3616,24,187,Registered,2022-07-27 10:26:38,
3617,24,2022,Attended,2022-07-18 10:26:38,2022-08-18 10:26:38
3618,24,1856,Attended,2022-07-17 10:26:38,2022-08-18 10:26:38
3619,24,1153,Attended,2022-08-15 10:26:38,2022-08-18 10:26:38
3620,24,2200,Attended,2022-08-02 10:26:38,2022-08-18 10:26:38
3621,24,2019,Attended,2022-08-11 10:26:38,2022-08-18 10:26:38
3622,24,2492,Attended,2022-07-23 10:26:38,2022-08-18 10:26:38
3623,24,2156,Attended,2022-07-04 10:26:38,2022-08-18 10:26:38
3624,24,153,Attended,2022-08-13 10:26:38,2022-08-18 10:26:38
3625,24,1761,Attended,2022-07-31 10:26:38,2022-08-18 10:26:38
3626,24,2885,Attended,2022-07-29 10:26:38,2022-08-18 10:26:38
3627,24,2521,Registered,2022-07-28 10:26:38,
3628,24,843,Attended,2022-07-23 10:26:38,2022-08-18 10:26:38
3629,24,2127,Attended,2022-07-16 10:26:38,2022-08-18 10:26:38
3630,24,1130,Attended,2022-07-10 10:26:38,2022-08-18 10:26:38
3631,24,1345,Attended,2022-07-18 10:26:38,2022-08-18 10:26:38
3632,24,2018,Attended,2022-07-26 10:26:38,2022-08-18 10:26:38
3633,24,2897,No Show,2022-07-20 10:26:38,
3634,24,53,Attended,2022-07-10 10:26:38,2022-08-18 10:26:38
3635,24,988,Attended,2022-08-10 10:26:38,2022-08-18 10:26:38
3636,24,2758,Attended,2022-07-17 10:26:38,2022-08-18 10:26:38
3637,24,579,Attended,2022-08-01 10:26:38,2022-08-18 10:26:38
3638,24,2163,Registered,2022-07-28 10:26:38,
3639,24,429,No Show,2022-07-13 10:26:38,
3640,24,1683,Registered,2022-07-06 10:26:38,
3641,24,743,Attended,2022-08-11 10:26:38,2022-08-18 10:26:38
3642,24,3101,Attended,2022-07-06 10:26:38,2022-08-18 10:26:38
3643,24,1847,Registered,2022-07-14 10:26:38,
3644,24,1572,Cancelled,2022-07-26 10:26:38,
3645,24,2346,No Show,2022-07-23 10:26:38,
3646,24,268,Attended,2022-08-07 10:26:38,2022-08-18 10:26:38
3647,24,1593,Attended,2022-08-10 10:26:38,2022-08-18 10:26:38
3648,24,1261,Cancelled,2022-07-28 10:26:38,
3649,24,2393,Registered,2022-08-14 10:26:38,
3650,24,861,Attended,2022-07-10 10:26:38,2022-08-18 10:26:38
3651,24,301,Attended,2022-08-15 10:26:38,2022-08-18 10:26:38
3652,24,1996,Attended,2022-07-16 10:26:38,2022-08-18 10:26:38
3653,24,3064,Attended,2022-07-06 10:26:38,2022-08-18 10:26:38
3654,24,2405,Attended,2022-07-15 10:26:38,2022-08-18 10:26:38
3655,24,862,No Show,2022-07-24 10:26:38,
3656,24,2568,No Show,2022-07-09 10:26:38,
3657,24,1776,Attended,2022-08-07 10:26:38,2022-08-18 10:26:38
3658,24,2333,Attended,2022-07-08 10:26:38,2022-08-18 10:26:38
3659,24,1267,Attended,2022-08-02 10:26:38,2022-08-18 10:26:38
3660,24,1217,Attended,2022-07-22 10:26:38,2022-08-18 10:26:38
3661,24,73,Attended,2022-07-14 10:26:38,2022-08-18 10:26:38
3662,24,3115,Attended,2022-08-10 10:26:38,2022-08-18 10:26:38
3663,24,2092,Cancelled,2022-07-07 10:26:38,
3664,24,1382,No Show,2022-07-16 10:26:38,
3665,24,951,Attended,2022-07-29 10:26:38,2022-08-18 10:26:38
3666,24,3142,No Show,2022-07-05 10:26:38,
3667,24,1831,Attended,2022-08-01 10:26:38,2022-08-18 10:26:38
3668,24,283,Attended,2022-07-30 10:26:38,2022-08-18 10:26:38
3669,24,2293,Registered,2022-07-20 10:26:38,
3670,24,2355,Attended,2022-07-22 10:26:38,2022-08-18 10:26:38
3671,24,251,Registered,2022-07-10 10:26:38,
3672,24,2029,Attended,2022-07-28 10:26:38,2022-08-18 10:26:38
3673,24,783,Attended,2022-07-07 10:26:38,2022-08-18 10:26:38
3674,24,1508,Attended,2022-07-12 10:26:38,2022-08-18 10:26:38
3675,24,3173,Attended,2022-07-14 10:26:38,2022-08-18 10:26:38
3676,24,968,Attended,2022-07-19 10:26:38,2022-08-18 10:26:38
3677,24,1310,Attended,2022-08-01 10:26:38,2022-08-18 10:26:38
3678,24,3031,Attended,2022-07-20 10:26:38,2022-08-18 10:26:38
3679,24,2906,Cancelled,2022-08-16 10:26:38,
3680,24,2959,Attended,2022-08-04 10:26:38,2022-08-18 10:26:38
3681,24,552,Attended,2022-07-27 10:26:38,2022-08-18 10:26:38
3682,24,2085,Cancelled,2022-07-23 10:26:38,
3683,24,176,No Show,2022-07-05 10:26:38,
3684,24,2133,Attended,2022-07-21 10:26:38,2022-08-18 10:26:38
3685,24,1641,Attended,2022-07-29 10:26:38,2022-08-18 10:26:38
3686,24,2747,Attended,2022-08-17 10:26:38,2022-08-18 10:26:38
3687,24,3043,Cancelled,2022-07-25 10:26:38,
3688,24,1807,Attended,2022-07-11 10:26:38,2022-08-18 10:26:38
3689,24,1438,Attended,2022-08-15 10:26:38,2022-08-18 10:26:38
3690,24,171,Attended,2022-08-10 10:26:38,2022-08-18 10:26:38
3691,24,1274,No Show,2022-08-08 10:26:38,
3692,24,1292,Attended,2022-08-01 10:26:38,2022-08-18 10:26:38
3693,24,383,Registered,2022-07-31 10:26:38,
3694,24,786,Cancelled,2022-07-20 10:26:38,
3695,24,194,Attended,2022-08-13 10:26:38,2022-08-18 10:26:38
3696,24,2780,Registered,2022-07-18 10:26:38,
3697,24,1970,Attended,2022-07-26 10:26:38,2022-08-18 10:26:38
3698,24,2152,No Show,2022-08-06 10:26:38,
3699,24,3121,Attended,2022-07-30 10:26:38,2022-08-18 10:26:38
3700,24,1072,Attended,2022-07-29 10:26:38,2022-08-18 10:26:38
3701,24,1474,Attended,2022-08-12 10:26:38,2022-08-18 10:26:38
3702,24,35,Attended,2022-07-21 10:26:38,2022-08-18 10:26:38
3703,24,334,Attended,2022-08-05 10:26:38,2022-08-18 10:26:38
3704,24,2116,Attended,2022-07-26 10:26:38,2022-08-18 10:26:38
3705,24,431,Registered,2022-08-11 10:26:38,
3706,24,2559,Attended,2022-07-04 10:26:38,2022-08-18 10:26:38
3707,24,1298,Registered,2022-08-06 10:26:38,
3708,24,3126,Attended,2022-07-29 10:26:38,2022-08-18 10:26:38
3709,24,2081,Attended,2022-08-11 10:26:38,2022-08-18 10:26:38
3710,24,635,Attended,2022-07-21 10:26:38,2022-08-18 10:26:38
3711,24,633,Cancelled,2022-08-08 10:26:38,
3712,24,2711,No Show,2022-08-10 10:26:38,
3713,24,157,Attended,2022-07-08 10:26:38,2022-08-18 10:26:38
3714,24,1128,Attended,2022-07-15 10:26:38,2022-08-18 10:26:38
3715,24,3248,Registered,2022-07-10 10:26:38,
3716,24,199,Attended,2022-07-24 10:26:38,2022-08-18 10:26:38
3717,24,2699,Attended,2022-07-13 10:26:38,2022-08-18 10:26:38
3718,24,3219,Attended,2022-08-08 10:26:38,2022-08-18 10:26:38
3719,24,109,Registered,2022-07-23 10:26:38,
3720,24,186,No Show,2022-07-22 10:26:38,
3721,24,163,Attended,2022-07-17 10:26:38,2022-08-18 10:26:38
3722,24,1371,Attended,2022-07-25 10:26:38,2022-08-18 10:26:38
3723,24,2253,Attended,2022-08-03 10:26:38,2022-08-18 10:26:38
3724,24,1713,Attended,2022-07-24 10:26:38,2022-08-18 10:26:38
3725,24,834,Attended,2022-08-09 10:26:38,2022-08-18 10:26:38
3726,24,3105,Attended,2022-08-10 10:26:38,2022-08-18 10:26:38
3727,24,1043,Attended,2022-07-26 10:26:38,2022-08-18 10:26:38
3728,24,2650,Registered,2022-08-12 10:26:38,
3729,24,3195,No Show,2022-07-17 10:26:38,
3730,24,3042,Attended,2022-08-06 10:26:38,2022-08-18 10:26:38
3731,24,197,Attended,2022-07-26 10:26:38,2022-08-18 10:26:38
3732,24,2021,Attended,2022-08-13 10:26:38,2022-08-18 10:26:38
3733,24,265,Registered,2022-08-09 10:26:38,
3734,24,2957,Cancelled,2022-08-03 10:26:38,
3735,24,2078,Attended,2022-07-16 10:26:38,2022-08-18 10:26:38
3736,24,1355,Attended,2022-07-27 10:26:38,2022-08-18 10:26:38
3737,24,766,Attended,2022-08-13 10:26:38,2022-08-18 10:26:38
3738,24,2846,Cancelled,2022-07-10 10:26:38,
3739,24,2724,No Show,2022-08-01 10:26:38,
3740,24,182,Registered,2022-07-29 10:26:38,
3741,24,809,Attended,2022-08-10 10:26:38,2022-08-18 10:26:38
3742,24,2912,Attended,2022-07-17 10:26:38,2022-08-18 10:26:38
3743,24,1711,Attended,2022-07-15 10:26:38,2022-08-18 10:26:38
3744,24,2622,Attended,2022-07-17 10:26:38,2022-08-18 10:26:38
3745,24,1562,Cancelled,2022-08-07 10:26:38,
3746,24,1697,Attended,2022-08-03 10:26:38,2022-08-18 10:26:38
3747,24,1502,Attended,2022-07-16 10:26:38,2022-08-18 10:26:38
3748,24,2014,Attended,2022-08-10 10:26:38,2022-08-18 10:26:38
3749,24,2299,Attended,2022-07-26 10:26:38,2022-08-18 10:26:38
3750,24,3179,Registered,2022-07-27 10:26:38,
3751,24,3120,Attended,2022-08-07 10:26:38,2022-08-18 10:26:38
3752,24,940,Attended,2022-07-27 10:26:38,2022-08-18 10:26:38
3753,24,3233,Registered,2022-08-12 10:26:38,
3754,24,141,Registered,2022-07-31 10:26:38,
3755,24,2523,Registered,2022-08-03 10:26:38,
3756,24,903,Attended,2022-07-17 10:26:38,2022-08-18 10:26:38
3757,24,2507,Attended,2022-07-28 10:26:38,2022-08-18 10:26:38
3758,24,2027,Attended,2022-08-14 10:26:38,2022-08-18 10:26:38
3759,24,2113,Attended,2022-07-08 10:26:38,2022-08-18 10:26:38
3760,24,1490,Registered,2022-07-11 10:26:38,
3761,24,2138,Attended,2022-08-17 10:26:38,2022-08-18 10:26:38
3762,24,510,Attended,2022-08-15 10:26:38,2022-08-18 10:26:38
3763,24,413,Registered,2022-08-14 10:26:38,
3764,24,1873,Attended,2022-08-03 10:26:38,2022-08-18 10:26:38
3765,24,881,Attended,2022-08-08 10:26:38,2022-08-18 10:26:38
3766,24,216,Attended,2022-07-31 10:26:38,2022-08-18 10:26:38
3767,24,1220,No Show,2022-08-13 10:26:38,
3768,24,473,Attended,2022-07-08 10:26:38,2022-08-18 10:26:38
3769,24,2484,Attended,2022-07-25 10:26:38,2022-08-18 10:26:38
3770,24,136,Attended,2022-08-03 10:26:38,2022-08-18 10:26:38
3771,24,1343,Attended,2022-07-10 10:26:38,2022-08-18 10:26:38
3772,24,3049,Cancelled,2022-07-07 10:26:38,
3773,24,1320,Attended,2022-08-02 10:26:38,2022-08-18 10:26:38
3774,24,1991,Attended,2022-08-17 10:26:38,2022-08-18 10:26:38
3775,24,2655,Registered,2022-07-27 10:26:38,
3776,24,948,No Show,2022-07-25 10:26:38,
3777,24,2791,Attended,2022-07-27 10:26:38,2022-08-18 10:26:38
3778,24,1924,Attended,2022-07-31 10:26:38,2022-08-18 10:26:38
3779,24,1496,Attended,2022-07-21 10:26:38,2022-08-18 10:26:38
3780,24,1165,Attended,2022-08-17 10:26:38,2022-08-18 10:26:38
3781,24,2584,Attended,2022-08-01 10:26:38,2022-08-18 10:26:38
3782,24,3103,Attended,2022-08-15 10:26:38,2022-08-18 10:26:38
3783,24,2505,Attended,2022-07-12 10:26:38,2022-08-18 10:26:38
3784,24,1566,Attended,2022-07-23 10:26:38,2022-08-18 10:26:38
3785,24,2682,Attended,2022-07-15 10:26:38,2022-08-18 10:26:38
3786,24,1656,Attended,2022-08-11 10:26:38,2022-08-18 10:26:38
3787,24,2767,Attended,2022-08-16 10:26:38,2022-08-18 10:26:38
3788,24,1123,Attended,2022-08-03 10:26:38,2022-08-18 10:26:38
3789,24,2498,Attended,2022-08-14 10:26:38,2022-08-18 10:26:38
3790,24,140,Attended,2022-07-18 10:26:38,2022-08-18 10:26:38
3791,24,2904,Attended,2022-07-08 10:26:38,2022-08-18 10:26:38
3792,24,2531,Attended,2022-07-21 10:26:38,2022-08-18 10:26:38
3793,24,2854,Attended,2022-07-25 10:26:38,2022-08-18 10:26:38
3794,24,975,Attended,2022-08-07 10:26:38,2022-08-18 10:26:38
3795,24,734,Attended,2022-08-16 10:26:38,2022-08-18 10:26:38
3796,24,2187,Attended,2022-07-20 10:26:38,2022-08-18 10:26:38
3797,24,615,Registered,2022-07-29 10:26:38,
3798,24,412,No Show,2022-07-29 10:26:38,
3799,24,819,No Show,2022-08-05 10:26:38,
3800,24,599,Attended,2022-08-12 10:26:38,2022-08-18 10:26:38
3801,24,362,Attended,2022-07-21 10:26:38,2022-08-18 10:26:38
3802,24,2908,Attended,2022-08-08 10:26:38,2022-08-18 10:26:38
3803,24,201,Attended,2022-07-08 10:26:38,2022-08-18 10:26:38
3804,24,2582,Attended,2022-08-12 10:26:38,2022-08-18 10:26:38
3805,24,2844,Attended,2022-07-25 10:26:38,2022-08-18 10:26:38
3806,24,3073,Attended,2022-08-14 10:26:38,2022-08-18 10:26:38
3807,24,1544,Attended,2022-07-04 10:26:38,2022-08-18 10:26:38
3808,24,2370,No Show,2022-07-14 10:26:38,
3809,24,2776,Attended,2022-07-21 10:26:38,2022-08-18 10:26:38
3810,24,3141,Attended,2022-07-18 10:26:38,2022-08-18 10:26:38
3811,24,3048,Cancelled,2022-07-14 10:26:38,
3812,24,1915,Attended,2022-07-23 10:26:38,2022-08-18 10:26:38
3813,24,2076,Attended,2022-07-22 10:26:38,2022-08-18 10:26:38
3814,24,1521,Attended,2022-07-21 10:26:38,2022-08-18 10:26:38
3815,24,2341,Registered,2022-08-11 10:26:38,
3816,24,2237,No Show,2022-07-19 10:26:38,
3817,24,1646,No Show,2022-08-17 10:26:38,
3818,24,273,Attended,2022-07-04 10:26:38,2022-08-18 10:26:38
3819,24,269,Attended,2022-07-23 10:26:38,2022-08-18 10:26:38
3820,24,738,Attended,2022-07-30 10:26:38,2022-08-18 10:26:38
3821,24,2684,Registered,2022-07-25 10:26:38,
3822,24,2522,Attended,2022-07-23 10:26:38,2022-08-18 10:26:38
3823,24,2632,Cancelled,2022-07-22 10:26:38,
3824,24,1110,Attended,2022-07-28 10:26:38,2022-08-18 10:26:38
3825,24,865,Registered,2022-08-04 10:26:38,
3826,24,80,Attended,2022-07-14 10:26:38,2022-08-18 10:26:38
3827,24,697,Attended,2022-07-13 10:26:38,2022-08-18 10:26:38
3828,24,2048,Attended,2022-08-13 10:26:38,2022-08-18 10:26:38
3829,24,548,Attended,2022-08-16 10:26:38,2022-08-18 10:26:38
3830,24,2488,No Show,2022-07-05 10:26:38,
3831,24,337,Attended,2022-07-13 10:26:38,2022-08-18 10:26:38
3832,24,3132,Attended,2022-08-01 10:26:38,2022-08-18 10:26:38
3833,24,1445,No Show,2022-07-31 10:26:38,
3834,24,2741,Cancelled,2022-07-23 10:26:38,
3835,24,2548,Attended,2022-07-20 10:26:38,2022-08-18 10:26:38
3836,24,1125,Attended,2022-07-21 10:26:38,2022-08-18 10:26:38
3837,24,1503,Cancelled,2022-07-09 10:26:38,
3838,24,1227,No Show,2022-07-11 10:26:38,
3839,24,2122,Attended,2022-07-05 10:26:38,2022-08-18 10:26:38
3840,24,2567,Attended,2022-08-04 10:26:38,2022-08-18 10:26:38
3841,24,227,Attended,2022-07-26 10:26:38,2022-08-18 10:26:38
3842,24,1675,Attended,2022-07-31 10:26:38,2022-08-18 10:26:38
3843,24,875,Attended,2022-07-20 10:26:38,2022-08-18 10:26:38
3844,24,901,Attended,2022-07-10 10:26:38,2022-08-18 10:26:38
3845,24,2097,Attended,2022-08-07 10:26:38,2022-08-18 10:26:38
3846,24,1771,Attended,2022-07-12 10:26:38,2022-08-18 10:26:38
3847,24,592,Cancelled,2022-07-10 10:26:38,
3848,24,2087,Attended,2022-08-03 10:26:38,2022-08-18 10:26:38
3849,24,1035,Attended,2022-07-26 10:26:38,2022-08-18 10:26:38
3850,24,2034,Attended,2022-07-16 10:26:38,2022-08-18 10:26:38
3851,24,279,No Show,2022-08-05 10:26:38,
3852,24,3234,Attended,2022-08-06 10:26:38,2022-08-18 10:26:38
3853,24,2264,Cancelled,2022-07-24 10:26:38,
3854,24,389,Attended,2022-07-18 10:26:38,2022-08-18 10:26:38
3855,24,172,Attended,2022-07-12 10:26:38,2022-08-18 10:26:38
3856,24,2382,Attended,2022-08-09 10:26:38,2022-08-18 10:26:38
3857,24,1225,Attended,2022-07-22 10:26:38,2022-08-18 10:26:38
3858,24,1029,Attended,2022-07-28 10:26:38,2022-08-18 10:26:38
3859,24,107,Attended,2022-07-21 10:26:38,2022-08-18 10:26:38
3860,24,1880,Registered,2022-07-15 10:26:38,
3861,24,84,Attended,2022-07-21 10:26:38,2022-08-18 10:26:38
3862,24,2935,Attended,2022-08-11 10:26:38,2022-08-18 10:26:38
3863,24,289,Attended,2022-07-09 10:26:38,2022-08-18 10:26:38
3864,24,1344,Attended,2022-08-04 10:26:38,2022-08-18 10:26:38
3865,24,305,Attended,2022-07-09 10:26:38,2022-08-18 10:26:38
3866,24,225,No Show,2022-07-29 10:26:38,
3867,24,1143,Attended,2022-07-05 10:26:38,2022-08-18 10:26:38
3868,24,801,Attended,2022-08-15 10:26:38,2022-08-18 10:26:38
3869,24,1023,Attended,2022-08-06 10:26:38,2022-08-18 10:26:38
3870,24,1518,No Show,2022-07-22 10:26:38,
3871,24,2924,No Show,2022-07-12 10:26:38,
3872,24,2052,Registered,2022-07-06 10:26:38,
3873,24,2376,Attended,2022-08-16 10:26:38,2022-08-18 10:26:38
3874,24,1061,Attended,2022-08-08 10:26:38,2022-08-18 10:26:38
3875,24,1756,Attended,2022-07-31 10:26:38,2022-08-18 10:26:38
3876,24,417,Registered,2022-07-27 10:26:38,
3877,24,2950,Attended,2022-07-14 10:26:38,2022-08-18 10:26:38
3878,24,1585,Attended,2022-07-14 10:26:38,2022-08-18 10:26:38
3879,24,103,Attended,2022-07-30 10:26:38,2022-08-18 10:26:38
3880,24,2121,Registered,2022-07-13 10:26:38,
3881,24,2088,Cancelled,2022-07-23 10:26:38,
3882,24,1100,Attended,2022-08-12 10:26:38,2022-08-18 10:26:38
3883,24,40,Attended,2022-07-14 10:26:38,2022-08-18 10:26:38
3884,24,2707,Attended,2022-08-17 10:26:38,2022-08-18 10:26:38
3885,24,1913,Attended,2022-07-08 10:26:38,2022-08-18 10:26:38
3886,24,3102,Attended,2022-08-16 10:26:38,2022-08-18 10:26:38
3887,24,2191,Attended,2022-07-23 10:26:38,2022-08-18 10:26:38
3888,24,913,Cancelled,2022-07-19 10:26:38,
3889,24,2312,Attended,2022-07-28 10:26:38,2022-08-18 10:26:38
3890,24,2424,Attended,2022-08-16 10:26:38,2022-08-18 10:26:38
3891,24,320,No Show,2022-07-08 10:26:38,
3892,24,281,Attended,2022-07-06 10:26:38,2022-08-18 10:26:38
3893,24,3093,Attended,2022-07-08 10:26:38,2022-08-18 10:26:38
3894,24,345,Registered,2022-07-08 10:26:38,
3895,24,231,No Show,2022-07-11 10:26:38,
3896,24,2256,Attended,2022-07-09 10:26:38,2022-08-18 10:26:38
3897,24,1960,Attended,2022-08-07 10:26:38,2022-08-18 10:26:38
3898,24,1019,No Show,2022-07-04 10:26:38,
3899,24,601,Attended,2022-07-18 10:26:38,2022-08-18 10:26:38
3900,24,2110,Registered,2022-08-14 10:26:38,
3901,24,3154,Attended,2022-07-17 10:26:38,2022-08-18 10:26:38
3902,24,132,No Show,2022-08-08 10:26:38,
3903,24,2576,Attended,2022-07-24 10:26:38,2022-08-18 10:26:38
3904,24,2349,Attended,2022-07-28 10:26:38,2022-08-18 10:26:38
3905,24,2375,Registered,2022-07-23 10:26:38,
3906,24,1335,Attended,2022-08-09 10:26:38,2022-08-18 10:26:38
3907,24,1678,Attended,2022-08-12 10:26:38,2022-08-18 10:26:38
3908,24,1921,No Show,2022-07-11 10:26:38,
3909,24,1743,Attended,2022-07-20 10:26:38,2022-08-18 10:26:38
3910,24,2345,Attended,2022-08-01 10:26:38,2022-08-18 10:26:38
3911,24,1104,Registered,2022-08-13 10:26:38,
3912,24,193,Attended,2022-07-09 10:26:38,2022-08-18 10:26:38
3913,24,1679,Attended,2022-07-16 10:26:38,2022-08-18 10:26:38
3914,24,1221,Registered,2022-07-13 10:26:38,
3915,24,2750,Cancelled,2022-07-07 10:26:38,
3916,24,1943,Attended,2022-08-11 10:26:38,2022-08-18 10:26:38
3917,24,787,Attended,2022-07-05 10:26:38,2022-08-18 10:26:38
3918,24,3066,Attended,2022-07-07 10:26:38,2022-08-18 10:26:38
3919,24,1986,Attended,2022-07-20 10:26:38,2022-08-18 10:26:38
3920,24,1535,Attended,2022-07-29 10:26:38,2022-08-18 10:26:38
3921,24,565,Attended,2022-08-14 10:26:38,2022-08-18 10:26:38
3922,24,2423,Attended,2022-08-06 10:26:38,2022-08-18 10:26:38
3923,24,1213,Attended,2022-07-24 10:26:38,2022-08-18 10:26:38
3924,24,661,Attended,2022-08-10 10:26:38,2022-08-18 10:26:38
3925,24,2886,Attended,2022-07-24 10:26:38,2022-08-18 10:26:38
3926,24,331,Registered,2022-08-04 10:26:38,
3927,24,3202,Registered,2022-08-11 10:26:38,
3928,24,2141,Attended,2022-07-18 10:26:38,2022-08-18 10:26:38
3929,24,368,Attended,2022-07-11 10:26:38,2022-08-18 10:26:38
3930,24,576,Registered,2022-07-23 10:26:38,
3931,24,446,Attended,2022-08-13 10:26:38,2022-08-18 10:26:38
3932,24,1888,Attended,2022-07-26 10:26:38,2022-08-18 10:26:38
3933,24,1696,Registered,2022-07-09 10:26:38,
3934,24,830,Attended,2022-08-01 10:26:38,2022-08-18 10:26:38
3935,24,1604,Attended,2022-07-14 10:26:38,2022-08-18 10:26:38
3936,24,65,Attended,2022-07-30 10:26:38,2022-08-18 10:26:38
3937,24,791,Attended,2022-07-28 10:26:38,2022-08-18 10:26:38
3938,24,1878,Attended,2022-07-16 10:26:38,2022-08-18 10:26:38
3939,24,2685,Attended,2022-08-04 10:26:38,2022-08-18 10:26:38
3940,24,1332,Cancelled,2022-08-17 10:26:38,
3941,24,2285,Attended,2022-07-15 10:26:38,2022-08-18 10:26:38
3942,24,2056,No Show,2022-08-16 10:26:38,
3943,24,11,Cancelled,2022-08-16 10:26:38,
3944,24,1560,Attended,2022-07-18 10:26:38,2022-08-18 10:26:38
3945,24,2526,Attended,2022-08-04 10:26:38,2022-08-18 10:26:38
3946,24,3240,Attended,2022-07-14 10:26:38,2022-08-18 10:26:38
3947,24,1763,No Show,2022-07-12 10:26:38,
3948,24,278,Attended,2022-08-14 10:26:38,2022-08-18 10:26:38
3949,24,2606,Attended,2022-07-13 10:26:38,2022-08-18 10:26:38
3950,24,1858,Attended,2022-07-11 10:26:38,2022-08-18 10:26:38
3951,24,920,Attended,2022-07-21 10:26:38,2022-08-18 10:26:38
3952,24,2816,Attended,2022-07-15 10:26:38,2022-08-18 10:26:38
3953,24,304,No Show,2022-07-16 10:26:38,
3954,24,1814,Attended,2022-07-25 10:26:38,2022-08-18 10:26:38
3955,24,317,Attended,2022-08-10 10:26:38,2022-08-18 10:26:38
3956,24,2107,No Show,2022-07-13 10:26:38,
3957,24,1272,Attended,2022-07-20 10:26:38,2022-08-18 10:26:38
3958,24,2858,Attended,2022-07-17 10:26:38,2022-08-18 10:26:38
3959,24,717,Attended,2022-07-24 10:26:38,2022-08-18 10:26:38
3960,24,2219,Attended,2022-08-12 10:26:38,2022-08-18 10:26:38
3961,24,2819,Attended,2022-08-13 10:26:38,2022-08-18 10:26:38
3962,24,2527,Attended,2022-08-04 10:26:38,2022-08-18 10:26:38
3963,24,3208,Attended,2022-07-24 10:26:38,2022-08-18 10:26:38
3964,24,2363,Attended,2022-07-29 10:26:38,2022-08-18 10:26:38
3965,24,3088,Attended,2022-07-06 10:26:38,2022-08-18 10:26:38
3966,24,3100,Cancelled,2022-07-27 10:26:38,
3967,24,1785,Attended,2022-07-10 10:26:38,2022-08-18 10:26:38
3968,24,205,Attended,2022-08-01 10:26:38,2022-08-18 10:26:38
3969,24,2077,No Show,2022-07-30 10:26:38,
3970,24,89,Attended,2022-07-05 10:26:38,2022-08-18 10:26:38
3971,24,2184,Attended,2022-08-13 10:26:38,2022-08-18 10:26:38
3972,24,2815,No Show,2022-07-07 10:26:38,
3973,24,1591,Attended,2022-07-23 10:26:38,2022-08-18 10:26:38
3974,24,886,Attended,2022-07-25 10:26:38,2022-08-18 10:26:38
3975,24,254,Attended,2022-08-09 10:26:38,2022-08-18 10:26:38
3976,24,1195,Registered,2022-08-04 10:26:38,
3977,24,821,Attended,2022-07-26 10:26:38,2022-08-18 10:26:38
3978,24,420,Attended,2022-08-15 10:26:38,2022-08-18 10:26:38
3979,24,335,Attended,2022-07-16 10:26:38,2022-08-18 10:26:38
3980,24,2651,Attended,2022-07-11 10:26:38,2022-08-18 10:26:38
3981,24,3171,Attended,2022-07-11 10:26:38,2022-08-18 10:26:38
3982,24,168,Registered,2022-07-24 10:26:38,
3983,24,2975,No Show,2022-08-13 10:26:38,
3984,24,2581,No Show,2022-07-05 10:26:38,
3985,24,2777,Attended,2022-08-08 10:26:38,2022-08-18 10:26:38
3986,24,1429,No Show,2022-07-09 10:26:38,
3987,24,484,No Show,2022-07-12 10:26:38,
3988,24,2631,Attended,2022-07-15 10:26:38,2022-08-18 10:26:38
3989,24,2390,Attended,2022-07-19 10:26:38,2022-08-18 10:26:38
3990,24,1248,Attended,2022-07-12 10:26:38,2022-08-18 10:26:38
3991,24,1568,Attended,2022-07-19 10:26:38,2022-08-18 10:26:38
3992,24,2665,Attended,2022-07-30 10:26:38,2022-08-18 10:26:38
3993,24,482,No Show,2022-08-03 10:26:38,
3994,24,98,Attended,2022-08-10 10:26:38,2022-08-18 10:26:38
3995,24,1666,Registered,2022-08-03 10:26:38,
3996,24,438,Registered,2022-07-18 10:26:38,
3997,24,3243,No Show,2022-08-15 10:26:38,
3998,24,2543,Attended,2022-07-29 10:26:38,2022-08-18 10:26:38
3999,24,1215,Attended,2022-08-05 10:26:38,2022-08-18 10:26:38
4000,24,2445,Attended,2022-07-09 10:26:38,2022-08-18 10:26:38
4001,24,36,Cancelled,2022-07-04 10:26:38,
4002,24,2137,Attended,2022-07-18 10:26:38,2022-08-18 10:26:38
4003,24,1075,Attended,2022-07-09 10:26:38,2022-08-18 10:26:38
4004,24,2608,Attended,2022-08-15 10:26:38,2022-08-18 10:26:38
4005,24,1121,Registered,2022-07-25 10:26:38,
4006,24,2284,Attended,2022-07-15 10:26:38,2022-08-18 10:26:38
4007,24,2754,Attended,2022-07-30 10:26:38,2022-08-18 10:26:38
4008,24,749,Attended,2022-07-20 10:26:38,2022-08-18 10:26:38
4009,24,3054,No Show,2022-08-08 10:26:38,
4010,24,793,Attended,2022-08-05 10:26:38,2022-08-18 10:26:38
4011,24,2727,Attended,2022-08-02 10:26:38,2022-08-18 10:26:38
4012,24,488,Attended,2022-07-28 10:26:38,2022-08-18 10:26:38
4013,24,2917,Attended,2022-07-20 10:26:38,2022-08-18 10:26:38
4014,24,105,Attended,2022-08-02 10:26:38,2022-08-18 10:26:38
4015,24,1358,Attended,2022-07-18 10:26:38,2022-08-18 10:26:38
4016,24,3018,Attended,2022-08-08 10:26:38,2022-08-18 10:26:38
4017,24,1592,Attended,2022-07-26 10:26:38,2022-08-18 10:26:38
4018,24,1392,Cancelled,2022-07-24 10:26:38,
4019,24,3119,Registered,2022-08-05 10:26:38,
4020,24,2546,Attended,2022-07-10 10:26:38,2022-08-18 10:26:38
4021,24,1084,Attended,2022-07-07 10:26:38,2022-08-18 10:26:38
4022,24,1930,Attended,2022-07-21 10:26:38,2022-08-18 10:26:38
4023,24,3163,Registered,2022-07-15 10:26:38,
4024,24,1957,Attended,2022-08-08 10:26:38,2022-08-18 10:26:38
4025,24,2830,Registered,2022-07-22 10:26:38,
4026,24,1041,Attended,2022-07-29 10:26:38,2022-08-18 10:26:38
4027,24,561,Attended,2022-07-05 10:26:38,2022-08-18 10:26:38
4028,24,2269,Attended,2022-08-01 10:26:38,2022-08-18 10:26:38
4029,24,856,Attended,2022-07-14 10:26:38,2022-08-18 10:26:38
4030,24,1091,No Show,2022-08-13 10:26:38,
4031,24,1080,Attended,2022-08-02 10:26:38,2022-08-18 10:26:38
4032,24,2732,Attended,2022-07-11 10:26:38,2022-08-18 10:26:38
4033,24,1241,Attended,2022-07-12 10:26:38,2022-08-18 10:26:38
4034,24,3217,Attended,2022-08-10 10:26:38,2022-08-18 10:26:38
4035,24,758,Cancelled,2022-07-18 10:26:38,
4036,25,2663,Attended,2021-12-13 11:15:59,2022-01-18 11:15:59
4037,25,709,Attended,2021-12-30 11:15:59,2022-01-18 11:15:59
4038,25,3042,Attended,2021-12-27 11:15:59,2022-01-18 11:15:59
4039,25,515,Registered,2022-01-05 11:15:59,
4040,25,3140,Registered,2022-01-01 11:15:59,
4041,25,338,Attended,2022-01-10 11:15:59,2022-01-18 11:15:59
4042,25,484,Attended,2021-12-16 11:15:59,2022-01-18 11:15:59
4043,25,670,Attended,2021-12-17 11:15:59,2022-01-18 11:15:59
4044,25,656,Registered,2022-01-04 11:15:59,
4045,25,166,Attended,2021-12-23 11:15:59,2022-01-18 11:15:59
4046,25,3174,Attended,2021-12-12 11:15:59,2022-01-18 11:15:59
4047,25,3035,Attended,2021-12-16 11:15:59,2022-01-18 11:15:59
4048,25,2938,No Show,2022-01-14 11:15:59,
4049,25,2458,Attended,2022-01-09 11:15:59,2022-01-18 11:15:59
4050,25,2101,No Show,2021-12-17 11:15:59,
4051,25,2312,Attended,2022-01-12 11:15:59,2022-01-18 11:15:59
4052,25,2571,Attended,2021-12-22 11:15:59,2022-01-18 11:15:59
4053,25,906,Attended,2022-01-01 11:15:59,2022-01-18 11:15:59
4054,25,647,Registered,2022-01-09 11:15:59,
4055,25,1113,Cancelled,2021-12-30 11:15:59,
4056,25,1740,Cancelled,2021-12-31 11:15:59,
4057,25,777,Attended,2022-01-09 11:15:59,2022-01-18 11:15:59
4058,25,2953,Registered,2021-12-21 11:15:59,
4059,25,733,Registered,2021-12-23 11:15:59,
4060,25,537,Attended,2021-12-16 11:15:59,2022-01-18 11:15:59
4061,26,900,Attended,2025-12-19 17:06:47,2026-01-21 17:06:47
4062,26,809,Registered,2026-01-02 17:06:47,
4063,26,1161,Attended,2025-12-28 17:06:47,2026-01-21 17:06:47
4064,26,1759,Attended,2025-12-18 17:06:47,2026-01-21 17:06:47
4065,26,236,Registered,2025-12-15 17:06:47,
4066,26,2736,Attended,2026-01-05 17:06:47,2026-01-21 17:06:47
4067,26,2890,Cancelled,2026-01-17 17:06:47,
4068,26,2571,Attended,2025-12-17 17:06:47,2026-01-21 17:06:47
4069,26,2932,Attended,2026-01-08 17:06:47,2026-01-21 17:06:47
4070,26,3138,Attended,2025-12-26 17:06:47,2026-01-21 17:06:47
4071,26,2660,Attended,2026-01-07 17:06:47,2026-01-21 17:06:47
4072,26,549,Registered,2025-12-17 17:06:47,
4073,26,2012,No Show,2025-12-27 17:06:47,
4074,26,2003,Attended,2025-12-07 17:06:47,2026-01-21 17:06:47
4075,26,1107,Attended,2026-01-06 17:06:47,2026-01-21 17:06:47
4076,26,569,Attended,2025-12-28 17:06:47,2026-01-21 17:06:47
4077,26,2193,Attended,2025-12-29 17:06:47,2026-01-21 17:06:47
4078,26,2913,Attended,2025-12-28 17:06:47,2026-01-21 17:06:47
4079,26,2995,Attended,2025-12-22 17:06:47,2026-01-21 17:06:47
4080,26,1184,Attended,2026-01-03 17:06:47,2026-01-21 17:06:47
4081,26,1830,Attended,2025-12-31 17:06:47,2026-01-21 17:06:47
4082,26,1636,Cancelled,2025-12-31 17:06:47,
4083,26,2858,Attended,2026-01-04 17:06:47,2026-01-21 17:06:47
4084,26,1667,Attended,2026-01-11 17:06:47,2026-01-21 17:06:47
4085,26,2639,Attended,2026-01-10 17:06:47,2026-01-21 17:06:47
4086,26,2986,Attended,2026-01-15 17:06:47,2026-01-21 17:06:47
4087,26,230,Attended,2026-01-15 17:06:47,2026-01-21 17:06:47
4088,26,876,Attended,2025-12-10 17:06:47,2026-01-21 17:06:47
4089,26,420,Attended,2025-12-25 17:06:47,2026-01-21 17:06:47
4090,26,518,No Show,2026-01-10 17:06:47,
4091,26,2849,Registered,2026-01-18 17:06:47,
4092,26,2724,Attended,2025-12-09 17:06:47,2026-01-21 17:06:47
4093,26,2024,Registered,2025-12-07 17:06:47,
4094,26,114,No Show,2026-01-05 17:06:47,
4095,26,2940,Attended,2025-12-12 17:06:47,2026-01-21 17:06:47
4096,26,2610,Attended,2025-12-21 17:06:47,2026-01-21 17:06:47
4097,26,1738,Attended,2026-01-08 17:06:47,2026-01-21 17:06:47
4098,26,1444,Cancelled,2025-12-10 17:06:47,
4099,26,2416,Attended,2025-12-18 17:06:47,2026-01-21 17:06:47
4100,26,465,Attended,2026-01-08 17:06:47,2026-01-21 17:06:47
4101,26,320,Cancelled,2025-12-18 17:06:47,
4102,26,2585,Registered,2026-01-19 17:06:47,
4103,26,1674,No Show,2025-12-28 17:06:47,
4104,26,1563,Cancelled,2026-01-16 17:06:47,
4105,26,1047,Attended,2026-01-20 17:06:47,2026-01-21 17:06:47
4106,26,1431,Attended,2025-12-23 17:06:47,2026-01-21 17:06:47
4107,26,1068,Attended,2025-12-18 17:06:47,2026-01-21 17:06:47
4108,26,2016,Attended,2026-01-08 17:06:47,2026-01-21 17:06:47
4109,26,120,Attended,2025-12-30 17:06:47,2026-01-21 17:06:47
4110,26,1375,Registered,2026-01-05 17:06:47,
4111,26,310,No Show,2025-12-15 17:06:47,
4112,26,881,Attended,2026-01-13 17:06:47,2026-01-21 17:06:47
4113,26,3160,Registered,2026-01-13 17:06:47,
4114,26,2026,Attended,2026-01-10 17:06:47,2026-01-21 17:06:47
4115,26,1509,Registered,2025-12-19 17:06:47,
4116,26,1957,Attended,2025-12-18 17:06:47,2026-01-21 17:06:47
4117,26,358,Attended,2026-01-18 17:06:47,2026-01-21 17:06:47
4118,26,2584,Attended,2026-01-02 17:06:47,2026-01-21 17:06:47
4119,26,575,Registered,2025-12-17 17:06:47,
4120,26,1346,Attended,2025-12-07 17:06:47,2026-01-21 17:06:47
4121,26,819,Attended,2025-12-10 17:06:47,2026-01-21 17:06:47
4122,26,1847,Attended,2025-12-16 17:06:47,2026-01-21 17:06:47
4123,26,2824,Attended,2025-12-18 17:06:47,2026-01-21 17:06:47
4124,26,2384,Attended,2026-01-17 17:06:47,2026-01-21 17:06:47
4125,26,2257,Registered,2025-12-15 17:06:47,
4126,26,400,Attended,2025-12-09 17:06:47,2026-01-21 17:06:47
4127,26,2907,Attended,2026-01-01 17:06:47,2026-01-21 17:06:47
4128,26,2560,No Show,2025-12-08 17:06:47,
4129,26,2001,Registered,2026-01-17 17:06:47,
4130,26,743,Attended,2026-01-09 17:06:47,2026-01-21 17:06:47
4131,26,2780,No Show,2026-01-10 17:06:47,
4132,26,2232,Attended,2026-01-08 17:06:47,2026-01-21 17:06:47
4133,26,783,Attended,2025-12-25 17:06:47,2026-01-21 17:06:47
4134,26,110,No Show,2026-01-14 17:06:47,
4135,26,907,Attended,2025-12-09 17:06:47,2026-01-21 17:06:47
4136,26,235,Attended,2026-01-07 17:06:47,2026-01-21 17:06:47
4137,26,2871,No Show,2026-01-07 17:06:47,
4138,26,2469,Attended,2025-12-31 17:06:47,2026-01-21 17:06:47
4139,26,2071,Attended,2025-12-09 17:06:47,2026-01-21 17:06:47
4140,26,1348,Attended,2026-01-13 17:06:47,2026-01-21 17:06:47
4141,26,3051,Registered,2025-12-08 17:06:47,
4142,26,1551,Attended,2025-12-24 17:06:47,2026-01-21 17:06:47
4143,26,923,Attended,2026-01-09 17:06:47,2026-01-21 17:06:47
4144,26,2999,No Show,2025-12-30 17:06:47,
4145,26,86,Attended,2025-12-07 17:06:47,2026-01-21 17:06:47
4146,26,3085,Attended,2026-01-16 17:06:47,2026-01-21 17:06:47
4147,26,1296,Attended,2025-12-25 17:06:47,2026-01-21 17:06:47
4148,26,1652,Attended,2025-12-21 17:06:47,2026-01-21 17:06:47
4149,26,2480,No Show,2025-12-08 17:06:47,
4150,26,2961,Cancelled,2026-01-13 17:06:47,
4151,26,3161,Cancelled,2026-01-11 17:06:47,
4152,26,1818,Attended,2026-01-12 17:06:47,2026-01-21 17:06:47
4153,26,889,No Show,2026-01-02 17:06:47,
4154,26,2274,Attended,2025-12-11 17:06:47,2026-01-21 17:06:47
4155,26,1634,Attended,2025-12-19 17:06:47,2026-01-21 17:06:47
4156,26,2348,Cancelled,2025-12-21 17:06:47,
4157,26,1560,Attended,2025-12-25 17:06:47,2026-01-21 17:06:47
4158,26,282,Attended,2026-01-07 17:06:47,2026-01-21 17:06:47
4159,26,1819,Cancelled,2026-01-02 17:06:47,
4160,26,3029,Attended,2025-12-29 17:06:47,2026-01-21 17:06:47
4161,26,461,Attended,2026-01-13 17:06:47,2026-01-21 17:06:47
4162,26,1315,Attended,2025-12-11 17:06:47,2026-01-21 17:06:47
4163,26,2934,Attended,2025-12-07 17:06:47,2026-01-21 17:06:47
4164,26,2732,Attended,2025-12-31 17:06:47,2026-01-21 17:06:47
4165,26,3052,Attended,2025-12-09 17:06:47,2026-01-21 17:06:47
4166,26,1908,Attended,2026-01-20 17:06:47,2026-01-21 17:06:47
4167,26,1571,Registered,2025-12-09 17:06:47,
4168,26,749,Registered,2026-01-17 17:06:47,
4169,26,768,Attended,2026-01-17 17:06:47,2026-01-21 17:06:47
4170,26,857,Attended,2025-12-13 17:06:47,2026-01-21 17:06:47
4171,26,1189,Registered,2025-12-25 17:06:47,
4172,26,2676,Registered,2026-01-20 17:06:47,
4173,26,877,Registered,2026-01-17 17:06:47,
4174,26,2622,Attended,2026-01-08 17:06:47,2026-01-21 17:06:47
4175,26,238,Attended,2025-12-24 17:06:47,2026-01-21 17:06:47
4176,26,215,Attended,2026-01-10 17:06:47,2026-01-21 17:06:47
4177,26,767,Cancelled,2026-01-09 17:06:47,
4178,26,227,Attended,2026-01-20 17:06:47,2026-01-21 17:06:47
4179,26,2310,Attended,2025-12-22 17:06:47,2026-01-21 17:06:47
4180,26,148,No Show,2025-12-15 17:06:47,
4181,26,3193,Attended,2026-01-09 17:06:47,2026-01-21 17:06:47
4182,26,1646,Attended,2026-01-01 17:06:47,2026-01-21 17:06:47
4183,26,1841,Registered,2025-12-25 17:06:47,
4184,26,2224,Attended,2026-01-06 17:06:47,2026-01-21 17:06:47
4185,26,1930,No Show,2026-01-06 17:06:47,
4186,26,1716,Attended,2025-12-12 17:06:47,2026-01-21 17:06:47
4187,26,1262,Attended,2025-12-12 17:06:47,2026-01-21 17:06:47
4188,26,1254,Attended,2025-12-25 17:06:47,2026-01-21 17:06:47
4189,26,1944,Attended,2026-01-16 17:06:47,2026-01-21 17:06:47
4190,26,1705,Attended,2026-01-01 17:06:47,2026-01-21 17:06:47
4191,26,155,Cancelled,2025-12-29 17:06:47,
4192,26,2812,Registered,2025-12-28 17:06:47,
4193,26,257,Registered,2025-12-16 17:06:47,
4194,26,95,Attended,2025-12-24 17:06:47,2026-01-21 17:06:47
4195,26,1009,Attended,2025-12-14 17:06:47,2026-01-21 17:06:47
4196,26,309,Attended,2025-12-09 17:06:47,2026-01-21 17:06:47
4197,26,2345,Attended,2026-01-01 17:06:47,2026-01-21 17:06:47
4198,26,624,No Show,2025-12-09 17:06:47,
4199,26,573,No Show,2025-12-08 17:06:47,
4200,26,3025,No Show,2025-12-10 17:06:47,
4201,26,1374,No Show,2025-12-15 17:06:47,
4202,26,1713,Registered,2026-01-14 17:06:47,
4203,26,491,Cancelled,2025-12-16 17:06:47,
4204,26,2194,Attended,2025-12-31 17:06:47,2026-01-21 17:06:47
4205,26,1488,Attended,2025-12-31 17:06:47,2026-01-21 17:06:47
4206,26,1811,Registered,2025-12-22 17:06:47,
4207,26,1971,Cancelled,2026-01-01 17:06:47,
4208,26,3154,Attended,2025-12-24 17:06:47,2026-01-21 17:06:47
4209,26,1782,Attended,2026-01-19 17:06:47,2026-01-21 17:06:47
4210,26,1861,Attended,2026-01-13 17:06:47,2026-01-21 17:06:47
4211,26,2970,Cancelled,2026-01-05 17:06:47,
4212,26,2428,Attended,2025-12-09 17:06:47,2026-01-21 17:06:47
4213,26,1220,Attended,2025-12-29 17:06:47,2026-01-21 17:06:47
4214,26,3255,Attended,2026-01-03 17:06:47,2026-01-21 17:06:47
4215,26,1941,Attended,2026-01-06 17:06:47,2026-01-21 17:06:47
4216,26,2265,Attended,2026-01-16 17:06:47,2026-01-21 17:06:47
4217,26,673,No Show,2026-01-09 17:06:47,
4218,26,2044,Attended,2025-12-07 17:06:47,2026-01-21 17:06:47
4219,26,2255,Attended,2026-01-20 17:06:47,2026-01-21 17:06:47
4220,26,711,Cancelled,2025-12-27 17:06:47,
4221,26,606,Registered,2026-01-13 17:06:47,
4222,26,2096,Attended,2025-12-12 17:06:47,2026-01-21 17:06:47
4223,26,897,Attended,2025-12-14 17:06:47,2026-01-21 17:06:47
4224,26,1706,No Show,2025-12-19 17:06:47,
4225,26,2691,Attended,2025-12-08 17:06:47,2026-01-21 17:06:47
4226,26,2280,Cancelled,2025-12-10 17:06:47,
4227,26,2230,Attended,2025-12-14 17:06:47,2026-01-21 17:06:47
4228,26,2186,Registered,2026-01-16 17:06:47,
4229,26,1402,Attended,2026-01-18 17:06:47,2026-01-21 17:06:47
4230,26,762,Attended,2026-01-13 17:06:47,2026-01-21 17:06:47
4231,26,3068,Attended,2026-01-10 17:06:47,2026-01-21 17:06:47
4232,26,1095,Attended,2026-01-18 17:06:47,2026-01-21 17:06:47
4233,26,1059,Registered,2025-12-18 17:06:47,
4234,26,927,Registered,2025-12-22 17:06:47,
4235,26,841,Attended,2026-01-14 17:06:47,2026-01-21 17:06:47
4236,26,3042,Attended,2025-12-14 17:06:47,2026-01-21 17:06:47
4237,26,2656,No Show,2026-01-15 17:06:47,
4238,26,1946,Attended,2026-01-17 17:06:47,2026-01-21 17:06:47
4239,26,124,Attended,2026-01-13 17:06:47,2026-01-21 17:06:47
4240,26,161,Registered,2025-12-08 17:06:47,
4241,26,364,Attended,2026-01-07 17:06:47,2026-01-21 17:06:47
4242,26,651,Attended,2025-12-31 17:06:47,2026-01-21 17:06:47
4243,26,1169,Attended,2026-01-12 17:06:47,2026-01-21 17:06:47
4244,26,2035,Cancelled,2026-01-20 17:06:47,
4245,26,323,Attended,2025-12-09 17:06:47,2026-01-21 17:06:47
4246,26,2018,Attended,2026-01-15 17:06:47,2026-01-21 17:06:47
4247,26,1198,Registered,2025-12-20 17:06:47,
4248,26,538,Registered,2025-12-10 17:06:47,
4249,26,3017,Attended,2025-12-17 17:06:47,2026-01-21 17:06:47
4250,26,759,Attended,2026-01-07 17:06:47,2026-01-21 17:06:47
4251,26,2543,Attended,2025-12-19 17:06:47,2026-01-21 17:06:47
4252,26,1030,Attended,2025-12-17 17:06:47,2026-01-21 17:06:47
4253,26,2942,No Show,2026-01-18 17:06:47,
4254,26,521,Attended,2025-12-25 17:06:47,2026-01-21 17:06:47
4255,26,869,Attended,2026-01-17 17:06:47,2026-01-21 17:06:47
4256,26,2,No Show,2025-12-27 17:06:47,
4257,26,2143,Attended,2025-12-16 17:06:47,2026-01-21 17:06:47
4258,26,1640,Attended,2026-01-18 17:06:47,2026-01-21 17:06:47
4259,26,1798,Attended,2025-12-19 17:06:47,2026-01-21 17:06:47
4260,26,3113,Attended,2025-12-25 17:06:47,2026-01-21 17:06:47
4261,26,2983,No Show,2026-01-10 17:06:47,
4262,26,2023,Attended,2025-12-15 17:06:47,2026-01-21 17:06:47
4263,26,349,Attended,2025-12-15 17:06:47,2026-01-21 17:06:47
4264,26,3109,Attended,2026-01-17 17:06:47,2026-01-21 17:06:47
4265,26,1750,Attended,2026-01-03 17:06:47,2026-01-21 17:06:47
4266,26,2249,Attended,2025-12-23 17:06:47,2026-01-21 17:06:47
4267,26,2586,Cancelled,2026-01-04 17:06:47,
4268,26,3199,Attended,2025-12-16 17:06:47,2026-01-21 17:06:47
4269,26,1661,Attended,2025-12-24 17:06:47,2026-01-21 17:06:47
4270,26,2454,Attended,2025-12-09 17:06:47,2026-01-21 17:06:47
4271,26,3149,No Show,2026-01-11 17:06:47,
4272,26,2466,Registered,2025-12-29 17:06:47,
4273,26,3024,Attended,2026-01-18 17:06:47,2026-01-21 17:06:47
4274,26,817,Attended,2026-01-16 17:06:47,2026-01-21 17:06:47
4275,26,873,Attended,2026-01-07 17:06:47,2026-01-21 17:06:47
4276,26,2714,Attended,2026-01-04 17:06:47,2026-01-21 17:06:47
4277,26,2031,No Show,2025-12-25 17:06:47,
4278,26,2342,Registered,2025-12-21 17:06:47,
4279,26,815,Attended,2025-12-30 17:06:47,2026-01-21 17:06:47
4280,26,1345,Attended,2025-12-14 17:06:47,2026-01-21 17:06:47
4281,26,2873,Attended,2025-12-16 17:06:47,2026-01-21 17:06:47
4282,26,1618,Cancelled,2025-12-19 17:06:47,
4283,26,3022,Attended,2025-12-28 17:06:47,2026-01-21 17:06:47
4284,26,602,No Show,2025-12-24 17:06:47,
4285,26,1805,Attended,2026-01-18 17:06:47,2026-01-21 17:06:47
4286,26,2251,Registered,2026-01-01 17:06:47,
4287,26,2496,Attended,2025-12-13 17:06:47,2026-01-21 17:06:47
4288,26,241,Attended,2026-01-10 17:06:47,2026-01-21 17:06:47
4289,26,1526,Attended,2025-12-13 17:06:47,2026-01-21 17:06:47
4290,26,1128,Registered,2026-01-02 17:06:47,
4291,26,1730,Attended,2025-12-22 17:06:47,2026-01-21 17:06:47
4292,26,1008,Attended,2025-12-29 17:06:47,2026-01-21 17:06:47
4293,26,1643,Attended,2025-12-16 17:06:47,2026-01-21 17:06:47
4294,26,2238,Attended,2025-12-13 17:06:47,2026-01-21 17:06:47
4295,26,25,No Show,2026-01-18 17:06:47,
4296,26,3256,Attended,2025-12-10 17:06:47,2026-01-21 17:06:47
4297,26,1854,Attended,2025-12-28 17:06:47,2026-01-21 17:06:47
4298,26,2981,Attended,2025-12-29 17:06:47,2026-01-21 17:06:47
4299,26,3134,Attended,2026-01-06 17:06:47,2026-01-21 17:06:47
4300,26,1623,Attended,2026-01-02 17:06:47,2026-01-21 17:06:47
4301,26,2373,No Show,2025-12-30 17:06:47,
4302,26,1306,Attended,2025-12-12 17:06:47,2026-01-21 17:06:47
4303,26,2481,Attended,2026-01-09 17:06:47,2026-01-21 17:06:47
4304,26,1919,Registered,2026-01-08 17:06:47,
4305,26,2761,Attended,2025-12-10 17:06:47,2026-01-21 17:06:47
4306,26,356,Attended,2026-01-03 17:06:47,2026-01-21 17:06:47
4307,26,382,Attended,2025-12-18 17:06:47,2026-01-21 17:06:47
4308,26,683,No Show,2025-12-17 17:06:47,
4309,26,851,Attended,2025-12-24 17:06:47,2026-01-21 17:06:47
4310,26,1864,Attended,2026-01-18 17:06:47,2026-01-21 17:06:47
4311,26,1274,Attended,2025-12-14 17:06:47,2026-01-21 17:06:47
4312,26,1121,Registered,2026-01-18 17:06:47,
4313,26,2030,Attended,2025-12-20 17:06:47,2026-01-21 17:06:47
4314,26,733,Registered,2025-12-21 17:06:47,
4315,26,2306,Attended,2025-12-25 17:06:47,2026-01-21 17:06:47
4316,26,2579,Registered,2026-01-17 17:06:47,
4317,26,1586,Registered,2025-12-29 17:06:47,
4318,26,1060,Attended,2025-12-29 17:06:47,2026-01-21 17:06:47
4319,26,2539,Attended,2026-01-13 17:06:47,2026-01-21 17:06:47
4320,26,449,Attended,2026-01-17 17:06:47,2026-01-21 17:06:47
4321,26,261,Attended,2026-01-19 17:06:47,2026-01-21 17:06:47
4322,26,2149,Cancelled,2026-01-19 17:06:47,
4323,26,2944,No Show,2025-12-24 17:06:47,
4324,26,904,Attended,2026-01-04 17:06:47,2026-01-21 17:06:47
4325,26,510,Registered,2026-01-18 17:06:47,
4326,26,1986,Attended,2026-01-17 17:06:47,2026-01-21 17:06:47
4327,26,2566,Attended,2026-01-15 17:06:47,2026-01-21 17:06:47
4328,26,1801,Attended,2026-01-01 17:06:47,2026-01-21 17:06:47
4329,26,2699,Cancelled,2026-01-13 17:06:47,
4330,26,669,Attended,2026-01-18 17:06:47,2026-01-21 17:06:47
4331,26,1182,Registered,2025-12-22 17:06:47,
4332,26,1379,Attended,2025-12-10 17:06:47,2026-01-21 17:06:47
4333,26,1533,Attended,2026-01-12 17:06:47,2026-01-21 17:06:47
4334,26,3218,Registered,2026-01-08 17:06:47,
4335,26,1959,No Show,2026-01-18 17:06:47,
4336,26,2649,No Show,2025-12-12 17:06:47,
4337,26,2960,Attended,2025-12-18 17:06:47,2026-01-21 17:06:47
4338,26,1872,Attended,2026-01-11 17:06:47,2026-01-21 17:06:47
4339,26,511,Attended,2025-12-23 17:06:47,2026-01-21 17:06:47
4340,26,629,Attended,2026-01-15 17:06:47,2026-01-21 17:06:47
4341,26,1475,Attended,2026-01-18 17:06:47,2026-01-21 17:06:47
4342,26,638,Attended,2025-12-19 17:06:47,2026-01-21 17:06:47
4343,26,1087,Registered,2025-12-18 17:06:47,
4344,26,1885,Attended,2026-01-13 17:06:47,2026-01-21 17:06:47
4345,26,2747,Registered,2026-01-15 17:06:47,
4346,26,2040,Attended,2025-12-15 17:06:47,2026-01-21 17:06:47
4347,26,240,Attended,2025-12-07 17:06:47,2026-01-21 17:06:47
4348,26,754,Attended,2025-12-16 17:06:47,2026-01-21 17:06:47
4349,26,2888,Attended,2026-01-17 17:06:47,2026-01-21 17:06:47
4350,26,1483,Registered,2025-12-18 17:06:47,
4351,26,376,Attended,2026-01-19 17:06:47,2026-01-21 17:06:47
4352,26,1506,Registered,2026-01-13 17:06:47,
4353,26,1974,Cancelled,2025-12-26 17:06:47,
4354,26,2287,Attended,2026-01-08 17:06:47,2026-01-21 17:06:47
4355,26,1307,Registered,2026-01-05 17:06:47,
4356,26,1697,Attended,2026-01-05 17:06:47,2026-01-21 17:06:47
4357,26,2485,Attended,2025-12-15 17:06:47,2026-01-21 17:06:47
4358,26,1781,Attended,2025-12-25 17:06:47,2026-01-21 17:06:47
4359,26,973,Registered,2026-01-01 17:06:47,
4360,26,1917,Attended,2025-12-08 17:06:47,2026-01-21 17:06:47
4361,26,2262,Attended,2026-01-18 17:06:47,2026-01-21 17:06:47
4362,26,1319,Attended,2026-01-17 17:06:47,2026-01-21 17:06:47
4363,26,1547,Registered,2025-12-23 17:06:47,
4364,26,2445,Attended,2025-12-13 17:06:47,2026-01-21 17:06:47
4365,26,939,No Show,2025-12-10 17:06:47,
4366,26,1239,Registered,2025-12-17 17:06:47,
4367,26,1490,No Show,2025-12-26 17:06:47,
4368,26,327,No Show,2025-12-07 17:06:47,
4369,26,1331,Attended,2026-01-17 17:06:47,2026-01-21 17:06:47
4370,26,131,Attended,2025-12-10 17:06:47,2026-01-21 17:06:47
4371,26,281,Cancelled,2025-12-29 17:06:47,
4372,26,1771,Attended,2025-12-20 17:06:47,2026-01-21 17:06:47
4373,26,2376,Attended,2026-01-01 17:06:47,2026-01-21 17:06:47
4374,26,1156,Registered,2025-12-31 17:06:47,
4375,26,765,Attended,2025-12-31 17:06:47,2026-01-21 17:06:47
4376,26,458,No Show,2025-12-25 17:06:47,
4377,26,1858,Attended,2025-12-30 17:06:47,2026-01-21 17:06:47
4378,26,2461,Attended,2026-01-01 17:06:47,2026-01-21 17:06:47
4379,26,3143,Registered,2025-12-21 17:06:47,
4380,26,500,Attended,2025-12-19 17:06:47,2026-01-21 17:06:47
4381,26,1683,Attended,2025-12-27 17:06:47,2026-01-21 17:06:47
4382,26,350,Cancelled,2025-12-11 17:06:47,
4383,26,2681,Attended,2026-01-02 17:06:47,2026-01-21 17:06:47
4384,26,2180,Cancelled,2026-01-06 17:06:47,
4385,26,1237,Registered,2026-01-08 17:06:47,
4386,26,3129,Attended,2025-12-24 17:06:47,2026-01-21 17:06:47
4387,26,1276,Attended,2025-12-16 17:06:47,2026-01-21 17:06:47
4388,26,988,Attended,2026-01-12 17:06:47,2026-01-21 17:06:47
4389,26,1576,Attended,2026-01-14 17:06:47,2026-01-21 17:06:47
4390,26,104,Attended,2025-12-26 17:06:47,2026-01-21 17:06:47
4391,26,1057,Registered,2025-12-30 17:06:47,
4392,26,1175,Attended,2025-12-26 17:06:47,2026-01-21 17:06:47
4393,26,389,Attended,2025-12-15 17:06:47,2026-01-21 17:06:47
4394,26,2058,Cancelled,2026-01-06 17:06:47,
4395,26,2827,Attended,2026-01-18 17:06:47,2026-01-21 17:06:47
4396,26,1036,Attended,2026-01-09 17:06:47,2026-01-21 17:06:47
4397,26,3210,Attended,2026-01-02 17:06:47,2026-01-21 17:06:47
4398,26,1407,Registered,2025-12-25 17:06:47,
4399,26,137,Attended,2025-12-12 17:06:47,2026-01-21 17:06:47
4400,26,47,No Show,2026-01-09 17:06:47,
4401,26,3030,Attended,2025-12-15 17:06:47,2026-01-21 17:06:47
4402,26,2019,Attended,2025-12-23 17:06:47,2026-01-21 17:06:47
4403,26,1131,Registered,2026-01-02 17:06:47,
4404,26,825,Cancelled,2025-12-15 17:06:47,
4405,26,2165,Registered,2025-12-14 17:06:47,
4406,26,1436,Registered,2025-12-26 17:06:47,
4407,26,1333,Registered,2025-12-27 17:06:47,
4408,26,33,Registered,2026-01-14 17:06:47,
4409,26,128,Attended,2026-01-19 17:06:47,2026-01-21 17:06:47
4410,26,503,No Show,2025-12-28 17:06:47,
4411,26,2431,Attended,2025-12-25 17:06:47,2026-01-21 17:06:47
4412,26,537,Attended,2025-12-08 17:06:47,2026-01-21 17:06:47
4413,26,2153,Attended,2025-12-11 17:06:47,2026-01-21 17:06:47
4414,26,980,Attended,2025-12-14 17:06:47,2026-01-21 17:06:47
4415,26,1388,Registered,2025-12-07 17:06:47,
4416,26,2885,Attended,2025-12-07 17:06:47,2026-01-21 17:06:47
4417,26,854,Attended,2025-12-13 17:06:47,2026-01-21 17:06:47
4418,26,1162,No Show,2025-12-16 17:06:47,
4419,26,3021,Attended,2025-12-11 17:06:47,2026-01-21 17:06:47
4420,26,1653,Attended,2026-01-02 17:06:47,2026-01-21 17:06:47
4421,26,1692,Attended,2025-12-23 17:06:47,2026-01-21 17:06:47
4422,26,637,Attended,2026-01-01 17:06:47,2026-01-21 17:06:47
4423,26,2574,Registered,2025-12-31 17:06:47,
4424,26,504,Attended,2026-01-18 17:06:47,2026-01-21 17:06:47
4425,26,2278,Attended,2025-12-15 17:06:47,2026-01-21 17:06:47
4426,26,3234,Attended,2026-01-01 17:06:47,2026-01-21 17:06:47
4427,26,2589,Registered,2025-12-16 17:06:47,
4428,26,179,Attended,2025-12-15 17:06:47,2026-01-21 17:06:47
4429,26,2661,Attended,2025-12-18 17:06:47,2026-01-21 17:06:47
4430,26,2269,Registered,2025-12-16 17:06:47,
4431,26,617,Registered,2026-01-01 17:06:47,
4432,26,1953,Attended,2026-01-04 17:06:47,2026-01-21 17:06:47
4433,26,1595,Registered,2026-01-20 17:06:47,
4434,26,890,Attended,2026-01-14 17:06:47,2026-01-21 17:06:47
4435,26,1835,Attended,2025-12-15 17:06:47,2026-01-21 17:06:47
4436,26,3003,Attended,2025-12-09 17:06:47,2026-01-21 17:06:47
4437,26,3195,Cancelled,2025-12-12 17:06:47,
4438,26,2011,Attended,2025-12-28 17:06:47,2026-01-21 17:06:47
4439,26,2283,No Show,2025-12-09 17:06:47,
4440,26,2950,Attended,2025-12-11 17:06:47,2026-01-21 17:06:47
4441,26,943,Registered,2026-01-09 17:06:47,
4442,26,2889,Attended,2025-12-17 17:06:47,2026-01-21 17:06:47
4443,26,2517,Attended,2025-12-13 17:06:47,2026-01-21 17:06:47
4444,26,316,No Show,2026-01-18 17:06:47,
4445,26,494,Attended,2026-01-07 17:06:47,2026-01-21 17:06:47
4446,26,3019,Attended,2026-01-14 17:06:47,2026-01-21 17:06:47
4447,26,427,Registered,2025-12-22 17:06:47,
4448,26,2360,No Show,2026-01-13 17:06:47,
4449,26,1210,Attended,2025-12-24 17:06:47,2026-01-21 17:06:47
4450,26,138,Attended,2025-12-20 17:06:47,2026-01-21 17:06:47
4451,26,2565,Attended,2026-01-07 17:06:47,2026-01-21 17:06:47
4452,26,1261,Registered,2026-01-08 17:06:47,
4453,26,2683,No Show,2026-01-02 17:06:47,
4454,26,139,Registered,2026-01-14 17:06:47,
4455,26,2432,Cancelled,2025-12-20 17:06:47,
4456,26,917,Registered,2026-01-02 17:06:47,
4457,26,583,Attended,2025-12-12 17:06:47,2026-01-21 17:06:47
4458,26,959,Attended,2026-01-05 17:06:47,2026-01-21 17:06:47
4459,26,2324,Attended,2025-12-19 17:06:47,2026-01-21 17:06:47
4460,26,1976,No Show,2026-01-09 17:06:47,
4461,26,482,Registered,2025-12-27 17:06:47,
4462,26,1541,Attended,2025-12-11 17:06:47,2026-01-21 17:06:47
4463,26,1270,Attended,2025-12-16 17:06:47,2026-01-21 17:06:47
4464,26,2538,No Show,2025-12-26 17:06:47,
4465,26,2281,Attended,2026-01-06 17:06:47,2026-01-21 17:06:47
4466,26,2720,Attended,2026-01-12 17:06:47,2026-01-21 17:06:47
4467,26,1581,Cancelled,2025-12-19 17:06:47,
4468,26,718,Attended,2025-12-15 17:06:47,2026-01-21 17:06:47
4469,26,1238,Cancelled,2025-12-09 17:06:47,
4470,26,1253,Attended,2026-01-05 17:06:47,2026-01-21 17:06:47
4471,26,2893,No Show,2026-01-15 17:06:47,
4472,26,1138,Registered,2025-12-23 17:06:47,
4473,26,1735,Registered,2026-01-05 17:06:47,
4474,26,1601,No Show,2026-01-18 17:06:47,
4475,26,2315,Attended,2026-01-11 17:06:47,2026-01-21 17:06:47
4476,26,1065,Attended,2025-12-24 17:06:47,2026-01-21 17:06:47
4477,26,1427,Cancelled,2025-12-12 17:06:47,
4478,26,1489,No Show,2025-12-14 17:06:47,
4479,26,926,Attended,2025-12-25 17:06:47,2026-01-21 17:06:47
4480,26,446,Attended,2026-01-03 17:06:47,2026-01-21 17:06:47
4481,26,2398,No Show,2025-12-30 17:06:47,
4482,26,485,No Show,2025-12-12 17:06:47,
4483,26,2630,Attended,2026-01-19 17:06:47,2026-01-21 17:06:47
4484,26,1093,Attended,2026-01-16 17:06:47,2026-01-21 17:06:47
4485,26,2504,Attended,2026-01-03 17:06:47,2026-01-21 17:06:47
4486,26,1287,Attended,2026-01-04 17:06:47,2026-01-21 17:06:47
4487,26,373,Attended,2025-12-27 17:06:47,2026-01-21 17:06:47
4488,26,2971,Registered,2026-01-18 17:06:47,
4489,26,2795,No Show,2025-12-18 17:06:47,
4490,26,1342,Registered,2026-01-04 17:06:47,
4491,26,2378,Attended,2025-12-19 17:06:47,2026-01-21 17:06:47
4492,26,2896,No Show,2025-12-27 17:06:47,
4493,26,332,Attended,2026-01-10 17:06:47,2026-01-21 17:06:47
4494,26,1863,Attended,2025-12-12 17:06:47,2026-01-21 17:06:47
4495,26,429,Cancelled,2025-12-14 17:06:47,
4496,26,730,Attended,2026-01-10 17:06:47,2026-01-21 17:06:47
4497,26,2245,Cancelled,2026-01-09 17:06:47,
4498,26,2755,Registered,2026-01-18 17:06:47,
4499,26,2277,Attended,2025-12-09 17:06:47,2026-01-21 17:06:47
4500,26,2865,Cancelled,2026-01-19 17:06:47,
4501,26,1688,Attended,2025-12-24 17:06:47,2026-01-21 17:06:47
4502,26,1102,Attended,2025-12-13 17:06:47,2026-01-21 17:06:47
4503,26,3050,No Show,2025-12-24 17:06:47,
4504,26,134,Attended,2026-01-12 17:06:47,2026-01-21 17:06:47
4505,26,2107,Attended,2025-12-28 17:06:47,2026-01-21 17:06:47
4506,26,112,Attended,2025-12-13 17:06:47,2026-01-21 17:06:47
4507,26,2155,Attended,2026-01-16 17:06:47,2026-01-21 17:06:47
4508,26,1251,Attended,2026-01-08 17:06:47,2026-01-21 17:06:47
4509,26,440,Registered,2025-12-25 17:06:47,
4510,26,706,Attended,2025-12-28 17:06:47,2026-01-21 17:06:47
4511,26,3144,Attended,2026-01-03 17:06:47,2026-01-21 17:06:47
4512,26,1233,Attended,2026-01-16 17:06:47,2026-01-21 17:06:47
4513,26,3145,Registered,2025-12-17 17:06:47,
4514,27,2791,Attended,2023-05-01 03:01:48,2023-05-16 03:01:48
4515,27,904,Attended,2023-05-12 03:01:48,2023-05-16 03:01:48
4516,27,1191,Attended,2023-04-26 03:01:48,2023-05-16 03:01:48
4517,27,1648,Attended,2023-04-20 03:01:48,2023-05-16 03:01:48
4518,27,492,Registered,2023-05-10 03:01:48,
4519,27,1330,Registered,2023-04-09 03:01:48,
4520,27,2519,Cancelled,2023-04-05 03:01:48,
4521,27,1351,Registered,2023-05-03 03:01:48,
4522,27,2115,Registered,2023-04-24 03:01:48,
4523,27,353,Registered,2023-04-10 03:01:48,
4524,27,2613,Cancelled,2023-04-21 03:01:48,
4525,27,3087,Attended,2023-04-24 03:01:48,2023-05-16 03:01:48
4526,27,211,Attended,2023-05-14 03:01:48,2023-05-16 03:01:48
4527,27,1043,Attended,2023-05-02 03:01:48,2023-05-16 03:01:48
4528,27,72,Cancelled,2023-04-29 03:01:48,
4529,27,960,No Show,2023-05-01 03:01:48,
4530,27,1409,Registered,2023-04-29 03:01:48,
4531,27,2431,No Show,2023-04-22 03:01:48,
4532,27,1963,Attended,2023-04-17 03:01:48,2023-05-16 03:01:48
4533,27,444,Attended,2023-05-02 03:01:48,2023-05-16 03:01:48
4534,27,2539,Cancelled,2023-04-23 03:01:48,
4535,27,135,Attended,2023-04-13 03:01:48,2023-05-16 03:01:48
4536,27,1445,Registered,2023-04-17 03:01:48,
4537,27,2625,Attended,2023-04-05 03:01:48,2023-05-16 03:01:48
4538,27,1198,Attended,2023-04-16 03:01:48,2023-05-16 03:01:48
4539,27,598,Attended,2023-04-27 03:01:48,2023-05-16 03:01:48
4540,27,2105,Attended,2023-04-07 03:01:48,2023-05-16 03:01:48
4541,27,2698,Attended,2023-05-13 03:01:48,2023-05-16 03:01:48
4542,27,412,Registered,2023-04-12 03:01:48,
4543,27,2479,Cancelled,2023-05-14 03:01:48,
4544,27,2619,Attended,2023-04-13 03:01:48,2023-05-16 03:01:48
4545,27,2450,Registered,2023-04-24 03:01:48,
4546,27,1094,Attended,2023-05-01 03:01:48,2023-05-16 03:01:48
4547,27,801,Attended,2023-04-05 03:01:48,2023-05-16 03:01:48
4548,27,486,Attended,2023-04-03 03:01:48,2023-05-16 03:01:48
4549,27,2395,Attended,2023-05-13 03:01:48,2023-05-16 03:01:48
4550,27,1760,Attended,2023-04-23 03:01:48,2023-05-16 03:01:48
4551,27,2902,No Show,2023-05-10 03:01:48,
4552,27,748,Attended,2023-05-01 03:01:48,2023-05-16 03:01:48
4553,27,371,Registered,2023-04-24 03:01:48,
4554,27,539,Attended,2023-04-12 03:01:48,2023-05-16 03:01:48
4555,27,1401,Attended,2023-04-17 03:01:48,2023-05-16 03:01:48
4556,27,629,Attended,2023-05-14 03:01:48,2023-05-16 03:01:48
4557,27,3223,Attended,2023-04-20 03:01:48,2023-05-16 03:01:48
4558,27,1559,Attended,2023-05-08 03:01:48,2023-05-16 03:01:48
4559,27,1480,Registered,2023-04-08 03:01:48,
4560,27,3084,Attended,2023-05-06 03:01:48,2023-05-16 03:01:48
4561,27,2574,Registered,2023-05-09 03:01:48,
4562,27,710,Cancelled,2023-05-08 03:01:48,
4563,27,722,Attended,2023-04-18 03:01:48,2023-05-16 03:01:48
4564,27,2978,Attended,2023-04-27 03:01:48,2023-05-16 03:01:48
4565,27,3124,Attended,2023-04-24 03:01:48,2023-05-16 03:01:48
4566,27,1193,Attended,2023-05-08 03:01:48,2023-05-16 03:01:48
4567,27,2336,Registered,2023-05-10 03:01:48,
4568,27,1287,Cancelled,2023-05-01 03:01:48,
4569,27,1744,Attended,2023-04-18 03:01:48,2023-05-16 03:01:48
4570,27,922,Attended,2023-04-13 03:01:48,2023-05-16 03:01:48
4571,27,624,Registered,2023-04-08 03:01:48,
4572,27,325,Attended,2023-05-05 03:01:48,2023-05-16 03:01:48
4573,27,3201,Attended,2023-04-30 03:01:48,2023-05-16 03:01:48
4574,27,2055,Registered,2023-04-12 03:01:48,
4575,27,1248,Attended,2023-04-20 03:01:48,2023-05-16 03:01:48
4576,27,2253,Registered,2023-04-11 03:01:48,
4577,27,1065,Attended,2023-04-07 03:01:48,2023-05-16 03:01:48
4578,27,2595,Attended,2023-05-15 03:01:48,2023-05-16 03:01:48
4579,27,699,Registered,2023-04-22 03:01:48,
4580,27,2024,Attended,2023-04-23 03:01:48,2023-05-16 03:01:48
4581,27,1545,Attended,2023-04-18 03:01:48,2023-05-16 03:01:48
4582,27,2678,Attended,2023-04-18 03:01:48,2023-05-16 03:01:48
4583,27,3149,Attended,2023-04-05 03:01:48,2023-05-16 03:01:48
4584,27,2467,Attended,2023-05-06 03:01:48,2023-05-16 03:01:48
4585,27,1425,Attended,2023-04-05 03:01:48,2023-05-16 03:01:48
4586,27,2524,Attended,2023-04-12 03:01:48,2023-05-16 03:01:48
4587,27,1183,Attended,2023-04-21 03:01:48,2023-05-16 03:01:48
4588,27,1967,Attended,2023-04-24 03:01:48,2023-05-16 03:01:48
4589,27,2834,Attended,2023-04-09 03:01:48,2023-05-16 03:01:48
4590,27,2779,Attended,2023-05-14 03:01:48,2023-05-16 03:01:48
4591,27,57,Attended,2023-04-21 03:01:48,2023-05-16 03:01:48
4592,27,91,Attended,2023-04-14 03:01:48,2023-05-16 03:01:48
4593,27,1160,Attended,2023-04-08 03:01:48,2023-05-16 03:01:48
4594,27,222,Attended,2023-04-26 03:01:48,2023-05-16 03:01:48
4595,27,695,Attended,2023-05-06 03:01:48,2023-05-16 03:01:48
4596,27,1954,Attended,2023-05-06 03:01:48,2023-05-16 03:01:48
4597,27,3247,Registered,2023-04-10 03:01:48,
4598,27,1928,No Show,2023-05-05 03:01:48,
4599,27,1114,Attended,2023-05-10 03:01:48,2023-05-16 03:01:48
4600,27,2743,No Show,2023-04-14 03:01:48,
4601,27,2889,Attended,2023-04-21 03:01:48,2023-05-16 03:01:48
4602,27,1257,Attended,2023-05-14 03:01:48,2023-05-16 03:01:48
4603,27,2225,Attended,2023-04-07 03:01:48,2023-05-16 03:01:48
4604,27,2949,No Show,2023-04-14 03:01:48,
4605,27,810,Attended,2023-05-09 03:01:48,2023-05-16 03:01:48
4606,27,2114,No Show,2023-04-13 03:01:48,
4607,27,2824,Attended,2023-04-10 03:01:48,2023-05-16 03:01:48
4608,27,1366,Attended,2023-05-13 03:01:48,2023-05-16 03:01:48
4609,27,1628,Attended,2023-05-07 03:01:48,2023-05-16 03:01:48
4610,27,2000,No Show,2023-04-04 03:01:48,
4611,27,1666,Attended,2023-04-21 03:01:48,2023-05-16 03:01:48
4612,27,3134,Attended,2023-04-28 03:01:48,2023-05-16 03:01:48
4613,27,3056,Attended,2023-05-15 03:01:48,2023-05-16 03:01:48
4614,27,459,Attended,2023-04-11 03:01:48,2023-05-16 03:01:48
4615,27,985,Attended,2023-04-24 03:01:48,2023-05-16 03:01:48
4616,27,2549,Registered,2023-04-20 03:01:48,
4617,27,3221,Registered,2023-05-15 03:01:48,
4618,27,249,Attended,2023-05-13 03:01:48,2023-05-16 03:01:48
4619,27,1259,Attended,2023-04-08 03:01:48,2023-05-16 03:01:48
4620,27,568,Attended,2023-04-18 03:01:48,2023-05-16 03:01:48
4621,27,585,No Show,2023-05-05 03:01:48,
4622,27,765,Attended,2023-05-09 03:01:48,2023-05-16 03:01:48
4623,27,1881,Attended,2023-04-26 03:01:48,2023-05-16 03:01:48
4624,27,465,Attended,2023-04-13 03:01:48,2023-05-16 03:01:48
4625,27,914,Attended,2023-04-22 03:01:48,2023-05-16 03:01:48
4626,27,560,Registered,2023-04-20 03:01:48,
4627,27,3053,Attended,2023-04-04 03:01:48,2023-05-16 03:01:48
4628,27,3059,Attended,2023-05-12 03:01:48,2023-05-16 03:01:48
4629,27,421,Attended,2023-04-30 03:01:48,2023-05-16 03:01:48
4630,27,1064,Registered,2023-05-09 03:01:48,
4631,27,1957,Registered,2023-04-29 03:01:48,
4632,27,2176,Attended,2023-05-05 03:01:48,2023-05-16 03:01:48
4633,27,1123,Attended,2023-05-02 03:01:48,2023-05-16 03:01:48
4634,27,2802,Attended,2023-05-11 03:01:48,2023-05-16 03:01:48
4635,27,2922,Attended,2023-04-14 03:01:48,2023-05-16 03:01:48
4636,27,1654,Attended,2023-05-01 03:01:48,2023-05-16 03:01:48
4637,27,1389,Attended,2023-04-27 03:01:48,2023-05-16 03:01:48
4638,27,2650,Attended,2023-05-11 03:01:48,2023-05-16 03:01:48
4639,27,2434,Attended,2023-04-23 03:01:48,2023-05-16 03:01:48
4640,27,2188,No Show,2023-04-09 03:01:48,
4641,27,1561,No Show,2023-04-01 03:01:48,
4642,27,1893,Attended,2023-04-28 03:01:48,2023-05-16 03:01:48
4643,27,1952,Attended,2023-04-08 03:01:48,2023-05-16 03:01:48
4644,27,2970,Attended,2023-05-02 03:01:48,2023-05-16 03:01:48
4645,27,1870,Attended,2023-05-06 03:01:48,2023-05-16 03:01:48
4646,27,2745,Attended,2023-05-06 03:01:48,2023-05-16 03:01:48
4647,27,1729,Attended,2023-05-09 03:01:48,2023-05-16 03:01:48
4648,28,1698,No Show,2024-12-17 15:52:27,
4649,28,2170,No Show,2024-12-09 15:52:27,
4650,28,1606,No Show,2024-12-22 15:52:27,
4651,28,2986,Attended,2024-12-11 15:52:27,2025-01-22 15:52:27
4652,28,1670,Attended,2024-12-27 15:52:27,2025-01-22 15:52:27
4653,28,517,Attended,2025-01-16 15:52:27,2025-01-22 15:52:27
4654,28,873,Attended,2024-12-11 15:52:27,2025-01-22 15:52:27
4655,28,1363,Attended,2024-12-31 15:52:27,2025-01-22 15:52:27
4656,28,3229,Attended,2024-12-15 15:52:27,2025-01-22 15:52:27
4657,28,1784,No Show,2024-12-08 15:52:27,
4658,28,1751,Attended,2024-12-15 15:52:27,2025-01-22 15:52:27
4659,28,2439,Attended,2025-01-02 15:52:27,2025-01-22 15:52:27
4660,28,1045,Attended,2025-01-11 15:52:27,2025-01-22 15:52:27
4661,28,450,Attended,2025-01-19 15:52:27,2025-01-22 15:52:27
4662,28,2390,Attended,2024-12-24 15:52:27,2025-01-22 15:52:27
4663,28,574,No Show,2025-01-08 15:52:27,
4664,28,3255,Attended,2025-01-15 15:52:27,2025-01-22 15:52:27
4665,28,2682,Attended,2024-12-20 15:52:27,2025-01-22 15:52:27
4666,28,123,Registered,2025-01-21 15:52:27,
4667,28,778,Registered,2025-01-09 15:52:27,
4668,28,699,Attended,2024-12-25 15:52:27,2025-01-22 15:52:27
4669,28,2231,Attended,2024-12-09 15:52:27,2025-01-22 15:52:27
4670,28,608,No Show,2024-12-30 15:52:27,
4671,28,1927,Registered,2024-12-20 15:52:27,
4672,28,700,Attended,2025-01-14 15:52:27,2025-01-22 15:52:27
4673,28,2287,Attended,2024-12-13 15:52:27,2025-01-22 15:52:27
4674,28,2523,Cancelled,2024-12-24 15:52:27,
4675,28,1316,Attended,2025-01-19 15:52:27,2025-01-22 15:52:27
4676,28,929,No Show,2025-01-16 15:52:27,
4677,28,1889,Attended,2025-01-01 15:52:27,2025-01-22 15:52:27
4678,28,1380,Attended,2024-12-26 15:52:27,2025-01-22 15:52:27
4679,28,413,Attended,2025-01-20 15:52:27,2025-01-22 15:52:27
4680,28,1607,Attended,2025-01-17 15:52:27,2025-01-22 15:52:27
4681,28,2314,Registered,2025-01-20 15:52:27,
4682,28,1488,Attended,2025-01-19 15:52:27,2025-01-22 15:52:27
4683,28,2022,Attended,2025-01-01 15:52:27,2025-01-22 15:52:27
4684,28,3002,Attended,2024-12-27 15:52:27,2025-01-22 15:52:27
4685,28,1948,Attended,2025-01-12 15:52:27,2025-01-22 15:52:27
4686,28,1374,Attended,2024-12-31 15:52:27,2025-01-22 15:52:27
4687,28,2949,Cancelled,2024-12-27 15:52:27,
4688,28,268,Registered,2025-01-14 15:52:27,
4689,28,3150,No Show,2025-01-05 15:52:27,
4690,28,1687,Registered,2024-12-12 15:52:27,
4691,28,1649,Attended,2024-12-28 15:52:27,2025-01-22 15:52:27
4692,28,2266,Attended,2025-01-08 15:52:27,2025-01-22 15:52:27
4693,28,1180,Attended,2025-01-09 15:52:27,2025-01-22 15:52:27
4694,28,3114,No Show,2024-12-14 15:52:27,
4695,28,212,Registered,2025-01-08 15:52:27,
4696,28,1993,Attended,2025-01-06 15:52:27,2025-01-22 15:52:27
4697,28,3146,No Show,2025-01-09 15:52:27,
4698,28,3181,Attended,2024-12-23 15:52:27,2025-01-22 15:52:27
4699,28,961,Attended,2024-12-19 15:52:27,2025-01-22 15:52:27
4700,28,849,Attended,2024-12-29 15:52:27,2025-01-22 15:52:27
4701,28,1300,Attended,2024-12-12 15:52:27,2025-01-22 15:52:27
4702,28,998,Registered,2025-01-14 15:52:27,
4703,28,1322,No Show,2024-12-08 15:52:27,
4704,28,2886,Attended,2025-01-11 15:52:27,2025-01-22 15:52:27
4705,28,96,No Show,2025-01-05 15:52:27,
4706,28,702,Attended,2024-12-21 15:52:27,2025-01-22 15:52:27
4707,28,1027,Registered,2024-12-22 15:52:27,
4708,28,384,Cancelled,2025-01-20 15:52:27,
4709,28,2744,Attended,2025-01-21 15:52:27,2025-01-22 15:52:27
4710,28,2594,Attended,2025-01-02 15:52:27,2025-01-22 15:52:27
4711,28,1603,Attended,2024-12-10 15:52:27,2025-01-22 15:52:27
4712,28,2251,Attended,2025-01-08 15:52:27,2025-01-22 15:52:27
4713,28,2108,Registered,2024-12-28 15:52:27,
4714,28,2698,Attended,2025-01-05 15:52:27,2025-01-22 15:52:27
4715,28,1917,Attended,2024-12-21 15:52:27,2025-01-22 15:52:27
4716,28,83,Attended,2025-01-19 15:52:27,2025-01-22 15:52:27
4717,28,811,No Show,2024-12-16 15:52:27,
4718,28,3044,Attended,2025-01-13 15:52:27,2025-01-22 15:52:27
4719,28,1481,No Show,2025-01-20 15:52:27,
4720,28,1153,Attended,2024-12-23 15:52:27,2025-01-22 15:52:27
4721,28,2809,Attended,2024-12-30 15:52:27,2025-01-22 15:52:27
4722,28,1952,Attended,2025-01-14 15:52:27,2025-01-22 15:52:27
4723,28,3233,No Show,2025-01-11 15:52:27,
4724,28,2153,Attended,2024-12-12 15:52:27,2025-01-22 15:52:27
4725,28,1277,Registered,2024-12-26 15:52:27,
4726,28,2244,Registered,2024-12-29 15:52:27,
4727,28,2837,Attended,2024-12-18 15:52:27,2025-01-22 15:52:27
4728,28,1457,Cancelled,2024-12-13 15:52:27,
4729,28,2628,Attended,2025-01-10 15:52:27,2025-01-22 15:52:27
4730,28,615,Registered,2024-12-11 15:52:27,
4731,28,599,Attended,2025-01-07 15:52:27,2025-01-22 15:52:27
4732,28,2736,Attended,2024-12-23 15:52:27,2025-01-22 15:52:27
4733,28,416,Registered,2025-01-02 15:52:27,
4734,28,1074,Attended,2024-12-29 15:52:27,2025-01-22 15:52:27
4735,28,1050,Cancelled,2024-12-18 15:52:27,
4736,28,2595,Attended,2025-01-16 15:52:27,2025-01-22 15:52:27
4737,28,2699,Attended,2024-12-09 15:52:27,2025-01-22 15:52:27
4738,28,2202,Attended,2025-01-09 15:52:27,2025-01-22 15:52:27
4739,28,2816,Attended,2025-01-16 15:52:27,2025-01-22 15:52:27
4740,28,3239,Attended,2024-12-21 15:52:27,2025-01-22 15:52:27
4741,28,662,Cancelled,2025-01-16 15:52:27,
4742,28,948,Attended,2025-01-15 15:52:27,2025-01-22 15:52:27
4743,28,2332,Attended,2025-01-12 15:52:27,2025-01-22 15:52:27
4744,28,2748,Registered,2025-01-21 15:52:27,
4745,28,214,Registered,2025-01-14 15:52:27,
4746,28,1303,No Show,2025-01-02 15:52:27,
4747,28,1054,Attended,2024-12-31 15:52:27,2025-01-22 15:52:27
4748,28,2979,Attended,2025-01-07 15:52:27,2025-01-22 15:52:27
4749,28,746,Attended,2025-01-02 15:52:27,2025-01-22 15:52:27
4750,28,290,Cancelled,2025-01-06 15:52:27,
4751,28,1981,Attended,2025-01-17 15:52:27,2025-01-22 15:52:27
4752,28,651,No Show,2025-01-03 15:52:27,
4753,28,1538,Registered,2025-01-10 15:52:27,
4754,28,721,Attended,2025-01-11 15:52:27,2025-01-22 15:52:27
4755,28,554,Attended,2024-12-15 15:52:27,2025-01-22 15:52:27
4756,28,2960,Registered,2024-12-13 15:52:27,
4757,28,1619,Attended,2025-01-01 15:52:27,2025-01-22 15:52:27
4758,28,3202,No Show,2025-01-14 15:52:27,
4759,28,439,Attended,2024-12-12 15:52:27,2025-01-22 15:52:27
4760,28,2263,Cancelled,2024-12-10 15:52:27,
4761,28,2409,Attended,2025-01-01 15:52:27,2025-01-22 15:52:27
4762,28,802,No Show,2024-12-27 15:52:27,
4763,28,650,Attended,2024-12-15 15:52:27,2025-01-22 15:52:27
4764,28,1263,No Show,2024-12-31 15:52:27,
4765,28,1232,Cancelled,2024-12-09 15:52:27,
4766,28,659,Attended,2025-01-16 15:52:27,2025-01-22 15:52:27
4767,28,1088,Cancelled,2025-01-04 15:52:27,
4768,28,1299,Attended,2025-01-14 15:52:27,2025-01-22 15:52:27
4769,28,1943,No Show,2024-12-31 15:52:27,
4770,28,1325,Attended,2024-12-30 15:52:27,2025-01-22 15:52:27
4771,28,327,Attended,2024-12-11 15:52:27,2025-01-22 15:52:27
4772,28,2292,Attended,2024-12-20 15:52:27,2025-01-22 15:52:27
4773,28,68,No Show,2025-01-05 15:52:27,
4774,28,2646,No Show,2025-01-08 15:52:27,
4775,28,127,Attended,2025-01-01 15:52:27,2025-01-22 15:52:27
4776,28,609,Attended,2024-12-12 15:52:27,2025-01-22 15:52:27
4777,28,3246,No Show,2024-12-26 15:52:27,
4778,28,1651,Attended,2024-12-23 15:52:27,2025-01-22 15:52:27
4779,28,1412,Attended,2024-12-10 15:52:27,2025-01-22 15:52:27
4780,28,606,Attended,2025-01-11 15:52:27,2025-01-22 15:52:27
4781,28,2977,Attended,2025-01-01 15:52:27,2025-01-22 15:52:27
4782,28,2062,Attended,2024-12-13 15:52:27,2025-01-22 15:52:27
4783,28,1424,Attended,2025-01-04 15:52:27,2025-01-22 15:52:27
4784,28,2539,Attended,2025-01-02 15:52:27,2025-01-22 15:52:27
4785,28,2010,No Show,2024-12-31 15:52:27,
4786,28,899,Attended,2025-01-13 15:52:27,2025-01-22 15:52:27
4787,28,3222,Registered,2025-01-12 15:52:27,
4788,28,2264,Registered,2025-01-01 15:52:27,
4789,28,358,No Show,2025-01-15 15:52:27,
4790,28,2031,Attended,2024-12-16 15:52:27,2025-01-22 15:52:27
4791,28,2578,Attended,2024-12-12 15:52:27,2025-01-22 15:52:27
4792,28,1659,Attended,2025-01-14 15:52:27,2025-01-22 15:52:27
4793,28,2546,Registered,2024-12-09 15:52:27,
4794,28,160,Registered,2024-12-11 15:52:27,
4795,28,2408,Registered,2025-01-07 15:52:27,
4796,28,1460,Attended,2024-12-21 15:52:27,2025-01-22 15:52:27
4797,28,2360,Registered,2024-12-10 15:52:27,
4798,28,806,Attended,2024-12-22 15:52:27,2025-01-22 15:52:27
4799,28,636,Attended,2025-01-02 15:52:27,2025-01-22 15:52:27
4800,28,2711,Cancelled,2025-01-12 15:52:27,
4801,28,847,Attended,2024-12-13 15:52:27,2025-01-22 15:52:27
4802,28,3249,Attended,2025-01-05 15:52:27,2025-01-22 15:52:27
4803,28,1966,Attended,2025-01-21 15:52:27,2025-01-22 15:52:27
4804,28,324,Registered,2024-12-21 15:52:27,
4805,28,2443,No Show,2025-01-15 15:52:27,
4806,28,367,Attended,2024-12-16 15:52:27,2025-01-22 15:52:27
4807,28,54,Cancelled,2025-01-13 15:52:27,
4808,28,1891,Registered,2024-12-21 15:52:27,
4809,28,346,Registered,2024-12-22 15:52:27,
4810,28,1845,Registered,2024-12-14 15:52:27,
4811,28,1042,Attended,2024-12-10 15:52:27,2025-01-22 15:52:27
4812,28,3187,Attended,2024-12-30 15:52:27,2025-01-22 15:52:27
4813,28,1799,Attended,2025-01-12 15:52:27,2025-01-22 15:52:27
4814,28,1220,Registered,2025-01-12 15:52:27,
4815,28,2039,Attended,2025-01-10 15:52:27,2025-01-22 15:52:27
4816,28,943,Attended,2024-12-25 15:52:27,2025-01-22 15:52:27
4817,28,516,Attended,2024-12-17 15:52:27,2025-01-22 15:52:27
4818,28,175,Registered,2024-12-16 15:52:27,
4819,28,1789,Attended,2024-12-20 15:52:27,2025-01-22 15:52:27
4820,28,2962,Registered,2024-12-14 15:52:27,
4821,28,2382,No Show,2024-12-08 15:52:27,
4822,28,3087,Registered,2024-12-17 15:52:27,
4823,28,566,Attended,2025-01-02 15:52:27,2025-01-22 15:52:27
4824,28,894,Attended,2025-01-01 15:52:27,2025-01-22 15:52:27
4825,28,2679,Cancelled,2025-01-06 15:52:27,
4826,28,1468,Cancelled,2025-01-02 15:52:27,
4827,28,2531,Registered,2024-12-21 15:52:27,
4828,28,205,Attended,2024-12-28 15:52:27,2025-01-22 15:52:27
4829,28,1951,Registered,2024-12-14 15:52:27,
4830,28,274,Registered,2025-01-05 15:52:27,
4831,28,768,Attended,2025-01-07 15:52:27,2025-01-22 15:52:27
4832,28,2477,Attended,2024-12-10 15:52:27,2025-01-22 15:52:27
4833,28,2321,Attended,2025-01-19 15:52:27,2025-01-22 15:52:27
4834,28,624,Attended,2025-01-08 15:52:27,2025-01-22 15:52:27
4835,28,976,Registered,2025-01-10 15:52:27,
4836,28,3164,Attended,2024-12-29 15:52:27,2025-01-22 15:52:27
4837,28,619,Attended,2024-12-12 15:52:27,2025-01-22 15:52:27
4838,28,1262,No Show,2025-01-17 15:52:27,
4839,28,2777,Attended,2024-12-12 15:52:27,2025-01-22 15:52:27
4840,28,302,Attended,2024-12-27 15:52:27,2025-01-22 15:52:27
4841,28,1507,Attended,2024-12-21 15:52:27,2025-01-22 15:52:27
4842,28,1175,Registered,2025-01-15 15:52:27,
4843,28,786,Attended,2024-12-27 15:52:27,2025-01-22 15:52:27
4844,28,604,Registered,2024-12-11 15:52:27,
4845,28,1337,Attended,2025-01-03 15:52:27,2025-01-22 15:52:27
4846,28,2310,Attended,2025-01-20 15:52:27,2025-01-22 15:52:27
4847,28,2957,Registered,2025-01-17 15:52:27,
4848,28,2606,No Show,2025-01-06 15:52:27,
4849,28,621,Attended,2024-12-17 15:52:27,2025-01-22 15:52:27
4850,28,1539,Attended,2025-01-15 15:52:27,2025-01-22 15:52:27
4851,28,2618,Attended,2024-12-21 15:52:27,2025-01-22 15:52:27
4852,28,808,Attended,2025-01-12 15:52:27,2025-01-22 15:52:27
4853,28,1999,Attended,2024-12-23 15:52:27,2025-01-22 15:52:27
4854,28,1309,Attended,2025-01-03 15:52:27,2025-01-22 15:52:27
4855,28,2105,Registered,2025-01-15 15:52:27,
4856,28,2373,Attended,2024-12-10 15:52:27,2025-01-22 15:52:27
4857,28,1693,Attended,2025-01-09 15:52:27,2025-01-22 15:52:27
4858,28,1843,Attended,2024-12-27 15:52:27,2025-01-22 15:52:27
4859,28,1647,No Show,2024-12-26 15:52:27,
4860,28,3025,Registered,2024-12-22 15:52:27,
4861,28,655,Registered,2024-12-18 15:52:27,
4862,28,468,No Show,2024-12-28 15:52:27,
4863,28,2973,Registered,2024-12-31 15:52:27,
4864,28,2835,Attended,2024-12-22 15:52:27,2025-01-22 15:52:27
4865,28,2922,Attended,2024-12-21 15:52:27,2025-01-22 15:52:27
4866,28,53,Registered,2025-01-10 15:52:27,
4867,28,320,Registered,2024-12-16 15:52:27,
4868,28,673,Cancelled,2024-12-20 15:52:27,
4869,28,2501,Registered,2024-12-27 15:52:27,
4870,28,1930,Cancelled,2025-01-12 15:52:27,
4871,28,1831,Registered,2025-01-14 15:52:27,
4872,28,2219,Attended,2025-01-05 15:52:27,2025-01-22 15:52:27
4873,28,203,Attended,2024-12-10 15:52:27,2025-01-22 15:52:27
4874,28,1681,Attended,2025-01-05 15:52:27,2025-01-22 15:52:27
4875,28,2307,Attended,2025-01-07 15:52:27,2025-01-22 15:52:27
4876,28,1315,Attended,2024-12-31 15:52:27,2025-01-22 15:52:27
4877,28,2475,Attended,2024-12-15 15:52:27,2025-01-22 15:52:27
4878,28,985,No Show,2024-12-13 15:52:27,
4879,28,898,Attended,2025-01-08 15:52:27,2025-01-22 15:52:27
4880,28,2214,No Show,2024-12-20 15:52:27,
4881,28,2006,Attended,2024-12-10 15:52:27,2025-01-22 15:52:27
4882,28,646,Attended,2024-12-27 15:52:27,2025-01-22 15:52:27
4883,28,333,Attended,2024-12-23 15:52:27,2025-01-22 15:52:27
4884,28,825,Attended,2025-01-08 15:52:27,2025-01-22 15:52:27
4885,28,654,Cancelled,2025-01-07 15:52:27,
4886,28,3001,Attended,2024-12-08 15:52:27,2025-01-22 15:52:27
4887,28,114,No Show,2025-01-13 15:52:27,
4888,28,2701,Registered,2025-01-06 15:52:27,
4889,28,445,No Show,2024-12-24 15:52:27,
4890,28,850,No Show,2024-12-17 15:52:27,
4891,28,1155,Attended,2025-01-17 15:52:27,2025-01-22 15:52:27
4892,28,980,Attended,2025-01-04 15:52:27,2025-01-22 15:52:27
4893,28,1755,No Show,2024-12-12 15:52:27,
4894,28,777,Attended,2025-01-02 15:52:27,2025-01-22 15:52:27
4895,28,28,Registered,2024-12-24 15:52:27,
4896,28,355,Attended,2025-01-21 15:52:27,2025-01-22 15:52:27
4897,28,308,Cancelled,2025-01-11 15:52:27,
4898,28,409,Attended,2024-12-22 15:52:27,2025-01-22 15:52:27
4899,28,1224,No Show,2024-12-18 15:52:27,
4900,28,2126,Attended,2025-01-01 15:52:27,2025-01-22 15:52:27
4901,28,410,Cancelled,2024-12-20 15:52:27,
4902,28,2690,Attended,2024-12-22 15:52:27,2025-01-22 15:52:27
4903,28,1048,Registered,2025-01-20 15:52:27,
4904,28,2466,Registered,2024-12-16 15:52:27,
4905,28,1194,Attended,2025-01-05 15:52:27,2025-01-22 15:52:27
4906,28,2709,Attended,2024-12-28 15:52:27,2025-01-22 15:52:27
4907,28,708,Attended,2024-12-11 15:52:27,2025-01-22 15:52:27
4908,28,928,No Show,2024-12-26 15:52:27,
4909,28,1991,Attended,2024-12-18 15:52:27,2025-01-22 15:52:27
4910,28,1602,Attended,2024-12-13 15:52:27,2025-01-22 15:52:27
4911,28,2983,Attended,2024-12-20 15:52:27,2025-01-22 15:52:27
4912,28,1058,No Show,2025-01-07 15:52:27,
4913,28,2677,Attended,2025-01-01 15:52:27,2025-01-22 15:52:27
4914,28,2042,Cancelled,2024-12-27 15:52:27,
4915,28,1440,No Show,2024-12-13 15:52:27,
4916,28,1200,No Show,2025-01-05 15:52:27,
4917,28,3136,Registered,2024-12-09 15:52:27,
4918,28,1604,Attended,2024-12-23 15:52:27,2025-01-22 15:52:27
4919,28,959,Registered,2025-01-19 15:52:27,
4920,28,420,Registered,2024-12-16 15:52:27,
4921,28,73,Attended,2024-12-23 15:52:27,2025-01-22 15:52:27
4922,28,1829,Attended,2024-12-20 15:52:27,2025-01-22 15:52:27
4923,28,2060,Attended,2025-01-17 15:52:27,2025-01-22 15:52:27
4924,28,2695,Registered,2025-01-21 15:52:27,
4925,28,2633,Attended,2025-01-16 15:52:27,2025-01-22 15:52:27
4926,28,1409,Cancelled,2024-12-12 15:52:27,
4927,28,1167,Attended,2024-12-21 15:52:27,2025-01-22 15:52:27
4928,28,332,Attended,2024-12-23 15:52:27,2025-01-22 15:52:27
4929,28,165,Registered,2024-12-25 15:52:27,
4930,28,1390,Cancelled,2025-01-12 15:52:27,
4931,28,343,No Show,2024-12-08 15:52:27,
4932,28,1123,Attended,2025-01-02 15:52:27,2025-01-22 15:52:27
4933,28,842,Attended,2025-01-06 15:52:27,2025-01-22 15:52:27
4934,28,224,Attended,2024-12-08 15:52:27,2025-01-22 15:52:27
4935,28,1094,Attended,2025-01-02 15:52:27,2025-01-22 15:52:27
4936,28,1661,Attended,2024-12-24 15:52:27,2025-01-22 15:52:27
4937,28,3096,Attended,2024-12-19 15:52:27,2025-01-22 15:52:27
4938,28,1071,Registered,2024-12-09 15:52:27,
4939,28,1984,Attended,2024-12-27 15:52:27,2025-01-22 15:52:27
4940,28,783,Registered,2024-12-11 15:52:27,
4941,28,2894,Cancelled,2024-12-31 15:52:27,
4942,28,2222,Registered,2024-12-15 15:52:27,
4943,28,521,No Show,2025-01-21 15:52:27,
4944,28,1034,Attended,2025-01-11 15:52:27,2025-01-22 15:52:27
4945,28,2186,Attended,2024-12-17 15:52:27,2025-01-22 15:52:27
4946,28,3203,Attended,2024-12-13 15:52:27,2025-01-22 15:52:27
4947,28,2849,Attended,2024-12-17 15:52:27,2025-01-22 15:52:27
4948,28,3000,Attended,2025-01-16 15:52:27,2025-01-22 15:52:27
4949,28,2182,Registered,2024-12-12 15:52:27,
4950,28,2366,Attended,2025-01-03 15:52:27,2025-01-22 15:52:27
4951,28,596,Attended,2025-01-20 15:52:27,2025-01-22 15:52:27
4952,28,211,Attended,2025-01-06 15:52:27,2025-01-22 15:52:27
4953,28,1004,Registered,2025-01-01 15:52:27,
4954,28,1588,Registered,2025-01-14 15:52:27,
4955,28,830,Cancelled,2025-01-04 15:52:27,
4956,28,1523,No Show,2025-01-10 15:52:27,
4957,28,1572,Attended,2024-12-20 15:52:27,2025-01-22 15:52:27
4958,28,549,No Show,2024-12-19 15:52:27,
4959,28,207,Attended,2025-01-20 15:52:27,2025-01-22 15:52:27
4960,28,164,Attended,2024-12-20 15:52:27,2025-01-22 15:52:27
4961,28,510,Attended,2025-01-03 15:52:27,2025-01-22 15:52:27
4962,28,1204,No Show,2024-12-19 15:52:27,
4963,28,2446,Attended,2025-01-12 15:52:27,2025-01-22 15:52:27
4964,28,1772,Registered,2024-12-23 15:52:27,
4965,28,1627,Attended,2025-01-19 15:52:27,2025-01-22 15:52:27
4966,28,2963,Cancelled,2024-12-29 15:52:27,
4967,28,2733,Cancelled,2024-12-15 15:52:27,
4968,28,470,Registered,2024-12-22 15:52:27,
4969,28,1591,Attended,2025-01-05 15:52:27,2025-01-22 15:52:27
4970,28,3219,Attended,2025-01-01 15:52:27,2025-01-22 15:52:27
4971,28,897,Registered,2024-12-14 15:52:27,
4972,28,2319,Attended,2025-01-11 15:52:27,2025-01-22 15:52:27
4973,28,3190,Attended,2024-12-12 15:52:27,2025-01-22 15:52:27
4974,28,1764,Attended,2024-12-25 15:52:27,2025-01-22 15:52:27
4975,28,483,Registered,2024-12-18 15:52:27,
4976,28,202,Attended,2024-12-16 15:52:27,2025-01-22 15:52:27
4977,28,2049,Cancelled,2025-01-05 15:52:27,
4978,28,539,Attended,2025-01-06 15:52:27,2025-01-22 15:52:27
4979,28,1456,Registered,2025-01-10 15:52:27,
4980,28,763,Attended,2024-12-13 15:52:27,2025-01-22 15:52:27
4981,28,3107,Attended,2025-01-08 15:52:27,2025-01-22 15:52:27
4982,28,2009,Registered,2024-12-13 15:52:27,
4983,28,2148,Attended,2025-01-10 15:52:27,2025-01-22 15:52:27
4984,28,1442,Attended,2025-01-21 15:52:27,2025-01-22 15:52:27
4985,28,3157,Attended,2024-12-19 15:52:27,2025-01-22 15:52:27
4986,28,256,Registered,2024-12-31 15:52:27,
4987,28,1850,Cancelled,2025-01-17 15:52:27,
4988,28,1623,No Show,2024-12-26 15:52:27,
4989,28,1576,Attended,2025-01-19 15:52:27,2025-01-22 15:52:27
4990,28,1090,No Show,2024-12-25 15:52:27,
4991,28,1035,Attended,2024-12-31 15:52:27,2025-01-22 15:52:27
4992,28,395,Attended,2024-12-13 15:52:27,2025-01-22 15:52:27
4993,28,1206,Attended,2025-01-16 15:52:27,2025-01-22 15:52:27
4994,28,3247,Attended,2025-01-20 15:52:27,2025-01-22 15:52:27
4995,28,1605,Attended,2025-01-12 15:52:27,2025-01-22 15:52:27
4996,28,2401,Registered,2025-01-09 15:52:27,
4997,28,2712,Attended,2024-12-23 15:52:27,2025-01-22 15:52:27
4998,28,717,Attended,2025-01-18 15:52:27,2025-01-22 15:52:27
4999,28,837,Attended,2024-12-23 15:52:27,2025-01-22 15:52:27
5000,28,2122,Attended,2025-01-14 15:52:27,2025-01-22 15:52:27
5001,28,363,Registered,2024-12-27 15:52:27,
5002,28,2169,Registered,2024-12-10 15:52:27,
5003,28,1964,Attended,2024-12-08 15:52:27,2025-01-22 15:52:27
5004,28,2737,Registered,2024-12-08 15:52:27,
5005,28,156,Attended,2024-12-19 15:52:27,2025-01-22 15:52:27
5006,28,2885,Attended,2025-01-11 15:52:27,2025-01-22 15:52:27
5007,28,794,Attended,2025-01-16 15:52:27,2025-01-22 15:52:27
5008,28,1887,Attended,2024-12-12 15:52:27,2025-01-22 15:52:27
5009,28,2658,Attended,2024-12-18 15:52:27,2025-01-22 15:52:27
5010,28,1421,Registered,2024-12-22 15:52:27,
5011,28,1121,Attended,2024-12-25 15:52:27,2025-01-22 15:52:27
5012,28,227,Attended,2024-12-31 15:52:27,2025-01-22 15:52:27
5013,28,463,No Show,2024-12-20 15:52:27,
5014,28,567,Attended,2024-12-16 15:52:27,2025-01-22 15:52:27
5015,28,2766,Attended,2025-01-07 15:52:27,2025-01-22 15:52:27
5016,28,3086,Attended,2025-01-20 15:52:27,2025-01-22 15:52:27
5017,28,376,Attended,2024-12-10 15:52:27,2025-01-22 15:52:27
5018,28,693,Attended,2024-12-21 15:52:27,2025-01-22 15:52:27
5019,28,187,Cancelled,2024-12-23 15:52:27,
5020,28,3003,Attended,2025-01-03 15:52:27,2025-01-22 15:52:27
5021,28,828,Registered,2024-12-19 15:52:27,
5022,28,1864,Attended,2024-12-15 15:52:27,2025-01-22 15:52:27
5023,28,690,No Show,2025-01-06 15:52:27,
5024,28,648,Attended,2024-12-14 15:52:27,2025-01-22 15:52:27
5025,28,2756,Attended,2025-01-11 15:52:27,2025-01-22 15:52:27
5026,28,1691,Cancelled,2024-12-23 15:52:27,
5027,28,1,Attended,2024-12-29 15:52:27,2025-01-22 15:52:27
5028,28,1710,Attended,2025-01-19 15:52:27,2025-01-22 15:52:27
5029,28,936,Registered,2025-01-09 15:52:27,
5030,28,159,Attended,2024-12-12 15:52:27,2025-01-22 15:52:27
5031,28,2131,Attended,2025-01-05 15:52:27,2025-01-22 15:52:27
5032,28,1879,No Show,2025-01-06 15:52:27,
5033,28,1877,No Show,2025-01-16 15:52:27,
5034,28,1674,No Show,2025-01-18 15:52:27,
5035,28,963,No Show,2025-01-07 15:52:27,
5036,28,423,No Show,2025-01-13 15:52:27,
5037,28,2921,Cancelled,2024-12-27 15:52:27,
5038,28,3168,Cancelled,2024-12-27 15:52:27,
5039,28,2497,Attended,2024-12-19 15:52:27,2025-01-22 15:52:27
5040,28,2229,Attended,2024-12-08 15:52:27,2025-01-22 15:52:27
5041,28,2853,Registered,2025-01-20 15:52:27,
5042,28,3178,Registered,2025-01-15 15:52:27,
5043,28,2619,Attended,2025-01-13 15:52:27,2025-01-22 15:52:27
5044,28,2639,Cancelled,2024-12-25 15:52:27,
5045,28,658,Attended,2025-01-12 15:52:27,2025-01-22 15:52:27
5046,28,1945,Registered,2024-12-10 15:52:27,
5047,28,461,Attended,2024-12-24 15:52:27,2025-01-22 15:52:27
5048,28,1653,Cancelled,2024-12-11 15:52:27,
5049,28,1805,Attended,2025-01-16 15:52:27,2025-01-22 15:52:27
5050,28,6,Attended,2024-12-23 15:52:27,2025-01-22 15:52:27
5051,28,1329,Attended,2025-01-01 15:52:27,2025-01-22 15:52:27
5052,28,2470,Attended,2024-12-10 15:52:27,2025-01-22 15:52:27
5053,28,1620,Cancelled,2024-12-10 15:52:27,
5054,28,931,Registered,2025-01-12 15:52:27,
5055,28,329,Attended,2024-12-15 15:52:27,2025-01-22 15:52:27
5056,28,2653,Attended,2025-01-02 15:52:27,2025-01-22 15:52:27
5057,28,1909,Attended,2025-01-11 15:52:27,2025-01-22 15:52:27
5058,28,2702,Attended,2024-12-18 15:52:27,2025-01-22 15:52:27
5059,28,433,Attended,2024-12-29 15:52:27,2025-01-22 15:52:27
5060,28,2220,No Show,2024-12-10 15:52:27,
5061,28,803,No Show,2025-01-18 15:52:27,
5062,28,2726,Cancelled,2025-01-07 15:52:27,
5063,28,1965,Attended,2025-01-06 15:52:27,2025-01-22 15:52:27
5064,28,3135,Attended,2024-12-19 15:52:27,2025-01-22 15:52:27
5065,28,3105,Attended,2024-12-29 15:52:27,2025-01-22 15:52:27
5066,28,1244,Attended,2024-12-21 15:52:27,2025-01-22 15:52:27
5067,28,2588,Attended,2025-01-05 15:52:27,2025-01-22 15:52:27
5068,28,1464,Attended,2024-12-28 15:52:27,2025-01-22 15:52:27
5069,28,2966,Attended,2024-12-10 15:52:27,2025-01-22 15:52:27
5070,28,2011,Attended,2024-12-15 15:52:27,2025-01-22 15:52:27
5071,28,1230,Attended,2024-12-25 15:52:27,2025-01-22 15:52:27
5072,28,765,Attended,2025-01-04 15:52:27,2025-01-22 15:52:27
5073,28,3070,Registered,2024-12-23 15:52:27,
5074,28,1092,Registered,2025-01-20 15:52:27,
5075,28,3215,Attended,2025-01-12 15:52:27,2025-01-22 15:52:27
5076,28,1987,Attended,2025-01-13 15:52:27,2025-01-22 15:52:27
5077,28,2805,No Show,2025-01-05 15:52:27,
5078,28,3165,Attended,2025-01-03 15:52:27,2025-01-22 15:52:27
5079,28,1480,Attended,2025-01-03 15:52:27,2025-01-22 15:52:27
5080,28,2139,Registered,2024-12-26 15:52:27,
5081,28,3089,Cancelled,2024-12-19 15:52:27,
5082,28,2731,Attended,2024-12-28 15:52:27,2025-01-22 15:52:27
5083,28,2250,No Show,2025-01-09 15:52:27,
5084,28,452,Attended,2025-01-15 15:52:27,2025-01-22 15:52:27
5085,28,2159,Attended,2024-12-19 15:52:27,2025-01-22 15:52:27
5086,28,1586,Attended,2025-01-02 15:52:27,2025-01-22 15:52:27
5087,28,1089,Registered,2024-12-16 15:52:27,
5088,28,2218,Attended,2024-12-24 15:52:27,2025-01-22 15:52:27
5089,28,2420,No Show,2025-01-07 15:52:27,
5090,28,1528,Attended,2024-12-31 15:52:27,2025-01-22 15:52:27
5091,28,2015,No Show,2025-01-14 15:52:27,
5092,28,2331,Attended,2024-12-27 15:52:27,2025-01-22 15:52:27
5093,28,2587,Attended,2024-12-19 15:52:27,2025-01-22 15:52:27
5094,28,95,No Show,2025-01-08 15:52:27,
5095,28,3126,Attended,2025-01-09 15:52:27,2025-01-22 15:52:27
5096,28,2850,Attended,2024-12-26 15:52:27,2025-01-22 15:52:27
5097,28,724,Registered,2024-12-20 15:52:27,
5098,28,1942,Attended,2024-12-11 15:52:27,2025-01-22 15:52:27
5099,28,3064,Attended,2025-01-07 15:52:27,2025-01-22 15:52:27
5100,28,2528,Attended,2025-01-05 15:52:27,2025-01-22 15:52:27
5101,28,709,Cancelled,2025-01-12 15:52:27,
5102,28,875,Attended,2025-01-06 15:52:27,2025-01-22 15:52:27
5103,28,2718,No Show,2024-12-17 15:52:27,
5104,28,242,Cancelled,2025-01-20 15:52:27,
5105,28,639,Attended,2024-12-08 15:52:27,2025-01-22 15:52:27
5106,28,841,No Show,2024-12-08 15:52:27,
5107,28,2503,No Show,2024-12-10 15:52:27,
5108,28,2146,Attended,2025-01-01 15:52:27,2025-01-22 15:52:27
5109,28,2014,Attended,2025-01-16 15:52:27,2025-01-22 15:52:27
5110,28,2648,Registered,2024-12-16 15:52:27,
5111,28,1157,Attended,2025-01-10 15:52:27,2025-01-22 15:52:27
5112,28,3163,Registered,2025-01-10 15:52:27,
5113,28,3248,Attended,2025-01-02 15:52:27,2025-01-22 15:52:27
5114,28,934,Registered,2024-12-12 15:52:27,
5115,28,1462,Attended,2024-12-18 15:52:27,2025-01-22 15:52:27
5116,28,1594,Attended,2024-12-20 15:52:27,2025-01-22 15:52:27
5117,28,23,Attended,2025-01-01 15:52:27,2025-01-22 15:52:27
5118,28,2694,Attended,2024-12-20 15:52:27,2025-01-22 15:52:27
5119,28,2566,Attended,2025-01-01 15:52:27,2025-01-22 15:52:27
5120,28,216,Attended,2024-12-11 15:52:27,2025-01-22 15:52:27
5121,28,240,Attended,2025-01-17 15:52:27,2025-01-22 15:52:27
5122,29,3027,Cancelled,2022-05-06 20:35:45,
5123,29,2177,No Show,2022-04-08 20:35:45,
5124,29,151,Attended,2022-04-23 20:35:45,2022-05-07 20:35:45
5125,29,3058,Registered,2022-03-31 20:35:45,
5126,29,352,Cancelled,2022-05-01 20:35:45,
5127,29,701,Attended,2022-05-03 20:35:45,2022-05-07 20:35:45
5128,29,2291,Registered,2022-03-30 20:35:45,
5129,29,2321,Registered,2022-04-30 20:35:45,
5130,29,986,Registered,2022-03-28 20:35:45,
5131,29,692,Attended,2022-05-01 20:35:45,2022-05-07 20:35:45
5132,29,2859,Attended,2022-04-13 20:35:45,2022-05-07 20:35:45
5133,29,496,Attended,2022-04-21 20:35:45,2022-05-07 20:35:45
5134,29,2870,Registered,2022-03-28 20:35:45,
5135,29,264,Attended,2022-05-03 20:35:45,2022-05-07 20:35:45
5136,29,1986,Registered,2022-04-06 20:35:45,
5137,29,1514,Attended,2022-04-16 20:35:45,2022-05-07 20:35:45
5138,29,1033,Attended,2022-04-30 20:35:45,2022-05-07 20:35:45
5139,29,1715,Attended,2022-04-19 20:35:45,2022-05-07 20:35:45
5140,29,3037,Registered,2022-04-29 20:35:45,
5141,29,1777,Attended,2022-04-16 20:35:45,2022-05-07 20:35:45
5142,29,1052,Registered,2022-03-29 20:35:45,
5143,29,2957,Attended,2022-03-26 20:35:45,2022-05-07 20:35:45
5144,29,231,Attended,2022-04-05 20:35:45,2022-05-07 20:35:45
5145,29,2040,Attended,2022-04-05 20:35:45,2022-05-07 20:35:45
5146,29,230,Registered,2022-04-12 20:35:45,
5147,29,626,Attended,2022-05-02 20:35:45,2022-05-07 20:35:45
5148,29,1583,Attended,2022-05-01 20:35:45,2022-05-07 20:35:45
5149,29,2711,Attended,2022-04-19 20:35:45,2022-05-07 20:35:45
5150,29,2217,Registered,2022-05-01 20:35:45,
5151,29,2554,Attended,2022-04-01 20:35:45,2022-05-07 20:35:45
5152,29,3125,Attended,2022-04-14 20:35:45,2022-05-07 20:35:45
5153,29,1810,Attended,2022-05-01 20:35:45,2022-05-07 20:35:45
5154,29,1315,No Show,2022-04-12 20:35:45,
5155,29,2426,Attended,2022-03-23 20:35:45,2022-05-07 20:35:45
5156,29,2504,Attended,2022-03-23 20:35:45,2022-05-07 20:35:45
5157,29,2199,No Show,2022-05-02 20:35:45,
5158,29,1286,Registered,2022-04-15 20:35:45,
5159,29,458,Attended,2022-04-14 20:35:45,2022-05-07 20:35:45
5160,29,1489,Attended,2022-04-13 20:35:45,2022-05-07 20:35:45
5161,29,323,Attended,2022-04-23 20:35:45,2022-05-07 20:35:45
5162,29,2591,No Show,2022-04-08 20:35:45,
5163,29,556,Attended,2022-04-01 20:35:45,2022-05-07 20:35:45
5164,29,296,Attended,2022-04-06 20:35:45,2022-05-07 20:35:45
5165,29,3095,Attended,2022-04-21 20:35:45,2022-05-07 20:35:45
5166,29,1600,Registered,2022-04-23 20:35:45,
5167,29,2832,Registered,2022-05-03 20:35:45,
5168,29,50,Attended,2022-04-18 20:35:45,2022-05-07 20:35:45
5169,29,2983,Attended,2022-04-15 20:35:45,2022-05-07 20:35:45
5170,29,2804,Attended,2022-04-10 20:35:45,2022-05-07 20:35:45
5171,29,597,Registered,2022-05-06 20:35:45,
5172,29,1421,Attended,2022-03-26 20:35:45,2022-05-07 20:35:45
5173,29,3221,Attended,2022-03-28 20:35:45,2022-05-07 20:35:45
5174,29,3195,Attended,2022-04-06 20:35:45,2022-05-07 20:35:45
5175,29,833,No Show,2022-04-29 20:35:45,
5176,29,1092,Attended,2022-05-01 20:35:45,2022-05-07 20:35:45
5177,29,1653,Cancelled,2022-04-27 20:35:45,
5178,29,2617,Attended,2022-04-04 20:35:45,2022-05-07 20:35:45
5179,29,95,Registered,2022-03-24 20:35:45,
5180,29,19,Cancelled,2022-03-28 20:35:45,
5181,29,59,Attended,2022-04-11 20:35:45,2022-05-07 20:35:45
5182,29,855,No Show,2022-04-26 20:35:45,
5183,29,698,No Show,2022-04-29 20:35:45,
5184,29,2862,Attended,2022-04-06 20:35:45,2022-05-07 20:35:45
5185,29,1528,Attended,2022-04-22 20:35:45,2022-05-07 20:35:45
5186,29,2326,Attended,2022-04-23 20:35:45,2022-05-07 20:35:45
5187,29,239,No Show,2022-04-30 20:35:45,
5188,29,1411,Cancelled,2022-03-29 20:35:45,
5189,29,270,Registered,2022-03-27 20:35:45,
5190,29,1010,Attended,2022-04-17 20:35:45,2022-05-07 20:35:45
5191,29,2235,Attended,2022-04-05 20:35:45,2022-05-07 20:35:45
5192,29,376,Attended,2022-05-03 20:35:45,2022-05-07 20:35:45
5193,29,857,Registered,2022-04-05 20:35:45,
5194,29,536,Attended,2022-04-16 20:35:45,2022-05-07 20:35:45
5195,29,598,Attended,2022-05-04 20:35:45,2022-05-07 20:35:45
5196,29,1278,Attended,2022-04-23 20:35:45,2022-05-07 20:35:45
5197,29,1249,Attended,2022-04-16 20:35:45,2022-05-07 20:35:45
5198,29,2272,Cancelled,2022-03-26 20:35:45,
5199,29,2106,Attended,2022-04-15 20:35:45,2022-05-07 20:35:45
5200,29,3003,Cancelled,2022-04-08 20:35:45,
5201,29,289,No Show,2022-04-02 20:35:45,
5202,29,184,Attended,2022-03-25 20:35:45,2022-05-07 20:35:45
5203,29,2383,Registered,2022-04-21 20:35:45,
5204,29,2335,Registered,2022-04-15 20:35:45,
5205,29,2951,Attended,2022-03-30 20:35:45,2022-05-07 20:35:45
5206,29,211,Attended,2022-04-16 20:35:45,2022-05-07 20:35:45
5207,29,663,Attended,2022-04-16 20:35:45,2022-05-07 20:35:45
5208,29,1927,Attended,2022-04-30 20:35:45,2022-05-07 20:35:45
5209,29,1466,Attended,2022-04-30 20:35:45,2022-05-07 20:35:45
5210,29,2506,Registered,2022-04-29 20:35:45,
5211,29,1211,Attended,2022-04-20 20:35:45,2022-05-07 20:35:45
5212,29,474,Registered,2022-04-19 20:35:45,
5213,29,67,Attended,2022-04-05 20:35:45,2022-05-07 20:35:45
5214,29,327,No Show,2022-03-23 20:35:45,
5215,29,1037,No Show,2022-04-04 20:35:45,
5216,29,2084,Attended,2022-04-18 20:35:45,2022-05-07 20:35:45
5217,29,1871,Registered,2022-04-24 20:35:45,
5218,29,1873,Attended,2022-04-22 20:35:45,2022-05-07 20:35:45
5219,29,1665,Attended,2022-03-23 20:35:45,2022-05-07 20:35:45
5220,29,3236,Registered,2022-04-23 20:35:45,
5221,29,2871,Registered,2022-04-28 20:35:45,
5222,29,32,Registered,2022-04-23 20:35:45,
5223,29,1908,Attended,2022-05-04 20:35:45,2022-05-07 20:35:45
5224,29,2679,Attended,2022-03-27 20:35:45,2022-05-07 20:35:45
5225,29,2155,Attended,2022-04-20 20:35:45,2022-05-07 20:35:45
5226,29,3090,Attended,2022-04-23 20:35:45,2022-05-07 20:35:45
5227,29,1210,Attended,2022-04-08 20:35:45,2022-05-07 20:35:45
5228,29,35,Attended,2022-04-29 20:35:45,2022-05-07 20:35:45
5229,29,2069,Attended,2022-04-18 20:35:45,2022-05-07 20:35:45
5230,29,773,Registered,2022-04-03 20:35:45,
5231,29,227,No Show,2022-04-05 20:35:45,
5232,29,2481,Cancelled,2022-03-26 20:35:45,
5233,29,749,No Show,2022-04-27 20:35:45,
5234,29,2716,Cancelled,2022-04-22 20:35:45,
5235,29,1840,Attended,2022-04-11 20:35:45,2022-05-07 20:35:45
5236,29,2174,Registered,2022-05-06 20:35:45,
5237,29,484,Registered,2022-04-05 20:35:45,
5238,29,350,Attended,2022-04-19 20:35:45,2022-05-07 20:35:45
5239,29,1447,Attended,2022-03-31 20:35:45,2022-05-07 20:35:45
5240,29,1449,Attended,2022-05-03 20:35:45,2022-05-07 20:35:45
5241,29,2049,Registered,2022-03-27 20:35:45,
5242,29,821,Attended,2022-04-24 20:35:45,2022-05-07 20:35:45
5243,29,1067,Registered,2022-03-28 20:35:45,
5244,29,2124,Attended,2022-04-19 20:35:45,2022-05-07 20:35:45
5245,29,796,Registered,2022-04-09 20:35:45,
5246,29,3251,Attended,2022-04-14 20:35:45,2022-05-07 20:35:45
5247,29,3211,No Show,2022-04-20 20:35:45,
5248,29,3232,Attended,2022-03-31 20:35:45,2022-05-07 20:35:45
5249,29,1593,Attended,2022-04-11 20:35:45,2022-05-07 20:35:45
5250,29,1832,Attended,2022-03-30 20:35:45,2022-05-07 20:35:45
5251,29,2724,Attended,2022-04-07 20:35:45,2022-05-07 20:35:45
5252,29,1276,Attended,2022-05-02 20:35:45,2022-05-07 20:35:45
5253,29,835,Attended,2022-04-21 20:35:45,2022-05-07 20:35:45
5254,29,407,Attended,2022-04-02 20:35:45,2022-05-07 20:35:45
5255,29,810,Attended,2022-03-31 20:35:45,2022-05-07 20:35:45
5256,29,2159,Attended,2022-03-24 20:35:45,2022-05-07 20:35:45
5257,29,950,Attended,2022-05-01 20:35:45,2022-05-07 20:35:45
5258,29,1459,Attended,2022-04-13 20:35:45,2022-05-07 20:35:45
5259,29,2372,Registered,2022-04-15 20:35:45,
5260,29,1563,Attended,2022-05-03 20:35:45,2022-05-07 20:35:45
5261,29,1587,Attended,2022-03-23 20:35:45,2022-05-07 20:35:45
5262,29,82,No Show,2022-04-18 20:35:45,
5263,29,2675,Attended,2022-04-19 20:35:45,2022-05-07 20:35:45
5264,29,1595,Attended,2022-04-21 20:35:45,2022-05-07 20:35:45
5265,29,2210,Attended,2022-05-05 20:35:45,2022-05-07 20:35:45
5266,29,769,Attended,2022-04-05 20:35:45,2022-05-07 20:35:45
5267,29,1453,Attended,2022-05-02 20:35:45,2022-05-07 20:35:45
5268,29,228,Registered,2022-03-27 20:35:45,
5269,29,2009,Attended,2022-04-24 20:35:45,2022-05-07 20:35:45
5270,29,2135,Attended,2022-04-01 20:35:45,2022-05-07 20:35:45
5271,29,834,Attended,2022-03-24 20:35:45,2022-05-07 20:35:45
5272,29,1591,Registered,2022-04-02 20:35:45,
5273,29,791,Attended,2022-04-30 20:35:45,2022-05-07 20:35:45
5274,29,2656,Attended,2022-04-03 20:35:45,2022-05-07 20:35:45
5275,29,2162,Attended,2022-04-08 20:35:45,2022-05-07 20:35:45
5276,29,2614,Registered,2022-05-05 20:35:45,
5277,29,2170,Cancelled,2022-04-09 20:35:45,
5278,29,2448,Registered,2022-04-15 20:35:45,
5279,29,794,Registered,2022-05-05 20:35:45,
5280,29,2501,Attended,2022-04-29 20:35:45,2022-05-07 20:35:45
5281,30,1661,Cancelled,2021-08-03 17:04:34,
5282,30,326,Registered,2021-08-02 17:04:34,
5283,30,2564,Attended,2021-07-30 17:04:34,2021-08-27 17:04:34
5284,30,961,Attended,2021-08-08 17:04:34,2021-08-27 17:04:34
5285,30,2695,Attended,2021-08-18 17:04:34,2021-08-27 17:04:34
5286,30,1187,Attended,2021-08-14 17:04:34,2021-08-27 17:04:34
5287,30,2988,No Show,2021-07-19 17:04:34,
5288,30,224,Registered,2021-08-05 17:04:34,
5289,30,432,Attended,2021-08-02 17:04:34,2021-08-27 17:04:34
5290,30,2245,Attended,2021-08-09 17:04:34,2021-08-27 17:04:34
5291,30,908,No Show,2021-08-26 17:04:34,
5292,30,2179,Registered,2021-07-13 17:04:34,
5293,30,1156,Attended,2021-08-18 17:04:34,2021-08-27 17:04:34
5294,30,2605,Registered,2021-07-31 17:04:34,
5295,30,1729,Attended,2021-07-16 17:04:34,2021-08-27 17:04:34
5296,30,1750,Attended,2021-08-26 17:04:34,2021-08-27 17:04:34
5297,30,1454,Registered,2021-07-21 17:04:34,
5298,30,1081,Attended,2021-08-26 17:04:34,2021-08-27 17:04:34
5299,30,2067,No Show,2021-08-10 17:04:34,
5300,30,1170,Attended,2021-08-19 17:04:34,2021-08-27 17:04:34
5301,30,3210,Attended,2021-08-24 17:04:34,2021-08-27 17:04:34
5302,30,2327,Attended,2021-08-26 17:04:34,2021-08-27 17:04:34
5303,30,2416,Attended,2021-08-20 17:04:34,2021-08-27 17:04:34
5304,30,2230,Attended,2021-07-19 17:04:34,2021-08-27 17:04:34
5305,30,577,No Show,2021-07-31 17:04:34,
5306,30,3014,Attended,2021-07-18 17:04:34,2021-08-27 17:04:34
5307,30,2765,Attended,2021-07-30 17:04:34,2021-08-27 17:04:34
5308,30,2818,Attended,2021-07-26 17:04:34,2021-08-27 17:04:34
5309,30,65,Attended,2021-08-23 17:04:34,2021-08-27 17:04:34
5310,30,1675,Attended,2021-08-09 17:04:34,2021-08-27 17:04:34
5311,30,2428,Attended,2021-07-30 17:04:34,2021-08-27 17:04:34
5312,30,1971,Registered,2021-07-19 17:04:34,
5313,30,2759,Attended,2021-07-22 17:04:34,2021-08-27 17:04:34
5314,30,1052,Attended,2021-07-18 17:04:34,2021-08-27 17:04:34
5315,30,1303,Attended,2021-08-19 17:04:34,2021-08-27 17:04:34
5316,30,428,Attended,2021-07-17 17:04:34,2021-08-27 17:04:34
5317,30,2537,Attended,2021-07-15 17:04:34,2021-08-27 17:04:34
5318,30,485,Attended,2021-08-03 17:04:34,2021-08-27 17:04:34
5319,30,1873,Attended,2021-08-24 17:04:34,2021-08-27 17:04:34
5320,30,685,No Show,2021-07-27 17:04:34,
5321,30,2661,No Show,2021-08-19 17:04:34,
5322,30,2862,Cancelled,2021-08-23 17:04:34,
5323,31,1742,Cancelled,2026-04-06 07:56:35,
5324,31,616,Attended,2026-04-07 07:56:35,2026-04-16 07:56:35
5325,31,1864,No Show,2026-03-11 07:56:35,
5326,31,3181,Attended,2026-03-26 07:56:35,2026-04-16 07:56:35
5327,31,2623,Attended,2026-03-08 07:56:35,2026-04-16 07:56:35
5328,31,1922,Registered,2026-03-05 07:56:35,
5329,31,3098,Attended,2026-04-14 07:56:35,2026-04-16 07:56:35
5330,31,101,Attended,2026-03-02 07:56:35,2026-04-16 07:56:35
5331,31,1659,Attended,2026-03-13 07:56:35,2026-04-16 07:56:35
5332,31,998,Attended,2026-04-15 07:56:35,2026-04-16 07:56:35
5333,31,2500,Attended,2026-04-11 07:56:35,2026-04-16 07:56:35
5334,31,723,Attended,2026-04-10 07:56:35,2026-04-16 07:56:35
5335,31,765,Attended,2026-03-07 07:56:35,2026-04-16 07:56:35
5336,31,3147,Attended,2026-04-14 07:56:35,2026-04-16 07:56:35
5337,31,419,Attended,2026-03-22 07:56:35,2026-04-16 07:56:35
5338,31,1911,Attended,2026-04-08 07:56:35,2026-04-16 07:56:35
5339,31,1156,Attended,2026-03-21 07:56:35,2026-04-16 07:56:35
5340,31,1801,Cancelled,2026-03-15 07:56:35,
5341,31,2515,Registered,2026-03-02 07:56:35,
5342,31,341,No Show,2026-03-10 07:56:35,
5343,31,782,Registered,2026-03-30 07:56:35,
5344,31,652,Attended,2026-04-10 07:56:35,2026-04-16 07:56:35
5345,31,1433,Attended,2026-03-12 07:56:35,2026-04-16 07:56:35
5346,31,768,Registered,2026-04-04 07:56:35,
5347,31,1660,Attended,2026-03-22 07:56:35,2026-04-16 07:56:35
5348,31,2172,Attended,2026-03-13 07:56:35,2026-04-16 07:56:35
5349,31,116,Attended,2026-03-25 07:56:35,2026-04-16 07:56:35
5350,31,2359,Attended,2026-03-11 07:56:35,2026-04-16 07:56:35
5351,31,2780,Attended,2026-03-19 07:56:35,2026-04-16 07:56:35
5352,31,930,Attended,2026-03-26 07:56:35,2026-04-16 07:56:35
5353,31,1625,Attended,2026-03-21 07:56:35,2026-04-16 07:56:35
5354,31,897,Attended,2026-03-04 07:56:35,2026-04-16 07:56:35
5355,31,2283,Registered,2026-03-22 07:56:35,
5356,31,2783,Attended,2026-03-17 07:56:35,2026-04-16 07:56:35
5357,31,1260,Attended,2026-03-24 07:56:35,2026-04-16 07:56:35
5358,31,1563,Attended,2026-04-09 07:56:35,2026-04-16 07:56:35
5359,31,2867,Registered,2026-04-15 07:56:35,
5360,31,421,Cancelled,2026-03-26 07:56:35,
5361,31,1688,Attended,2026-04-06 07:56:35,2026-04-16 07:56:35
5362,31,3163,Attended,2026-04-13 07:56:35,2026-04-16 07:56:35
5363,31,1576,No Show,2026-04-12 07:56:35,
5364,31,207,Attended,2026-03-23 07:56:35,2026-04-16 07:56:35
5365,31,861,Attended,2026-03-30 07:56:35,2026-04-16 07:56:35
5366,31,231,Cancelled,2026-03-02 07:56:35,
5367,31,609,Registered,2026-03-13 07:56:35,
5368,31,170,Attended,2026-03-08 07:56:35,2026-04-16 07:56:35
5369,31,1954,Registered,2026-03-27 07:56:35,
5370,31,2454,Registered,2026-04-02 07:56:35,
5371,31,1228,Cancelled,2026-03-24 07:56:35,
5372,31,958,Attended,2026-03-06 07:56:35,2026-04-16 07:56:35
5373,31,1349,Attended,2026-03-18 07:56:35,2026-04-16 07:56:35
5374,31,2115,No Show,2026-03-11 07:56:35,
5375,31,901,Attended,2026-04-13 07:56:35,2026-04-16 07:56:35
5376,31,1173,No Show,2026-04-01 07:56:35,
5377,31,2704,Registered,2026-03-14 07:56:35,
5378,31,1644,Attended,2026-04-03 07:56:35,2026-04-16 07:56:35
5379,31,338,Registered,2026-04-09 07:56:35,
5380,31,77,Attended,2026-03-21 07:56:35,2026-04-16 07:56:35
5381,31,1726,Attended,2026-03-17 07:56:35,2026-04-16 07:56:35
5382,31,514,Attended,2026-03-24 07:56:35,2026-04-16 07:56:35
5383,31,2593,Cancelled,2026-03-09 07:56:35,
5384,31,30,Attended,2026-03-25 07:56:35,2026-04-16 07:56:35
5385,31,2562,Attended,2026-03-13 07:56:35,2026-04-16 07:56:35
5386,31,389,Attended,2026-03-20 07:56:35,2026-04-16 07:56:35
5387,31,292,Attended,2026-03-16 07:56:35,2026-04-16 07:56:35
5388,31,2800,Cancelled,2026-03-22 07:56:35,
5389,31,612,Cancelled,2026-04-06 07:56:35,
5390,31,100,Attended,2026-03-09 07:56:35,2026-04-16 07:56:35
5391,31,1820,Attended,2026-03-28 07:56:35,2026-04-16 07:56:35
5392,31,627,Attended,2026-03-24 07:56:35,2026-04-16 07:56:35
5393,31,266,Attended,2026-04-02 07:56:35,2026-04-16 07:56:35
5394,31,2565,Cancelled,2026-04-12 07:56:35,
5395,31,2225,Registered,2026-03-12 07:56:35,
5396,31,2290,No Show,2026-04-13 07:56:35,
5397,31,305,Cancelled,2026-03-31 07:56:35,
5398,31,1554,No Show,2026-03-05 07:56:35,
5399,31,142,Registered,2026-03-20 07:56:35,
5400,31,112,Attended,2026-03-15 07:56:35,2026-04-16 07:56:35
5401,31,2550,Attended,2026-04-08 07:56:35,2026-04-16 07:56:35
5402,31,596,Attended,2026-03-03 07:56:35,2026-04-16 07:56:35
5403,31,282,Attended,2026-03-08 07:56:35,2026-04-16 07:56:35
5404,31,1187,Cancelled,2026-03-15 07:56:35,
5405,31,1171,Attended,2026-04-15 07:56:35,2026-04-16 07:56:35
5406,31,1940,Registered,2026-04-07 07:56:35,
5407,31,1103,Attended,2026-03-03 07:56:35,2026-04-16 07:56:35
5408,31,1910,No Show,2026-03-21 07:56:35,
5409,31,2096,Attended,2026-03-09 07:56:35,2026-04-16 07:56:35
5410,31,344,Registered,2026-03-13 07:56:35,
5411,31,554,Attended,2026-03-05 07:56:35,2026-04-16 07:56:35
5412,31,3172,Attended,2026-04-12 07:56:35,2026-04-16 07:56:35
5413,31,2996,Attended,2026-04-03 07:56:35,2026-04-16 07:56:35
5414,31,2875,Registered,2026-03-26 07:56:35,
5415,31,2297,Attended,2026-03-06 07:56:35,2026-04-16 07:56:35
5416,31,3189,Attended,2026-03-23 07:56:35,2026-04-16 07:56:35
5417,31,3128,Attended,2026-04-13 07:56:35,2026-04-16 07:56:35
5418,31,3085,Registered,2026-04-08 07:56:35,
5419,31,680,Cancelled,2026-03-27 07:56:35,
5420,31,274,Attended,2026-03-11 07:56:35,2026-04-16 07:56:35
5421,31,2852,Attended,2026-04-01 07:56:35,2026-04-16 07:56:35
5422,31,2873,Attended,2026-03-17 07:56:35,2026-04-16 07:56:35
5423,31,817,Registered,2026-03-31 07:56:35,
5424,31,414,No Show,2026-04-13 07:56:35,
5425,31,863,Cancelled,2026-04-05 07:56:35,
5426,31,1700,Attended,2026-03-23 07:56:35,2026-04-16 07:56:35
5427,31,2430,Registered,2026-03-20 07:56:35,
5428,31,2035,Attended,2026-03-18 07:56:35,2026-04-16 07:56:35
5429,31,878,Attended,2026-03-14 07:56:35,2026-04-16 07:56:35
5430,31,3006,Attended,2026-04-13 07:56:35,2026-04-16 07:56:35
5431,31,54,Attended,2026-03-18 07:56:35,2026-04-16 07:56:35
5432,31,2872,Registered,2026-03-26 07:56:35,
5433,31,3186,Attended,2026-03-15 07:56:35,2026-04-16 07:56:35
5434,31,985,Cancelled,2026-04-08 07:56:35,
5435,31,1227,Cancelled,2026-04-14 07:56:35,
5436,31,9,Attended,2026-03-13 07:56:35,2026-04-16 07:56:35
5437,31,1551,Cancelled,2026-04-13 07:56:35,
5438,31,1170,Attended,2026-04-01 07:56:35,2026-04-16 07:56:35
5439,31,3211,Attended,2026-03-13 07:56:35,2026-04-16 07:56:35
5440,31,3134,Registered,2026-04-02 07:56:35,
5441,31,2262,Attended,2026-04-13 07:56:35,2026-04-16 07:56:35
5442,31,1772,Attended,2026-03-08 07:56:35,2026-04-16 07:56:35
5443,31,1647,Attended,2026-04-09 07:56:35,2026-04-16 07:56:35
5444,31,2490,Cancelled,2026-03-29 07:56:35,
5445,31,165,Attended,2026-03-07 07:56:35,2026-04-16 07:56:35
5446,31,2108,Attended,2026-03-16 07:56:35,2026-04-16 07:56:35
5447,31,1123,Attended,2026-03-03 07:56:35,2026-04-16 07:56:35
5448,31,2041,Attended,2026-03-26 07:56:35,2026-04-16 07:56:35
5449,31,2640,Attended,2026-03-08 07:56:35,2026-04-16 07:56:35
5450,31,2079,Registered,2026-03-22 07:56:35,
5451,31,1506,Attended,2026-03-05 07:56:35,2026-04-16 07:56:35
5452,31,1090,Attended,2026-03-27 07:56:35,2026-04-16 07:56:35
5453,31,2822,Registered,2026-03-17 07:56:35,
5454,31,2118,Attended,2026-03-24 07:56:35,2026-04-16 07:56:35
5455,31,3020,Registered,2026-03-06 07:56:35,
5456,31,673,Attended,2026-03-29 07:56:35,2026-04-16 07:56:35
5457,31,2264,Registered,2026-03-14 07:56:35,
5458,31,80,Attended,2026-04-10 07:56:35,2026-04-16 07:56:35
5459,31,2506,Cancelled,2026-04-04 07:56:35,
5460,31,1340,Registered,2026-04-04 07:56:35,
5461,31,1646,Attended,2026-03-29 07:56:35,2026-04-16 07:56:35
5462,31,1361,No Show,2026-03-11 07:56:35,
5463,31,1596,Attended,2026-04-04 07:56:35,2026-04-16 07:56:35
5464,31,2907,Attended,2026-03-14 07:56:35,2026-04-16 07:56:35
5465,31,1705,No Show,2026-03-28 07:56:35,
5466,31,3026,Attended,2026-03-08 07:56:35,2026-04-16 07:56:35
5467,31,2402,Registered,2026-04-05 07:56:35,
5468,31,434,No Show,2026-03-31 07:56:35,
5469,31,2231,Attended,2026-03-27 07:56:35,2026-04-16 07:56:35
5470,31,2032,Attended,2026-03-21 07:56:35,2026-04-16 07:56:35
5471,31,1913,Attended,2026-04-11 07:56:35,2026-04-16 07:56:35
5472,31,606,Attended,2026-04-15 07:56:35,2026-04-16 07:56:35
5473,31,27,Registered,2026-04-01 07:56:35,
5474,31,117,Attended,2026-03-29 07:56:35,2026-04-16 07:56:35
5475,31,1082,No Show,2026-03-16 07:56:35,
5476,31,1200,Attended,2026-03-10 07:56:35,2026-04-16 07:56:35
5477,31,519,Attended,2026-03-20 07:56:35,2026-04-16 07:56:35
5478,31,2612,Attended,2026-03-24 07:56:35,2026-04-16 07:56:35
5479,31,869,No Show,2026-04-07 07:56:35,
5480,31,443,Attended,2026-03-27 07:56:35,2026-04-16 07:56:35
5481,31,2654,Attended,2026-04-12 07:56:35,2026-04-16 07:56:35
5482,31,122,Cancelled,2026-04-02 07:56:35,
5483,31,2888,Attended,2026-03-22 07:56:35,2026-04-16 07:56:35
5484,31,3114,No Show,2026-03-31 07:56:35,
5485,31,2110,Registered,2026-03-17 07:56:35,
5486,31,2184,Attended,2026-04-07 07:56:35,2026-04-16 07:56:35
5487,31,2258,Registered,2026-03-24 07:56:35,
5488,31,178,Attended,2026-03-04 07:56:35,2026-04-16 07:56:35
5489,31,692,No Show,2026-03-12 07:56:35,
5490,31,776,Attended,2026-03-12 07:56:35,2026-04-16 07:56:35
5491,31,1500,Attended,2026-04-03 07:56:35,2026-04-16 07:56:35
5492,32,1386,Attended,2026-02-12 07:48:44,2026-02-14 07:48:44
5493,32,247,Attended,2026-01-05 07:48:44,2026-02-14 07:48:44
5494,32,107,Attended,2026-01-12 07:48:44,2026-02-14 07:48:44
5495,32,2071,Attended,2026-01-07 07:48:44,2026-02-14 07:48:44
5496,32,2734,Attended,2026-01-07 07:48:44,2026-02-14 07:48:44
5497,32,3245,Attended,2026-01-19 07:48:44,2026-02-14 07:48:44
5498,32,231,Registered,2026-01-27 07:48:44,
5499,32,1051,No Show,2026-01-24 07:48:44,
5500,32,3251,Attended,2026-01-01 07:48:44,2026-02-14 07:48:44
5501,32,2201,Attended,2026-02-12 07:48:44,2026-02-14 07:48:44
5502,32,1153,Attended,2026-02-10 07:48:44,2026-02-14 07:48:44
5503,32,1470,Registered,2026-01-06 07:48:44,
5504,32,49,Attended,2026-01-07 07:48:44,2026-02-14 07:48:44
5505,32,1468,Attended,2026-01-26 07:48:44,2026-02-14 07:48:44
5506,32,2736,Cancelled,2026-01-10 07:48:44,
5507,32,349,Attended,2026-02-11 07:48:44,2026-02-14 07:48:44
5508,32,2639,Attended,2026-01-09 07:48:44,2026-02-14 07:48:44
5509,32,1368,No Show,2026-01-08 07:48:44,
5510,32,806,Registered,2026-01-08 07:48:44,
5511,32,608,Attended,2026-01-20 07:48:44,2026-02-14 07:48:44
5512,32,715,Attended,2026-01-04 07:48:44,2026-02-14 07:48:44
5513,32,3060,Attended,2026-01-07 07:48:44,2026-02-14 07:48:44
5514,32,1612,Attended,2026-01-07 07:48:44,2026-02-14 07:48:44
5515,32,955,No Show,2026-02-01 07:48:44,
5516,32,1808,Attended,2026-01-11 07:48:44,2026-02-14 07:48:44
5517,32,2655,Attended,2026-01-16 07:48:44,2026-02-14 07:48:44
5518,32,137,Attended,2026-01-11 07:48:44,2026-02-14 07:48:44
5519,32,1281,Attended,2026-02-12 07:48:44,2026-02-14 07:48:44
5520,32,1524,Attended,2026-01-28 07:48:44,2026-02-14 07:48:44
5521,32,3154,Attended,2026-01-24 07:48:44,2026-02-14 07:48:44
5522,32,90,Attended,2026-01-27 07:48:44,2026-02-14 07:48:44
5523,32,217,Attended,2026-01-15 07:48:44,2026-02-14 07:48:44
5524,32,310,Attended,2026-01-31 07:48:44,2026-02-14 07:48:44
5525,32,239,Attended,2026-01-16 07:48:44,2026-02-14 07:48:44
5526,32,2364,Registered,2026-01-24 07:48:44,
5527,32,1739,Attended,2026-01-30 07:48:44,2026-02-14 07:48:44
5528,32,1734,Attended,2026-01-12 07:48:44,2026-02-14 07:48:44
5529,32,2453,Attended,2026-01-27 07:48:44,2026-02-14 07:48:44
5530,32,467,Attended,2026-02-07 07:48:44,2026-02-14 07:48:44
5531,32,2550,Registered,2026-01-04 07:48:44,
5532,32,2573,Attended,2026-01-04 07:48:44,2026-02-14 07:48:44
5533,32,1255,Attended,2026-02-03 07:48:44,2026-02-14 07:48:44
5534,32,2536,Attended,2026-02-10 07:48:44,2026-02-14 07:48:44
5535,32,1314,Attended,2026-02-11 07:48:44,2026-02-14 07:48:44
5536,32,2434,No Show,2026-02-11 07:48:44,
5537,32,43,Attended,2026-01-28 07:48:44,2026-02-14 07:48:44
5538,32,3040,Attended,2026-02-11 07:48:44,2026-02-14 07:48:44
5539,32,2028,Attended,2026-02-13 07:48:44,2026-02-14 07:48:44
5540,32,2003,Attended,2026-02-10 07:48:44,2026-02-14 07:48:44
5541,32,173,No Show,2026-01-23 07:48:44,
5542,32,1193,Attended,2026-01-03 07:48:44,2026-02-14 07:48:44
5543,32,2782,Attended,2026-02-13 07:48:44,2026-02-14 07:48:44
5544,32,1216,No Show,2026-02-04 07:48:44,
5545,32,1705,Attended,2026-01-08 07:48:44,2026-02-14 07:48:44
5546,32,149,Cancelled,2026-01-17 07:48:44,
5547,32,274,Attended,2025-12-31 07:48:44,2026-02-14 07:48:44
5548,32,509,Attended,2025-12-31 07:48:44,2026-02-14 07:48:44
5549,32,623,Attended,2026-02-09 07:48:44,2026-02-14 07:48:44
5550,32,2368,Attended,2026-01-13 07:48:44,2026-02-14 07:48:44
5551,32,1817,No Show,2026-01-26 07:48:44,
5552,32,1779,Attended,2026-01-12 07:48:44,2026-02-14 07:48:44
5553,32,365,Cancelled,2026-01-12 07:48:44,
5554,32,2282,Registered,2026-01-31 07:48:44,
5555,32,2521,Registered,2026-01-10 07:48:44,
5556,32,816,Attended,2026-01-19 07:48:44,2026-02-14 07:48:44
5557,32,848,Registered,2026-01-23 07:48:44,
5558,32,2756,Attended,2026-01-22 07:48:44,2026-02-14 07:48:44
5559,32,321,Attended,2026-01-20 07:48:44,2026-02-14 07:48:44
5560,32,2516,Attended,2026-02-11 07:48:44,2026-02-14 07:48:44
5561,32,1373,Attended,2026-01-07 07:48:44,2026-02-14 07:48:44
5562,32,2482,Attended,2026-01-28 07:48:44,2026-02-14 07:48:44
5563,32,1878,Attended,2026-01-03 07:48:44,2026-02-14 07:48:44
5564,32,2258,Registered,2026-01-09 07:48:44,
5565,32,1004,No Show,2026-01-02 07:48:44,
5566,32,3006,Attended,2026-02-08 07:48:44,2026-02-14 07:48:44
5567,32,647,Attended,2026-01-21 07:48:44,2026-02-14 07:48:44
5568,32,491,Registered,2026-01-03 07:48:44,
5569,32,3029,Registered,2026-02-03 07:48:44,
5570,32,1123,Attended,2026-02-09 07:48:44,2026-02-14 07:48:44
5571,32,355,Attended,2026-01-21 07:48:44,2026-02-14 07:48:44
5572,32,287,No Show,2026-02-06 07:48:44,
5573,32,246,Attended,2026-01-09 07:48:44,2026-02-14 07:48:44
5574,32,3213,Attended,2026-02-02 07:48:44,2026-02-14 07:48:44
5575,32,1881,Attended,2026-01-22 07:48:44,2026-02-14 07:48:44
5576,32,1280,Cancelled,2025-12-31 07:48:44,
5577,32,2533,Attended,2026-01-17 07:48:44,2026-02-14 07:48:44
5578,32,2949,Registered,2026-01-24 07:48:44,
5579,32,1494,No Show,2026-02-05 07:48:44,
5580,32,2897,Attended,2026-01-04 07:48:44,2026-02-14 07:48:44
5581,32,2752,Attended,2026-01-03 07:48:44,2026-02-14 07:48:44
5582,32,2206,No Show,2026-01-24 07:48:44,
5583,32,1600,Attended,2026-01-14 07:48:44,2026-02-14 07:48:44
5584,32,992,Cancelled,2026-01-12 07:48:44,
5585,32,3171,Cancelled,2026-02-10 07:48:44,
5586,32,2606,No Show,2026-02-07 07:48:44,
5587,32,261,No Show,2026-01-26 07:48:44,
5588,32,1033,Cancelled,2026-02-02 07:48:44,
5589,32,641,Attended,2026-01-13 07:48:44,2026-02-14 07:48:44
5590,32,2218,Registered,2026-01-05 07:48:44,
5591,32,541,Attended,2026-02-03 07:48:44,2026-02-14 07:48:44
5592,32,2853,No Show,2026-02-04 07:48:44,
5593,32,1931,Attended,2026-01-28 07:48:44,2026-02-14 07:48:44
5594,32,1686,Attended,2026-01-27 07:48:44,2026-02-14 07:48:44
5595,32,618,Attended,2026-01-21 07:48:44,2026-02-14 07:48:44
5596,32,604,Attended,2026-02-12 07:48:44,2026-02-14 07:48:44
5597,32,468,No Show,2026-02-12 07:48:44,
5598,32,388,Attended,2026-02-11 07:48:44,2026-02-14 07:48:44
5599,32,1903,Cancelled,2026-01-08 07:48:44,
5600,32,2043,Registered,2026-01-22 07:48:44,
5601,32,2695,Attended,2026-02-12 07:48:44,2026-02-14 07:48:44
5602,32,807,Attended,2026-02-03 07:48:44,2026-02-14 07:48:44
5603,32,2437,Attended,2026-01-02 07:48:44,2026-02-14 07:48:44
5604,32,1143,Attended,2026-01-26 07:48:44,2026-02-14 07:48:44
5605,32,1079,Attended,2026-01-13 07:48:44,2026-02-14 07:48:44
5606,32,1491,No Show,2026-02-01 07:48:44,
5607,32,262,No Show,2026-02-07 07:48:44,
5608,32,1101,Attended,2026-01-09 07:48:44,2026-02-14 07:48:44
5609,32,2067,Registered,2026-01-07 07:48:44,
5610,32,560,Cancelled,2026-01-12 07:48:44,
5611,32,3014,No Show,2026-01-04 07:48:44,
5612,32,2235,Cancelled,2026-01-15 07:48:44,
5613,32,960,Cancelled,2026-01-28 07:48:44,
5614,32,2039,Attended,2026-01-24 07:48:44,2026-02-14 07:48:44
5615,32,2894,No Show,2026-01-17 07:48:44,
5616,32,1623,No Show,2026-01-28 07:48:44,
5617,32,1666,Registered,2026-02-13 07:48:44,
5618,32,2769,Registered,2026-02-02 07:48:44,
5619,32,2755,Attended,2026-01-27 07:48:44,2026-02-14 07:48:44
5620,32,196,Registered,2026-02-09 07:48:44,
5621,32,2148,No Show,2025-12-31 07:48:44,
5622,32,582,Attended,2026-01-11 07:48:44,2026-02-14 07:48:44
5623,32,805,Attended,2026-01-07 07:48:44,2026-02-14 07:48:44
5624,32,3111,Attended,2026-01-27 07:48:44,2026-02-14 07:48:44
5625,32,1458,Attended,2026-01-15 07:48:44,2026-02-14 07:48:44
5626,32,2284,Attended,2026-01-17 07:48:44,2026-02-14 07:48:44
5627,32,1433,Registered,2026-01-31 07:48:44,
5628,33,481,Registered,2021-09-26 11:34:48,
5629,33,1898,No Show,2021-10-15 11:34:48,
5630,33,2894,Attended,2021-09-29 11:34:48,2021-11-09 11:34:48
5631,33,507,Attended,2021-10-28 11:34:48,2021-11-09 11:34:48
5632,33,2433,Attended,2021-11-01 11:34:48,2021-11-09 11:34:48
5633,33,1639,Attended,2021-11-08 11:34:48,2021-11-09 11:34:48
5634,33,1345,Attended,2021-10-22 11:34:48,2021-11-09 11:34:48
5635,33,891,No Show,2021-10-11 11:34:48,
5636,33,639,Registered,2021-10-22 11:34:48,
5637,33,1147,No Show,2021-11-08 11:34:48,
5638,33,1330,Attended,2021-10-18 11:34:48,2021-11-09 11:34:48
5639,33,1716,No Show,2021-11-01 11:34:48,
5640,33,1452,Cancelled,2021-10-02 11:34:48,
5641,33,2007,Cancelled,2021-10-26 11:34:48,
5642,33,3194,No Show,2021-10-11 11:34:48,
5643,33,2665,Attended,2021-11-02 11:34:48,2021-11-09 11:34:48
5644,33,2197,Attended,2021-10-01 11:34:48,2021-11-09 11:34:48
5645,33,2615,Attended,2021-10-24 11:34:48,2021-11-09 11:34:48
5646,33,2774,Registered,2021-10-13 11:34:48,
5647,33,188,Attended,2021-09-25 11:34:48,2021-11-09 11:34:48
5648,33,309,Attended,2021-10-21 11:34:48,2021-11-09 11:34:48
5649,33,1023,No Show,2021-10-04 11:34:48,
5650,33,2618,Registered,2021-10-27 11:34:48,
5651,33,2447,Registered,2021-09-26 11:34:48,
5652,33,2114,Attended,2021-10-07 11:34:48,2021-11-09 11:34:48
5653,33,2730,Attended,2021-10-11 11:34:48,2021-11-09 11:34:48
5654,33,262,Attended,2021-09-26 11:34:48,2021-11-09 11:34:48
5655,33,1021,Attended,2021-11-02 11:34:48,2021-11-09 11:34:48
5656,33,1110,Attended,2021-10-01 11:34:48,2021-11-09 11:34:48
5657,33,2364,No Show,2021-10-24 11:34:48,
5658,33,1083,Attended,2021-10-02 11:34:48,2021-11-09 11:34:48
5659,33,274,Attended,2021-10-28 11:34:48,2021-11-09 11:34:48
5660,33,2734,No Show,2021-11-02 11:34:48,
5661,33,2850,Attended,2021-10-19 11:34:48,2021-11-09 11:34:48
5662,33,2282,Registered,2021-10-13 11:34:48,
5663,33,590,Attended,2021-11-08 11:34:48,2021-11-09 11:34:48
5664,33,526,No Show,2021-09-28 11:34:48,
5665,33,3057,Attended,2021-10-29 11:34:48,2021-11-09 11:34:48
5666,33,65,Cancelled,2021-11-05 11:34:48,
5667,33,1520,Cancelled,2021-10-24 11:34:48,
5668,33,2448,Attended,2021-10-27 11:34:48,2021-11-09 11:34:48
5669,33,599,Attended,2021-10-29 11:34:48,2021-11-09 11:34:48
5670,33,2552,Attended,2021-11-02 11:34:48,2021-11-09 11:34:48
5671,33,1499,Attended,2021-10-14 11:34:48,2021-11-09 11:34:48
5672,33,1804,Attended,2021-10-03 11:34:48,2021-11-09 11:34:48
5673,33,3150,Attended,2021-10-27 11:34:48,2021-11-09 11:34:48
5674,33,1403,Attended,2021-10-19 11:34:48,2021-11-09 11:34:48
5675,33,1090,Attended,2021-10-15 11:34:48,2021-11-09 11:34:48
5676,33,2647,Attended,2021-10-27 11:34:48,2021-11-09 11:34:48
5677,33,2934,Attended,2021-10-25 11:34:48,2021-11-09 11:34:48
5678,33,1334,Registered,2021-10-11 11:34:48,
5679,33,2019,Attended,2021-09-30 11:34:48,2021-11-09 11:34:48
5680,33,67,Cancelled,2021-10-01 11:34:48,
5681,33,906,Attended,2021-10-17 11:34:48,2021-11-09 11:34:48
5682,33,2637,Attended,2021-09-26 11:34:48,2021-11-09 11:34:48
5683,33,2438,Attended,2021-10-10 11:34:48,2021-11-09 11:34:48
5684,33,3229,No Show,2021-10-26 11:34:48,
5685,33,242,No Show,2021-10-12 11:34:48,
5686,33,802,Attended,2021-10-02 11:34:48,2021-11-09 11:34:48
5687,33,1000,Attended,2021-10-06 11:34:48,2021-11-09 11:34:48
5688,33,1203,Attended,2021-09-27 11:34:48,2021-11-09 11:34:48
5689,33,284,Attended,2021-11-07 11:34:48,2021-11-09 11:34:48
5690,33,578,Cancelled,2021-10-16 11:34:48,
5691,33,1158,Attended,2021-10-25 11:34:48,2021-11-09 11:34:48
5692,33,2353,Cancelled,2021-10-30 11:34:48,
5693,33,930,Attended,2021-10-28 11:34:48,2021-11-09 11:34:48
5694,33,2989,Registered,2021-11-08 11:34:48,
5695,33,248,Attended,2021-10-24 11:34:48,2021-11-09 11:34:48
5696,33,1768,Attended,2021-11-04 11:34:48,2021-11-09 11:34:48
5697,33,1837,Cancelled,2021-11-08 11:34:48,
5698,33,1493,Attended,2021-10-30 11:34:48,2021-11-09 11:34:48
5699,33,1612,Attended,2021-10-07 11:34:48,2021-11-09 11:34:48
5700,33,2600,Attended,2021-10-26 11:34:48,2021-11-09 11:34:48
5701,33,1436,No Show,2021-10-04 11:34:48,
5702,33,2686,Attended,2021-10-22 11:34:48,2021-11-09 11:34:48
5703,33,1567,Attended,2021-10-05 11:34:48,2021-11-09 11:34:48
5704,33,2802,Attended,2021-10-27 11:34:48,2021-11-09 11:34:48
5705,33,2562,Attended,2021-10-14 11:34:48,2021-11-09 11:34:48
5706,33,869,Registered,2021-10-21 11:34:48,
5707,33,2178,Attended,2021-10-30 11:34:48,2021-11-09 11:34:48
5708,33,2029,No Show,2021-10-24 11:34:48,
5709,33,1448,Attended,2021-10-16 11:34:48,2021-11-09 11:34:48
5710,33,2923,No Show,2021-11-07 11:34:48,
5711,34,117,Attended,2022-09-16 13:05:56,2022-10-18 13:05:56
5712,34,2145,Attended,2022-09-13 13:05:56,2022-10-18 13:05:56
5713,34,672,Attended,2022-09-07 13:05:56,2022-10-18 13:05:56
5714,34,2779,No Show,2022-09-08 13:05:56,
5715,34,556,Attended,2022-10-03 13:05:56,2022-10-18 13:05:56
5716,34,1611,Attended,2022-09-22 13:05:56,2022-10-18 13:05:56
5717,34,1287,Attended,2022-09-24 13:05:56,2022-10-18 13:05:56
5718,34,1948,Attended,2022-10-07 13:05:56,2022-10-18 13:05:56
5719,34,2631,Attended,2022-10-02 13:05:56,2022-10-18 13:05:56
5720,34,2979,Attended,2022-10-10 13:05:56,2022-10-18 13:05:56
5721,34,683,Attended,2022-10-01 13:05:56,2022-10-18 13:05:56
5722,34,3147,Attended,2022-10-06 13:05:56,2022-10-18 13:05:56
5723,34,2076,Attended,2022-09-16 13:05:56,2022-10-18 13:05:56
5724,34,652,Attended,2022-10-12 13:05:56,2022-10-18 13:05:56
5725,34,3236,Registered,2022-09-06 13:05:56,
5726,34,2446,Attended,2022-09-13 13:05:56,2022-10-18 13:05:56
5727,34,1155,Attended,2022-09-06 13:05:56,2022-10-18 13:05:56
5728,34,2003,Registered,2022-09-10 13:05:56,
5729,34,1762,Attended,2022-10-11 13:05:56,2022-10-18 13:05:56
5730,34,2123,No Show,2022-09-29 13:05:56,
5731,34,3228,Attended,2022-10-14 13:05:56,2022-10-18 13:05:56
5732,34,3174,Registered,2022-10-02 13:05:56,
5733,34,1974,Cancelled,2022-09-07 13:05:56,
5734,34,1784,Registered,2022-09-29 13:05:56,
5735,34,1156,Registered,2022-10-01 13:05:56,
5736,34,3010,Attended,2022-10-08 13:05:56,2022-10-18 13:05:56
5737,34,970,No Show,2022-10-07 13:05:56,
5738,34,1802,Attended,2022-09-21 13:05:56,2022-10-18 13:05:56
5739,34,2607,Attended,2022-09-19 13:05:56,2022-10-18 13:05:56
5740,34,3030,Attended,2022-09-13 13:05:56,2022-10-18 13:05:56
5741,34,1705,No Show,2022-09-29 13:05:56,
5742,34,391,No Show,2022-09-19 13:05:56,
5743,34,1113,Cancelled,2022-09-25 13:05:56,
5744,34,2695,Cancelled,2022-10-04 13:05:56,
5745,34,72,Cancelled,2022-09-28 13:05:56,
5746,34,2652,Attended,2022-09-12 13:05:56,2022-10-18 13:05:56
5747,34,473,Attended,2022-10-07 13:05:56,2022-10-18 13:05:56
5748,34,2484,Attended,2022-10-05 13:05:56,2022-10-18 13:05:56
5749,34,3059,Registered,2022-09-20 13:05:56,
5750,34,2385,Registered,2022-09-19 13:05:56,
5751,34,238,Attended,2022-09-11 13:05:56,2022-10-18 13:05:56
5752,34,2729,Attended,2022-10-04 13:05:56,2022-10-18 13:05:56
5753,34,1191,Attended,2022-09-05 13:05:56,2022-10-18 13:05:56
5754,34,3006,Registered,2022-09-13 13:05:56,
5755,34,1823,Attended,2022-09-17 13:05:56,2022-10-18 13:05:56
5756,34,2113,No Show,2022-09-11 13:05:56,
5757,34,906,No Show,2022-09-21 13:05:56,
5758,34,3251,No Show,2022-09-15 13:05:56,
5759,34,1090,Attended,2022-10-12 13:05:56,2022-10-18 13:05:56
5760,34,2457,Attended,2022-09-25 13:05:56,2022-10-18 13:05:56
5761,34,1239,Attended,2022-09-22 13:05:56,2022-10-18 13:05:56
5762,34,2257,Attended,2022-09-14 13:05:56,2022-10-18 13:05:56
5763,34,2443,Registered,2022-09-28 13:05:56,
5764,34,3003,Attended,2022-09-30 13:05:56,2022-10-18 13:05:56
5765,34,1773,Attended,2022-09-10 13:05:56,2022-10-18 13:05:56
5766,34,34,Attended,2022-09-14 13:05:56,2022-10-18 13:05:56
5767,34,720,Registered,2022-10-15 13:05:56,
5768,34,418,Attended,2022-10-04 13:05:56,2022-10-18 13:05:56
5769,34,1868,Attended,2022-10-02 13:05:56,2022-10-18 13:05:56
5770,34,2934,Attended,2022-09-28 13:05:56,2022-10-18 13:05:56
5771,34,1891,Cancelled,2022-09-26 13:05:56,
5772,34,154,Attended,2022-10-13 13:05:56,2022-10-18 13:05:56
5773,34,613,Registered,2022-10-16 13:05:56,
5774,34,1144,Attended,2022-10-08 13:05:56,2022-10-18 13:05:56
5775,34,2034,No Show,2022-10-12 13:05:56,
5776,34,2027,Attended,2022-10-10 13:05:56,2022-10-18 13:05:56
5777,34,2245,Attended,2022-10-08 13:05:56,2022-10-18 13:05:56
5778,34,2565,Attended,2022-09-12 13:05:56,2022-10-18 13:05:56
5779,34,2272,Registered,2022-09-21 13:05:56,
5780,34,508,Attended,2022-09-07 13:05:56,2022-10-18 13:05:56
5781,34,1369,Attended,2022-10-05 13:05:56,2022-10-18 13:05:56
5782,34,576,Attended,2022-09-28 13:05:56,2022-10-18 13:05:56
5783,34,2430,Attended,2022-09-20 13:05:56,2022-10-18 13:05:56
5784,34,3074,Attended,2022-09-06 13:05:56,2022-10-18 13:05:56
5785,34,2479,Attended,2022-09-18 13:05:56,2022-10-18 13:05:56
5786,34,3192,Registered,2022-09-13 13:05:56,
5787,34,1411,Cancelled,2022-10-02 13:05:56,
5788,34,728,Attended,2022-10-06 13:05:56,2022-10-18 13:05:56
5789,34,1752,Attended,2022-09-30 13:05:56,2022-10-18 13:05:56
5790,34,1702,Attended,2022-10-13 13:05:56,2022-10-18 13:05:56
5791,34,2849,Attended,2022-09-14 13:05:56,2022-10-18 13:05:56
5792,34,3198,Attended,2022-10-07 13:05:56,2022-10-18 13:05:56
5793,34,1975,Attended,2022-10-17 13:05:56,2022-10-18 13:05:56
5794,34,1496,No Show,2022-09-14 13:05:56,
5795,34,1481,Registered,2022-09-29 13:05:56,
5796,34,3047,Attended,2022-10-08 13:05:56,2022-10-18 13:05:56
5797,34,2253,Attended,2022-10-08 13:05:56,2022-10-18 13:05:56
5798,34,421,Attended,2022-09-05 13:05:56,2022-10-18 13:05:56
5799,34,43,Registered,2022-10-17 13:05:56,
5800,34,1284,Attended,2022-09-11 13:05:56,2022-10-18 13:05:56
5801,34,1352,Attended,2022-09-09 13:05:56,2022-10-18 13:05:56
5802,34,926,Attended,2022-09-08 13:05:56,2022-10-18 13:05:56
5803,34,1527,Cancelled,2022-09-04 13:05:56,
5804,34,2567,Attended,2022-09-28 13:05:56,2022-10-18 13:05:56
5805,34,262,Attended,2022-10-14 13:05:56,2022-10-18 13:05:56
5806,34,2589,Attended,2022-09-30 13:05:56,2022-10-18 13:05:56
5807,34,527,Registered,2022-09-23 13:05:56,
5808,34,633,Attended,2022-10-10 13:05:56,2022-10-18 13:05:56
5809,34,1422,Attended,2022-09-16 13:05:56,2022-10-18 13:05:56
5810,34,2150,Attended,2022-09-08 13:05:56,2022-10-18 13:05:56
5811,34,2592,Attended,2022-10-17 13:05:56,2022-10-18 13:05:56
5812,34,1662,Attended,2022-09-24 13:05:56,2022-10-18 13:05:56
5813,34,1057,Attended,2022-09-04 13:05:56,2022-10-18 13:05:56
5814,35,3253,Attended,2024-06-27 17:51:38,2024-07-28 17:51:38
5815,35,1910,Attended,2024-07-23 17:51:38,2024-07-28 17:51:38
5816,35,830,Attended,2024-07-02 17:51:38,2024-07-28 17:51:38
5817,35,3139,Registered,2024-06-16 17:51:38,
5818,35,720,Attended,2024-07-19 17:51:38,2024-07-28 17:51:38
5819,35,222,Attended,2024-06-19 17:51:38,2024-07-28 17:51:38
5820,35,3054,Attended,2024-06-19 17:51:38,2024-07-28 17:51:38
5821,35,2740,Attended,2024-07-16 17:51:38,2024-07-28 17:51:38
5822,35,2604,Attended,2024-07-09 17:51:38,2024-07-28 17:51:38
5823,35,226,Attended,2024-06-25 17:51:38,2024-07-28 17:51:38
5824,35,1459,Attended,2024-06-28 17:51:38,2024-07-28 17:51:38
5825,35,3073,Attended,2024-07-12 17:51:38,2024-07-28 17:51:38
5826,35,616,Attended,2024-07-18 17:51:38,2024-07-28 17:51:38
5827,35,2372,Attended,2024-06-26 17:51:38,2024-07-28 17:51:38
5828,35,1260,Attended,2024-07-21 17:51:38,2024-07-28 17:51:38
5829,35,1742,Attended,2024-07-24 17:51:38,2024-07-28 17:51:38
5830,35,699,Attended,2024-06-28 17:51:38,2024-07-28 17:51:38
5831,35,143,Attended,2024-07-11 17:51:38,2024-07-28 17:51:38
5832,35,1953,Attended,2024-07-06 17:51:38,2024-07-28 17:51:38
5833,35,536,Cancelled,2024-07-14 17:51:38,
5834,35,2397,No Show,2024-06-29 17:51:38,
5835,35,1674,Attended,2024-07-12 17:51:38,2024-07-28 17:51:38
5836,35,2385,Attended,2024-07-15 17:51:38,2024-07-28 17:51:38
5837,35,2315,No Show,2024-06-14 17:51:38,
5838,35,629,Cancelled,2024-07-14 17:51:38,
5839,35,793,Attended,2024-07-02 17:51:38,2024-07-28 17:51:38
5840,35,1926,Attended,2024-07-22 17:51:38,2024-07-28 17:51:38
5841,35,3046,Cancelled,2024-07-06 17:51:38,
5842,35,2073,Attended,2024-07-14 17:51:38,2024-07-28 17:51:38
5843,35,2454,Attended,2024-07-13 17:51:38,2024-07-28 17:51:38
5844,35,26,Attended,2024-07-20 17:51:38,2024-07-28 17:51:38
5845,35,465,Attended,2024-07-18 17:51:38,2024-07-28 17:51:38
5846,35,1078,Attended,2024-07-07 17:51:38,2024-07-28 17:51:38
5847,35,960,Attended,2024-07-01 17:51:38,2024-07-28 17:51:38
5848,35,2494,Attended,2024-06-18 17:51:38,2024-07-28 17:51:38
5849,35,1912,Attended,2024-07-19 17:51:38,2024-07-28 17:51:38
5850,35,2459,Attended,2024-07-11 17:51:38,2024-07-28 17:51:38
5851,35,3165,Attended,2024-06-22 17:51:38,2024-07-28 17:51:38
5852,35,341,Attended,2024-07-21 17:51:38,2024-07-28 17:51:38
5853,35,51,Attended,2024-06-22 17:51:38,2024-07-28 17:51:38
5854,35,2732,Attended,2024-07-10 17:51:38,2024-07-28 17:51:38
5855,35,1292,Cancelled,2024-07-07 17:51:38,
5856,35,2390,Attended,2024-06-24 17:51:38,2024-07-28 17:51:38
5857,35,1869,Cancelled,2024-06-19 17:51:38,
5858,35,110,Registered,2024-07-02 17:51:38,
5859,35,2443,Attended,2024-07-05 17:51:38,2024-07-28 17:51:38
5860,35,1104,Registered,2024-06-29 17:51:38,
5861,35,1288,No Show,2024-07-04 17:51:38,
5862,35,1809,Attended,2024-07-21 17:51:38,2024-07-28 17:51:38
5863,35,2779,Registered,2024-07-02 17:51:38,
5864,35,373,No Show,2024-07-13 17:51:38,
5865,35,1445,Attended,2024-07-27 17:51:38,2024-07-28 17:51:38
5866,35,131,Attended,2024-07-21 17:51:38,2024-07-28 17:51:38
5867,35,734,Attended,2024-07-08 17:51:38,2024-07-28 17:51:38
5868,35,2876,Attended,2024-07-13 17:51:38,2024-07-28 17:51:38
5869,35,292,Registered,2024-07-13 17:51:38,
5870,35,1920,Cancelled,2024-07-20 17:51:38,
5871,35,29,No Show,2024-07-19 17:51:38,
5872,35,3222,Registered,2024-07-24 17:51:38,
5873,35,247,Attended,2024-06-15 17:51:38,2024-07-28 17:51:38
5874,35,2555,Attended,2024-06-15 17:51:38,2024-07-28 17:51:38
5875,35,1146,Attended,2024-06-17 17:51:38,2024-07-28 17:51:38
5876,35,2752,No Show,2024-07-14 17:51:38,
5877,35,1898,Attended,2024-07-16 17:51:38,2024-07-28 17:51:38
5878,35,2464,Cancelled,2024-07-08 17:51:38,
5879,35,505,No Show,2024-07-19 17:51:38,
5880,35,1336,No Show,2024-07-17 17:51:38,
5881,35,2872,No Show,2024-07-19 17:51:38,
5882,35,3176,Attended,2024-06-20 17:51:38,2024-07-28 17:51:38
5883,35,315,No Show,2024-07-10 17:51:38,
5884,35,3022,No Show,2024-07-11 17:51:38,
5885,35,1996,Attended,2024-06-14 17:51:38,2024-07-28 17:51:38
5886,35,1416,Registered,2024-06-22 17:51:38,
5887,35,1479,Attended,2024-07-19 17:51:38,2024-07-28 17:51:38
5888,35,2790,Attended,2024-06-14 17:51:38,2024-07-28 17:51:38
5889,35,641,Attended,2024-07-01 17:51:38,2024-07-28 17:51:38
5890,35,2347,Attended,2024-07-21 17:51:38,2024-07-28 17:51:38
5891,35,2035,Attended,2024-07-01 17:51:38,2024-07-28 17:51:38
5892,35,1670,Attended,2024-07-18 17:51:38,2024-07-28 17:51:38
5893,35,1488,Registered,2024-07-24 17:51:38,
5894,35,2475,Attended,2024-07-11 17:51:38,2024-07-28 17:51:38
5895,35,1005,Attended,2024-06-27 17:51:38,2024-07-28 17:51:38
5896,35,2559,Attended,2024-07-21 17:51:38,2024-07-28 17:51:38
5897,35,901,Cancelled,2024-06-22 17:51:38,
5898,35,1832,Attended,2024-06-18 17:51:38,2024-07-28 17:51:38
5899,35,3001,Attended,2024-07-24 17:51:38,2024-07-28 17:51:38
5900,35,942,Attended,2024-06-21 17:51:38,2024-07-28 17:51:38
5901,35,971,Cancelled,2024-06-18 17:51:38,
5902,35,2995,No Show,2024-07-17 17:51:38,
5903,35,2739,Attended,2024-07-13 17:51:38,2024-07-28 17:51:38
5904,35,3147,Attended,2024-07-20 17:51:38,2024-07-28 17:51:38
5905,35,6,Attended,2024-06-28 17:51:38,2024-07-28 17:51:38
5906,35,2756,Attended,2024-07-16 17:51:38,2024-07-28 17:51:38
5907,35,846,Attended,2024-07-22 17:51:38,2024-07-28 17:51:38
5908,35,2504,Attended,2024-07-23 17:51:38,2024-07-28 17:51:38
5909,35,546,Attended,2024-06-30 17:51:38,2024-07-28 17:51:38
5910,35,1229,Attended,2024-06-19 17:51:38,2024-07-28 17:51:38
5911,35,1866,Attended,2024-07-03 17:51:38,2024-07-28 17:51:38
5912,35,717,Attended,2024-07-17 17:51:38,2024-07-28 17:51:38
5913,35,2904,Registered,2024-07-10 17:51:38,
5914,35,929,Attended,2024-07-18 17:51:38,2024-07-28 17:51:38
5915,35,1888,No Show,2024-06-19 17:51:38,
5916,35,345,Registered,2024-07-07 17:51:38,
5917,35,3202,Attended,2024-06-21 17:51:38,2024-07-28 17:51:38
5918,35,2133,Attended,2024-07-15 17:51:38,2024-07-28 17:51:38
5919,35,1535,Registered,2024-07-26 17:51:38,
5920,35,974,Attended,2024-06-14 17:51:38,2024-07-28 17:51:38
5921,35,145,Attended,2024-06-28 17:51:38,2024-07-28 17:51:38
5922,35,1289,Attended,2024-07-19 17:51:38,2024-07-28 17:51:38
5923,35,1404,Registered,2024-07-05 17:51:38,
5924,35,658,Attended,2024-07-07 17:51:38,2024-07-28 17:51:38
5925,35,1012,Attended,2024-07-17 17:51:38,2024-07-28 17:51:38
5926,35,299,Registered,2024-06-14 17:51:38,
5927,35,884,Attended,2024-07-11 17:51:38,2024-07-28 17:51:38
5928,35,2677,Cancelled,2024-06-28 17:51:38,
5929,35,2206,Attended,2024-06-19 17:51:38,2024-07-28 17:51:38
5930,35,450,Attended,2024-07-08 17:51:38,2024-07-28 17:51:38
5931,35,1435,Attended,2024-07-23 17:51:38,2024-07-28 17:51:38
5932,35,2990,Attended,2024-06-14 17:51:38,2024-07-28 17:51:38
5933,35,2712,Attended,2024-07-09 17:51:38,2024-07-28 17:51:38
5934,35,1766,Attended,2024-06-25 17:51:38,2024-07-28 17:51:38
5935,35,2921,Attended,2024-06-23 17:51:38,2024-07-28 17:51:38
5936,35,1843,Attended,2024-06-24 17:51:38,2024-07-28 17:51:38
5937,35,3035,No Show,2024-07-08 17:51:38,
5938,35,230,Attended,2024-07-01 17:51:38,2024-07-28 17:51:38
5939,35,2575,No Show,2024-06-30 17:51:38,
5940,35,1709,No Show,2024-07-04 17:51:38,
5941,35,2701,Attended,2024-07-05 17:51:38,2024-07-28 17:51:38
5942,35,2939,No Show,2024-07-02 17:51:38,
5943,35,2003,No Show,2024-07-14 17:51:38,
5944,35,263,Attended,2024-07-10 17:51:38,2024-07-28 17:51:38
5945,35,707,Attended,2024-06-18 17:51:38,2024-07-28 17:51:38
5946,35,2508,Attended,2024-06-19 17:51:38,2024-07-28 17:51:38
5947,35,644,Cancelled,2024-07-12 17:51:38,
5948,35,75,Registered,2024-07-12 17:51:38,
5949,35,1147,Attended,2024-06-24 17:51:38,2024-07-28 17:51:38
5950,35,2205,No Show,2024-06-14 17:51:38,
5951,35,2994,Attended,2024-06-20 17:51:38,2024-07-28 17:51:38
5952,35,2267,Registered,2024-07-20 17:51:38,
5953,35,2969,Cancelled,2024-07-26 17:51:38,
5954,35,3101,Registered,2024-07-13 17:51:38,
5955,35,845,Attended,2024-07-24 17:51:38,2024-07-28 17:51:38
5956,35,2136,No Show,2024-07-15 17:51:38,
5957,35,738,Attended,2024-07-03 17:51:38,2024-07-28 17:51:38
5958,35,2817,Attended,2024-07-08 17:51:38,2024-07-28 17:51:38
5959,35,2463,No Show,2024-06-22 17:51:38,
5960,35,524,Attended,2024-06-28 17:51:38,2024-07-28 17:51:38
5961,35,311,Attended,2024-06-28 17:51:38,2024-07-28 17:51:38
5962,35,2049,Attended,2024-07-25 17:51:38,2024-07-28 17:51:38
5963,35,817,Attended,2024-06-14 17:51:38,2024-07-28 17:51:38
5964,35,2710,Attended,2024-06-16 17:51:38,2024-07-28 17:51:38
5965,35,2077,No Show,2024-07-24 17:51:38,
5966,35,857,Registered,2024-06-13 17:51:38,
5967,35,2139,Registered,2024-07-08 17:51:38,
5968,35,3071,No Show,2024-07-09 17:51:38,
5969,35,804,Attended,2024-07-05 17:51:38,2024-07-28 17:51:38
5970,35,2772,Registered,2024-07-27 17:51:38,
5971,35,3090,Cancelled,2024-06-26 17:51:38,
5972,35,2265,No Show,2024-07-20 17:51:38,
5973,35,1102,Registered,2024-07-14 17:51:38,
5974,35,2175,Attended,2024-07-04 17:51:38,2024-07-28 17:51:38
5975,35,904,Attended,2024-07-17 17:51:38,2024-07-28 17:51:38
5976,35,2813,Cancelled,2024-07-11 17:51:38,
5977,35,2325,Attended,2024-07-19 17:51:38,2024-07-28 17:51:38
5978,35,2430,Attended,2024-06-15 17:51:38,2024-07-28 17:51:38
5979,35,2138,Attended,2024-06-16 17:51:38,2024-07-28 17:51:38
5980,35,2906,Attended,2024-07-05 17:51:38,2024-07-28 17:51:38
5981,35,2182,Attended,2024-07-18 17:51:38,2024-07-28 17:51:38
5982,35,1508,Registered,2024-07-09 17:51:38,
5983,35,1402,No Show,2024-06-17 17:51:38,
5984,35,2880,Registered,2024-07-09 17:51:38,
5985,35,98,Attended,2024-07-02 17:51:38,2024-07-28 17:51:38
5986,35,1162,No Show,2024-07-16 17:51:38,
5987,35,1028,No Show,2024-06-18 17:51:38,
5988,35,1947,Attended,2024-07-13 17:51:38,2024-07-28 17:51:38
5989,35,158,Registered,2024-06-17 17:51:38,
5990,35,1986,No Show,2024-07-24 17:51:38,
5991,35,2953,Cancelled,2024-07-08 17:51:38,
5992,35,428,No Show,2024-07-04 17:51:38,
5993,35,1702,Attended,2024-06-16 17:51:38,2024-07-28 17:51:38
5994,35,2840,Attended,2024-07-25 17:51:38,2024-07-28 17:51:38
5995,35,15,Attended,2024-07-02 17:51:38,2024-07-28 17:51:38
5996,35,3072,Attended,2024-06-24 17:51:38,2024-07-28 17:51:38
5997,35,1194,No Show,2024-06-21 17:51:38,
5998,35,3215,Attended,2024-07-12 17:51:38,2024-07-28 17:51:38
5999,35,2988,No Show,2024-06-14 17:51:38,
6000,35,1721,Attended,2024-07-12 17:51:38,2024-07-28 17:51:38
6001,35,1582,Attended,2024-06-14 17:51:38,2024-07-28 17:51:38
6002,35,928,Attended,2024-07-21 17:51:38,2024-07-28 17:51:38
6003,35,704,Attended,2024-07-27 17:51:38,2024-07-28 17:51:38
6004,35,2401,Attended,2024-06-29 17:51:38,2024-07-28 17:51:38
6005,36,1051,Attended,2025-08-26 14:56:33,2025-09-15 14:56:33
6006,36,1526,Registered,2025-08-20 14:56:33,
6007,36,2198,Attended,2025-08-11 14:56:33,2025-09-15 14:56:33
6008,36,726,Registered,2025-08-03 14:56:33,
6009,36,2676,Registered,2025-08-09 14:56:33,
6010,36,295,Attended,2025-08-25 14:56:33,2025-09-15 14:56:33
6011,36,2883,Attended,2025-09-13 14:56:33,2025-09-15 14:56:33
6012,36,188,Attended,2025-08-15 14:56:33,2025-09-15 14:56:33
6013,36,27,Attended,2025-09-07 14:56:33,2025-09-15 14:56:33
6014,36,2136,Registered,2025-09-02 14:56:33,
6015,36,3237,No Show,2025-08-05 14:56:33,
6016,36,2626,No Show,2025-08-13 14:56:33,
6017,36,2145,Attended,2025-08-04 14:56:33,2025-09-15 14:56:33
6018,36,2064,Attended,2025-09-03 14:56:33,2025-09-15 14:56:33
6019,36,2316,Attended,2025-08-13 14:56:33,2025-09-15 14:56:33
6020,36,1123,No Show,2025-09-11 14:56:33,
6021,36,1231,Attended,2025-08-07 14:56:33,2025-09-15 14:56:33
6022,36,1043,Cancelled,2025-08-17 14:56:33,
6023,36,1487,Attended,2025-08-06 14:56:33,2025-09-15 14:56:33
6024,36,2288,Attended,2025-08-27 14:56:33,2025-09-15 14:56:33
6025,36,2792,Attended,2025-08-16 14:56:33,2025-09-15 14:56:33
6026,36,1180,No Show,2025-08-20 14:56:33,
6027,36,2071,Attended,2025-09-14 14:56:33,2025-09-15 14:56:33
6028,36,1117,Attended,2025-08-07 14:56:33,2025-09-15 14:56:33
6029,36,2822,Attended,2025-09-08 14:56:33,2025-09-15 14:56:33
6030,36,1832,Registered,2025-09-08 14:56:33,
6031,36,869,Attended,2025-09-07 14:56:33,2025-09-15 14:56:33
6032,36,2013,Cancelled,2025-09-13 14:56:33,
6033,36,2135,No Show,2025-08-07 14:56:33,
6034,36,761,Attended,2025-08-09 14:56:33,2025-09-15 14:56:33
6035,36,2551,Registered,2025-09-09 14:56:33,
6036,36,1828,Attended,2025-08-26 14:56:33,2025-09-15 14:56:33
6037,36,2281,Attended,2025-09-01 14:56:33,2025-09-15 14:56:33
6038,36,1385,Attended,2025-08-18 14:56:33,2025-09-15 14:56:33
6039,36,3198,Attended,2025-08-04 14:56:33,2025-09-15 14:56:33
6040,36,3224,Attended,2025-08-14 14:56:33,2025-09-15 14:56:33
6041,36,1566,Attended,2025-08-03 14:56:33,2025-09-15 14:56:33
6042,36,302,Attended,2025-08-24 14:56:33,2025-09-15 14:56:33
6043,36,395,Attended,2025-08-05 14:56:33,2025-09-15 14:56:33
6044,36,2183,Cancelled,2025-09-10 14:56:33,
6045,36,1760,Attended,2025-08-23 14:56:33,2025-09-15 14:56:33
6046,36,46,No Show,2025-08-14 14:56:33,
6047,36,99,Registered,2025-09-07 14:56:33,
6048,36,2796,Attended,2025-08-04 14:56:33,2025-09-15 14:56:33
6049,36,2834,Attended,2025-08-25 14:56:33,2025-09-15 14:56:33
6050,36,193,Attended,2025-09-11 14:56:33,2025-09-15 14:56:33
6051,36,215,Registered,2025-09-10 14:56:33,
6052,36,1722,Attended,2025-09-03 14:56:33,2025-09-15 14:56:33
6053,36,655,Cancelled,2025-08-09 14:56:33,
6054,36,146,Attended,2025-08-05 14:56:33,2025-09-15 14:56:33
6055,36,685,Attended,2025-09-02 14:56:33,2025-09-15 14:56:33
6056,36,1099,Attended,2025-08-23 14:56:33,2025-09-15 14:56:33
6057,36,818,Attended,2025-08-03 14:56:33,2025-09-15 14:56:33
6058,36,1046,Attended,2025-09-07 14:56:33,2025-09-15 14:56:33
6059,36,2703,Attended,2025-08-06 14:56:33,2025-09-15 14:56:33
6060,36,1137,Cancelled,2025-08-03 14:56:33,
6061,36,2537,Attended,2025-08-05 14:56:33,2025-09-15 14:56:33
6062,36,1328,Attended,2025-08-22 14:56:33,2025-09-15 14:56:33
6063,36,3107,No Show,2025-08-19 14:56:33,
6064,36,1115,Attended,2025-08-06 14:56:33,2025-09-15 14:56:33
6065,36,417,Cancelled,2025-09-01 14:56:33,
6066,36,2618,Attended,2025-08-23 14:56:33,2025-09-15 14:56:33
6067,36,2123,Attended,2025-09-01 14:56:33,2025-09-15 14:56:33
6068,36,710,Attended,2025-09-09 14:56:33,2025-09-15 14:56:33
6069,36,2990,Attended,2025-08-02 14:56:33,2025-09-15 14:56:33
6070,36,1335,Attended,2025-09-05 14:56:33,2025-09-15 14:56:33
6071,36,23,Attended,2025-09-09 14:56:33,2025-09-15 14:56:33
6072,36,1764,Attended,2025-08-06 14:56:33,2025-09-15 14:56:33
6073,36,38,Attended,2025-09-02 14:56:33,2025-09-15 14:56:33
6074,36,3157,Attended,2025-09-12 14:56:33,2025-09-15 14:56:33
6075,36,2437,Attended,2025-09-12 14:56:33,2025-09-15 14:56:33
6076,36,587,Attended,2025-08-13 14:56:33,2025-09-15 14:56:33
6077,36,1108,Registered,2025-09-05 14:56:33,
6078,36,2007,Registered,2025-09-11 14:56:33,
6079,36,2594,Attended,2025-08-29 14:56:33,2025-09-15 14:56:33
6080,36,179,Attended,2025-08-05 14:56:33,2025-09-15 14:56:33
6081,36,2962,Attended,2025-08-17 14:56:33,2025-09-15 14:56:33
6082,36,837,Attended,2025-08-11 14:56:33,2025-09-15 14:56:33
6083,36,152,Attended,2025-08-19 14:56:33,2025-09-15 14:56:33
6084,36,2891,Attended,2025-09-14 14:56:33,2025-09-15 14:56:33
6085,36,2741,Attended,2025-08-08 14:56:33,2025-09-15 14:56:33
6086,36,1875,Registered,2025-08-27 14:56:33,
6087,36,1975,Attended,2025-08-03 14:56:33,2025-09-15 14:56:33
6088,36,1096,Registered,2025-09-02 14:56:33,
6089,36,501,Attended,2025-08-01 14:56:33,2025-09-15 14:56:33
6090,36,1497,Attended,2025-08-25 14:56:33,2025-09-15 14:56:33
6091,36,1234,Attended,2025-09-12 14:56:33,2025-09-15 14:56:33
6092,36,1948,Registered,2025-08-17 14:56:33,
6093,36,1243,Attended,2025-09-08 14:56:33,2025-09-15 14:56:33
6094,36,2984,No Show,2025-08-09 14:56:33,
6095,36,2443,Attended,2025-09-09 14:56:33,2025-09-15 14:56:33
6096,36,846,Registered,2025-09-11 14:56:33,
6097,36,2,No Show,2025-08-29 14:56:33,
6098,36,1870,Attended,2025-08-12 14:56:33,2025-09-15 14:56:33
6099,36,275,Attended,2025-08-08 14:56:33,2025-09-15 14:56:33
6100,36,2641,Attended,2025-08-28 14:56:33,2025-09-15 14:56:33
6101,36,2025,No Show,2025-08-26 14:56:33,
6102,36,1765,Attended,2025-08-03 14:56:33,2025-09-15 14:56:33
6103,36,838,Attended,2025-08-23 14:56:33,2025-09-15 14:56:33
6104,36,827,Attended,2025-08-22 14:56:33,2025-09-15 14:56:33
6105,36,1539,Attended,2025-08-21 14:56:33,2025-09-15 14:56:33
6106,36,2358,Registered,2025-09-13 14:56:33,
6107,36,85,Attended,2025-08-03 14:56:33,2025-09-15 14:56:33
6108,36,1638,Attended,2025-08-10 14:56:33,2025-09-15 14:56:33
6109,36,296,Registered,2025-08-04 14:56:33,
6110,36,2950,Attended,2025-09-11 14:56:33,2025-09-15 14:56:33
6111,36,2106,Attended,2025-08-03 14:56:33,2025-09-15 14:56:33
6112,36,1827,Attended,2025-08-28 14:56:33,2025-09-15 14:56:33
6113,36,276,Attended,2025-09-04 14:56:33,2025-09-15 14:56:33
6114,36,2947,Attended,2025-08-13 14:56:33,2025-09-15 14:56:33
6115,36,479,Attended,2025-08-25 14:56:33,2025-09-15 14:56:33
6116,36,2360,Attended,2025-08-27 14:56:33,2025-09-15 14:56:33
6117,36,2521,Attended,2025-08-15 14:56:33,2025-09-15 14:56:33
6118,36,2987,Attended,2025-09-01 14:56:33,2025-09-15 14:56:33
6119,36,106,Attended,2025-09-13 14:56:33,2025-09-15 14:56:33
6120,36,3094,Attended,2025-08-22 14:56:33,2025-09-15 14:56:33
6121,36,1582,Attended,2025-08-13 14:56:33,2025-09-15 14:56:33
6122,36,2468,Attended,2025-09-07 14:56:33,2025-09-15 14:56:33
6123,36,709,Attended,2025-08-08 14:56:33,2025-09-15 14:56:33
6124,36,2205,Attended,2025-09-02 14:56:33,2025-09-15 14:56:33
6125,36,446,Attended,2025-08-31 14:56:33,2025-09-15 14:56:33
6126,36,2240,Cancelled,2025-08-12 14:56:33,
6127,36,95,Attended,2025-08-03 14:56:33,2025-09-15 14:56:33
6128,36,421,Attended,2025-08-18 14:56:33,2025-09-15 14:56:33
6129,36,2195,Attended,2025-08-06 14:56:33,2025-09-15 14:56:33
6130,36,2647,Attended,2025-08-31 14:56:33,2025-09-15 14:56:33
6131,36,1688,Attended,2025-08-03 14:56:33,2025-09-15 14:56:33
6132,36,3110,Attended,2025-08-05 14:56:33,2025-09-15 14:56:33
6133,36,1359,Attended,2025-08-18 14:56:33,2025-09-15 14:56:33
6134,36,664,Attended,2025-08-02 14:56:33,2025-09-15 14:56:33
6135,36,2946,Attended,2025-09-05 14:56:33,2025-09-15 14:56:33
6136,36,678,Attended,2025-08-12 14:56:33,2025-09-15 14:56:33
6137,36,2607,Attended,2025-09-13 14:56:33,2025-09-15 14:56:33
6138,36,1580,No Show,2025-08-28 14:56:33,
6139,36,990,Attended,2025-08-28 14:56:33,2025-09-15 14:56:33
6140,36,2612,Cancelled,2025-08-04 14:56:33,
6141,36,2777,Attended,2025-09-01 14:56:33,2025-09-15 14:56:33
6142,36,1430,Attended,2025-08-13 14:56:33,2025-09-15 14:56:33
6143,36,529,Attended,2025-08-13 14:56:33,2025-09-15 14:56:33
6144,36,1782,Attended,2025-08-17 14:56:33,2025-09-15 14:56:33
6145,36,2057,Attended,2025-08-25 14:56:33,2025-09-15 14:56:33
6146,36,997,Attended,2025-08-03 14:56:33,2025-09-15 14:56:33
6147,36,112,Cancelled,2025-09-08 14:56:33,
6148,36,2209,Attended,2025-08-12 14:56:33,2025-09-15 14:56:33
6149,36,676,Cancelled,2025-08-23 14:56:33,
6150,36,2073,Registered,2025-08-27 14:56:33,
6151,36,3134,No Show,2025-08-16 14:56:33,
6152,36,3026,Attended,2025-08-22 14:56:33,2025-09-15 14:56:33
6153,36,425,Attended,2025-09-06 14:56:33,2025-09-15 14:56:33
6154,36,906,Attended,2025-09-05 14:56:33,2025-09-15 14:56:33
6155,36,1238,Attended,2025-08-12 14:56:33,2025-09-15 14:56:33
6156,36,845,Cancelled,2025-08-15 14:56:33,
6157,36,887,Attended,2025-08-02 14:56:33,2025-09-15 14:56:33
6158,36,3035,Attended,2025-08-31 14:56:33,2025-09-15 14:56:33
6159,36,886,Cancelled,2025-08-20 14:56:33,
6160,36,2115,Attended,2025-08-29 14:56:33,2025-09-15 14:56:33
6161,36,2545,Cancelled,2025-08-03 14:56:33,
6162,36,2391,Attended,2025-09-09 14:56:33,2025-09-15 14:56:33
6163,36,1820,No Show,2025-08-15 14:56:33,
6164,36,1963,Attended,2025-09-03 14:56:33,2025-09-15 14:56:33
6165,36,2643,Registered,2025-08-29 14:56:33,
6166,36,47,Attended,2025-09-10 14:56:33,2025-09-15 14:56:33
6167,36,567,Attended,2025-09-14 14:56:33,2025-09-15 14:56:33
6168,36,2420,Registered,2025-08-01 14:56:33,
6169,36,2065,Attended,2025-08-12 14:56:33,2025-09-15 14:56:33
6170,36,2515,No Show,2025-09-12 14:56:33,
6171,36,619,No Show,2025-08-19 14:56:33,
6172,36,1073,Attended,2025-08-29 14:56:33,2025-09-15 14:56:33
6173,36,1968,Attended,2025-08-01 14:56:33,2025-09-15 14:56:33
6174,37,2598,Registered,2021-09-27 01:13:50,
6175,37,474,Registered,2021-11-08 01:13:50,
6176,37,2155,Registered,2021-10-25 01:13:50,
6177,37,2401,Attended,2021-11-04 01:13:50,2021-11-10 01:13:50
6178,37,131,Cancelled,2021-10-21 01:13:50,
6179,37,1865,Attended,2021-11-02 01:13:50,2021-11-10 01:13:50
6180,37,2991,Attended,2021-10-16 01:13:50,2021-11-10 01:13:50
6181,37,2193,Registered,2021-10-20 01:13:50,
6182,37,2543,Registered,2021-10-16 01:13:50,
6183,37,1805,Attended,2021-10-30 01:13:50,2021-11-10 01:13:50
6184,37,2106,Attended,2021-10-25 01:13:50,2021-11-10 01:13:50
6185,37,256,Attended,2021-10-16 01:13:50,2021-11-10 01:13:50
6186,37,355,No Show,2021-10-27 01:13:50,
6187,37,1797,No Show,2021-10-06 01:13:50,
6188,37,925,Registered,2021-09-27 01:13:50,
6189,37,656,Cancelled,2021-10-25 01:13:50,
6190,37,280,Attended,2021-10-27 01:13:50,2021-11-10 01:13:50
6191,37,1633,Attended,2021-10-12 01:13:50,2021-11-10 01:13:50
6192,37,2284,Registered,2021-10-11 01:13:50,
6193,37,1974,Attended,2021-09-27 01:13:50,2021-11-10 01:13:50
6194,37,975,Attended,2021-10-08 01:13:50,2021-11-10 01:13:50
6195,37,1719,Cancelled,2021-10-05 01:13:50,
6196,37,1725,Attended,2021-11-06 01:13:50,2021-11-10 01:13:50
6197,37,2430,Registered,2021-09-28 01:13:50,
6198,37,425,Attended,2021-11-03 01:13:50,2021-11-10 01:13:50
6199,37,2384,Attended,2021-10-06 01:13:50,2021-11-10 01:13:50
6200,37,3074,Registered,2021-10-13 01:13:50,
6201,37,2867,Attended,2021-11-05 01:13:50,2021-11-10 01:13:50
6202,37,761,Cancelled,2021-10-01 01:13:50,
6203,37,21,Attended,2021-10-31 01:13:50,2021-11-10 01:13:50
6204,37,701,Registered,2021-10-05 01:13:50,
6205,37,2362,Attended,2021-10-16 01:13:50,2021-11-10 01:13:50
6206,37,4,Attended,2021-10-23 01:13:50,2021-11-10 01:13:50
6207,37,2626,Attended,2021-10-09 01:13:50,2021-11-10 01:13:50
6208,37,2828,Cancelled,2021-10-24 01:13:50,
6209,37,901,Attended,2021-10-16 01:13:50,2021-11-10 01:13:50
6210,37,1376,No Show,2021-10-02 01:13:50,
6211,37,855,Registered,2021-10-31 01:13:50,
6212,37,731,Attended,2021-10-25 01:13:50,2021-11-10 01:13:50
6213,37,1934,Attended,2021-10-26 01:13:50,2021-11-10 01:13:50
6214,37,270,Attended,2021-11-06 01:13:50,2021-11-10 01:13:50
6215,37,972,Attended,2021-10-09 01:13:50,2021-11-10 01:13:50
6216,37,1039,Attended,2021-10-22 01:13:50,2021-11-10 01:13:50
6217,37,443,Attended,2021-11-03 01:13:50,2021-11-10 01:13:50
6218,37,2360,Attended,2021-10-08 01:13:50,2021-11-10 01:13:50
6219,37,1161,Cancelled,2021-10-16 01:13:50,
6220,37,1807,No Show,2021-10-22 01:13:50,
6221,37,2671,Attended,2021-11-04 01:13:50,2021-11-10 01:13:50
6222,37,2139,Registered,2021-10-28 01:13:50,
6223,37,804,Attended,2021-10-28 01:13:50,2021-11-10 01:13:50
6224,37,867,Attended,2021-10-07 01:13:50,2021-11-10 01:13:50
6225,37,536,Registered,2021-10-21 01:13:50,
6226,37,182,Registered,2021-10-10 01:13:50,
6227,37,621,Registered,2021-11-07 01:13:50,
6228,37,288,Attended,2021-10-06 01:13:50,2021-11-10 01:13:50
6229,37,2786,Attended,2021-10-23 01:13:50,2021-11-10 01:13:50
6230,37,2217,Attended,2021-10-02 01:13:50,2021-11-10 01:13:50
6231,37,608,No Show,2021-11-02 01:13:50,
6232,37,1501,Registered,2021-10-03 01:13:50,
6233,37,1125,Attended,2021-11-07 01:13:50,2021-11-10 01:13:50
6234,37,952,Cancelled,2021-10-17 01:13:50,
6235,37,676,Attended,2021-11-01 01:13:50,2021-11-10 01:13:50
6236,37,164,Attended,2021-09-28 01:13:50,2021-11-10 01:13:50
6237,37,2171,Attended,2021-10-29 01:13:50,2021-11-10 01:13:50
6238,37,2227,No Show,2021-10-02 01:13:50,
6239,37,2547,Attended,2021-09-29 01:13:50,2021-11-10 01:13:50
6240,37,541,No Show,2021-11-08 01:13:50,
6241,37,607,Attended,2021-10-20 01:13:50,2021-11-10 01:13:50
6242,37,2953,Attended,2021-10-07 01:13:50,2021-11-10 01:13:50
6243,38,2183,Attended,2022-02-03 12:59:33,2022-02-15 12:59:33
6244,38,3028,Attended,2022-01-21 12:59:33,2022-02-15 12:59:33
6245,38,1336,No Show,2022-01-25 12:59:33,
6246,38,1965,No Show,2022-01-23 12:59:33,
6247,38,2198,Attended,2022-01-12 12:59:33,2022-02-15 12:59:33
6248,38,2365,Attended,2022-01-09 12:59:33,2022-02-15 12:59:33
6249,38,1611,Attended,2022-01-06 12:59:33,2022-02-15 12:59:33
6250,38,1844,Attended,2022-01-25 12:59:33,2022-02-15 12:59:33
6251,38,364,Attended,2022-01-10 12:59:33,2022-02-15 12:59:33
6252,38,801,Attended,2022-01-30 12:59:33,2022-02-15 12:59:33
6253,38,2160,Attended,2022-02-13 12:59:33,2022-02-15 12:59:33
6254,38,2162,No Show,2022-01-26 12:59:33,
6255,38,2350,Attended,2022-01-11 12:59:33,2022-02-15 12:59:33
6256,38,3138,Attended,2022-02-12 12:59:33,2022-02-15 12:59:33
6257,38,3240,Attended,2022-01-22 12:59:33,2022-02-15 12:59:33
6258,38,1172,No Show,2022-01-03 12:59:33,
6259,38,2360,Attended,2022-02-08 12:59:33,2022-02-15 12:59:33
6260,38,989,Attended,2022-01-30 12:59:33,2022-02-15 12:59:33
6261,38,3186,No Show,2022-02-05 12:59:33,
6262,38,786,Registered,2022-02-04 12:59:33,
6263,38,507,Attended,2022-02-14 12:59:33,2022-02-15 12:59:33
6264,38,896,Registered,2022-01-06 12:59:33,
6265,38,1028,Registered,2022-02-01 12:59:33,
6266,38,3217,Registered,2022-01-18 12:59:33,
6267,38,100,Attended,2022-01-16 12:59:33,2022-02-15 12:59:33
6268,38,604,Attended,2022-01-31 12:59:33,2022-02-15 12:59:33
6269,38,3221,Attended,2022-02-01 12:59:33,2022-02-15 12:59:33
6270,38,1872,Attended,2022-01-07 12:59:33,2022-02-15 12:59:33
6271,38,794,Attended,2022-01-24 12:59:33,2022-02-15 12:59:33
6272,38,2767,Registered,2022-01-08 12:59:33,
6273,38,2465,Attended,2022-02-01 12:59:33,2022-02-15 12:59:33
6274,38,2363,Registered,2022-01-11 12:59:33,
6275,38,3010,Attended,2022-02-11 12:59:33,2022-02-15 12:59:33
6276,38,1474,Attended,2022-02-12 12:59:33,2022-02-15 12:59:33
6277,38,1060,No Show,2022-02-13 12:59:33,
6278,38,678,Attended,2022-02-11 12:59:33,2022-02-15 12:59:33
6279,38,2361,Attended,2022-01-24 12:59:33,2022-02-15 12:59:33
6280,38,1943,Attended,2022-01-24 12:59:33,2022-02-15 12:59:33
6281,38,1903,No Show,2022-01-28 12:59:33,
6282,38,767,Cancelled,2022-01-19 12:59:33,
6283,38,1632,No Show,2022-01-04 12:59:33,
6284,38,970,Attended,2022-02-13 12:59:33,2022-02-15 12:59:33
6285,38,577,Attended,2022-01-30 12:59:33,2022-02-15 12:59:33
6286,38,3254,Attended,2022-01-13 12:59:33,2022-02-15 12:59:33
6287,38,1016,Attended,2022-01-20 12:59:33,2022-02-15 12:59:33
6288,38,716,No Show,2022-01-07 12:59:33,
6289,38,1368,Attended,2022-01-27 12:59:33,2022-02-15 12:59:33
6290,38,2503,Attended,2022-02-02 12:59:33,2022-02-15 12:59:33
6291,38,921,Attended,2022-01-05 12:59:33,2022-02-15 12:59:33
6292,38,2719,Attended,2022-02-09 12:59:33,2022-02-15 12:59:33
6293,38,1828,No Show,2022-01-02 12:59:33,
6294,38,3053,Attended,2022-01-27 12:59:33,2022-02-15 12:59:33
6295,38,2320,Attended,2022-02-01 12:59:33,2022-02-15 12:59:33
6296,38,2716,Registered,2022-02-05 12:59:33,
6297,38,2922,Attended,2022-01-02 12:59:33,2022-02-15 12:59:33
6298,38,3056,Attended,2022-01-02 12:59:33,2022-02-15 12:59:33
6299,38,1318,Cancelled,2022-01-11 12:59:33,
6300,38,729,Attended,2022-01-19 12:59:33,2022-02-15 12:59:33
6301,38,2799,Registered,2022-01-20 12:59:33,
6302,38,2026,Attended,2022-02-01 12:59:33,2022-02-15 12:59:33
6303,38,2942,Registered,2022-01-15 12:59:33,
6304,38,653,Attended,2022-01-19 12:59:33,2022-02-15 12:59:33
6305,38,2641,Registered,2022-02-05 12:59:33,
6306,38,2298,Attended,2022-01-28 12:59:33,2022-02-15 12:59:33
6307,38,2685,Attended,2022-01-03 12:59:33,2022-02-15 12:59:33
6308,38,1734,Attended,2022-01-17 12:59:33,2022-02-15 12:59:33
6309,38,2879,Registered,2022-01-28 12:59:33,
6310,38,3037,Registered,2022-01-22 12:59:33,
6311,38,1291,Registered,2022-01-22 12:59:33,
6312,38,152,Attended,2022-01-23 12:59:33,2022-02-15 12:59:33
6313,38,2338,Attended,2022-02-11 12:59:33,2022-02-15 12:59:33
6314,38,2937,Cancelled,2022-01-08 12:59:33,
6315,38,1390,No Show,2022-02-02 12:59:33,
6316,38,1394,Attended,2022-02-05 12:59:33,2022-02-15 12:59:33
6317,38,1177,Attended,2022-01-07 12:59:33,2022-02-15 12:59:33
6318,38,1914,Attended,2022-02-09 12:59:33,2022-02-15 12:59:33
6319,38,1356,Attended,2022-01-28 12:59:33,2022-02-15 12:59:33
6320,38,1010,Attended,2022-02-05 12:59:33,2022-02-15 12:59:33
6321,38,2703,Attended,2022-01-05 12:59:33,2022-02-15 12:59:33
6322,38,387,Attended,2022-01-23 12:59:33,2022-02-15 12:59:33
6323,39,2861,Attended,2024-12-10 21:38:42,2024-12-17 21:38:42
6324,39,2559,Attended,2024-12-05 21:38:42,2024-12-17 21:38:42
6325,39,1426,Attended,2024-12-14 21:38:42,2024-12-17 21:38:42
6326,39,1163,Attended,2024-12-02 21:38:42,2024-12-17 21:38:42
6327,39,2700,Registered,2024-11-03 21:38:42,
6328,39,2677,Attended,2024-12-07 21:38:42,2024-12-17 21:38:42
6329,39,2140,Attended,2024-11-11 21:38:42,2024-12-17 21:38:42
6330,39,2179,Attended,2024-12-13 21:38:42,2024-12-17 21:38:42
6331,39,2099,Attended,2024-11-02 21:38:42,2024-12-17 21:38:42
6332,39,302,Attended,2024-12-02 21:38:42,2024-12-17 21:38:42
6333,39,984,Attended,2024-11-08 21:38:42,2024-12-17 21:38:42
6334,39,3191,No Show,2024-11-11 21:38:42,
6335,39,2978,Attended,2024-11-02 21:38:42,2024-12-17 21:38:42
6336,39,1468,Attended,2024-12-06 21:38:42,2024-12-17 21:38:42
6337,39,957,Registered,2024-11-11 21:38:42,
6338,39,1012,Attended,2024-11-05 21:38:42,2024-12-17 21:38:42
6339,39,1525,Registered,2024-12-13 21:38:42,
6340,39,785,Attended,2024-11-10 21:38:42,2024-12-17 21:38:42
6341,39,115,Registered,2024-12-08 21:38:42,
6342,39,1199,Registered,2024-11-29 21:38:42,
6343,39,2413,Attended,2024-12-15 21:38:42,2024-12-17 21:38:42
6344,39,583,No Show,2024-11-02 21:38:42,
6345,39,584,Attended,2024-12-07 21:38:42,2024-12-17 21:38:42
6346,39,796,Attended,2024-11-16 21:38:42,2024-12-17 21:38:42
6347,39,2642,Attended,2024-12-05 21:38:42,2024-12-17 21:38:42
6348,39,247,No Show,2024-11-12 21:38:42,
6349,39,1929,Attended,2024-11-18 21:38:42,2024-12-17 21:38:42
6350,39,1649,Registered,2024-12-04 21:38:42,
6351,39,1535,Cancelled,2024-12-09 21:38:42,
6352,39,2665,Registered,2024-12-11 21:38:42,
6353,39,1489,Attended,2024-11-28 21:38:42,2024-12-17 21:38:42
6354,39,2195,Attended,2024-11-27 21:38:42,2024-12-17 21:38:42
6355,39,543,Attended,2024-11-27 21:38:42,2024-12-17 21:38:42
6356,39,1619,Registered,2024-11-04 21:38:42,
6357,39,1022,Attended,2024-11-21 21:38:42,2024-12-17 21:38:42
6358,39,2555,Cancelled,2024-12-15 21:38:42,
6359,39,1165,Cancelled,2024-11-30 21:38:42,
6360,39,1273,Attended,2024-12-04 21:38:42,2024-12-17 21:38:42
6361,39,326,Registered,2024-11-23 21:38:42,
6362,39,3154,Attended,2024-11-30 21:38:42,2024-12-17 21:38:42
6363,39,392,Attended,2024-11-02 21:38:42,2024-12-17 21:38:42
6364,39,512,Attended,2024-11-24 21:38:42,2024-12-17 21:38:42
6365,39,2307,Attended,2024-12-03 21:38:42,2024-12-17 21:38:42
6366,39,1218,No Show,2024-12-02 21:38:42,
6367,39,156,No Show,2024-11-20 21:38:42,
6368,39,2840,No Show,2024-12-09 21:38:42,
6369,39,417,Attended,2024-11-06 21:38:42,2024-12-17 21:38:42
6370,39,1710,Attended,2024-12-01 21:38:42,2024-12-17 21:38:42
6371,39,1984,Cancelled,2024-12-13 21:38:42,
6372,39,643,Attended,2024-12-10 21:38:42,2024-12-17 21:38:42
6373,39,1109,Registered,2024-12-10 21:38:42,
6374,39,2137,Attended,2024-12-03 21:38:42,2024-12-17 21:38:42
6375,39,2856,Cancelled,2024-11-13 21:38:42,
6376,39,702,Attended,2024-11-23 21:38:42,2024-12-17 21:38:42
6377,39,84,Attended,2024-11-04 21:38:42,2024-12-17 21:38:42
6378,39,1915,Attended,2024-11-15 21:38:42,2024-12-17 21:38:42
6379,39,832,Attended,2024-12-14 21:38:42,2024-12-17 21:38:42
6380,39,2071,Attended,2024-11-07 21:38:42,2024-12-17 21:38:42
6381,39,2691,Registered,2024-12-07 21:38:42,
6382,39,2086,Cancelled,2024-11-18 21:38:42,
6383,39,3203,Attended,2024-11-16 21:38:42,2024-12-17 21:38:42
6384,39,2127,No Show,2024-12-10 21:38:42,
6385,39,886,No Show,2024-11-24 21:38:42,
6386,39,2880,Attended,2024-11-30 21:38:42,2024-12-17 21:38:42
6387,39,2802,Attended,2024-12-10 21:38:42,2024-12-17 21:38:42
6388,39,1815,Attended,2024-11-22 21:38:42,2024-12-17 21:38:42
6389,39,1108,Attended,2024-11-19 21:38:42,2024-12-17 21:38:42
6390,39,104,Registered,2024-11-10 21:38:42,
6391,39,690,No Show,2024-11-14 21:38:42,
6392,39,1584,Attended,2024-11-16 21:38:42,2024-12-17 21:38:42
6393,39,382,Attended,2024-11-05 21:38:42,2024-12-17 21:38:42
6394,39,1559,Attended,2024-11-21 21:38:42,2024-12-17 21:38:42
6395,39,72,No Show,2024-12-12 21:38:42,
6396,39,965,Cancelled,2024-11-30 21:38:42,
6397,39,2497,No Show,2024-12-13 21:38:42,
6398,39,85,No Show,2024-11-28 21:38:42,
6399,39,2487,Attended,2024-12-12 21:38:42,2024-12-17 21:38:42
6400,39,2034,Attended,2024-12-06 21:38:42,2024-12-17 21:38:42
6401,39,467,No Show,2024-11-08 21:38:42,
6402,39,2303,No Show,2024-11-26 21:38:42,
6403,39,2202,Registered,2024-12-03 21:38:42,
6404,39,1474,Registered,2024-11-22 21:38:42,
6405,39,2569,No Show,2024-12-06 21:38:42,
6406,39,2862,Registered,2024-12-06 21:38:42,
6407,39,816,Registered,2024-11-06 21:38:42,
6408,39,3027,Attended,2024-11-23 21:38:42,2024-12-17 21:38:42
6409,39,1680,No Show,2024-12-15 21:38:42,
6410,39,2930,Attended,2024-11-06 21:38:42,2024-12-17 21:38:42
6411,39,2360,No Show,2024-12-11 21:38:42,
6412,39,885,No Show,2024-12-02 21:38:42,
6413,39,1280,Attended,2024-11-08 21:38:42,2024-12-17 21:38:42
6414,39,1349,Attended,2024-12-14 21:38:42,2024-12-17 21:38:42
6415,40,959,Attended,2022-12-17 16:35:41,2022-12-18 16:35:41
6416,40,2845,No Show,2022-11-25 16:35:41,
6417,40,1666,Attended,2022-12-17 16:35:41,2022-12-18 16:35:41
6418,40,2929,Attended,2022-11-20 16:35:41,2022-12-18 16:35:41
6419,40,1987,No Show,2022-11-29 16:35:41,
6420,40,810,Attended,2022-12-03 16:35:41,2022-12-18 16:35:41
6421,40,767,Attended,2022-12-08 16:35:41,2022-12-18 16:35:41
6422,40,2981,Attended,2022-12-07 16:35:41,2022-12-18 16:35:41
6423,40,2585,Attended,2022-11-16 16:35:41,2022-12-18 16:35:41
6424,40,2806,Attended,2022-11-16 16:35:41,2022-12-18 16:35:41
6425,40,2463,Registered,2022-12-08 16:35:41,
6426,40,899,Attended,2022-12-14 16:35:41,2022-12-18 16:35:41
6427,40,1473,Attended,2022-11-14 16:35:41,2022-12-18 16:35:41
6428,40,1309,No Show,2022-11-30 16:35:41,
6429,40,736,Attended,2022-12-06 16:35:41,2022-12-18 16:35:41
6430,40,1840,Registered,2022-11-25 16:35:41,
6431,40,702,Registered,2022-11-25 16:35:41,
6432,40,1856,Attended,2022-12-11 16:35:41,2022-12-18 16:35:41
6433,40,1675,Attended,2022-11-24 16:35:41,2022-12-18 16:35:41
6434,40,2551,Attended,2022-12-11 16:35:41,2022-12-18 16:35:41
6435,40,530,No Show,2022-11-07 16:35:41,
6436,40,1373,Cancelled,2022-11-22 16:35:41,
6437,40,783,Attended,2022-12-15 16:35:41,2022-12-18 16:35:41
6438,40,1,Attended,2022-11-14 16:35:41,2022-12-18 16:35:41
6439,40,1073,No Show,2022-12-17 16:35:41,
6440,40,298,Attended,2022-12-05 16:35:41,2022-12-18 16:35:41
6441,40,1788,Registered,2022-12-14 16:35:41,
6442,40,2227,Cancelled,2022-12-08 16:35:41,
6443,40,3171,Attended,2022-11-08 16:35:41,2022-12-18 16:35:41
6444,40,2737,Attended,2022-11-11 16:35:41,2022-12-18 16:35:41
6445,40,753,Attended,2022-12-12 16:35:41,2022-12-18 16:35:41
6446,40,851,Cancelled,2022-12-09 16:35:41,
6447,40,2266,Attended,2022-12-12 16:35:41,2022-12-18 16:35:41
6448,40,2787,No Show,2022-12-10 16:35:41,
6449,40,1691,Registered,2022-12-14 16:35:41,
6450,40,1305,Cancelled,2022-11-17 16:35:41,
6451,40,1715,Attended,2022-11-05 16:35:41,2022-12-18 16:35:41
6452,40,1120,No Show,2022-12-13 16:35:41,
6453,40,2530,Attended,2022-12-13 16:35:41,2022-12-18 16:35:41
6454,40,1288,Attended,2022-11-26 16:35:41,2022-12-18 16:35:41
6455,40,1589,Attended,2022-11-17 16:35:41,2022-12-18 16:35:41
6456,40,631,Attended,2022-11-18 16:35:41,2022-12-18 16:35:41
6457,40,1815,No Show,2022-11-13 16:35:41,
6458,40,634,Registered,2022-12-03 16:35:41,
6459,40,96,Cancelled,2022-12-13 16:35:41,
6460,40,3016,Attended,2022-12-04 16:35:41,2022-12-18 16:35:41
6461,40,2361,Attended,2022-12-17 16:35:41,2022-12-18 16:35:41
6462,40,2595,Registered,2022-11-10 16:35:41,
6463,40,1439,Attended,2022-11-30 16:35:41,2022-12-18 16:35:41
6464,40,138,Attended,2022-11-23 16:35:41,2022-12-18 16:35:41
6465,40,3191,No Show,2022-12-02 16:35:41,
6466,40,2462,Attended,2022-11-06 16:35:41,2022-12-18 16:35:41
6467,40,614,Attended,2022-11-20 16:35:41,2022-12-18 16:35:41
6468,40,592,No Show,2022-12-04 16:35:41,
6469,40,718,No Show,2022-11-08 16:35:41,
6470,40,773,No Show,2022-11-06 16:35:41,
6471,40,3095,Attended,2022-11-27 16:35:41,2022-12-18 16:35:41
6472,40,1901,Attended,2022-11-30 16:35:41,2022-12-18 16:35:41
6473,40,2443,Attended,2022-12-07 16:35:41,2022-12-18 16:35:41
6474,40,649,Attended,2022-12-01 16:35:41,2022-12-18 16:35:41
6475,40,70,Registered,2022-11-03 16:35:41,
6476,40,424,Attended,2022-12-04 16:35:41,2022-12-18 16:35:41
6477,40,1108,Registered,2022-11-14 16:35:41,
6478,40,3099,Registered,2022-11-03 16:35:41,
6479,40,2978,Attended,2022-12-16 16:35:41,2022-12-18 16:35:41
6480,40,1181,Attended,2022-11-25 16:35:41,2022-12-18 16:35:41
6481,40,687,Attended,2022-11-18 16:35:41,2022-12-18 16:35:41
6482,40,1732,No Show,2022-11-30 16:35:41,
6483,40,2583,Attended,2022-11-10 16:35:41,2022-12-18 16:35:41
6484,40,1093,Attended,2022-12-11 16:35:41,2022-12-18 16:35:41
6485,40,2880,Attended,2022-11-22 16:35:41,2022-12-18 16:35:41
6486,40,1805,Attended,2022-11-23 16:35:41,2022-12-18 16:35:41
6487,40,1771,Attended,2022-11-12 16:35:41,2022-12-18 16:35:41
6488,40,1982,Registered,2022-11-25 16:35:41,
6489,40,1981,Attended,2022-11-30 16:35:41,2022-12-18 16:35:41
6490,40,1122,Attended,2022-11-20 16:35:41,2022-12-18 16:35:41
6491,40,2524,Attended,2022-11-17 16:35:41,2022-12-18 16:35:41
6492,40,2447,Attended,2022-11-09 16:35:41,2022-12-18 16:35:41
6493,40,934,Registered,2022-11-28 16:35:41,
6494,40,765,Attended,2022-11-14 16:35:41,2022-12-18 16:35:41
6495,40,1833,Attended,2022-12-03 16:35:41,2022-12-18 16:35:41
6496,40,1881,Attended,2022-12-11 16:35:41,2022-12-18 16:35:41
6497,40,706,Attended,2022-11-28 16:35:41,2022-12-18 16:35:41
6498,40,3179,Registered,2022-12-11 16:35:41,
6499,40,407,Attended,2022-11-28 16:35:41,2022-12-18 16:35:41
6500,40,2833,Attended,2022-12-10 16:35:41,2022-12-18 16:35:41
6501,40,2232,Attended,2022-11-07 16:35:41,2022-12-18 16:35:41
6502,40,1124,Cancelled,2022-11-20 16:35:41,
6503,40,1633,Attended,2022-11-11 16:35:41,2022-12-18 16:35:41
6504,40,420,No Show,2022-11-12 16:35:41,
6505,40,1360,Attended,2022-11-19 16:35:41,2022-12-18 16:35:41
6506,40,1949,Attended,2022-11-29 16:35:41,2022-12-18 16:35:41
6507,40,1832,Attended,2022-11-22 16:35:41,2022-12-18 16:35:41
6508,40,1935,Attended,2022-11-15 16:35:41,2022-12-18 16:35:41
6509,40,2656,Attended,2022-11-06 16:35:41,2022-12-18 16:35:41
6510,40,1791,Attended,2022-12-16 16:35:41,2022-12-18 16:35:41
6511,40,1595,No Show,2022-11-13 16:35:41,
6512,40,2639,No Show,2022-12-17 16:35:41,
6513,40,1224,Cancelled,2022-11-16 16:35:41,
6514,40,657,Attended,2022-11-18 16:35:41,2022-12-18 16:35:41
6515,40,71,Attended,2022-11-11 16:35:41,2022-12-18 16:35:41
6516,40,29,Attended,2022-11-11 16:35:41,2022-12-18 16:35:41
6517,40,212,Attended,2022-11-12 16:35:41,2022-12-18 16:35:41
6518,40,2262,Cancelled,2022-11-03 16:35:41,
6519,40,99,Registered,2022-11-19 16:35:41,
6520,40,779,Attended,2022-12-04 16:35:41,2022-12-18 16:35:41
6521,40,2773,Attended,2022-11-06 16:35:41,2022-12-18 16:35:41
6522,40,3125,Attended,2022-11-12 16:35:41,2022-12-18 16:35:41
6523,40,1012,Attended,2022-12-04 16:35:41,2022-12-18 16:35:41
6524,40,2575,Attended,2022-11-11 16:35:41,2022-12-18 16:35:41
6525,40,57,Attended,2022-11-18 16:35:41,2022-12-18 16:35:41
6526,40,3101,Attended,2022-11-20 16:35:41,2022-12-18 16:35:41
6527,40,1998,Attended,2022-11-16 16:35:41,2022-12-18 16:35:41
6528,40,1223,No Show,2022-12-13 16:35:41,
6529,40,496,Registered,2022-12-17 16:35:41,
6530,40,2535,Attended,2022-12-11 16:35:41,2022-12-18 16:35:41
6531,40,2422,No Show,2022-11-08 16:35:41,
6532,40,289,Attended,2022-11-16 16:35:41,2022-12-18 16:35:41
6533,40,652,Attended,2022-11-17 16:35:41,2022-12-18 16:35:41
6534,40,1933,Attended,2022-12-02 16:35:41,2022-12-18 16:35:41
6535,40,1945,Registered,2022-11-06 16:35:41,
6536,40,970,Attended,2022-12-14 16:35:41,2022-12-18 16:35:41
6537,40,941,Attended,2022-12-05 16:35:41,2022-12-18 16:35:41
6538,40,2795,Attended,2022-12-02 16:35:41,2022-12-18 16:35:41
6539,40,1257,Attended,2022-12-12 16:35:41,2022-12-18 16:35:41
6540,40,2388,No Show,2022-12-13 16:35:41,
6541,40,1064,Attended,2022-11-07 16:35:41,2022-12-18 16:35:41
6542,40,1232,No Show,2022-11-18 16:35:41,
6543,40,304,Attended,2022-11-24 16:35:41,2022-12-18 16:35:41
6544,40,1244,Attended,2022-11-29 16:35:41,2022-12-18 16:35:41
6545,40,997,No Show,2022-11-22 16:35:41,
6546,40,395,Attended,2022-12-06 16:35:41,2022-12-18 16:35:41
6547,40,2508,Attended,2022-11-15 16:35:41,2022-12-18 16:35:41
6548,40,2596,Registered,2022-11-09 16:35:41,
6549,40,2331,Registered,2022-12-10 16:35:41,
6550,40,2824,Registered,2022-11-19 16:35:41,
6551,40,2625,Attended,2022-11-12 16:35:41,2022-12-18 16:35:41
6552,40,1130,Attended,2022-11-08 16:35:41,2022-12-18 16:35:41
6553,40,1827,Registered,2022-12-07 16:35:41,
6554,40,2244,Attended,2022-11-21 16:35:41,2022-12-18 16:35:41
6555,40,2458,Attended,2022-11-30 16:35:41,2022-12-18 16:35:41
6556,40,1749,Registered,2022-11-09 16:35:41,
6557,40,1137,Attended,2022-11-29 16:35:41,2022-12-18 16:35:41
6558,40,516,Attended,2022-11-27 16:35:41,2022-12-18 16:35:41
6559,40,568,No Show,2022-12-04 16:35:41,
6560,40,2203,Attended,2022-11-25 16:35:41,2022-12-18 16:35:41
6561,40,1765,Registered,2022-11-22 16:35:41,
6562,40,1948,Attended,2022-11-06 16:35:41,2022-12-18 16:35:41
6563,40,365,Attended,2022-11-03 16:35:41,2022-12-18 16:35:41
6564,40,3224,Attended,2022-11-16 16:35:41,2022-12-18 16:35:41
6565,40,3057,Attended,2022-12-01 16:35:41,2022-12-18 16:35:41
6566,40,1448,Attended,2022-12-09 16:35:41,2022-12-18 16:35:41
6567,40,943,Attended,2022-11-13 16:35:41,2022-12-18 16:35:41
6568,40,1643,Attended,2022-11-30 16:35:41,2022-12-18 16:35:41
6569,40,1752,Attended,2022-11-14 16:35:41,2022-12-18 16:35:41
6570,40,2106,Attended,2022-11-04 16:35:41,2022-12-18 16:35:41
6571,40,2435,Attended,2022-11-25 16:35:41,2022-12-18 16:35:41
6572,40,2739,Attended,2022-11-14 16:35:41,2022-12-18 16:35:41
6573,40,2609,Attended,2022-12-07 16:35:41,2022-12-18 16:35:41
6574,40,612,Attended,2022-11-25 16:35:41,2022-12-18 16:35:41
6575,40,2026,Registered,2022-11-25 16:35:41,
6576,40,1930,Attended,2022-11-21 16:35:41,2022-12-18 16:35:41
6577,40,339,Attended,2022-12-13 16:35:41,2022-12-18 16:35:41
6578,40,2987,Registered,2022-11-13 16:35:41,
6579,40,2486,No Show,2022-12-17 16:35:41,
6580,40,989,Attended,2022-11-09 16:35:41,2022-12-18 16:35:41
6581,40,354,Registered,2022-11-27 16:35:41,
6582,40,2997,Cancelled,2022-11-27 16:35:41,
6583,40,1290,Registered,2022-11-30 16:35:41,
6584,40,1887,Attended,2022-11-10 16:35:41,2022-12-18 16:35:41
6585,40,2127,Attended,2022-11-24 16:35:41,2022-12-18 16:35:41
6586,40,3048,No Show,2022-11-11 16:35:41,
6587,40,202,Attended,2022-11-11 16:35:41,2022-12-18 16:35:41
6588,40,1957,Attended,2022-11-27 16:35:41,2022-12-18 16:35:41
6589,40,766,Attended,2022-11-22 16:35:41,2022-12-18 16:35:41
6590,40,2060,No Show,2022-11-28 16:35:41,
6591,40,3175,Attended,2022-11-07 16:35:41,2022-12-18 16:35:41
6592,40,2774,Attended,2022-11-22 16:35:41,2022-12-18 16:35:41
6593,40,1963,No Show,2022-11-13 16:35:41,
6594,40,987,Attended,2022-11-11 16:35:41,2022-12-18 16:35:41
6595,40,2313,No Show,2022-12-10 16:35:41,
6596,40,3152,Attended,2022-11-15 16:35:41,2022-12-18 16:35:41
6597,40,2104,Attended,2022-11-28 16:35:41,2022-12-18 16:35:41
6598,40,1822,Attended,2022-11-29 16:35:41,2022-12-18 16:35:41
6599,40,1654,Attended,2022-11-20 16:35:41,2022-12-18 16:35:41
6600,40,2085,Attended,2022-12-17 16:35:41,2022-12-18 16:35:41
6601,40,1385,Attended,2022-12-14 16:35:41,2022-12-18 16:35:41
6602,40,2212,Attended,2022-11-11 16:35:41,2022-12-18 16:35:41
6603,40,2933,No Show,2022-12-09 16:35:41,
6604,40,842,Attended,2022-11-21 16:35:41,2022-12-18 16:35:41
6605,40,450,Attended,2022-11-23 16:35:41,2022-12-18 16:35:41
6606,40,1324,Cancelled,2022-11-14 16:35:41,
6607,40,1907,Attended,2022-11-10 16:35:41,2022-12-18 16:35:41
6608,40,54,Attended,2022-11-13 16:35:41,2022-12-18 16:35:41
6609,40,2250,Attended,2022-12-09 16:35:41,2022-12-18 16:35:41
6610,40,309,Registered,2022-12-07 16:35:41,
6611,40,2589,Registered,2022-12-15 16:35:41,
6612,40,363,Attended,2022-12-06 16:35:41,2022-12-18 16:35:41
6613,40,2089,Attended,2022-11-17 16:35:41,2022-12-18 16:35:41
6614,40,2316,Attended,2022-12-16 16:35:41,2022-12-18 16:35:41
6615,40,3106,No Show,2022-12-03 16:35:41,
6616,40,1574,Attended,2022-11-21 16:35:41,2022-12-18 16:35:41
6617,40,1067,Cancelled,2022-12-15 16:35:41,
6618,40,77,Attended,2022-11-12 16:35:41,2022-12-18 16:35:41
6619,40,544,Attended,2022-12-05 16:35:41,2022-12-18 16:35:41
6620,40,1084,Registered,2022-11-06 16:35:41,
6621,40,1274,Attended,2022-11-10 16:35:41,2022-12-18 16:35:41
6622,40,1972,Cancelled,2022-12-09 16:35:41,
6623,40,3073,Attended,2022-12-14 16:35:41,2022-12-18 16:35:41
6624,40,2174,No Show,2022-12-07 16:35:41,
6625,40,2991,Attended,2022-11-18 16:35:41,2022-12-18 16:35:41
6626,40,1861,Attended,2022-11-22 16:35:41,2022-12-18 16:35:41
6627,40,79,Attended,2022-11-05 16:35:41,2022-12-18 16:35:41
6628,40,2209,Attended,2022-12-15 16:35:41,2022-12-18 16:35:41
6629,40,884,Attended,2022-11-03 16:35:41,2022-12-18 16:35:41
6630,40,2598,Attended,2022-11-28 16:35:41,2022-12-18 16:35:41
6631,40,156,Attended,2022-11-25 16:35:41,2022-12-18 16:35:41
6632,40,177,Attended,2022-11-03 16:35:41,2022-12-18 16:35:41
6633,40,1297,Attended,2022-12-10 16:35:41,2022-12-18 16:35:41
6634,40,3246,No Show,2022-12-02 16:35:41,
6635,40,2558,Attended,2022-11-18 16:35:41,2022-12-18 16:35:41
6636,40,1282,Attended,2022-12-03 16:35:41,2022-12-18 16:35:41
6637,40,1545,Registered,2022-11-29 16:35:41,
6638,40,2179,Attended,2022-11-24 16:35:41,2022-12-18 16:35:41
6639,40,2235,Cancelled,2022-11-07 16:35:41,
6640,40,1689,Attended,2022-12-09 16:35:41,2022-12-18 16:35:41
6641,40,1564,Cancelled,2022-11-29 16:35:41,
6642,40,1216,Attended,2022-11-22 16:35:41,2022-12-18 16:35:41
6643,40,3013,Attended,2022-11-24 16:35:41,2022-12-18 16:35:41
6644,40,5,Attended,2022-12-08 16:35:41,2022-12-18 16:35:41
6645,40,1828,Cancelled,2022-11-28 16:35:41,
6646,40,2221,Attended,2022-12-15 16:35:41,2022-12-18 16:35:41
6647,40,1645,No Show,2022-11-26 16:35:41,
6648,40,1400,No Show,2022-11-27 16:35:41,
6649,40,439,Cancelled,2022-11-18 16:35:41,
6650,40,2837,Attended,2022-12-13 16:35:41,2022-12-18 16:35:41
6651,40,2451,Registered,2022-11-06 16:35:41,
6652,40,87,Attended,2022-11-16 16:35:41,2022-12-18 16:35:41
6653,40,1862,Attended,2022-11-21 16:35:41,2022-12-18 16:35:41
6654,40,2366,Attended,2022-12-05 16:35:41,2022-12-18 16:35:41
6655,40,374,Attended,2022-12-01 16:35:41,2022-12-18 16:35:41
6656,40,2216,Registered,2022-12-09 16:35:41,
6657,40,670,Attended,2022-11-17 16:35:41,2022-12-18 16:35:41
6658,40,2708,Cancelled,2022-11-12 16:35:41,
6659,40,2758,Attended,2022-11-09 16:35:41,2022-12-18 16:35:41
6660,40,1632,Attended,2022-11-18 16:35:41,2022-12-18 16:35:41
6661,40,1019,Attended,2022-12-10 16:35:41,2022-12-18 16:35:41
6662,40,2292,Attended,2022-12-02 16:35:41,2022-12-18 16:35:41
6663,40,2906,Registered,2022-12-13 16:35:41,
6664,40,250,Attended,2022-11-10 16:35:41,2022-12-18 16:35:41
6665,40,571,Attended,2022-11-24 16:35:41,2022-12-18 16:35:41
6666,40,2245,Registered,2022-11-07 16:35:41,
6667,40,503,Cancelled,2022-11-28 16:35:41,
6668,40,1450,Attended,2022-11-12 16:35:41,2022-12-18 16:35:41
6669,40,3236,Attended,2022-11-28 16:35:41,2022-12-18 16:35:41
6670,40,1239,Attended,2022-11-29 16:35:41,2022-12-18 16:35:41
6671,40,1268,Registered,2022-11-14 16:35:41,
6672,40,960,Attended,2022-12-04 16:35:41,2022-12-18 16:35:41
6673,40,1943,Attended,2022-11-16 16:35:41,2022-12-18 16:35:41
6674,40,1876,Registered,2022-12-02 16:35:41,
6675,40,2898,Attended,2022-11-21 16:35:41,2022-12-18 16:35:41
6676,40,3228,Attended,2022-12-08 16:35:41,2022-12-18 16:35:41
6677,40,1612,No Show,2022-11-17 16:35:41,
6678,41,3121,Registered,2021-11-28 07:57:26,
6679,41,1168,Registered,2021-11-12 07:57:26,
6680,41,2200,Attended,2021-12-01 07:57:26,2021-12-07 07:57:26
6681,41,3098,Attended,2021-11-07 07:57:26,2021-12-07 07:57:26
6682,41,696,Attended,2021-10-29 07:57:26,2021-12-07 07:57:26
6683,41,268,Registered,2021-10-26 07:57:26,
6684,41,1525,Attended,2021-11-20 07:57:26,2021-12-07 07:57:26
6685,41,2110,Cancelled,2021-11-22 07:57:26,
6686,41,121,Attended,2021-12-05 07:57:26,2021-12-07 07:57:26
6687,41,991,Attended,2021-11-07 07:57:26,2021-12-07 07:57:26
6688,41,1199,Attended,2021-11-06 07:57:26,2021-12-07 07:57:26
6689,41,1750,Attended,2021-10-28 07:57:26,2021-12-07 07:57:26
6690,41,1033,No Show,2021-10-26 07:57:26,
6691,41,402,Attended,2021-10-25 07:57:26,2021-12-07 07:57:26
6692,41,1558,Registered,2021-12-03 07:57:26,
6693,41,2591,Attended,2021-11-06 07:57:26,2021-12-07 07:57:26
6694,41,26,Attended,2021-11-14 07:57:26,2021-12-07 07:57:26
6695,41,94,Attended,2021-11-22 07:57:26,2021-12-07 07:57:26
6696,41,236,Attended,2021-11-11 07:57:26,2021-12-07 07:57:26
6697,41,263,No Show,2021-11-21 07:57:26,
6698,41,2099,Attended,2021-11-24 07:57:26,2021-12-07 07:57:26
6699,41,1318,Attended,2021-11-26 07:57:26,2021-12-07 07:57:26
6700,41,583,Attended,2021-11-26 07:57:26,2021-12-07 07:57:26
6701,41,2742,Registered,2021-11-14 07:57:26,
6702,41,1594,Registered,2021-11-01 07:57:26,
6703,41,3014,Attended,2021-11-21 07:57:26,2021-12-07 07:57:26
6704,41,1917,Attended,2021-11-11 07:57:26,2021-12-07 07:57:26
6705,41,2331,Attended,2021-11-28 07:57:26,2021-12-07 07:57:26
6706,41,2353,Registered,2021-10-31 07:57:26,
6707,41,76,Cancelled,2021-10-23 07:57:26,
6708,41,1441,Cancelled,2021-11-16 07:57:26,
6709,41,1250,Attended,2021-11-10 07:57:26,2021-12-07 07:57:26
6710,41,715,Registered,2021-11-22 07:57:26,
6711,41,2029,Attended,2021-11-25 07:57:26,2021-12-07 07:57:26
6712,41,2439,Attended,2021-10-31 07:57:26,2021-12-07 07:57:26
6713,41,629,Cancelled,2021-11-09 07:57:26,
6714,41,1567,No Show,2021-10-28 07:57:26,
6715,41,1636,Attended,2021-11-29 07:57:26,2021-12-07 07:57:26
6716,41,81,Attended,2021-12-04 07:57:26,2021-12-07 07:57:26
6717,41,1949,Attended,2021-11-29 07:57:26,2021-12-07 07:57:26
6718,41,2280,Attended,2021-11-17 07:57:26,2021-12-07 07:57:26
6719,41,1885,Registered,2021-11-16 07:57:26,
6720,41,879,Attended,2021-11-14 07:57:26,2021-12-07 07:57:26
6721,41,3129,Attended,2021-11-24 07:57:26,2021-12-07 07:57:26
6722,41,420,Registered,2021-11-13 07:57:26,
6723,41,1082,No Show,2021-11-22 07:57:26,
6724,41,2782,Attended,2021-11-27 07:57:26,2021-12-07 07:57:26
6725,41,1213,Attended,2021-10-28 07:57:26,2021-12-07 07:57:26
6726,41,1762,Attended,2021-11-09 07:57:26,2021-12-07 07:57:26
6727,41,1268,Attended,2021-11-07 07:57:26,2021-12-07 07:57:26
6728,41,1641,Registered,2021-10-28 07:57:26,
6729,41,1858,Attended,2021-10-31 07:57:26,2021-12-07 07:57:26
6730,41,2358,Attended,2021-11-27 07:57:26,2021-12-07 07:57:26
6731,41,2464,Registered,2021-12-02 07:57:26,
6732,41,43,No Show,2021-11-25 07:57:26,
6733,41,1780,No Show,2021-10-29 07:57:26,
6734,41,2211,No Show,2021-11-25 07:57:26,
6735,41,1088,Attended,2021-11-11 07:57:26,2021-12-07 07:57:26
6736,41,1355,Attended,2021-12-03 07:57:26,2021-12-07 07:57:26
6737,41,1304,Attended,2021-11-24 07:57:26,2021-12-07 07:57:26
6738,41,2080,No Show,2021-11-07 07:57:26,
6739,41,1527,Attended,2021-11-15 07:57:26,2021-12-07 07:57:26
6740,41,1301,No Show,2021-10-23 07:57:26,
6741,41,2123,Attended,2021-11-04 07:57:26,2021-12-07 07:57:26
6742,41,954,Registered,2021-11-05 07:57:26,
6743,41,2533,Attended,2021-11-25 07:57:26,2021-12-07 07:57:26
6744,41,1349,Registered,2021-12-04 07:57:26,
6745,41,796,Registered,2021-11-04 07:57:26,
6746,41,190,Registered,2021-11-05 07:57:26,
6747,41,405,No Show,2021-10-27 07:57:26,
6748,41,2844,Attended,2021-12-04 07:57:26,2021-12-07 07:57:26
6749,41,2340,No Show,2021-11-07 07:57:26,
6750,41,1054,Attended,2021-11-18 07:57:26,2021-12-07 07:57:26
6751,41,3213,Attended,2021-11-05 07:57:26,2021-12-07 07:57:26
6752,41,2263,Registered,2021-11-27 07:57:26,
6753,41,1157,Attended,2021-10-25 07:57:26,2021-12-07 07:57:26
6754,41,1231,No Show,2021-11-16 07:57:26,
6755,41,2375,Attended,2021-10-25 07:57:26,2021-12-07 07:57:26
6756,41,16,Cancelled,2021-10-23 07:57:26,
6757,41,2020,Attended,2021-11-29 07:57:26,2021-12-07 07:57:26
6758,41,1121,Attended,2021-11-13 07:57:26,2021-12-07 07:57:26
6759,41,247,Attended,2021-10-31 07:57:26,2021-12-07 07:57:26
6760,41,1660,Attended,2021-10-24 07:57:26,2021-12-07 07:57:26
6761,41,2367,Attended,2021-11-20 07:57:26,2021-12-07 07:57:26
6762,41,2732,Attended,2021-11-22 07:57:26,2021-12-07 07:57:26
6763,41,916,Attended,2021-11-24 07:57:26,2021-12-07 07:57:26
6764,41,2374,Attended,2021-10-31 07:57:26,2021-12-07 07:57:26
6765,41,1170,Attended,2021-10-27 07:57:26,2021-12-07 07:57:26
6766,41,258,Attended,2021-11-15 07:57:26,2021-12-07 07:57:26
6767,41,419,Attended,2021-11-17 07:57:26,2021-12-07 07:57:26
6768,41,1857,Cancelled,2021-11-06 07:57:26,
6769,41,2608,Attended,2021-12-01 07:57:26,2021-12-07 07:57:26
6770,41,1617,Attended,2021-11-20 07:57:26,2021-12-07 07:57:26
6771,41,979,Attended,2021-12-05 07:57:26,2021-12-07 07:57:26
6772,41,484,Attended,2021-11-04 07:57:26,2021-12-07 07:57:26
6773,41,1589,Cancelled,2021-11-24 07:57:26,
6774,41,2062,No Show,2021-11-14 07:57:26,
6775,41,1504,Registered,2021-12-03 07:57:26,
6776,41,2260,No Show,2021-10-23 07:57:26,
6777,41,1994,Registered,2021-11-19 07:57:26,
6778,41,3162,Attended,2021-10-31 07:57:26,2021-12-07 07:57:26
6779,41,615,Registered,2021-10-29 07:57:26,
6780,41,2861,Attended,2021-11-30 07:57:26,2021-12-07 07:57:26
6781,41,1445,Attended,2021-10-25 07:57:26,2021-12-07 07:57:26
6782,41,3057,Attended,2021-11-26 07:57:26,2021-12-07 07:57:26
6783,41,2297,Attended,2021-11-30 07:57:26,2021-12-07 07:57:26
6784,41,3100,Attended,2021-10-25 07:57:26,2021-12-07 07:57:26
6785,41,3042,Attended,2021-11-13 07:57:26,2021-12-07 07:57:26
6786,41,2937,Attended,2021-11-30 07:57:26,2021-12-07 07:57:26
6787,41,612,Attended,2021-11-20 07:57:26,2021-12-07 07:57:26
6788,41,923,Attended,2021-11-28 07:57:26,2021-12-07 07:57:26
6789,41,3211,No Show,2021-11-06 07:57:26,
6790,41,1161,No Show,2021-11-06 07:57:26,
6791,41,1217,Cancelled,2021-11-08 07:57:26,
6792,41,2209,Attended,2021-10-23 07:57:26,2021-12-07 07:57:26
6793,41,357,Attended,2021-11-29 07:57:26,2021-12-07 07:57:26
6794,41,1283,Attended,2021-11-03 07:57:26,2021-12-07 07:57:26
6795,41,1537,Attended,2021-11-08 07:57:26,2021-12-07 07:57:26
6796,41,1435,Registered,2021-11-02 07:57:26,
6797,41,1478,Attended,2021-10-26 07:57:26,2021-12-07 07:57:26
6798,41,3025,Attended,2021-11-07 07:57:26,2021-12-07 07:57:26
6799,41,1406,Registered,2021-11-02 07:57:26,
6800,41,2522,Attended,2021-11-06 07:57:26,2021-12-07 07:57:26
6801,41,3013,Attended,2021-12-03 07:57:26,2021-12-07 07:57:26
6802,41,2959,Cancelled,2021-10-23 07:57:26,
6803,41,601,No Show,2021-11-30 07:57:26,
6804,41,1043,Attended,2021-11-08 07:57:26,2021-12-07 07:57:26
6805,41,2371,Attended,2021-11-14 07:57:26,2021-12-07 07:57:26
6806,41,2125,Attended,2021-10-26 07:57:26,2021-12-07 07:57:26
6807,41,1110,Attended,2021-11-01 07:57:26,2021-12-07 07:57:26
6808,41,1281,Attended,2021-12-04 07:57:26,2021-12-07 07:57:26
6809,41,1362,Attended,2021-11-28 07:57:26,2021-12-07 07:57:26
6810,41,1023,Attended,2021-11-14 07:57:26,2021-12-07 07:57:26
6811,41,930,Attended,2021-11-12 07:57:26,2021-12-07 07:57:26
6812,41,1829,No Show,2021-11-12 07:57:26,
6813,41,2885,Attended,2021-10-30 07:57:26,2021-12-07 07:57:26
6814,41,78,Registered,2021-11-21 07:57:26,
6815,41,593,Attended,2021-10-30 07:57:26,2021-12-07 07:57:26
6816,41,851,Registered,2021-11-29 07:57:26,
6817,41,2874,Attended,2021-12-06 07:57:26,2021-12-07 07:57:26
6818,41,527,No Show,2021-11-11 07:57:26,
6819,41,614,Attended,2021-10-27 07:57:26,2021-12-07 07:57:26
6820,41,2502,Attended,2021-11-17 07:57:26,2021-12-07 07:57:26
6821,41,2038,Attended,2021-11-10 07:57:26,2021-12-07 07:57:26
6822,41,2218,Cancelled,2021-12-05 07:57:26,
6823,41,664,No Show,2021-11-23 07:57:26,
6824,41,575,Cancelled,2021-11-21 07:57:26,
6825,41,2057,Registered,2021-11-21 07:57:26,
6826,41,1222,Attended,2021-11-19 07:57:26,2021-12-07 07:57:26
6827,41,2420,Attended,2021-11-19 07:57:26,2021-12-07 07:57:26
6828,41,581,Attended,2021-11-21 07:57:26,2021-12-07 07:57:26
6829,41,2850,Attended,2021-11-23 07:57:26,2021-12-07 07:57:26
6830,41,1095,Registered,2021-10-23 07:57:26,
6831,41,2254,Attended,2021-11-06 07:57:26,2021-12-07 07:57:26
6832,41,1756,Registered,2021-11-11 07:57:26,
6833,41,2346,Attended,2021-11-22 07:57:26,2021-12-07 07:57:26
6834,41,246,Attended,2021-11-25 07:57:26,2021-12-07 07:57:26
6835,41,2933,Cancelled,2021-11-14 07:57:26,
6836,41,1902,Registered,2021-11-22 07:57:26,
6837,41,1206,Registered,2021-11-17 07:57:26,
6838,41,1751,Attended,2021-11-20 07:57:26,2021-12-07 07:57:26
6839,41,2662,No Show,2021-11-10 07:57:26,
6840,41,2707,Attended,2021-10-30 07:57:26,2021-12-07 07:57:26
6841,41,380,Attended,2021-10-30 07:57:26,2021-12-07 07:57:26
6842,41,289,Attended,2021-11-19 07:57:26,2021-12-07 07:57:26
6843,41,2463,Attended,2021-12-03 07:57:26,2021-12-07 07:57:26
6844,41,394,Attended,2021-11-29 07:57:26,2021-12-07 07:57:26
6845,41,611,Attended,2021-10-26 07:57:26,2021-12-07 07:57:26
6846,41,59,Attended,2021-11-04 07:57:26,2021-12-07 07:57:26
6847,41,3068,Attended,2021-11-11 07:57:26,2021-12-07 07:57:26
6848,41,2162,Attended,2021-12-06 07:57:26,2021-12-07 07:57:26
6849,41,1266,Attended,2021-11-14 07:57:26,2021-12-07 07:57:26
6850,41,872,Attended,2021-11-14 07:57:26,2021-12-07 07:57:26
6851,41,561,No Show,2021-11-27 07:57:26,
6852,41,2204,No Show,2021-10-26 07:57:26,
6853,41,2108,Attended,2021-11-07 07:57:26,2021-12-07 07:57:26
6854,41,2317,Attended,2021-11-19 07:57:26,2021-12-07 07:57:26
6855,41,1928,Registered,2021-11-03 07:57:26,
6856,41,1035,Attended,2021-11-29 07:57:26,2021-12-07 07:57:26
6857,41,1728,No Show,2021-11-25 07:57:26,
6858,41,2208,No Show,2021-12-02 07:57:26,
6859,41,757,Attended,2021-11-17 07:57:26,2021-12-07 07:57:26
6860,41,3084,Attended,2021-11-20 07:57:26,2021-12-07 07:57:26
6861,41,2792,Attended,2021-11-28 07:57:26,2021-12-07 07:57:26
6862,41,559,Attended,2021-10-27 07:57:26,2021-12-07 07:57:26
6863,41,2785,Cancelled,2021-10-25 07:57:26,
6864,41,461,No Show,2021-11-14 07:57:26,
6865,41,2921,Registered,2021-11-04 07:57:26,
6866,41,1127,Registered,2021-10-31 07:57:26,
6867,41,1248,Attended,2021-12-05 07:57:26,2021-12-07 07:57:26
6868,41,2934,Attended,2021-12-04 07:57:26,2021-12-07 07:57:26
6869,41,1559,Attended,2021-11-26 07:57:26,2021-12-07 07:57:26
6870,41,3093,Attended,2021-11-09 07:57:26,2021-12-07 07:57:26
6871,41,2805,No Show,2021-11-18 07:57:26,
6872,41,988,Attended,2021-11-06 07:57:26,2021-12-07 07:57:26
6873,41,4,Attended,2021-11-25 07:57:26,2021-12-07 07:57:26
6874,41,1799,Attended,2021-11-29 07:57:26,2021-12-07 07:57:26
6875,41,597,Attended,2021-11-05 07:57:26,2021-12-07 07:57:26
6876,41,2151,Registered,2021-11-18 07:57:26,
6877,41,1808,Attended,2021-10-26 07:57:26,2021-12-07 07:57:26
6878,41,3106,Attended,2021-11-22 07:57:26,2021-12-07 07:57:26
6879,41,2623,Attended,2021-11-17 07:57:26,2021-12-07 07:57:26
6880,41,592,Attended,2021-12-02 07:57:26,2021-12-07 07:57:26
6881,41,2575,Registered,2021-11-17 07:57:26,
6882,41,2892,Cancelled,2021-11-01 07:57:26,
6883,41,97,Attended,2021-10-28 07:57:26,2021-12-07 07:57:26
6884,41,2505,Attended,2021-11-17 07:57:26,2021-12-07 07:57:26
6885,41,2354,Attended,2021-11-14 07:57:26,2021-12-07 07:57:26
6886,41,849,Attended,2021-12-03 07:57:26,2021-12-07 07:57:26
6887,41,941,No Show,2021-12-01 07:57:26,
6888,41,1498,Attended,2021-10-29 07:57:26,2021-12-07 07:57:26
6889,41,2089,Attended,2021-10-27 07:57:26,2021-12-07 07:57:26
6890,41,1561,Attended,2021-11-29 07:57:26,2021-12-07 07:57:26
6891,41,2954,Registered,2021-11-16 07:57:26,
6892,41,928,Attended,2021-10-31 07:57:26,2021-12-07 07:57:26
6893,41,1929,Attended,2021-11-10 07:57:26,2021-12-07 07:57:26
6894,41,286,No Show,2021-11-06 07:57:26,
6895,41,1958,Registered,2021-11-19 07:57:26,
6896,41,2370,Attended,2021-11-27 07:57:26,2021-12-07 07:57:26
6897,41,1394,Cancelled,2021-11-10 07:57:26,
6898,41,291,No Show,2021-11-07 07:57:26,
6899,41,763,Attended,2021-11-21 07:57:26,2021-12-07 07:57:26
6900,41,340,Attended,2021-10-27 07:57:26,2021-12-07 07:57:26
6901,41,521,No Show,2021-11-10 07:57:26,
6902,41,1872,Attended,2021-11-23 07:57:26,2021-12-07 07:57:26
6903,41,854,No Show,2021-11-04 07:57:26,
6904,41,3151,Cancelled,2021-12-05 07:57:26,
6905,41,591,Registered,2021-12-03 07:57:26,
6906,41,2688,Attended,2021-11-29 07:57:26,2021-12-07 07:57:26
6907,41,1447,Attended,2021-11-23 07:57:26,2021-12-07 07:57:26
6908,41,385,Attended,2021-11-20 07:57:26,2021-12-07 07:57:26
6909,41,2833,Attended,2021-11-11 07:57:26,2021-12-07 07:57:26
6910,41,1207,No Show,2021-11-07 07:57:26,
6911,41,909,Registered,2021-11-17 07:57:26,
6912,41,2234,Attended,2021-11-19 07:57:26,2021-12-07 07:57:26
6913,41,2024,No Show,2021-11-03 07:57:26,
6914,41,1113,Attended,2021-11-21 07:57:26,2021-12-07 07:57:26
6915,41,2856,Attended,2021-10-25 07:57:26,2021-12-07 07:57:26
6916,41,2252,Registered,2021-10-26 07:57:26,
6917,41,2352,Registered,2021-11-09 07:57:26,
6918,41,31,Registered,2021-11-05 07:57:26,
6919,41,1234,Registered,2021-11-15 07:57:26,
6920,41,1053,Attended,2021-12-02 07:57:26,2021-12-07 07:57:26
6921,41,1094,Attended,2021-11-13 07:57:26,2021-12-07 07:57:26
6922,41,1539,Registered,2021-10-31 07:57:26,
6923,41,1795,Registered,2021-11-29 07:57:26,
6924,41,3142,Attended,2021-10-29 07:57:26,2021-12-07 07:57:26
6925,41,858,Attended,2021-11-19 07:57:26,2021-12-07 07:57:26
6926,41,987,Attended,2021-11-22 07:57:26,2021-12-07 07:57:26
6927,41,2028,Attended,2021-12-04 07:57:26,2021-12-07 07:57:26
6928,41,2589,Cancelled,2021-10-23 07:57:26,
6929,41,693,Attended,2021-11-29 07:57:26,2021-12-07 07:57:26
6930,41,1130,Attended,2021-11-13 07:57:26,2021-12-07 07:57:26
6931,41,68,Registered,2021-12-06 07:57:26,
6932,41,1220,Attended,2021-11-17 07:57:26,2021-12-07 07:57:26
6933,41,2406,Attended,2021-11-04 07:57:26,2021-12-07 07:57:26
6934,41,1836,Attended,2021-12-01 07:57:26,2021-12-07 07:57:26
6935,41,3191,Attended,2021-11-29 07:57:26,2021-12-07 07:57:26
6936,41,781,Attended,2021-11-03 07:57:26,2021-12-07 07:57:26
6937,41,2520,Attended,2021-10-27 07:57:26,2021-12-07 07:57:26
6938,41,3210,Attended,2021-10-28 07:57:26,2021-12-07 07:57:26
6939,41,662,Attended,2021-11-13 07:57:26,2021-12-07 07:57:26
6940,41,2030,Attended,2021-12-06 07:57:26,2021-12-07 07:57:26
6941,41,2320,Attended,2021-11-04 07:57:26,2021-12-07 07:57:26
6942,41,2496,Attended,2021-11-10 07:57:26,2021-12-07 07:57:26
6943,41,644,Attended,2021-11-10 07:57:26,2021-12-07 07:57:26
6944,41,1759,No Show,2021-12-03 07:57:26,
6945,41,1891,No Show,2021-11-13 07:57:26,
6946,41,1598,Attended,2021-11-06 07:57:26,2021-12-07 07:57:26
6947,41,3188,Attended,2021-11-09 07:57:26,2021-12-07 07:57:26
6948,41,2825,Attended,2021-11-11 07:57:26,2021-12-07 07:57:26
6949,41,1319,Attended,2021-11-30 07:57:26,2021-12-07 07:57:26
6950,41,91,Attended,2021-11-14 07:57:26,2021-12-07 07:57:26
6951,41,2863,Registered,2021-11-14 07:57:26,
6952,41,588,Attended,2021-11-15 07:57:26,2021-12-07 07:57:26
6953,41,1776,Attended,2021-10-31 07:57:26,2021-12-07 07:57:26
6954,41,1196,Attended,2021-10-29 07:57:26,2021-12-07 07:57:26
6955,41,1686,Attended,2021-11-26 07:57:26,2021-12-07 07:57:26
6956,41,903,Attended,2021-12-01 07:57:26,2021-12-07 07:57:26
6957,41,425,Attended,2021-10-26 07:57:26,2021-12-07 07:57:26
6958,41,1413,Attended,2021-11-14 07:57:26,2021-12-07 07:57:26
6959,41,2495,No Show,2021-12-01 07:57:26,
6960,41,1774,Registered,2021-10-28 07:57:26,
6961,41,1722,Attended,2021-10-24 07:57:26,2021-12-07 07:57:26
6962,41,1573,Cancelled,2021-11-21 07:57:26,
6963,41,2122,Registered,2021-12-06 07:57:26,
6964,41,569,Attended,2021-11-21 07:57:26,2021-12-07 07:57:26
6965,41,1487,Attended,2021-11-02 07:57:26,2021-12-07 07:57:26
6966,41,1096,Attended,2021-11-17 07:57:26,2021-12-07 07:57:26
6967,41,2536,Attended,2021-11-06 07:57:26,2021-12-07 07:57:26
6968,41,3221,Registered,2021-11-24 07:57:26,
6969,41,1415,No Show,2021-11-27 07:57:26,
6970,41,1046,No Show,2021-11-01 07:57:26,
6971,41,206,Attended,2021-11-23 07:57:26,2021-12-07 07:57:26
6972,41,1158,Registered,2021-10-26 07:57:26,
6973,41,1760,Attended,2021-10-26 07:57:26,2021-12-07 07:57:26
6974,41,333,No Show,2021-11-09 07:57:26,
6975,41,1194,Attended,2021-10-28 07:57:26,2021-12-07 07:57:26
6976,41,282,Attended,2021-11-08 07:57:26,2021-12-07 07:57:26
6977,41,2446,Attended,2021-11-05 07:57:26,2021-12-07 07:57:26
6978,41,1452,Attended,2021-11-06 07:57:26,2021-12-07 07:57:26
6979,41,553,Attended,2021-11-18 07:57:26,2021-12-07 07:57:26
6980,41,1931,Attended,2021-10-31 07:57:26,2021-12-07 07:57:26
6981,41,635,Attended,2021-11-02 07:57:26,2021-12-07 07:57:26
6982,41,1210,Cancelled,2021-10-26 07:57:26,
6983,41,1658,Attended,2021-11-19 07:57:26,2021-12-07 07:57:26
6984,41,217,Attended,2021-10-30 07:57:26,2021-12-07 07:57:26
6985,41,1379,Attended,2021-11-16 07:57:26,2021-12-07 07:57:26
6986,41,2540,Attended,2021-11-06 07:57:26,2021-12-07 07:57:26
6987,41,2249,No Show,2021-12-03 07:57:26,
6988,41,2466,Attended,2021-11-12 07:57:26,2021-12-07 07:57:26
6989,41,460,Cancelled,2021-11-29 07:57:26,
6990,41,942,Attended,2021-11-03 07:57:26,2021-12-07 07:57:26
6991,41,446,Attended,2021-12-06 07:57:26,2021-12-07 07:57:26
6992,41,842,Attended,2021-11-13 07:57:26,2021-12-07 07:57:26
6993,41,2682,Attended,2021-12-03 07:57:26,2021-12-07 07:57:26
6994,41,748,Attended,2021-11-04 07:57:26,2021-12-07 07:57:26
6995,41,1026,Cancelled,2021-10-26 07:57:26,
6996,41,2637,Registered,2021-10-28 07:57:26,
6997,41,1247,Attended,2021-11-26 07:57:26,2021-12-07 07:57:26
6998,41,2402,Attended,2021-10-26 07:57:26,2021-12-07 07:57:26
6999,41,1084,Attended,2021-10-28 07:57:26,2021-12-07 07:57:26
7000,41,1051,Attended,2021-11-27 07:57:26,2021-12-07 07:57:26
7001,41,2667,Attended,2021-11-14 07:57:26,2021-12-07 07:57:26
7002,41,1297,Attended,2021-11-29 07:57:26,2021-12-07 07:57:26
7003,41,3139,Registered,2021-11-08 07:57:26,
7004,41,3185,Attended,2021-11-14 07:57:26,2021-12-07 07:57:26
7005,41,2925,Attended,2021-11-10 07:57:26,2021-12-07 07:57:26
7006,41,1749,Attended,2021-10-28 07:57:26,2021-12-07 07:57:26
7007,41,156,Attended,2021-10-24 07:57:26,2021-12-07 07:57:26
7008,41,143,Attended,2021-11-08 07:57:26,2021-12-07 07:57:26
7009,41,3167,Registered,2021-11-03 07:57:26,
7010,41,963,Cancelled,2021-10-28 07:57:26,
7011,41,830,No Show,2021-11-06 07:57:26,
7012,41,2809,Cancelled,2021-11-10 07:57:26,
7013,41,2473,Attended,2021-12-02 07:57:26,2021-12-07 07:57:26
7014,41,1390,Registered,2021-10-31 07:57:26,
7015,41,2526,Attended,2021-11-19 07:57:26,2021-12-07 07:57:26
7016,41,1260,Attended,2021-11-09 07:57:26,2021-12-07 07:57:26
7017,41,2086,Attended,2021-11-27 07:57:26,2021-12-07 07:57:26
7018,41,1238,Attended,2021-11-03 07:57:26,2021-12-07 07:57:26
7019,41,1101,Attended,2021-11-06 07:57:26,2021-12-07 07:57:26
7020,41,3095,Attended,2021-11-22 07:57:26,2021-12-07 07:57:26
7021,41,2701,No Show,2021-11-19 07:57:26,
7022,41,3205,Attended,2021-11-21 07:57:26,2021-12-07 07:57:26
7023,41,1079,Attended,2021-11-15 07:57:26,2021-12-07 07:57:26
7024,41,2397,Attended,2021-11-08 07:57:26,2021-12-07 07:57:26
7025,41,735,Registered,2021-10-25 07:57:26,
7026,41,2329,Attended,2021-11-29 07:57:26,2021-12-07 07:57:26
7027,41,498,Attended,2021-11-05 07:57:26,2021-12-07 07:57:26
7028,41,1097,Attended,2021-11-04 07:57:26,2021-12-07 07:57:26
7029,41,917,Registered,2021-11-20 07:57:26,
7030,41,2328,Attended,2021-11-18 07:57:26,2021-12-07 07:57:26
7031,41,73,Cancelled,2021-11-23 07:57:26,
7032,41,1823,Attended,2021-12-04 07:57:26,2021-12-07 07:57:26
7033,41,1624,Attended,2021-11-26 07:57:26,2021-12-07 07:57:26
7034,41,702,No Show,2021-12-05 07:57:26,
7035,41,66,Attended,2021-11-07 07:57:26,2021-12-07 07:57:26
7036,41,1677,Attended,2021-11-14 07:57:26,2021-12-07 07:57:26
7037,41,687,Attended,2021-11-25 07:57:26,2021-12-07 07:57:26
7038,41,2527,Attended,2021-11-30 07:57:26,2021-12-07 07:57:26
7039,41,999,Registered,2021-10-25 07:57:26,
7040,41,216,Cancelled,2021-12-04 07:57:26,
7041,41,13,No Show,2021-12-06 07:57:26,
7042,41,2644,Attended,2021-11-04 07:57:26,2021-12-07 07:57:26
7043,41,728,Attended,2021-11-26 07:57:26,2021-12-07 07:57:26
7044,41,2601,Attended,2021-11-18 07:57:26,2021-12-07 07:57:26
7045,41,2515,Cancelled,2021-10-28 07:57:26,
7046,41,2818,Cancelled,2021-11-29 07:57:26,
7047,41,2287,Attended,2021-11-09 07:57:26,2021-12-07 07:57:26
7048,41,1530,Attended,2021-11-26 07:57:26,2021-12-07 07:57:26
7049,41,1340,Attended,2021-11-15 07:57:26,2021-12-07 07:57:26
7050,41,267,Attended,2021-11-12 07:57:26,2021-12-07 07:57:26
7051,41,2622,Attended,2021-11-18 07:57:26,2021-12-07 07:57:26
7052,41,1550,Attended,2021-11-28 07:57:26,2021-12-07 07:57:26
7053,41,1165,Attended,2021-11-16 07:57:26,2021-12-07 07:57:26
7054,41,3239,Attended,2021-11-07 07:57:26,2021-12-07 07:57:26
7055,41,2350,Attended,2021-11-13 07:57:26,2021-12-07 07:57:26
7056,41,2196,Attended,2021-11-08 07:57:26,2021-12-07 07:57:26
7057,41,1377,Attended,2021-11-22 07:57:26,2021-12-07 07:57:26
7058,41,386,Attended,2021-10-30 07:57:26,2021-12-07 07:57:26
7059,41,1632,Attended,2021-11-11 07:57:26,2021-12-07 07:57:26
7060,41,2898,Attended,2021-11-18 07:57:26,2021-12-07 07:57:26
7061,41,1552,Registered,2021-11-30 07:57:26,
7062,41,424,Cancelled,2021-12-02 07:57:26,
7063,41,2015,Attended,2021-12-06 07:57:26,2021-12-07 07:57:26
7064,41,1254,No Show,2021-11-21 07:57:26,
7065,41,2178,No Show,2021-11-18 07:57:26,
7066,41,2425,Registered,2021-10-29 07:57:26,
7067,41,404,Registered,2021-12-03 07:57:26,
7068,41,2969,Cancelled,2021-12-02 07:57:26,
7069,41,210,Attended,2021-11-05 07:57:26,2021-12-07 07:57:26
7070,41,2984,Registered,2021-11-01 07:57:26,
7071,41,3241,Registered,2021-10-24 07:57:26,
7072,41,1547,No Show,2021-11-09 07:57:26,
7073,41,2345,Attended,2021-12-04 07:57:26,2021-12-07 07:57:26
7074,41,2631,Cancelled,2021-11-13 07:57:26,
7075,41,1069,Registered,2021-10-23 07:57:26,
7076,41,3152,Registered,2021-11-29 07:57:26,
7077,41,2996,No Show,2021-11-28 07:57:26,
7078,41,2105,No Show,2021-11-17 07:57:26,
7079,41,608,Attended,2021-11-08 07:57:26,2021-12-07 07:57:26
7080,41,2635,No Show,2021-10-23 07:57:26,
7081,41,2419,Attended,2021-12-04 07:57:26,2021-12-07 07:57:26
7082,41,159,Attended,2021-11-27 07:57:26,2021-12-07 07:57:26
7083,41,46,Attended,2021-10-30 07:57:26,2021-12-07 07:57:26
7084,41,3101,Attended,2021-12-03 07:57:26,2021-12-07 07:57:26
7085,41,1944,Attended,2021-11-18 07:57:26,2021-12-07 07:57:26
7086,41,2506,Attended,2021-11-09 07:57:26,2021-12-07 07:57:26
7087,41,2094,Attended,2021-11-23 07:57:26,2021-12-07 07:57:26
7088,41,135,Attended,2021-12-03 07:57:26,2021-12-07 07:57:26
7089,41,22,Attended,2021-11-02 07:57:26,2021-12-07 07:57:26
7090,41,2896,Attended,2021-11-16 07:57:26,2021-12-07 07:57:26
7091,41,995,Attended,2021-10-25 07:57:26,2021-12-07 07:57:26
7092,41,3012,Attended,2021-12-02 07:57:26,2021-12-07 07:57:26
7093,41,1072,Attended,2021-11-30 07:57:26,2021-12-07 07:57:26
7094,41,2236,Attended,2021-12-03 07:57:26,2021-12-07 07:57:26
7095,41,1716,Registered,2021-11-13 07:57:26,
7096,41,149,Attended,2021-11-10 07:57:26,2021-12-07 07:57:26
7097,41,3054,Attended,2021-11-19 07:57:26,2021-12-07 07:57:26
7098,41,2061,Attended,2021-10-28 07:57:26,2021-12-07 07:57:26
7099,41,1545,Attended,2021-12-01 07:57:26,2021-12-07 07:57:26
7100,41,1352,Registered,2021-11-19 07:57:26,
7101,41,1908,Attended,2021-10-25 07:57:26,2021-12-07 07:57:26
7102,41,264,Attended,2021-12-05 07:57:26,2021-12-07 07:57:26
7103,41,241,Attended,2021-12-04 07:57:26,2021-12-07 07:57:26
7104,41,998,Cancelled,2021-11-06 07:57:26,
7105,41,2947,Attended,2021-11-03 07:57:26,2021-12-07 07:57:26
7106,41,758,Cancelled,2021-11-14 07:57:26,
7107,41,2542,Registered,2021-10-31 07:57:26,
7108,41,1697,Attended,2021-10-28 07:57:26,2021-12-07 07:57:26
7109,41,768,Registered,2021-11-18 07:57:26,
7110,41,1791,Attended,2021-12-03 07:57:26,2021-12-07 07:57:26
7111,41,158,Attended,2021-12-03 07:57:26,2021-12-07 07:57:26
7112,41,1738,Cancelled,2021-11-05 07:57:26,
7113,41,242,Registered,2021-11-19 07:57:26,
7114,41,711,Attended,2021-11-16 07:57:26,2021-12-07 07:57:26
7115,41,2326,Attended,2021-10-27 07:57:26,2021-12-07 07:57:26
7116,41,2610,Registered,2021-10-27 07:57:26,
7117,41,1670,Attended,2021-10-24 07:57:26,2021-12-07 07:57:26
7118,41,1542,Attended,2021-11-25 07:57:26,2021-12-07 07:57:26
7119,41,1842,Attended,2021-11-09 07:57:26,2021-12-07 07:57:26
7120,41,732,No Show,2021-10-28 07:57:26,
7121,41,2808,Attended,2021-11-16 07:57:26,2021-12-07 07:57:26
7122,41,1942,Attended,2021-10-31 07:57:26,2021-12-07 07:57:26
7123,41,887,Attended,2021-11-21 07:57:26,2021-12-07 07:57:26
7124,41,1251,Attended,2021-11-24 07:57:26,2021-12-07 07:57:26
7125,41,856,No Show,2021-10-28 07:57:26,
7126,41,2021,Attended,2021-11-30 07:57:26,2021-12-07 07:57:26
7127,41,458,Attended,2021-11-30 07:57:26,2021-12-07 07:57:26
7128,41,831,Attended,2021-11-26 07:57:26,2021-12-07 07:57:26
7129,41,1164,Attended,2021-11-24 07:57:26,2021-12-07 07:57:26
7130,41,381,Registered,2021-10-30 07:57:26,
7131,41,1914,Attended,2021-11-07 07:57:26,2021-12-07 07:57:26
7132,41,2243,Registered,2021-11-25 07:57:26,
7133,41,2615,Attended,2021-11-30 07:57:26,2021-12-07 07:57:26
7134,41,772,No Show,2021-10-25 07:57:26,
7135,41,2114,Attended,2021-11-06 07:57:26,2021-12-07 07:57:26
7136,41,870,Attended,2021-11-13 07:57:26,2021-12-07 07:57:26
7137,41,1102,Attended,2021-12-03 07:57:26,2021-12-07 07:57:26
7138,41,1983,Attended,2021-11-08 07:57:26,2021-12-07 07:57:26
7139,41,2426,Attended,2021-11-13 07:57:26,2021-12-07 07:57:26
7140,41,427,Attended,2021-12-01 07:57:26,2021-12-07 07:57:26
7141,41,495,No Show,2021-11-28 07:57:26,
7142,41,1374,Attended,2021-11-24 07:57:26,2021-12-07 07:57:26
7143,41,2851,Registered,2021-10-23 07:57:26,
7144,41,3108,Cancelled,2021-11-10 07:57:26,
7145,41,119,Attended,2021-10-24 07:57:26,2021-12-07 07:57:26
7146,41,2524,Attended,2021-12-04 07:57:26,2021-12-07 07:57:26
7147,41,1002,Attended,2021-11-08 07:57:26,2021-12-07 07:57:26
7148,41,501,Attended,2021-11-09 07:57:26,2021-12-07 07:57:26
7149,41,3003,Attended,2021-11-09 07:57:26,2021-12-07 07:57:26
7150,41,1181,Attended,2021-12-06 07:57:26,2021-12-07 07:57:26
7151,41,669,Attended,2021-11-28 07:57:26,2021-12-07 07:57:26
7152,41,365,Attended,2021-11-26 07:57:26,2021-12-07 07:57:26
7153,41,2241,Attended,2021-10-30 07:57:26,2021-12-07 07:57:26
7154,41,462,Registered,2021-11-20 07:57:26,
7155,41,746,Attended,2021-11-30 07:57:26,2021-12-07 07:57:26
7156,41,431,Attended,2021-11-06 07:57:26,2021-12-07 07:57:26
7157,41,213,Registered,2021-11-12 07:57:26,
7158,41,764,Attended,2021-11-23 07:57:26,2021-12-07 07:57:26
7159,41,57,Attended,2021-11-25 07:57:26,2021-12-07 07:57:26
7160,41,625,Attended,2021-11-22 07:57:26,2021-12-07 07:57:26
7161,41,2070,Attended,2021-12-02 07:57:26,2021-12-07 07:57:26
7162,41,2774,Cancelled,2021-11-11 07:57:26,
7163,41,2552,No Show,2021-11-16 07:57:26,
7164,41,2027,Attended,2021-10-30 07:57:26,2021-12-07 07:57:26
7165,41,1473,Attended,2021-11-29 07:57:26,2021-12-07 07:57:26
7166,41,2411,Attended,2021-11-16 07:57:26,2021-12-07 07:57:26
7167,41,2977,Attended,2021-10-26 07:57:26,2021-12-07 07:57:26
7168,41,2041,Registered,2021-10-28 07:57:26,
7169,41,412,No Show,2021-10-27 07:57:26,
7170,41,2490,Cancelled,2021-11-06 07:57:26,
7171,41,2945,Attended,2021-11-01 07:57:26,2021-12-07 07:57:26
7172,41,1278,Attended,2021-11-22 07:57:26,2021-12-07 07:57:26
7173,41,1935,Attended,2021-11-04 07:57:26,2021-12-07 07:57:26
7174,41,832,Registered,2021-11-28 07:57:26,
7175,41,1743,Attended,2021-11-09 07:57:26,2021-12-07 07:57:26
7176,41,760,Cancelled,2021-10-25 07:57:26,
7177,41,2349,Attended,2021-11-03 07:57:26,2021-12-07 07:57:26
7178,41,163,No Show,2021-10-30 07:57:26,
7179,41,1982,Attended,2021-10-27 07:57:26,2021-12-07 07:57:26
7180,41,1553,Registered,2021-11-15 07:57:26,
7181,41,1282,Attended,2021-11-27 07:57:26,2021-12-07 07:57:26
7182,41,1921,Attended,2021-11-04 07:57:26,2021-12-07 07:57:26
7183,41,2763,No Show,2021-11-18 07:57:26,
7184,41,1271,Cancelled,2021-11-15 07:57:26,
7185,41,1018,Attended,2021-11-16 07:57:26,2021-12-07 07:57:26
7186,41,3023,Registered,2021-11-26 07:57:26,
7187,41,722,Attended,2021-10-31 07:57:26,2021-12-07 07:57:26
7188,41,2504,Attended,2021-11-13 07:57:26,2021-12-07 07:57:26
7189,41,2437,Attended,2021-12-02 07:57:26,2021-12-07 07:57:26
7190,41,589,Attended,2021-11-24 07:57:26,2021-12-07 07:57:26
7191,41,1466,Registered,2021-10-30 07:57:26,
7192,41,2248,Attended,2021-12-03 07:57:26,2021-12-07 07:57:26
7193,41,992,Attended,2021-11-09 07:57:26,2021-12-07 07:57:26
7194,41,2855,Attended,2021-11-04 07:57:26,2021-12-07 07:57:26
7195,41,857,No Show,2021-11-25 07:57:26,
7196,41,650,Registered,2021-11-12 07:57:26,
7197,41,250,Cancelled,2021-12-02 07:57:26,
7198,41,2115,Registered,2021-11-17 07:57:26,
7199,41,2273,Attended,2021-12-02 07:57:26,2021-12-07 07:57:26
7200,41,550,Cancelled,2021-10-27 07:57:26,
7201,41,990,Attended,2021-11-16 07:57:26,2021-12-07 07:57:26
7202,41,232,Attended,2021-11-13 07:57:26,2021-12-07 07:57:26
7203,41,1188,Attended,2021-11-28 07:57:26,2021-12-07 07:57:26
7204,41,2022,Attended,2021-10-30 07:57:26,2021-12-07 07:57:26
7205,41,1425,Attended,2021-11-11 07:57:26,2021-12-07 07:57:26
7206,41,1608,No Show,2021-11-29 07:57:26,
7207,41,1182,Attended,2021-10-27 07:57:26,2021-12-07 07:57:26
7208,41,3180,Attended,2021-11-27 07:57:26,2021-12-07 07:57:26
7209,41,2582,No Show,2021-12-03 07:57:26,
7210,41,2748,Attended,2021-11-27 07:57:26,2021-12-07 07:57:26
7211,41,2600,Cancelled,2021-11-18 07:57:26,
7212,41,2521,No Show,2021-10-30 07:57:26,
7213,42,442,No Show,2024-10-29 16:48:48,
7214,42,1115,Attended,2024-11-17 16:48:48,2024-12-01 16:48:48
7215,42,665,Registered,2024-11-30 16:48:48,
7216,42,441,Attended,2024-11-05 16:48:48,2024-12-01 16:48:48
7217,42,2609,Attended,2024-11-01 16:48:48,2024-12-01 16:48:48
7218,42,428,Attended,2024-11-28 16:48:48,2024-12-01 16:48:48
7219,42,1405,No Show,2024-11-12 16:48:48,
7220,42,2494,Attended,2024-11-14 16:48:48,2024-12-01 16:48:48
7221,42,1713,No Show,2024-11-19 16:48:48,
7222,42,878,Cancelled,2024-11-02 16:48:48,
7223,42,2214,Attended,2024-10-26 16:48:48,2024-12-01 16:48:48
7224,42,86,Attended,2024-11-06 16:48:48,2024-12-01 16:48:48
7225,42,3032,Attended,2024-11-07 16:48:48,2024-12-01 16:48:48
7226,42,1002,Attended,2024-10-30 16:48:48,2024-12-01 16:48:48
7227,42,895,Attended,2024-11-21 16:48:48,2024-12-01 16:48:48
7228,42,2105,Cancelled,2024-11-20 16:48:48,
7229,42,1374,Attended,2024-11-17 16:48:48,2024-12-01 16:48:48
7230,42,2961,Registered,2024-11-17 16:48:48,
7231,42,2586,No Show,2024-11-02 16:48:48,
7232,42,2178,Attended,2024-11-01 16:48:48,2024-12-01 16:48:48
7233,42,2962,Attended,2024-10-25 16:48:48,2024-12-01 16:48:48
7234,42,2886,Attended,2024-11-09 16:48:48,2024-12-01 16:48:48
7235,42,2439,No Show,2024-11-03 16:48:48,
7236,42,2044,Attended,2024-11-14 16:48:48,2024-12-01 16:48:48
7237,42,1005,Attended,2024-11-28 16:48:48,2024-12-01 16:48:48
7238,42,236,No Show,2024-11-25 16:48:48,
7239,42,1007,Cancelled,2024-10-19 16:48:48,
7240,42,1956,Attended,2024-10-23 16:48:48,2024-12-01 16:48:48
7241,42,476,Attended,2024-11-29 16:48:48,2024-12-01 16:48:48
7242,42,2950,Attended,2024-11-08 16:48:48,2024-12-01 16:48:48
7243,42,937,Cancelled,2024-11-29 16:48:48,
7244,42,2274,Cancelled,2024-10-24 16:48:48,
7245,42,1650,Attended,2024-11-08 16:48:48,2024-12-01 16:48:48
7246,42,1986,Registered,2024-11-25 16:48:48,
7247,42,195,Registered,2024-11-28 16:48:48,
7248,42,1133,Attended,2024-10-26 16:48:48,2024-12-01 16:48:48
7249,42,2355,Attended,2024-10-21 16:48:48,2024-12-01 16:48:48
7250,42,22,No Show,2024-11-20 16:48:48,
7251,42,509,Attended,2024-11-16 16:48:48,2024-12-01 16:48:48
7252,42,292,Attended,2024-11-28 16:48:48,2024-12-01 16:48:48
7253,42,409,Attended,2024-11-03 16:48:48,2024-12-01 16:48:48
7254,42,2068,Attended,2024-11-01 16:48:48,2024-12-01 16:48:48
7255,42,462,Attended,2024-10-25 16:48:48,2024-12-01 16:48:48
7256,42,2500,Attended,2024-11-02 16:48:48,2024-12-01 16:48:48
7257,42,2688,Attended,2024-11-24 16:48:48,2024-12-01 16:48:48
7258,42,2410,Attended,2024-11-26 16:48:48,2024-12-01 16:48:48
7259,42,3054,Cancelled,2024-11-12 16:48:48,
7260,42,2544,Attended,2024-11-12 16:48:48,2024-12-01 16:48:48
7261,42,2017,Attended,2024-11-17 16:48:48,2024-12-01 16:48:48
7262,42,704,Cancelled,2024-10-27 16:48:48,
7263,42,3173,Attended,2024-11-01 16:48:48,2024-12-01 16:48:48
7264,42,90,Attended,2024-11-01 16:48:48,2024-12-01 16:48:48
7265,42,2153,Attended,2024-11-11 16:48:48,2024-12-01 16:48:48
7266,42,608,No Show,2024-10-29 16:48:48,
7267,42,521,Attended,2024-11-10 16:48:48,2024-12-01 16:48:48
7268,42,2209,Attended,2024-11-23 16:48:48,2024-12-01 16:48:48
7269,42,2829,Attended,2024-11-07 16:48:48,2024-12-01 16:48:48
7270,42,1605,Attended,2024-11-04 16:48:48,2024-12-01 16:48:48
7271,42,1929,Attended,2024-10-18 16:48:48,2024-12-01 16:48:48
7272,42,1843,No Show,2024-11-18 16:48:48,
7273,42,1532,Attended,2024-11-03 16:48:48,2024-12-01 16:48:48
7274,42,1678,Attended,2024-10-26 16:48:48,2024-12-01 16:48:48
7275,42,2976,Attended,2024-11-28 16:48:48,2024-12-01 16:48:48
7276,42,1866,Attended,2024-11-11 16:48:48,2024-12-01 16:48:48
7277,42,3123,Attended,2024-11-05 16:48:48,2024-12-01 16:48:48
7278,42,664,Attended,2024-11-10 16:48:48,2024-12-01 16:48:48
7279,42,2835,Registered,2024-10-26 16:48:48,
7280,42,1265,Attended,2024-11-12 16:48:48,2024-12-01 16:48:48
7281,42,2968,Attended,2024-11-16 16:48:48,2024-12-01 16:48:48
7282,42,2451,Attended,2024-11-15 16:48:48,2024-12-01 16:48:48
7283,42,747,Attended,2024-11-27 16:48:48,2024-12-01 16:48:48
7284,42,541,Attended,2024-11-17 16:48:48,2024-12-01 16:48:48
7285,42,713,No Show,2024-11-26 16:48:48,
7286,42,1313,Attended,2024-11-03 16:48:48,2024-12-01 16:48:48
7287,42,1826,No Show,2024-11-22 16:48:48,
7288,42,2730,No Show,2024-11-06 16:48:48,
7289,42,1787,Registered,2024-10-24 16:48:48,
7290,42,1855,Registered,2024-10-30 16:48:48,
7291,42,1559,Attended,2024-11-02 16:48:48,2024-12-01 16:48:48
7292,42,1068,Cancelled,2024-11-17 16:48:48,
7293,42,422,Registered,2024-11-05 16:48:48,
7294,42,2380,Attended,2024-11-07 16:48:48,2024-12-01 16:48:48
7295,42,2087,Attended,2024-10-30 16:48:48,2024-12-01 16:48:48
7296,42,1909,Attended,2024-11-22 16:48:48,2024-12-01 16:48:48
7297,42,787,Attended,2024-11-16 16:48:48,2024-12-01 16:48:48
7298,42,1572,No Show,2024-11-26 16:48:48,
7299,42,1757,Attended,2024-10-23 16:48:48,2024-12-01 16:48:48
7300,42,1184,Attended,2024-10-28 16:48:48,2024-12-01 16:48:48
7301,42,1028,Attended,2024-11-15 16:48:48,2024-12-01 16:48:48
7302,42,2591,Attended,2024-10-26 16:48:48,2024-12-01 16:48:48
7303,42,2141,Attended,2024-11-02 16:48:48,2024-12-01 16:48:48
7304,42,797,Attended,2024-11-10 16:48:48,2024-12-01 16:48:48
7305,42,2548,No Show,2024-11-23 16:48:48,
7306,42,1659,Attended,2024-11-20 16:48:48,2024-12-01 16:48:48
7307,42,1419,Registered,2024-10-25 16:48:48,
7308,42,10,Attended,2024-10-31 16:48:48,2024-12-01 16:48:48
7309,42,986,No Show,2024-11-07 16:48:48,
7310,42,2665,Cancelled,2024-11-09 16:48:48,
7311,42,2098,Attended,2024-11-25 16:48:48,2024-12-01 16:48:48
7312,42,947,Attended,2024-10-27 16:48:48,2024-12-01 16:48:48
7313,42,2924,Attended,2024-11-28 16:48:48,2024-12-01 16:48:48
7314,42,75,Attended,2024-11-07 16:48:48,2024-12-01 16:48:48
7315,42,1142,Registered,2024-11-01 16:48:48,
7316,42,1480,Attended,2024-10-29 16:48:48,2024-12-01 16:48:48
7317,42,1767,Attended,2024-10-19 16:48:48,2024-12-01 16:48:48
7318,42,658,No Show,2024-11-07 16:48:48,
7319,42,539,Attended,2024-11-18 16:48:48,2024-12-01 16:48:48
7320,42,3220,Attended,2024-11-02 16:48:48,2024-12-01 16:48:48
7321,42,1041,No Show,2024-10-23 16:48:48,
7322,42,3187,Attended,2024-10-27 16:48:48,2024-12-01 16:48:48
7323,42,1658,Cancelled,2024-11-09 16:48:48,
7324,42,2431,Registered,2024-11-15 16:48:48,
7325,42,234,Attended,2024-10-21 16:48:48,2024-12-01 16:48:48
7326,42,721,Attended,2024-10-18 16:48:48,2024-12-01 16:48:48
7327,42,2205,Attended,2024-11-26 16:48:48,2024-12-01 16:48:48
7328,42,700,Attended,2024-11-08 16:48:48,2024-12-01 16:48:48
7329,42,2645,Attended,2024-11-12 16:48:48,2024-12-01 16:48:48
7330,42,845,Attended,2024-11-25 16:48:48,2024-12-01 16:48:48
7331,42,2088,Attended,2024-11-14 16:48:48,2024-12-01 16:48:48
7332,42,446,Attended,2024-11-28 16:48:48,2024-12-01 16:48:48
7333,42,802,Attended,2024-11-13 16:48:48,2024-12-01 16:48:48
7334,42,2302,Attended,2024-11-13 16:48:48,2024-12-01 16:48:48
7335,42,1139,Attended,2024-11-03 16:48:48,2024-12-01 16:48:48
7336,42,1097,No Show,2024-10-27 16:48:48,
7337,42,2906,Attended,2024-11-02 16:48:48,2024-12-01 16:48:48
7338,42,2622,No Show,2024-11-05 16:48:48,
7339,42,1751,Attended,2024-11-18 16:48:48,2024-12-01 16:48:48
7340,42,1438,No Show,2024-10-26 16:48:48,
7341,42,2135,Attended,2024-10-29 16:48:48,2024-12-01 16:48:48
7342,42,1862,Attended,2024-11-13 16:48:48,2024-12-01 16:48:48
7343,42,128,Attended,2024-11-20 16:48:48,2024-12-01 16:48:48
7344,42,603,Attended,2024-10-23 16:48:48,2024-12-01 16:48:48
7345,42,357,Attended,2024-10-23 16:48:48,2024-12-01 16:48:48
7346,42,1055,No Show,2024-10-24 16:48:48,
7347,42,1717,No Show,2024-10-26 16:48:48,
7348,42,1561,Attended,2024-11-19 16:48:48,2024-12-01 16:48:48
7349,42,2481,Attended,2024-11-18 16:48:48,2024-12-01 16:48:48
7350,42,2426,Attended,2024-11-12 16:48:48,2024-12-01 16:48:48
7351,42,962,Attended,2024-11-14 16:48:48,2024-12-01 16:48:48
7352,42,2292,Attended,2024-11-23 16:48:48,2024-12-01 16:48:48
7353,42,1524,Attended,2024-10-21 16:48:48,2024-12-01 16:48:48
7354,42,2836,Attended,2024-11-03 16:48:48,2024-12-01 16:48:48
7355,42,759,Attended,2024-10-25 16:48:48,2024-12-01 16:48:48
7356,42,925,Attended,2024-10-21 16:48:48,2024-12-01 16:48:48
7357,42,2316,Attended,2024-11-28 16:48:48,2024-12-01 16:48:48
7358,42,284,No Show,2024-10-22 16:48:48,
7359,42,1634,No Show,2024-11-18 16:48:48,
7360,42,1145,Registered,2024-10-19 16:48:48,
7361,42,1857,Attended,2024-11-26 16:48:48,2024-12-01 16:48:48
7362,42,693,Attended,2024-11-21 16:48:48,2024-12-01 16:48:48
7363,42,2670,Attended,2024-11-03 16:48:48,2024-12-01 16:48:48
7364,42,3175,Attended,2024-10-19 16:48:48,2024-12-01 16:48:48
7365,42,2899,Attended,2024-10-28 16:48:48,2024-12-01 16:48:48
7366,42,2845,Attended,2024-10-23 16:48:48,2024-12-01 16:48:48
7367,42,1032,Attended,2024-10-18 16:48:48,2024-12-01 16:48:48
7368,42,1359,Registered,2024-11-18 16:48:48,
7369,42,1810,Registered,2024-10-25 16:48:48,
7370,42,738,Registered,2024-11-26 16:48:48,
7371,42,348,Attended,2024-11-08 16:48:48,2024-12-01 16:48:48
7372,42,2690,No Show,2024-10-30 16:48:48,
7373,42,2181,Attended,2024-10-21 16:48:48,2024-12-01 16:48:48
7374,42,2851,Attended,2024-11-18 16:48:48,2024-12-01 16:48:48
7375,42,940,Attended,2024-11-02 16:48:48,2024-12-01 16:48:48
7376,42,3080,Registered,2024-10-27 16:48:48,
7377,42,2387,No Show,2024-11-21 16:48:48,
7378,42,1624,Attended,2024-10-22 16:48:48,2024-12-01 16:48:48
7379,42,3125,Attended,2024-11-28 16:48:48,2024-12-01 16:48:48
7380,42,407,Attended,2024-11-14 16:48:48,2024-12-01 16:48:48
7381,42,2831,Attended,2024-11-01 16:48:48,2024-12-01 16:48:48
7382,43,573,Attended,2023-06-25 02:42:17,2023-08-01 02:42:17
7383,43,144,Attended,2023-06-19 02:42:17,2023-08-01 02:42:17
7384,43,1318,Registered,2023-06-18 02:42:17,
7385,43,2301,No Show,2023-06-29 02:42:17,
7386,43,1821,Attended,2023-07-07 02:42:17,2023-08-01 02:42:17
7387,43,279,Attended,2023-07-21 02:42:17,2023-08-01 02:42:17
7388,43,1764,Attended,2023-07-16 02:42:17,2023-08-01 02:42:17
7389,43,2161,No Show,2023-07-29 02:42:17,
7390,43,1660,Attended,2023-06-18 02:42:17,2023-08-01 02:42:17
7391,43,1669,Attended,2023-07-26 02:42:17,2023-08-01 02:42:17
7392,43,495,Cancelled,2023-07-15 02:42:17,
7393,43,121,No Show,2023-07-11 02:42:17,
7394,43,3025,Attended,2023-07-12 02:42:17,2023-08-01 02:42:17
7395,43,652,No Show,2023-07-22 02:42:17,
7396,43,2909,Attended,2023-06-26 02:42:17,2023-08-01 02:42:17
7397,43,1726,Attended,2023-06-22 02:42:17,2023-08-01 02:42:17
7398,43,2444,Attended,2023-07-08 02:42:17,2023-08-01 02:42:17
7399,43,2355,Attended,2023-07-29 02:42:17,2023-08-01 02:42:17
7400,43,1964,Attended,2023-07-05 02:42:17,2023-08-01 02:42:17
7401,43,2931,Attended,2023-07-12 02:42:17,2023-08-01 02:42:17
7402,43,1628,Attended,2023-07-13 02:42:17,2023-08-01 02:42:17
7403,43,2461,Cancelled,2023-07-26 02:42:17,
7404,43,3181,Cancelled,2023-07-26 02:42:17,
7405,43,2763,Attended,2023-06-19 02:42:17,2023-08-01 02:42:17
7406,43,1989,Registered,2023-07-29 02:42:17,
7407,43,1117,No Show,2023-07-29 02:42:17,
7408,43,2862,Attended,2023-07-18 02:42:17,2023-08-01 02:42:17
7409,43,1372,Attended,2023-07-27 02:42:17,2023-08-01 02:42:17
7410,43,2222,Attended,2023-07-10 02:42:17,2023-08-01 02:42:17
7411,43,934,Attended,2023-07-11 02:42:17,2023-08-01 02:42:17
7412,43,136,Attended,2023-06-30 02:42:17,2023-08-01 02:42:17
7413,43,859,No Show,2023-07-08 02:42:17,
7414,43,2112,Attended,2023-06-24 02:42:17,2023-08-01 02:42:17
7415,43,582,Attended,2023-07-05 02:42:17,2023-08-01 02:42:17
7416,43,2482,Attended,2023-07-16 02:42:17,2023-08-01 02:42:17
7417,43,270,Cancelled,2023-06-22 02:42:17,
7418,43,2696,Attended,2023-06-25 02:42:17,2023-08-01 02:42:17
7419,43,2820,Attended,2023-07-10 02:42:17,2023-08-01 02:42:17
7420,43,313,Cancelled,2023-06-30 02:42:17,
7421,43,1680,Cancelled,2023-06-25 02:42:17,
7422,43,888,Registered,2023-06-21 02:42:17,
7423,43,2230,Attended,2023-07-03 02:42:17,2023-08-01 02:42:17
7424,43,2711,Attended,2023-07-24 02:42:17,2023-08-01 02:42:17
7425,43,1749,Attended,2023-06-23 02:42:17,2023-08-01 02:42:17
7426,43,3172,Attended,2023-07-16 02:42:17,2023-08-01 02:42:17
7427,43,1592,Attended,2023-07-04 02:42:17,2023-08-01 02:42:17
7428,43,3041,Registered,2023-07-15 02:42:17,
7429,43,930,Attended,2023-07-13 02:42:17,2023-08-01 02:42:17
7430,43,259,Registered,2023-07-22 02:42:17,
7431,43,2322,Attended,2023-06-22 02:42:17,2023-08-01 02:42:17
7432,43,2659,Attended,2023-07-18 02:42:17,2023-08-01 02:42:17
7433,43,1801,Attended,2023-07-18 02:42:17,2023-08-01 02:42:17
7434,43,570,Attended,2023-06-21 02:42:17,2023-08-01 02:42:17
7435,43,1558,Attended,2023-07-07 02:42:17,2023-08-01 02:42:17
7436,43,2932,Attended,2023-07-06 02:42:17,2023-08-01 02:42:17
7437,43,736,Attended,2023-07-19 02:42:17,2023-08-01 02:42:17
7438,43,566,Registered,2023-06-29 02:42:17,
7439,43,1839,Attended,2023-07-11 02:42:17,2023-08-01 02:42:17
7440,43,2092,Attended,2023-07-28 02:42:17,2023-08-01 02:42:17
7441,43,783,No Show,2023-06-27 02:42:17,
7442,43,2577,Attended,2023-06-21 02:42:17,2023-08-01 02:42:17
7443,43,1413,Attended,2023-06-17 02:42:17,2023-08-01 02:42:17
7444,43,1525,Attended,2023-06-27 02:42:17,2023-08-01 02:42:17
7445,43,987,Cancelled,2023-07-21 02:42:17,
7446,43,405,Attended,2023-06-25 02:42:17,2023-08-01 02:42:17
7447,43,1075,Cancelled,2023-07-28 02:42:17,
7448,43,1659,Cancelled,2023-07-03 02:42:17,
7449,43,967,Attended,2023-07-20 02:42:17,2023-08-01 02:42:17
7450,43,902,Attended,2023-07-08 02:42:17,2023-08-01 02:42:17
7451,43,2397,Registered,2023-07-04 02:42:17,
7452,43,2062,Cancelled,2023-07-06 02:42:17,
7453,43,2185,Attended,2023-07-08 02:42:17,2023-08-01 02:42:17
7454,43,2231,Attended,2023-07-23 02:42:17,2023-08-01 02:42:17
7455,43,374,Attended,2023-07-19 02:42:17,2023-08-01 02:42:17
7456,43,3057,Attended,2023-06-25 02:42:17,2023-08-01 02:42:17
7457,43,2537,Registered,2023-06-22 02:42:17,
7458,43,1336,Attended,2023-07-27 02:42:17,2023-08-01 02:42:17
7459,43,2700,Attended,2023-06-20 02:42:17,2023-08-01 02:42:17
7460,43,1082,Attended,2023-07-21 02:42:17,2023-08-01 02:42:17
7461,43,1757,Attended,2023-07-08 02:42:17,2023-08-01 02:42:17
7462,43,464,Registered,2023-07-10 02:42:17,
7463,43,2981,Cancelled,2023-07-17 02:42:17,
7464,43,1953,Registered,2023-06-29 02:42:17,
7465,43,1104,Registered,2023-06-27 02:42:17,
7466,43,1804,Registered,2023-07-27 02:42:17,
7467,43,1531,Attended,2023-07-31 02:42:17,2023-08-01 02:42:17
7468,43,2467,Attended,2023-07-01 02:42:17,2023-08-01 02:42:17
7469,43,2544,Attended,2023-06-25 02:42:17,2023-08-01 02:42:17
7470,43,3145,Cancelled,2023-07-15 02:42:17,
7471,43,3192,No Show,2023-07-01 02:42:17,
7472,43,235,Attended,2023-07-17 02:42:17,2023-08-01 02:42:17
7473,43,528,Cancelled,2023-07-02 02:42:17,
7474,43,925,No Show,2023-06-28 02:42:17,
7475,43,1523,Attended,2023-06-26 02:42:17,2023-08-01 02:42:17
7476,43,2181,Attended,2023-06-21 02:42:17,2023-08-01 02:42:17
7477,43,2984,Attended,2023-06-27 02:42:17,2023-08-01 02:42:17
7478,43,2873,Attended,2023-07-31 02:42:17,2023-08-01 02:42:17
7479,43,231,Attended,2023-06-18 02:42:17,2023-08-01 02:42:17
7480,43,734,Attended,2023-06-29 02:42:17,2023-08-01 02:42:17
7481,43,297,Attended,2023-07-19 02:42:17,2023-08-01 02:42:17
7482,43,1252,Attended,2023-07-18 02:42:17,2023-08-01 02:42:17
7483,43,2589,Registered,2023-06-18 02:42:17,
7484,43,2954,Attended,2023-07-21 02:42:17,2023-08-01 02:42:17
7485,43,2828,Attended,2023-07-26 02:42:17,2023-08-01 02:42:17
7486,43,683,Attended,2023-06-23 02:42:17,2023-08-01 02:42:17
7487,43,415,Cancelled,2023-07-08 02:42:17,
7488,43,1573,Registered,2023-07-10 02:42:17,
7489,43,423,Registered,2023-07-29 02:42:17,
7490,43,129,Attended,2023-07-29 02:42:17,2023-08-01 02:42:17
7491,43,2675,Attended,2023-06-30 02:42:17,2023-08-01 02:42:17
7492,43,2434,No Show,2023-07-26 02:42:17,
7493,43,2486,Attended,2023-07-03 02:42:17,2023-08-01 02:42:17
7494,43,1174,Registered,2023-07-03 02:42:17,
7495,43,188,Attended,2023-07-27 02:42:17,2023-08-01 02:42:17
7496,43,2584,Attended,2023-07-31 02:42:17,2023-08-01 02:42:17
7497,43,2861,No Show,2023-07-19 02:42:17,
7498,43,723,Attended,2023-07-31 02:42:17,2023-08-01 02:42:17
7499,43,1291,Attended,2023-06-17 02:42:17,2023-08-01 02:42:17
7500,43,2257,Attended,2023-07-07 02:42:17,2023-08-01 02:42:17
7501,43,523,No Show,2023-07-06 02:42:17,
7502,43,1579,Attended,2023-07-07 02:42:17,2023-08-01 02:42:17
7503,43,1438,Attended,2023-06-30 02:42:17,2023-08-01 02:42:17
7504,43,754,No Show,2023-07-04 02:42:17,
7505,43,1817,Attended,2023-07-05 02:42:17,2023-08-01 02:42:17
7506,43,2509,Attended,2023-07-20 02:42:17,2023-08-01 02:42:17
7507,43,465,No Show,2023-07-26 02:42:17,
7508,43,1774,Attended,2023-06-27 02:42:17,2023-08-01 02:42:17
7509,43,1769,Attended,2023-07-16 02:42:17,2023-08-01 02:42:17
7510,43,1140,Attended,2023-07-21 02:42:17,2023-08-01 02:42:17
7511,43,1380,Registered,2023-06-22 02:42:17,
7512,43,1061,Attended,2023-07-19 02:42:17,2023-08-01 02:42:17
7513,43,1673,Cancelled,2023-07-13 02:42:17,
7514,43,327,Registered,2023-07-28 02:42:17,
7515,43,2646,Attended,2023-07-25 02:42:17,2023-08-01 02:42:17
7516,43,2716,Attended,2023-07-09 02:42:17,2023-08-01 02:42:17
7517,43,1470,Attended,2023-06-29 02:42:17,2023-08-01 02:42:17
7518,43,924,No Show,2023-07-27 02:42:17,
7519,43,2668,Attended,2023-07-18 02:42:17,2023-08-01 02:42:17
7520,43,1278,No Show,2023-07-29 02:42:17,
7521,43,2262,Attended,2023-07-15 02:42:17,2023-08-01 02:42:17
7522,43,1873,Attended,2023-06-19 02:42:17,2023-08-01 02:42:17
7523,43,2309,Cancelled,2023-07-06 02:42:17,
7524,43,778,Registered,2023-07-04 02:42:17,
7525,43,1542,No Show,2023-07-08 02:42:17,
7526,43,234,Cancelled,2023-06-29 02:42:17,
7527,43,729,Registered,2023-07-20 02:42:17,
7528,43,2898,Attended,2023-07-01 02:42:17,2023-08-01 02:42:17
7529,43,319,Attended,2023-06-23 02:42:17,2023-08-01 02:42:17
7530,43,3007,Attended,2023-07-29 02:42:17,2023-08-01 02:42:17
7531,43,689,No Show,2023-07-25 02:42:17,
7532,43,2950,Attended,2023-07-07 02:42:17,2023-08-01 02:42:17
7533,43,347,Cancelled,2023-07-26 02:42:17,
7534,43,1481,Cancelled,2023-07-26 02:42:17,
7535,43,3237,Registered,2023-06-19 02:42:17,
7536,43,1159,Attended,2023-07-03 02:42:17,2023-08-01 02:42:17
7537,43,322,Attended,2023-07-07 02:42:17,2023-08-01 02:42:17
7538,43,680,Cancelled,2023-07-31 02:42:17,
7539,43,472,Attended,2023-06-22 02:42:17,2023-08-01 02:42:17
7540,43,2671,Attended,2023-07-18 02:42:17,2023-08-01 02:42:17
7541,43,2490,Registered,2023-07-12 02:42:17,
7542,43,311,Registered,2023-07-27 02:42:17,
7543,43,2442,Attended,2023-07-03 02:42:17,2023-08-01 02:42:17
7544,43,2211,Attended,2023-07-17 02:42:17,2023-08-01 02:42:17
7545,43,2390,Attended,2023-07-29 02:42:17,2023-08-01 02:42:17
7546,43,2104,Attended,2023-07-25 02:42:17,2023-08-01 02:42:17
7547,43,2186,No Show,2023-07-25 02:42:17,
7548,43,2406,Attended,2023-07-22 02:42:17,2023-08-01 02:42:17
7549,43,2124,Attended,2023-07-11 02:42:17,2023-08-01 02:42:17
7550,43,1600,Attended,2023-06-26 02:42:17,2023-08-01 02:42:17
7551,43,964,No Show,2023-06-29 02:42:17,
7552,43,2533,Registered,2023-06-17 02:42:17,
7553,43,1304,Attended,2023-07-21 02:42:17,2023-08-01 02:42:17
7554,43,74,Attended,2023-07-03 02:42:17,2023-08-01 02:42:17
7555,43,701,Attended,2023-07-11 02:42:17,2023-08-01 02:42:17
7556,43,1849,No Show,2023-07-28 02:42:17,
7557,43,1163,Attended,2023-07-04 02:42:17,2023-08-01 02:42:17
7558,43,2673,Attended,2023-06-19 02:42:17,2023-08-01 02:42:17
7559,43,1885,Cancelled,2023-07-23 02:42:17,
7560,43,2552,Attended,2023-07-20 02:42:17,2023-08-01 02:42:17
7561,43,2621,Attended,2023-07-12 02:42:17,2023-08-01 02:42:17
7562,43,2103,Attended,2023-06-18 02:42:17,2023-08-01 02:42:17
7563,43,614,Cancelled,2023-06-24 02:42:17,
7564,43,2338,No Show,2023-07-04 02:42:17,
7565,43,653,Attended,2023-07-13 02:42:17,2023-08-01 02:42:17
7566,43,271,Cancelled,2023-07-30 02:42:17,
7567,43,606,Attended,2023-06-17 02:42:17,2023-08-01 02:42:17
7568,43,2223,Attended,2023-07-26 02:42:17,2023-08-01 02:42:17
7569,43,631,Attended,2023-07-09 02:42:17,2023-08-01 02:42:17
7570,43,3149,Attended,2023-06-17 02:42:17,2023-08-01 02:42:17
7571,43,345,Attended,2023-07-07 02:42:17,2023-08-01 02:42:17
7572,43,1963,Attended,2023-07-19 02:42:17,2023-08-01 02:42:17
7573,43,3055,Registered,2023-07-06 02:42:17,
7574,43,2565,Attended,2023-06-18 02:42:17,2023-08-01 02:42:17
7575,43,2661,No Show,2023-07-16 02:42:17,
7576,43,1224,Attended,2023-07-04 02:42:17,2023-08-01 02:42:17
7577,43,3205,Cancelled,2023-06-25 02:42:17,
7578,43,501,Attended,2023-07-19 02:42:17,2023-08-01 02:42:17
7579,43,3005,Cancelled,2023-07-06 02:42:17,
7580,43,1299,Attended,2023-07-01 02:42:17,2023-08-01 02:42:17
7581,43,1054,Attended,2023-07-05 02:42:17,2023-08-01 02:42:17
7582,43,120,Attended,2023-06-27 02:42:17,2023-08-01 02:42:17
7583,43,1696,Attended,2023-06-28 02:42:17,2023-08-01 02:42:17
7584,43,2585,Attended,2023-06-28 02:42:17,2023-08-01 02:42:17
7585,43,55,No Show,2023-06-23 02:42:17,
7586,43,2130,Attended,2023-06-28 02:42:17,2023-08-01 02:42:17
7587,43,1146,Registered,2023-06-17 02:42:17,
7588,43,1009,Attended,2023-06-27 02:42:17,2023-08-01 02:42:17
7589,43,1227,No Show,2023-07-15 02:42:17,
7590,43,852,Registered,2023-06-23 02:42:17,
7591,43,2037,Attended,2023-06-22 02:42:17,2023-08-01 02:42:17
7592,43,2220,Attended,2023-06-27 02:42:17,2023-08-01 02:42:17
7593,43,195,Attended,2023-07-17 02:42:17,2023-08-01 02:42:17
7594,43,3168,Registered,2023-07-09 02:42:17,
7595,43,123,Attended,2023-07-28 02:42:17,2023-08-01 02:42:17
7596,43,83,No Show,2023-07-25 02:42:17,
7597,43,1510,Attended,2023-06-18 02:42:17,2023-08-01 02:42:17
7598,43,2800,No Show,2023-07-23 02:42:17,
7599,43,922,Attended,2023-07-18 02:42:17,2023-08-01 02:42:17
7600,43,1397,Attended,2023-07-10 02:42:17,2023-08-01 02:42:17
7601,43,2199,Attended,2023-06-28 02:42:17,2023-08-01 02:42:17
7602,43,1852,Attended,2023-07-13 02:42:17,2023-08-01 02:42:17
7603,43,1977,No Show,2023-07-10 02:42:17,
7604,43,2394,Attended,2023-07-04 02:42:17,2023-08-01 02:42:17
7605,43,1238,Cancelled,2023-07-13 02:42:17,
7606,43,2808,Cancelled,2023-07-03 02:42:17,
7607,43,138,No Show,2023-06-20 02:42:17,
7608,43,805,Attended,2023-07-03 02:42:17,2023-08-01 02:42:17
7609,43,2280,Attended,2023-07-30 02:42:17,2023-08-01 02:42:17
7610,43,2602,No Show,2023-06-22 02:42:17,
7611,43,1739,Attended,2023-06-26 02:42:17,2023-08-01 02:42:17
7612,43,2333,Attended,2023-06-18 02:42:17,2023-08-01 02:42:17
7613,43,766,Attended,2023-07-08 02:42:17,2023-08-01 02:42:17
7614,43,1863,No Show,2023-07-19 02:42:17,
7615,43,1316,No Show,2023-07-11 02:42:17,
7616,43,3127,Attended,2023-07-26 02:42:17,2023-08-01 02:42:17
7617,43,1297,No Show,2023-07-14 02:42:17,
7618,43,572,Registered,2023-07-16 02:42:17,
7619,43,1965,Attended,2023-07-08 02:42:17,2023-08-01 02:42:17
7620,43,3061,Registered,2023-07-21 02:42:17,
7621,43,1055,Attended,2023-07-07 02:42:17,2023-08-01 02:42:17
7622,43,325,Attended,2023-07-23 02:42:17,2023-08-01 02:42:17
7623,43,2771,Registered,2023-06-25 02:42:17,
7624,43,2813,Registered,2023-07-26 02:42:17,
7625,43,429,No Show,2023-07-12 02:42:17,
7626,43,2343,No Show,2023-07-24 02:42:17,
7627,43,598,Cancelled,2023-07-02 02:42:17,
7628,43,762,Attended,2023-07-15 02:42:17,2023-08-01 02:42:17
7629,43,1540,Attended,2023-06-27 02:42:17,2023-08-01 02:42:17
7630,43,945,No Show,2023-06-18 02:42:17,
7631,43,2365,Cancelled,2023-06-29 02:42:17,
7632,43,2125,Attended,2023-07-12 02:42:17,2023-08-01 02:42:17
7633,43,1614,Attended,2023-07-08 02:42:17,2023-08-01 02:42:17
7634,43,3011,Attended,2023-06-18 02:42:17,2023-08-01 02:42:17
7635,43,228,Registered,2023-07-29 02:42:17,
7636,43,343,Attended,2023-07-30 02:42:17,2023-08-01 02:42:17
7637,43,101,Attended,2023-06-20 02:42:17,2023-08-01 02:42:17
7638,43,676,Registered,2023-06-30 02:42:17,
7639,43,730,Attended,2023-06-25 02:42:17,2023-08-01 02:42:17
7640,43,2268,Registered,2023-06-19 02:42:17,
7641,43,1562,No Show,2023-06-21 02:42:17,
7642,43,2925,Cancelled,2023-07-20 02:42:17,
7643,43,3228,Attended,2023-07-09 02:42:17,2023-08-01 02:42:17
7644,43,663,Attended,2023-06-29 02:42:17,2023-08-01 02:42:17
7645,43,324,Registered,2023-07-13 02:42:17,
7646,43,2079,Registered,2023-06-25 02:42:17,
7647,43,2278,Attended,2023-06-17 02:42:17,2023-08-01 02:42:17
7648,43,2517,Attended,2023-07-10 02:42:17,2023-08-01 02:42:17
7649,43,1056,Registered,2023-06-26 02:42:17,
7650,43,1938,Registered,2023-06-17 02:42:17,
7651,43,349,Attended,2023-07-15 02:42:17,2023-08-01 02:42:17
7652,43,1268,Attended,2023-07-25 02:42:17,2023-08-01 02:42:17
7653,43,1347,Attended,2023-06-30 02:42:17,2023-08-01 02:42:17
7654,43,671,Attended,2023-07-31 02:42:17,2023-08-01 02:42:17
7655,43,2846,Attended,2023-07-05 02:42:17,2023-08-01 02:42:17
7656,43,526,Attended,2023-07-06 02:42:17,2023-08-01 02:42:17
7657,43,1328,Registered,2023-06-27 02:42:17,
7658,43,2004,Attended,2023-06-22 02:42:17,2023-08-01 02:42:17
7659,43,1534,Attended,2023-06-27 02:42:17,2023-08-01 02:42:17
7660,43,3056,Attended,2023-06-23 02:42:17,2023-08-01 02:42:17
7661,43,553,Attended,2023-07-19 02:42:17,2023-08-01 02:42:17
7662,43,3116,Attended,2023-07-13 02:42:17,2023-08-01 02:42:17
7663,43,108,Registered,2023-06-18 02:42:17,
7664,43,2929,Attended,2023-07-09 02:42:17,2023-08-01 02:42:17
7665,43,1331,No Show,2023-07-24 02:42:17,
7666,43,1621,Attended,2023-07-27 02:42:17,2023-08-01 02:42:17
7667,43,1754,Attended,2023-07-18 02:42:17,2023-08-01 02:42:17
7668,44,1225,Attended,2025-05-18 10:36:38,2025-06-04 10:36:38
7669,44,3173,Attended,2025-04-25 10:36:38,2025-06-04 10:36:38
7670,44,2170,No Show,2025-04-22 10:36:38,
7671,44,3198,Attended,2025-05-10 10:36:38,2025-06-04 10:36:38
7672,44,893,Attended,2025-05-27 10:36:38,2025-06-04 10:36:38
7673,44,2724,Attended,2025-05-12 10:36:38,2025-06-04 10:36:38
7674,44,1119,Attended,2025-06-01 10:36:38,2025-06-04 10:36:38
7675,44,2919,Registered,2025-04-23 10:36:38,
7676,44,601,Registered,2025-06-02 10:36:38,
7677,44,117,Attended,2025-05-29 10:36:38,2025-06-04 10:36:38
7678,44,2475,Registered,2025-05-29 10:36:38,
7679,44,2767,Registered,2025-06-02 10:36:38,
7680,44,2841,Cancelled,2025-05-02 10:36:38,
7681,44,348,No Show,2025-05-23 10:36:38,
7682,44,1698,Registered,2025-05-05 10:36:38,
7683,44,3146,Attended,2025-06-03 10:36:38,2025-06-04 10:36:38
7684,44,1042,Attended,2025-05-12 10:36:38,2025-06-04 10:36:38
7685,44,297,Attended,2025-04-24 10:36:38,2025-06-04 10:36:38
7686,44,1490,Attended,2025-05-02 10:36:38,2025-06-04 10:36:38
7687,44,1327,Registered,2025-05-27 10:36:38,
7688,44,160,Registered,2025-05-16 10:36:38,
7689,44,149,Attended,2025-05-13 10:36:38,2025-06-04 10:36:38
7690,44,2981,Attended,2025-05-14 10:36:38,2025-06-04 10:36:38
7691,44,2677,No Show,2025-05-06 10:36:38,
7692,44,1773,No Show,2025-05-24 10:36:38,
7693,44,313,Cancelled,2025-05-26 10:36:38,
7694,44,196,Registered,2025-05-22 10:36:38,
7695,44,385,Attended,2025-05-04 10:36:38,2025-06-04 10:36:38
7696,44,1753,Cancelled,2025-05-15 10:36:38,
7697,44,1219,Attended,2025-06-01 10:36:38,2025-06-04 10:36:38
7698,44,2273,Registered,2025-05-12 10:36:38,
7699,44,677,Cancelled,2025-04-25 10:36:38,
7700,44,308,Registered,2025-04-26 10:36:38,
7701,44,2514,No Show,2025-05-19 10:36:38,
7702,44,2376,Attended,2025-05-21 10:36:38,2025-06-04 10:36:38
7703,44,1479,Attended,2025-05-03 10:36:38,2025-06-04 10:36:38
7704,44,1652,Registered,2025-05-16 10:36:38,
7705,44,3016,Attended,2025-05-10 10:36:38,2025-06-04 10:36:38
7706,44,3252,Attended,2025-05-22 10:36:38,2025-06-04 10:36:38
7707,44,1259,Attended,2025-06-03 10:36:38,2025-06-04 10:36:38
7708,44,97,Registered,2025-05-30 10:36:38,
7709,44,2104,No Show,2025-05-19 10:36:38,
7710,44,989,Attended,2025-05-29 10:36:38,2025-06-04 10:36:38
7711,44,2717,Attended,2025-05-06 10:36:38,2025-06-04 10:36:38
7712,44,970,Cancelled,2025-05-15 10:36:38,
7713,44,774,Attended,2025-05-14 10:36:38,2025-06-04 10:36:38
7714,44,2585,Attended,2025-05-21 10:36:38,2025-06-04 10:36:38
7715,44,2856,Attended,2025-04-30 10:36:38,2025-06-04 10:36:38
7716,44,816,Attended,2025-05-20 10:36:38,2025-06-04 10:36:38
7717,44,646,Registered,2025-04-26 10:36:38,
7718,44,1404,Attended,2025-05-02 10:36:38,2025-06-04 10:36:38
7719,44,3161,No Show,2025-04-21 10:36:38,
7720,44,2559,Registered,2025-05-08 10:36:38,
7721,44,752,Attended,2025-05-17 10:36:38,2025-06-04 10:36:38
7722,44,2333,No Show,2025-05-14 10:36:38,
7723,44,2543,Attended,2025-05-15 10:36:38,2025-06-04 10:36:38
7724,44,681,Registered,2025-05-12 10:36:38,
7725,44,1792,Attended,2025-05-19 10:36:38,2025-06-04 10:36:38
7726,44,1626,Registered,2025-05-29 10:36:38,
7727,44,1804,Attended,2025-04-26 10:36:38,2025-06-04 10:36:38
7728,44,2524,Attended,2025-04-22 10:36:38,2025-06-04 10:36:38
7729,44,3081,Attended,2025-06-01 10:36:38,2025-06-04 10:36:38
7730,44,1254,Attended,2025-05-11 10:36:38,2025-06-04 10:36:38
7731,44,1339,Attended,2025-06-02 10:36:38,2025-06-04 10:36:38
7732,44,399,Attended,2025-05-03 10:36:38,2025-06-04 10:36:38
7733,44,1890,Attended,2025-06-02 10:36:38,2025-06-04 10:36:38
7734,44,495,Attended,2025-05-02 10:36:38,2025-06-04 10:36:38
7735,44,3239,Cancelled,2025-05-23 10:36:38,
7736,44,1006,Cancelled,2025-05-07 10:36:38,
7737,44,1061,No Show,2025-05-12 10:36:38,
7738,44,1752,Attended,2025-05-27 10:36:38,2025-06-04 10:36:38
7739,44,1140,Attended,2025-05-03 10:36:38,2025-06-04 10:36:38
7740,44,1467,Registered,2025-05-26 10:36:38,
7741,44,1460,No Show,2025-04-24 10:36:38,
7742,44,1658,Cancelled,2025-05-17 10:36:38,
7743,44,1812,Attended,2025-05-24 10:36:38,2025-06-04 10:36:38
7744,44,551,Attended,2025-06-01 10:36:38,2025-06-04 10:36:38
7745,44,1697,Attended,2025-04-24 10:36:38,2025-06-04 10:36:38
7746,44,537,Attended,2025-05-14 10:36:38,2025-06-04 10:36:38
7747,44,193,Attended,2025-04-24 10:36:38,2025-06-04 10:36:38
7748,44,865,Registered,2025-05-11 10:36:38,
7749,44,2016,No Show,2025-05-12 10:36:38,
7750,44,3205,Attended,2025-05-12 10:36:38,2025-06-04 10:36:38
7751,44,1458,Attended,2025-05-28 10:36:38,2025-06-04 10:36:38
7752,44,2664,Attended,2025-04-21 10:36:38,2025-06-04 10:36:38
7753,44,2527,Attended,2025-04-25 10:36:38,2025-06-04 10:36:38
7754,44,991,Cancelled,2025-05-21 10:36:38,
7755,44,1510,Attended,2025-05-18 10:36:38,2025-06-04 10:36:38
7756,44,953,Attended,2025-05-16 10:36:38,2025-06-04 10:36:38
7757,44,1420,Attended,2025-05-23 10:36:38,2025-06-04 10:36:38
7758,44,277,Registered,2025-05-11 10:36:38,
7759,45,1769,Attended,2021-12-27 22:41:07,2022-01-22 22:41:07
7760,45,1566,Registered,2021-12-31 22:41:07,
7761,45,2377,Registered,2021-12-08 22:41:07,
7762,45,1144,No Show,2021-12-23 22:41:07,
7763,45,2704,Attended,2022-01-15 22:41:07,2022-01-22 22:41:07
7764,45,1394,Attended,2022-01-04 22:41:07,2022-01-22 22:41:07
7765,45,1624,Attended,2022-01-06 22:41:07,2022-01-22 22:41:07
7766,45,2707,No Show,2021-12-21 22:41:07,
7767,45,2727,No Show,2021-12-09 22:41:07,
7768,45,2812,Attended,2021-12-17 22:41:07,2022-01-22 22:41:07
7769,45,1451,Cancelled,2022-01-19 22:41:07,
7770,45,1114,No Show,2022-01-05 22:41:07,
7771,45,1740,No Show,2022-01-19 22:41:07,
7772,45,1973,Registered,2022-01-08 22:41:07,
7773,45,2678,Attended,2021-12-29 22:41:07,2022-01-22 22:41:07
7774,45,539,Registered,2021-12-30 22:41:07,
7775,45,1348,Attended,2021-12-28 22:41:07,2022-01-22 22:41:07
7776,45,2846,Cancelled,2022-01-14 22:41:07,
7777,45,2877,Attended,2022-01-06 22:41:07,2022-01-22 22:41:07
7778,45,1380,Attended,2021-12-10 22:41:07,2022-01-22 22:41:07
7779,45,1492,Cancelled,2021-12-30 22:41:07,
7780,45,1576,Attended,2021-12-17 22:41:07,2022-01-22 22:41:07
7781,45,1577,Attended,2022-01-20 22:41:07,2022-01-22 22:41:07
7782,45,365,Attended,2022-01-02 22:41:07,2022-01-22 22:41:07
7783,45,636,Attended,2022-01-08 22:41:07,2022-01-22 22:41:07
7784,45,2510,Attended,2022-01-02 22:41:07,2022-01-22 22:41:07
7785,45,1204,Registered,2022-01-04 22:41:07,
7786,45,2715,Attended,2021-12-16 22:41:07,2022-01-22 22:41:07
7787,45,2620,Attended,2021-12-09 22:41:07,2022-01-22 22:41:07
7788,45,1021,Attended,2021-12-17 22:41:07,2022-01-22 22:41:07
7789,45,991,Attended,2021-12-25 22:41:07,2022-01-22 22:41:07
7790,45,1318,Attended,2022-01-12 22:41:07,2022-01-22 22:41:07
7791,45,2058,No Show,2021-12-25 22:41:07,
7792,45,1444,Attended,2022-01-14 22:41:07,2022-01-22 22:41:07
7793,45,976,Attended,2022-01-05 22:41:07,2022-01-22 22:41:07
7794,45,2245,Attended,2021-12-21 22:41:07,2022-01-22 22:41:07
7795,45,3114,Attended,2022-01-04 22:41:07,2022-01-22 22:41:07
7796,45,1356,Registered,2022-01-20 22:41:07,
7797,45,3211,Registered,2021-12-31 22:41:07,
7798,45,2094,Attended,2021-12-31 22:41:07,2022-01-22 22:41:07
7799,45,1660,No Show,2022-01-21 22:41:07,
7800,45,2943,Attended,2021-12-18 22:41:07,2022-01-22 22:41:07
7801,45,1507,Attended,2022-01-05 22:41:07,2022-01-22 22:41:07
7802,45,2046,Registered,2022-01-17 22:41:07,
7803,45,815,Registered,2021-12-09 22:41:07,
7804,45,1642,No Show,2022-01-15 22:41:07,
7805,45,1779,Registered,2022-01-12 22:41:07,
7806,45,98,Attended,2021-12-23 22:41:07,2022-01-22 22:41:07
7807,45,411,Attended,2022-01-03 22:41:07,2022-01-22 22:41:07
7808,45,2342,Attended,2021-12-15 22:41:07,2022-01-22 22:41:07
7809,45,190,Cancelled,2022-01-06 22:41:07,
7810,45,940,Attended,2022-01-13 22:41:07,2022-01-22 22:41:07
7811,45,1675,No Show,2022-01-07 22:41:07,
7812,45,381,Attended,2021-12-31 22:41:07,2022-01-22 22:41:07
7813,45,612,Attended,2021-12-31 22:41:07,2022-01-22 22:41:07
7814,45,311,Attended,2021-12-29 22:41:07,2022-01-22 22:41:07
7815,45,489,Attended,2022-01-13 22:41:07,2022-01-22 22:41:07
7816,45,763,Attended,2022-01-02 22:41:07,2022-01-22 22:41:07
7817,45,1785,Registered,2022-01-17 22:41:07,
7818,45,361,Attended,2021-12-19 22:41:07,2022-01-22 22:41:07
7819,45,515,Attended,2022-01-07 22:41:07,2022-01-22 22:41:07
7820,45,37,Attended,2021-12-24 22:41:07,2022-01-22 22:41:07
7821,45,100,No Show,2021-12-23 22:41:07,
7822,45,2168,Attended,2022-01-05 22:41:07,2022-01-22 22:41:07
7823,45,2753,Attended,2021-12-27 22:41:07,2022-01-22 22:41:07
7824,45,3042,Attended,2022-01-06 22:41:07,2022-01-22 22:41:07
7825,45,851,Cancelled,2022-01-21 22:41:07,
7826,45,2999,Attended,2022-01-15 22:41:07,2022-01-22 22:41:07
7827,45,1088,No Show,2022-01-05 22:41:07,
7828,45,1178,Attended,2021-12-21 22:41:07,2022-01-22 22:41:07
7829,45,2658,Attended,2021-12-08 22:41:07,2022-01-22 22:41:07
7830,45,2411,Attended,2021-12-30 22:41:07,2022-01-22 22:41:07
7831,45,741,Cancelled,2022-01-04 22:41:07,
7832,45,1254,Registered,2021-12-18 22:41:07,
7833,45,951,Attended,2021-12-15 22:41:07,2022-01-22 22:41:07
7834,45,82,Registered,2022-01-14 22:41:07,
7835,45,2442,Attended,2022-01-18 22:41:07,2022-01-22 22:41:07
7836,45,2961,Attended,2021-12-15 22:41:07,2022-01-22 22:41:07
7837,45,398,Attended,2021-12-15 22:41:07,2022-01-22 22:41:07
7838,45,1879,Registered,2022-01-05 22:41:07,
7839,45,383,Attended,2021-12-30 22:41:07,2022-01-22 22:41:07
7840,45,3196,Attended,2022-01-02 22:41:07,2022-01-22 22:41:07
7841,45,110,Attended,2022-01-09 22:41:07,2022-01-22 22:41:07
7842,45,1597,Attended,2021-12-25 22:41:07,2022-01-22 22:41:07
7843,45,602,Attended,2021-12-17 22:41:07,2022-01-22 22:41:07
7844,45,2834,Attended,2022-01-14 22:41:07,2022-01-22 22:41:07
7845,45,1179,Attended,2021-12-18 22:41:07,2022-01-22 22:41:07
7846,45,2206,Registered,2021-12-23 22:41:07,
7847,45,1644,Attended,2021-12-30 22:41:07,2022-01-22 22:41:07
7848,45,2147,Attended,2022-01-02 22:41:07,2022-01-22 22:41:07
7849,45,2569,Attended,2022-01-19 22:41:07,2022-01-22 22:41:07
7850,45,2575,Registered,2021-12-20 22:41:07,
7851,45,3152,Attended,2022-01-19 22:41:07,2022-01-22 22:41:07
7852,45,2647,Attended,2022-01-11 22:41:07,2022-01-22 22:41:07
7853,45,1135,Attended,2022-01-11 22:41:07,2022-01-22 22:41:07
7854,45,2126,Registered,2022-01-08 22:41:07,
7855,45,2779,Registered,2021-12-29 22:41:07,
7856,45,2356,Attended,2022-01-14 22:41:07,2022-01-22 22:41:07
7857,45,1194,Registered,2022-01-15 22:41:07,
7858,45,1030,Cancelled,2022-01-05 22:41:07,
7859,45,2929,Attended,2022-01-19 22:41:07,2022-01-22 22:41:07
7860,45,1154,Attended,2022-01-03 22:41:07,2022-01-22 22:41:07
7861,45,1078,Attended,2022-01-21 22:41:07,2022-01-22 22:41:07
7862,45,2835,Attended,2022-01-03 22:41:07,2022-01-22 22:41:07
7863,45,226,Attended,2022-01-08 22:41:07,2022-01-22 22:41:07
7864,45,2037,Attended,2021-12-09 22:41:07,2022-01-22 22:41:07
7865,45,213,Attended,2022-01-12 22:41:07,2022-01-22 22:41:07
7866,45,2073,Attended,2021-12-18 22:41:07,2022-01-22 22:41:07
7867,45,2048,Attended,2022-01-08 22:41:07,2022-01-22 22:41:07
7868,45,1410,Attended,2022-01-13 22:41:07,2022-01-22 22:41:07
7869,45,2705,Attended,2022-01-02 22:41:07,2022-01-22 22:41:07
7870,45,1308,Attended,2022-01-19 22:41:07,2022-01-22 22:41:07
7871,45,2334,Attended,2021-12-12 22:41:07,2022-01-22 22:41:07
7872,45,1930,Attended,2022-01-21 22:41:07,2022-01-22 22:41:07
7873,45,807,Attended,2021-12-26 22:41:07,2022-01-22 22:41:07
7874,45,1142,Attended,2022-01-10 22:41:07,2022-01-22 22:41:07
7875,45,1032,Attended,2022-01-01 22:41:07,2022-01-22 22:41:07
7876,45,1268,Attended,2021-12-21 22:41:07,2022-01-22 22:41:07
7877,45,2580,Attended,2022-01-01 22:41:07,2022-01-22 22:41:07
7878,45,2373,No Show,2021-12-17 22:41:07,
7879,45,430,No Show,2021-12-31 22:41:07,
7880,45,1180,Attended,2021-12-16 22:41:07,2022-01-22 22:41:07
7881,45,890,Attended,2021-12-18 22:41:07,2022-01-22 22:41:07
7882,45,2285,Attended,2022-01-06 22:41:07,2022-01-22 22:41:07
7883,45,802,Attended,2021-12-11 22:41:07,2022-01-22 22:41:07
7884,45,2974,No Show,2022-01-12 22:41:07,
7885,45,1604,Attended,2021-12-09 22:41:07,2022-01-22 22:41:07
7886,45,2353,Attended,2021-12-14 22:41:07,2022-01-22 22:41:07
7887,45,878,Cancelled,2022-01-09 22:41:07,
7888,45,307,Attended,2021-12-14 22:41:07,2022-01-22 22:41:07
7889,45,334,Attended,2022-01-04 22:41:07,2022-01-22 22:41:07
7890,45,2223,No Show,2022-01-05 22:41:07,
7891,45,206,Attended,2022-01-05 22:41:07,2022-01-22 22:41:07
7892,45,3022,Attended,2022-01-07 22:41:07,2022-01-22 22:41:07
7893,45,3048,Attended,2021-12-11 22:41:07,2022-01-22 22:41:07
7894,45,1038,No Show,2022-01-09 22:41:07,
7895,45,1261,Attended,2022-01-12 22:41:07,2022-01-22 22:41:07
7896,45,1345,Attended,2022-01-04 22:41:07,2022-01-22 22:41:07
7897,45,1562,Registered,2022-01-02 22:41:07,
7898,45,1415,Attended,2022-01-19 22:41:07,2022-01-22 22:41:07
7899,45,860,Attended,2022-01-14 22:41:07,2022-01-22 22:41:07
7900,45,1023,No Show,2022-01-18 22:41:07,
7901,45,1044,Attended,2021-12-10 22:41:07,2022-01-22 22:41:07
7902,45,2260,Attended,2022-01-15 22:41:07,2022-01-22 22:41:07
7903,45,2132,Attended,2022-01-18 22:41:07,2022-01-22 22:41:07
7904,45,162,Attended,2022-01-20 22:41:07,2022-01-22 22:41:07
7905,45,104,Attended,2021-12-30 22:41:07,2022-01-22 22:41:07
7906,45,1472,Cancelled,2022-01-02 22:41:07,
7907,45,323,No Show,2021-12-18 22:41:07,
7908,45,306,Attended,2022-01-20 22:41:07,2022-01-22 22:41:07
7909,45,1115,Cancelled,2021-12-08 22:41:07,
7910,45,2463,Attended,2021-12-21 22:41:07,2022-01-22 22:41:07
7911,45,2876,Attended,2021-12-12 22:41:07,2022-01-22 22:41:07
7912,45,1513,Attended,2022-01-12 22:41:07,2022-01-22 22:41:07
7913,45,1794,Attended,2022-01-05 22:41:07,2022-01-22 22:41:07
7914,45,2841,Attended,2022-01-05 22:41:07,2022-01-22 22:41:07
7915,45,2745,Attended,2021-12-08 22:41:07,2022-01-22 22:41:07
7916,45,304,Attended,2021-12-13 22:41:07,2022-01-22 22:41:07
7917,45,1264,Attended,2022-01-11 22:41:07,2022-01-22 22:41:07
7918,45,2939,Attended,2022-01-16 22:41:07,2022-01-22 22:41:07
7919,45,1182,Attended,2022-01-21 22:41:07,2022-01-22 22:41:07
7920,45,1157,Attended,2022-01-05 22:41:07,2022-01-22 22:41:07
7921,45,1836,Attended,2022-01-12 22:41:07,2022-01-22 22:41:07
7922,45,251,Attended,2021-12-21 22:41:07,2022-01-22 22:41:07
7923,45,1620,Registered,2021-12-09 22:41:07,
7924,45,1494,Attended,2021-12-09 22:41:07,2022-01-22 22:41:07
7925,45,1107,No Show,2021-12-11 22:41:07,
7926,45,617,Attended,2022-01-19 22:41:07,2022-01-22 22:41:07
7927,45,293,Attended,2022-01-18 22:41:07,2022-01-22 22:41:07
7928,45,3062,Attended,2021-12-23 22:41:07,2022-01-22 22:41:07
7929,45,2537,Registered,2021-12-19 22:41:07,
7930,45,156,No Show,2022-01-19 22:41:07,
7931,45,2166,No Show,2021-12-12 22:41:07,
7932,45,1020,Attended,2021-12-20 22:41:07,2022-01-22 22:41:07
7933,45,2657,Attended,2022-01-03 22:41:07,2022-01-22 22:41:07
7934,45,1301,Attended,2021-12-27 22:41:07,2022-01-22 22:41:07
7935,45,2546,Registered,2021-12-17 22:41:07,
7936,45,2106,Cancelled,2021-12-12 22:41:07,
7937,45,1431,Registered,2022-01-20 22:41:07,
7938,45,2621,Attended,2021-12-29 22:41:07,2022-01-22 22:41:07
7939,45,1521,Registered,2021-12-17 22:41:07,
7940,45,1563,Cancelled,2021-12-30 22:41:07,
7941,45,1869,Attended,2021-12-18 22:41:07,2022-01-22 22:41:07
7942,45,1220,Cancelled,2022-01-09 22:41:07,
7943,45,2924,Attended,2022-01-19 22:41:07,2022-01-22 22:41:07
7944,45,2336,Registered,2021-12-12 22:41:07,
7945,45,280,Attended,2021-12-16 22:41:07,2022-01-22 22:41:07
7946,45,229,Attended,2022-01-12 22:41:07,2022-01-22 22:41:07
7947,45,819,Registered,2022-01-16 22:41:07,
7948,45,2478,Registered,2021-12-08 22:41:07,
7949,45,1357,Attended,2022-01-19 22:41:07,2022-01-22 22:41:07
7950,45,2833,Attended,2022-01-08 22:41:07,2022-01-22 22:41:07
7951,45,2884,Attended,2021-12-16 22:41:07,2022-01-22 22:41:07
7952,45,2095,Cancelled,2022-01-18 22:41:07,
7953,45,1534,Attended,2022-01-10 22:41:07,2022-01-22 22:41:07
7954,45,2326,Attended,2022-01-08 22:41:07,2022-01-22 22:41:07
7955,45,964,Attended,2021-12-17 22:41:07,2022-01-22 22:41:07
7956,45,1061,Attended,2021-12-19 22:41:07,2022-01-22 22:41:07
7957,45,170,Attended,2022-01-14 22:41:07,2022-01-22 22:41:07
7958,45,2683,Registered,2021-12-30 22:41:07,
7959,45,672,Attended,2022-01-15 22:41:07,2022-01-22 22:41:07
7960,45,416,Attended,2022-01-12 22:41:07,2022-01-22 22:41:07
7961,45,1045,Attended,2022-01-15 22:41:07,2022-01-22 22:41:07
7962,45,2594,Attended,2021-12-12 22:41:07,2022-01-22 22:41:07
7963,45,2984,Attended,2021-12-08 22:41:07,2022-01-22 22:41:07
7964,45,923,Attended,2021-12-16 22:41:07,2022-01-22 22:41:07
7965,45,2161,Attended,2022-01-07 22:41:07,2022-01-22 22:41:07
7966,45,1580,Registered,2022-01-06 22:41:07,
7967,45,1015,Attended,2021-12-18 22:41:07,2022-01-22 22:41:07
7968,45,2372,Attended,2021-12-31 22:41:07,2022-01-22 22:41:07
7969,45,154,Attended,2022-01-09 22:41:07,2022-01-22 22:41:07
7970,45,3108,Attended,2022-01-08 22:41:07,2022-01-22 22:41:07
7971,45,1544,Attended,2021-12-11 22:41:07,2022-01-22 22:41:07
7972,45,1552,Attended,2022-01-05 22:41:07,2022-01-22 22:41:07
7973,45,1821,Registered,2022-01-01 22:41:07,
7974,45,1710,Attended,2021-12-17 22:41:07,2022-01-22 22:41:07
7975,45,835,Cancelled,2022-01-19 22:41:07,
7976,45,792,No Show,2021-12-13 22:41:07,
7977,45,1805,Attended,2021-12-17 22:41:07,2022-01-22 22:41:07
7978,45,1608,No Show,2022-01-10 22:41:07,
7979,45,343,No Show,2022-01-20 22:41:07,
7980,45,2823,Attended,2022-01-12 22:41:07,2022-01-22 22:41:07
7981,45,2254,Attended,2021-12-28 22:41:07,2022-01-22 22:41:07
7982,45,2386,Registered,2022-01-05 22:41:07,
7983,45,3106,No Show,2022-01-15 22:41:07,
7984,45,2643,Attended,2021-12-10 22:41:07,2022-01-22 22:41:07
7985,45,2164,Attended,2022-01-11 22:41:07,2022-01-22 22:41:07
7986,45,1281,Attended,2022-01-07 22:41:07,2022-01-22 22:41:07
7987,45,630,Attended,2021-12-14 22:41:07,2022-01-22 22:41:07
7988,45,1654,Attended,2021-12-29 22:41:07,2022-01-22 22:41:07
7989,45,2234,Attended,2022-01-02 22:41:07,2022-01-22 22:41:07
7990,45,2002,Cancelled,2022-01-11 22:41:07,
7991,45,2022,Attended,2021-12-09 22:41:07,2022-01-22 22:41:07
7992,45,826,Attended,2021-12-30 22:41:07,2022-01-22 22:41:07
7993,45,549,Attended,2021-12-23 22:41:07,2022-01-22 22:41:07
7994,45,1113,Attended,2022-01-02 22:41:07,2022-01-22 22:41:07
7995,45,1954,Registered,2022-01-21 22:41:07,
7996,45,3240,Registered,2022-01-05 22:41:07,
7997,45,1841,Attended,2021-12-30 22:41:07,2022-01-22 22:41:07
7998,45,2820,No Show,2022-01-17 22:41:07,
7999,45,1407,No Show,2022-01-12 22:41:07,
8000,45,217,Attended,2021-12-23 22:41:07,2022-01-22 22:41:07
8001,45,1170,Registered,2021-12-24 22:41:07,
8002,45,3243,Attended,2022-01-12 22:41:07,2022-01-22 22:41:07
8003,45,2535,Attended,2022-01-03 22:41:07,2022-01-22 22:41:07
8004,45,2461,No Show,2022-01-12 22:41:07,
8005,45,2465,No Show,2021-12-09 22:41:07,
8006,45,2312,Attended,2021-12-26 22:41:07,2022-01-22 22:41:07
8007,45,405,Attended,2022-01-13 22:41:07,2022-01-22 22:41:07
8008,45,2595,Attended,2021-12-22 22:41:07,2022-01-22 22:41:07
8009,45,1006,Cancelled,2021-12-27 22:41:07,
8010,45,1042,Attended,2021-12-12 22:41:07,2022-01-22 22:41:07
8011,45,934,Attended,2021-12-21 22:41:07,2022-01-22 22:41:07
8012,45,2389,Attended,2022-01-15 22:41:07,2022-01-22 22:41:07
8013,45,317,Attended,2021-12-21 22:41:07,2022-01-22 22:41:07
8014,45,1813,Attended,2021-12-23 22:41:07,2022-01-22 22:41:07
8015,45,2337,Attended,2022-01-09 22:41:07,2022-01-22 22:41:07
8016,45,308,Cancelled,2021-12-26 22:41:07,
8017,45,805,Attended,2021-12-20 22:41:07,2022-01-22 22:41:07
8018,45,682,Attended,2021-12-19 22:41:07,2022-01-22 22:41:07
8019,45,1983,Registered,2021-12-20 22:41:07,
8020,45,1666,Attended,2022-01-13 22:41:07,2022-01-22 22:41:07
8021,45,2148,Cancelled,2022-01-08 22:41:07,
8022,45,473,No Show,2021-12-31 22:41:07,
8023,45,1035,Attended,2021-12-19 22:41:07,2022-01-22 22:41:07
8024,45,1320,Cancelled,2021-12-14 22:41:07,
8025,45,301,Attended,2022-01-12 22:41:07,2022-01-22 22:41:07
8026,45,2138,No Show,2021-12-09 22:41:07,
8027,45,1672,No Show,2022-01-15 22:41:07,
8028,45,38,Attended,2021-12-20 22:41:07,2022-01-22 22:41:07
8029,45,1615,Attended,2021-12-20 22:41:07,2022-01-22 22:41:07
8030,45,1508,No Show,2021-12-20 22:41:07,
8031,45,1134,Attended,2021-12-16 22:41:07,2022-01-22 22:41:07
8032,45,1876,Attended,2021-12-29 22:41:07,2022-01-22 22:41:07
8033,45,3019,Attended,2021-12-08 22:41:07,2022-01-22 22:41:07
8034,45,3124,Attended,2021-12-24 22:41:07,2022-01-22 22:41:07
8035,45,1496,Attended,2022-01-13 22:41:07,2022-01-22 22:41:07
8036,45,1646,Cancelled,2022-01-03 22:41:07,
8037,45,3149,Attended,2022-01-05 22:41:07,2022-01-22 22:41:07
8038,45,1990,Attended,2022-01-21 22:41:07,2022-01-22 22:41:07
8039,45,2027,Attended,2021-12-11 22:41:07,2022-01-22 22:41:07
8040,45,1028,Attended,2021-12-17 22:41:07,2022-01-22 22:41:07
8041,45,1419,Registered,2022-01-13 22:41:07,
8042,45,1947,Attended,2021-12-29 22:41:07,2022-01-22 22:41:07
8043,45,1248,Attended,2022-01-11 22:41:07,2022-01-22 22:41:07
8044,45,862,Registered,2021-12-12 22:41:07,
8045,45,1754,Attended,2021-12-16 22:41:07,2022-01-22 22:41:07
8046,45,584,Attended,2021-12-29 22:41:07,2022-01-22 22:41:07
8047,45,1484,Attended,2021-12-12 22:41:07,2022-01-22 22:41:07
8048,45,834,Attended,2022-01-15 22:41:07,2022-01-22 22:41:07
8049,45,287,Attended,2021-12-10 22:41:07,2022-01-22 22:41:07
8050,45,363,Registered,2022-01-18 22:41:07,
8051,45,2092,Registered,2022-01-20 22:41:07,
8052,45,1093,No Show,2021-12-11 22:41:07,
8053,45,1233,Attended,2022-01-04 22:41:07,2022-01-22 22:41:07
8054,45,2932,No Show,2021-12-22 22:41:07,
8055,45,2244,No Show,2021-12-30 22:41:07,
8056,45,415,Attended,2021-12-15 22:41:07,2022-01-22 22:41:07
8057,45,1466,Cancelled,2021-12-16 22:41:07,
8058,45,687,Attended,2022-01-15 22:41:07,2022-01-22 22:41:07
8059,45,1505,Attended,2022-01-09 22:41:07,2022-01-22 22:41:07
8060,45,36,Attended,2021-12-30 22:41:07,2022-01-22 22:41:07
8061,45,2430,Attended,2021-12-10 22:41:07,2022-01-22 22:41:07
8062,45,220,Attended,2022-01-08 22:41:07,2022-01-22 22:41:07
8063,45,1129,Attended,2022-01-18 22:41:07,2022-01-22 22:41:07
8064,45,1226,Attended,2021-12-18 22:41:07,2022-01-22 22:41:07
8065,45,396,Attended,2022-01-04 22:41:07,2022-01-22 22:41:07
8066,45,1285,Attended,2022-01-10 22:41:07,2022-01-22 22:41:07
8067,45,1185,Attended,2021-12-25 22:41:07,2022-01-22 22:41:07
8068,45,676,Attended,2021-12-16 22:41:07,2022-01-22 22:41:07
8069,45,3218,Attended,2022-01-11 22:41:07,2022-01-22 22:41:07
8070,45,2079,Attended,2021-12-27 22:41:07,2022-01-22 22:41:07
8071,45,787,Attended,2022-01-08 22:41:07,2022-01-22 22:41:07
8072,45,646,Registered,2022-01-19 22:41:07,
8073,45,1547,Attended,2022-01-02 22:41:07,2022-01-22 22:41:07
8074,45,3044,No Show,2022-01-17 22:41:07,
8075,45,925,Cancelled,2021-12-12 22:41:07,
8076,45,1520,Attended,2021-12-22 22:41:07,2022-01-22 22:41:07
8077,45,960,Attended,2021-12-19 22:41:07,2022-01-22 22:41:07
8078,45,1155,Attended,2022-01-04 22:41:07,2022-01-22 22:41:07
8079,45,2700,Attended,2021-12-23 22:41:07,2022-01-22 22:41:07
8080,45,1147,Attended,2021-12-09 22:41:07,2022-01-22 22:41:07
8081,45,593,Attended,2021-12-27 22:41:07,2022-01-22 22:41:07
8082,45,259,Attended,2021-12-23 22:41:07,2022-01-22 22:41:07
8083,45,786,Attended,2022-01-18 22:41:07,2022-01-22 22:41:07
8084,45,2432,Attended,2021-12-08 22:41:07,2022-01-22 22:41:07
8085,45,2728,Attended,2021-12-26 22:41:07,2022-01-22 22:41:07
8086,45,2333,No Show,2021-12-17 22:41:07,
8087,45,3119,Registered,2022-01-20 22:41:07,
8088,45,592,Attended,2022-01-05 22:41:07,2022-01-22 22:41:07
8089,45,1467,Attended,2021-12-25 22:41:07,2022-01-22 22:41:07
8090,45,785,Attended,2022-01-12 22:41:07,2022-01-22 22:41:07
8091,45,1024,Attended,2022-01-19 22:41:07,2022-01-22 22:41:07
8092,45,2991,Attended,2021-12-09 22:41:07,2022-01-22 22:41:07
8093,45,20,Registered,2021-12-13 22:41:07,
8094,45,1272,Attended,2021-12-20 22:41:07,2022-01-22 22:41:07
8095,45,1908,Attended,2022-01-04 22:41:07,2022-01-22 22:41:07
8096,45,693,Attended,2021-12-10 22:41:07,2022-01-22 22:41:07
8097,45,604,Cancelled,2021-12-26 22:41:07,
8098,45,1046,No Show,2022-01-08 22:41:07,
8099,45,1150,Attended,2022-01-04 22:41:07,2022-01-22 22:41:07
8100,45,2021,Attended,2022-01-16 22:41:07,2022-01-22 22:41:07
8101,45,2838,Attended,2022-01-02 22:41:07,2022-01-22 22:41:07
8102,45,433,Cancelled,2022-01-02 22:41:07,
8103,45,3037,Attended,2022-01-03 22:41:07,2022-01-22 22:41:07
8104,45,903,Attended,2021-12-22 22:41:07,2022-01-22 22:41:07
8105,45,607,Attended,2021-12-15 22:41:07,2022-01-22 22:41:07
8106,45,2980,Registered,2022-01-02 22:41:07,
8107,45,1789,Attended,2022-01-08 22:41:07,2022-01-22 22:41:07
8108,45,380,Attended,2022-01-07 22:41:07,2022-01-22 22:41:07
8109,45,1686,Registered,2022-01-03 22:41:07,
8110,45,3102,Attended,2022-01-03 22:41:07,2022-01-22 22:41:07
8111,45,2310,Cancelled,2022-01-13 22:41:07,
8112,45,1527,Registered,2022-01-09 22:41:07,
8113,45,2112,Attended,2021-12-27 22:41:07,2022-01-22 22:41:07
8114,45,2331,Attended,2021-12-08 22:41:07,2022-01-22 22:41:07
8115,45,3236,No Show,2021-12-16 22:41:07,
8116,45,1337,Cancelled,2022-01-06 22:41:07,
8117,45,2689,Attended,2021-12-09 22:41:07,2022-01-22 22:41:07
8118,45,2725,No Show,2021-12-29 22:41:07,
8119,45,2717,Attended,2021-12-25 22:41:07,2022-01-22 22:41:07
8120,45,2573,Registered,2021-12-17 22:41:07,
8121,45,2012,Attended,2021-12-21 22:41:07,2022-01-22 22:41:07
8122,45,428,Attended,2022-01-04 22:41:07,2022-01-22 22:41:07
8123,45,1001,Attended,2022-01-19 22:41:07,2022-01-22 22:41:07
8124,45,1403,Attended,2022-01-11 22:41:07,2022-01-22 22:41:07
8125,45,203,Attended,2021-12-17 22:41:07,2022-01-22 22:41:07
8126,45,2192,Registered,2022-01-14 22:41:07,
8127,45,2944,Attended,2021-12-16 22:41:07,2022-01-22 22:41:07
8128,45,1080,Attended,2022-01-12 22:41:07,2022-01-22 22:41:07
8129,45,1148,Attended,2022-01-16 22:41:07,2022-01-22 22:41:07
8130,45,1939,No Show,2021-12-18 22:41:07,
8131,45,2508,Registered,2022-01-15 22:41:07,
8132,45,158,Attended,2021-12-10 22:41:07,2022-01-22 22:41:07
8133,45,2992,Attended,2022-01-16 22:41:07,2022-01-22 22:41:07
8134,45,1824,Cancelled,2022-01-09 22:41:07,
8135,45,1815,Registered,2022-01-03 22:41:07,
8136,45,1592,Attended,2021-12-27 22:41:07,2022-01-22 22:41:07
8137,45,2378,Attended,2021-12-24 22:41:07,2022-01-22 22:41:07
8138,45,2696,No Show,2022-01-18 22:41:07,
8139,45,2982,Attended,2021-12-18 22:41:07,2022-01-22 22:41:07
8140,45,662,Attended,2022-01-02 22:41:07,2022-01-22 22:41:07
8141,45,1799,Registered,2022-01-18 22:41:07,
8142,45,1314,Registered,2022-01-17 22:41:07,
8143,45,1059,Attended,2022-01-01 22:41:07,2022-01-22 22:41:07
8144,45,3216,Attended,2022-01-19 22:41:07,2022-01-22 22:41:07
8145,45,2605,No Show,2022-01-01 22:41:07,
8146,45,2261,Attended,2021-12-10 22:41:07,2022-01-22 22:41:07
8147,45,846,Cancelled,2022-01-11 22:41:07,
8148,45,2084,Attended,2021-12-13 22:41:07,2022-01-22 22:41:07
8149,45,2694,Attended,2021-12-31 22:41:07,2022-01-22 22:41:07
8150,45,1946,Cancelled,2021-12-23 22:41:07,
8151,45,2177,Registered,2021-12-31 22:41:07,
8152,45,2110,Attended,2022-01-10 22:41:07,2022-01-22 22:41:07
8153,45,2793,Attended,2021-12-18 22:41:07,2022-01-22 22:41:07
8154,45,1639,Registered,2022-01-11 22:41:07,
8155,45,1605,Attended,2021-12-25 22:41:07,2022-01-22 22:41:07
8156,45,810,Attended,2021-12-19 22:41:07,2022-01-22 22:41:07
8157,45,1899,Cancelled,2021-12-14 22:41:07,
8158,45,28,Registered,2022-01-15 22:41:07,
8159,45,3178,Attended,2021-12-29 22:41:07,2022-01-22 22:41:07
8160,45,2504,Attended,2021-12-25 22:41:07,2022-01-22 22:41:07
8161,45,2990,Registered,2022-01-14 22:41:07,
8162,45,858,Attended,2021-12-08 22:41:07,2022-01-22 22:41:07
8163,45,850,Attended,2021-12-09 22:41:07,2022-01-22 22:41:07
8164,45,1835,Attended,2022-01-12 22:41:07,2022-01-22 22:41:07
8165,45,2893,Attended,2021-12-27 22:41:07,2022-01-22 22:41:07
8166,45,1174,Attended,2021-12-13 22:41:07,2022-01-22 22:41:07
8167,45,2673,Attended,2021-12-10 22:41:07,2022-01-22 22:41:07
8168,45,24,Attended,2021-12-27 22:41:07,2022-01-22 22:41:07
8169,45,3203,Cancelled,2021-12-22 22:41:07,
8170,45,753,Attended,2021-12-25 22:41:07,2022-01-22 22:41:07
8171,45,183,No Show,2022-01-14 22:41:07,
8172,45,1244,Attended,2022-01-07 22:41:07,2022-01-22 22:41:07
8173,45,1693,Attended,2022-01-03 22:41:07,2022-01-22 22:41:07
8174,45,586,Attended,2022-01-20 22:41:07,2022-01-22 22:41:07
8175,45,1898,Attended,2021-12-17 22:41:07,2022-01-22 22:41:07
8176,45,3234,Attended,2022-01-02 22:41:07,2022-01-22 22:41:07
8177,45,1609,Registered,2022-01-12 22:41:07,
8178,45,172,Attended,2021-12-31 22:41:07,2022-01-22 22:41:07
8179,45,3186,Registered,2021-12-28 22:41:07,
8180,45,1249,Attended,2022-01-02 22:41:07,2022-01-22 22:41:07
8181,45,1814,Attended,2021-12-31 22:41:07,2022-01-22 22:41:07
8182,45,1230,Attended,2022-01-17 22:41:07,2022-01-22 22:41:07
8183,45,1532,Attended,2021-12-29 22:41:07,2022-01-22 22:41:07
8184,45,86,Attended,2022-01-10 22:41:07,2022-01-22 22:41:07
8185,45,367,Attended,2022-01-21 22:41:07,2022-01-22 22:41:07
8186,45,2259,Attended,2022-01-11 22:41:07,2022-01-22 22:41:07
8187,45,1623,Attended,2022-01-20 22:41:07,2022-01-22 22:41:07
8188,45,2967,Attended,2022-01-05 22:41:07,2022-01-22 22:41:07
8189,45,262,Attended,2021-12-24 22:41:07,2022-01-22 22:41:07
8190,45,1763,Registered,2022-01-19 22:41:07,
8191,45,1546,Cancelled,2022-01-18 22:41:07,
8192,45,2506,Registered,2021-12-21 22:41:07,
8193,45,1471,Registered,2021-12-10 22:41:07,
8194,45,2082,No Show,2021-12-14 22:41:07,
8195,45,2802,Cancelled,2021-12-12 22:41:07,
8196,45,1443,Attended,2022-01-05 22:41:07,2022-01-22 22:41:07
8197,45,1273,No Show,2021-12-27 22:41:07,
8198,45,2174,Attended,2022-01-13 22:41:07,2022-01-22 22:41:07
8199,45,1632,Attended,2021-12-08 22:41:07,2022-01-22 22:41:07
8200,45,2685,Registered,2021-12-13 22:41:07,
8201,45,2498,Attended,2021-12-12 22:41:07,2022-01-22 22:41:07
8202,45,2636,Attended,2021-12-13 22:41:07,2022-01-22 22:41:07
8203,45,613,Registered,2021-12-14 22:41:07,
8204,45,239,Attended,2022-01-11 22:41:07,2022-01-22 22:41:07
8205,45,1305,Registered,2021-12-16 22:41:07,
8206,45,1827,Cancelled,2022-01-19 22:41:07,
8207,45,2051,Attended,2021-12-13 22:41:07,2022-01-22 22:41:07
8208,45,2616,Attended,2021-12-09 22:41:07,2022-01-22 22:41:07
8209,45,2997,No Show,2022-01-08 22:41:07,
8210,45,2813,No Show,2022-01-05 22:41:07,
8211,45,2985,Attended,2022-01-10 22:41:07,2022-01-22 22:41:07
8212,45,1383,Registered,2021-12-08 22:41:07,
8213,45,1210,Attended,2022-01-16 22:41:07,2022-01-22 22:41:07
8214,45,876,No Show,2021-12-11 22:41:07,
8215,45,952,Registered,2021-12-31 22:41:07,
8216,45,202,No Show,2021-12-11 22:41:07,
8217,45,2184,Cancelled,2022-01-05 22:41:07,
8218,45,922,Registered,2022-01-08 22:41:07,
8219,45,1073,Registered,2021-12-15 22:41:07,
8220,45,990,Attended,2021-12-20 22:41:07,2022-01-22 22:41:07
8221,45,1776,Registered,2021-12-14 22:41:07,
8222,45,78,Registered,2021-12-20 22:41:07,
8223,45,1304,Attended,2021-12-22 22:41:07,2022-01-22 22:41:07
8224,45,2490,No Show,2021-12-30 22:41:07,
8225,45,1350,Attended,2021-12-26 22:41:07,2022-01-22 22:41:07
8226,45,3081,Attended,2021-12-19 22:41:07,2022-01-22 22:41:07
8227,45,2472,Cancelled,2022-01-06 22:41:07,
8228,45,1235,Attended,2022-01-10 22:41:07,2022-01-22 22:41:07
8229,45,2809,Attended,2022-01-08 22:41:07,2022-01-22 22:41:07
8230,45,2613,Attended,2022-01-08 22:41:07,2022-01-22 22:41:07
8231,45,2054,Attended,2022-01-15 22:41:07,2022-01-22 22:41:07
8232,45,2309,Attended,2022-01-14 22:41:07,2022-01-22 22:41:07
8233,45,1183,No Show,2022-01-07 22:41:07,
8234,45,1224,Attended,2021-12-09 22:41:07,2022-01-22 22:41:07
8235,45,324,Attended,2022-01-05 22:41:07,2022-01-22 22:41:07
8236,45,2433,Attended,2022-01-02 22:41:07,2022-01-22 22:41:07
8237,45,2790,Attended,2022-01-06 22:41:07,2022-01-22 22:41:07
8238,45,2426,Attended,2022-01-04 22:41:07,2022-01-22 22:41:07
8239,45,2477,Attended,2021-12-30 22:41:07,2022-01-22 22:41:07
8240,45,318,Attended,2021-12-26 22:41:07,2022-01-22 22:41:07
8241,45,1427,Cancelled,2022-01-16 22:41:07,
8242,45,2020,Attended,2021-12-27 22:41:07,2022-01-22 22:41:07
8243,45,2424,Attended,2021-12-14 22:41:07,2022-01-22 22:41:07
8244,45,597,Attended,2022-01-19 22:41:07,2022-01-22 22:41:07
8245,45,2044,Attended,2022-01-16 22:41:07,2022-01-22 22:41:07
8246,45,2842,Attended,2022-01-14 22:41:07,2022-01-22 22:41:07
8247,45,1733,Attended,2021-12-14 22:41:07,2022-01-22 22:41:07
8248,45,2172,No Show,2021-12-28 22:41:07,
8249,45,3052,Registered,2021-12-19 22:41:07,
8250,45,1858,Registered,2021-12-11 22:41:07,
8251,45,1386,Attended,2021-12-27 22:41:07,2022-01-22 22:41:07
8252,45,375,Attended,2022-01-17 22:41:07,2022-01-22 22:41:07
8253,45,2059,Attended,2022-01-02 22:41:07,2022-01-22 22:41:07
8254,45,1260,Attended,2022-01-03 22:41:07,2022-01-22 22:41:07
8255,46,1740,Attended,2023-06-05 03:31:40,2023-06-17 03:31:40
8256,46,2981,Registered,2023-05-30 03:31:40,
8257,46,2742,Attended,2023-05-13 03:31:40,2023-06-17 03:31:40
8258,46,1180,No Show,2023-06-11 03:31:40,
8259,46,1150,Attended,2023-06-11 03:31:40,2023-06-17 03:31:40
8260,46,838,No Show,2023-05-13 03:31:40,
8261,46,2792,Registered,2023-05-22 03:31:40,
8262,46,2431,Attended,2023-05-27 03:31:40,2023-06-17 03:31:40
8263,46,3182,Attended,2023-06-05 03:31:40,2023-06-17 03:31:40
8264,46,1288,No Show,2023-05-05 03:31:40,
8265,46,210,No Show,2023-06-09 03:31:40,
8266,46,853,Registered,2023-06-06 03:31:40,
8267,46,1397,No Show,2023-06-03 03:31:40,
8268,46,555,Attended,2023-05-15 03:31:40,2023-06-17 03:31:40
8269,46,1721,No Show,2023-05-13 03:31:40,
8270,46,3059,No Show,2023-05-31 03:31:40,
8271,46,1993,Attended,2023-05-06 03:31:40,2023-06-17 03:31:40
8272,46,1654,Registered,2023-06-08 03:31:40,
8273,46,3253,Attended,2023-06-07 03:31:40,2023-06-17 03:31:40
8274,46,1887,Registered,2023-05-05 03:31:40,
8275,46,900,Attended,2023-06-07 03:31:40,2023-06-17 03:31:40
8276,46,563,Attended,2023-06-06 03:31:40,2023-06-17 03:31:40
8277,46,2243,Attended,2023-06-02 03:31:40,2023-06-17 03:31:40
8278,46,207,Attended,2023-05-09 03:31:40,2023-06-17 03:31:40
8279,46,1817,Registered,2023-06-07 03:31:40,
8280,46,2586,Attended,2023-06-16 03:31:40,2023-06-17 03:31:40
8281,46,1318,Attended,2023-05-17 03:31:40,2023-06-17 03:31:40
8282,46,1786,Attended,2023-06-10 03:31:40,2023-06-17 03:31:40
8283,46,1674,Registered,2023-06-06 03:31:40,
8284,46,192,Attended,2023-05-26 03:31:40,2023-06-17 03:31:40
8285,46,834,Attended,2023-05-05 03:31:40,2023-06-17 03:31:40
8286,46,2307,Attended,2023-05-19 03:31:40,2023-06-17 03:31:40
8287,46,1773,No Show,2023-05-19 03:31:40,
8288,46,1277,Attended,2023-05-31 03:31:40,2023-06-17 03:31:40
8289,46,3052,Attended,2023-05-22 03:31:40,2023-06-17 03:31:40
8290,46,1251,Cancelled,2023-05-09 03:31:40,
8291,46,2279,No Show,2023-05-14 03:31:40,
8292,46,3079,Attended,2023-05-12 03:31:40,2023-06-17 03:31:40
8293,46,157,Attended,2023-06-04 03:31:40,2023-06-17 03:31:40
8294,46,1250,Attended,2023-05-24 03:31:40,2023-06-17 03:31:40
8295,46,1475,Attended,2023-06-06 03:31:40,2023-06-17 03:31:40
8296,46,218,Attended,2023-05-16 03:31:40,2023-06-17 03:31:40
8297,46,2082,Attended,2023-05-24 03:31:40,2023-06-17 03:31:40
8298,46,172,Attended,2023-06-14 03:31:40,2023-06-17 03:31:40
8299,46,1343,Registered,2023-06-01 03:31:40,
8300,46,1679,Attended,2023-05-10 03:31:40,2023-06-17 03:31:40
8301,46,2817,Registered,2023-05-03 03:31:40,
8302,46,2539,Attended,2023-05-10 03:31:40,2023-06-17 03:31:40
8303,46,2152,Registered,2023-05-10 03:31:40,
8304,46,1148,Attended,2023-05-14 03:31:40,2023-06-17 03:31:40
8305,46,355,Attended,2023-05-10 03:31:40,2023-06-17 03:31:40
8306,46,2606,Attended,2023-06-02 03:31:40,2023-06-17 03:31:40
8307,46,1165,Cancelled,2023-05-07 03:31:40,
8308,46,2413,Attended,2023-05-03 03:31:40,2023-06-17 03:31:40
8309,46,2809,Attended,2023-05-26 03:31:40,2023-06-17 03:31:40
8310,46,2652,Attended,2023-05-08 03:31:40,2023-06-17 03:31:40
8311,46,2432,Cancelled,2023-05-30 03:31:40,
8312,46,1532,Cancelled,2023-05-22 03:31:40,
8313,46,3239,Attended,2023-06-08 03:31:40,2023-06-17 03:31:40
8314,46,2727,Registered,2023-06-14 03:31:40,
8315,46,2479,No Show,2023-06-14 03:31:40,
8316,46,539,Attended,2023-06-12 03:31:40,2023-06-17 03:31:40
8317,46,2960,Cancelled,2023-05-24 03:31:40,
8318,46,1537,Registered,2023-05-20 03:31:40,
8319,46,2201,Attended,2023-05-31 03:31:40,2023-06-17 03:31:40
8320,46,944,Attended,2023-06-11 03:31:40,2023-06-17 03:31:40
8321,46,439,Attended,2023-06-08 03:31:40,2023-06-17 03:31:40
8322,46,2173,Cancelled,2023-05-07 03:31:40,
8323,46,1033,Attended,2023-05-25 03:31:40,2023-06-17 03:31:40
8324,46,3145,Attended,2023-05-17 03:31:40,2023-06-17 03:31:40
8325,46,315,Attended,2023-06-07 03:31:40,2023-06-17 03:31:40
8326,46,517,Registered,2023-05-05 03:31:40,
8327,46,1152,Attended,2023-06-09 03:31:40,2023-06-17 03:31:40
8328,46,1260,Attended,2023-06-05 03:31:40,2023-06-17 03:31:40
8329,46,2524,Cancelled,2023-05-30 03:31:40,
8330,46,1307,No Show,2023-05-25 03:31:40,
8331,46,904,Registered,2023-05-24 03:31:40,
8332,46,2828,Attended,2023-05-22 03:31:40,2023-06-17 03:31:40
8333,46,1302,Cancelled,2023-05-24 03:31:40,
8334,46,1573,No Show,2023-05-03 03:31:40,
8335,46,892,Attended,2023-05-27 03:31:40,2023-06-17 03:31:40
8336,46,30,Attended,2023-06-04 03:31:40,2023-06-17 03:31:40
8337,46,1853,Registered,2023-05-05 03:31:40,
8338,46,1108,Attended,2023-05-19 03:31:40,2023-06-17 03:31:40
8339,46,2283,No Show,2023-06-04 03:31:40,
8340,46,2499,Attended,2023-05-07 03:31:40,2023-06-17 03:31:40
8341,46,1684,Cancelled,2023-05-26 03:31:40,
8342,46,708,Attended,2023-05-23 03:31:40,2023-06-17 03:31:40
8343,46,1506,Attended,2023-05-16 03:31:40,2023-06-17 03:31:40
8344,46,2563,No Show,2023-05-19 03:31:40,
8345,46,964,Attended,2023-06-06 03:31:40,2023-06-17 03:31:40
8346,46,2258,Registered,2023-05-30 03:31:40,
8347,46,3082,Attended,2023-06-13 03:31:40,2023-06-17 03:31:40
8348,46,2706,Attended,2023-05-24 03:31:40,2023-06-17 03:31:40
8349,46,1185,Attended,2023-06-02 03:31:40,2023-06-17 03:31:40
8350,46,50,Attended,2023-05-13 03:31:40,2023-06-17 03:31:40
8351,46,2043,Registered,2023-05-09 03:31:40,
8352,46,472,Cancelled,2023-06-02 03:31:40,
8353,46,817,Registered,2023-06-01 03:31:40,
8354,46,1788,Attended,2023-05-30 03:31:40,2023-06-17 03:31:40
8355,46,2568,Attended,2023-05-14 03:31:40,2023-06-17 03:31:40
8356,46,1851,Attended,2023-06-02 03:31:40,2023-06-17 03:31:40
8357,46,1598,Cancelled,2023-05-11 03:31:40,
8358,46,2759,Attended,2023-05-15 03:31:40,2023-06-17 03:31:40
8359,46,1579,Attended,2023-05-16 03:31:40,2023-06-17 03:31:40
8360,46,1928,Attended,2023-05-06 03:31:40,2023-06-17 03:31:40
8361,46,1982,Attended,2023-05-31 03:31:40,2023-06-17 03:31:40
8362,46,2148,Attended,2023-06-05 03:31:40,2023-06-17 03:31:40
8363,46,1969,Attended,2023-05-22 03:31:40,2023-06-17 03:31:40
8364,46,604,Attended,2023-06-06 03:31:40,2023-06-17 03:31:40
8365,46,2238,Attended,2023-06-05 03:31:40,2023-06-17 03:31:40
8366,46,2773,Attended,2023-05-06 03:31:40,2023-06-17 03:31:40
8367,46,2861,Attended,2023-05-22 03:31:40,2023-06-17 03:31:40
8368,46,2527,Attended,2023-05-21 03:31:40,2023-06-17 03:31:40
8369,46,726,Attended,2023-06-14 03:31:40,2023-06-17 03:31:40
8370,46,2492,Attended,2023-05-12 03:31:40,2023-06-17 03:31:40
8371,46,93,Attended,2023-05-19 03:31:40,2023-06-17 03:31:40
8372,46,373,Attended,2023-06-06 03:31:40,2023-06-17 03:31:40
8373,46,2868,No Show,2023-05-19 03:31:40,
8374,46,1349,Attended,2023-05-22 03:31:40,2023-06-17 03:31:40
8375,46,2724,Attended,2023-06-13 03:31:40,2023-06-17 03:31:40
8376,46,1554,Attended,2023-05-12 03:31:40,2023-06-17 03:31:40
8377,46,2991,Attended,2023-05-30 03:31:40,2023-06-17 03:31:40
8378,46,2810,Attended,2023-06-13 03:31:40,2023-06-17 03:31:40
8379,46,3102,Registered,2023-06-13 03:31:40,
8380,47,2632,Attended,2024-08-06 04:41:21,2024-09-10 04:41:21
8381,47,1617,No Show,2024-08-05 04:41:21,
8382,47,1905,No Show,2024-08-27 04:41:21,
8383,47,1288,Attended,2024-07-31 04:41:21,2024-09-10 04:41:21
8384,47,1303,Registered,2024-07-30 04:41:21,
8385,47,1764,Attended,2024-08-12 04:41:21,2024-09-10 04:41:21
8386,47,1796,Attended,2024-09-04 04:41:21,2024-09-10 04:41:21
8387,47,1469,No Show,2024-08-31 04:41:21,
8388,47,31,Attended,2024-08-18 04:41:21,2024-09-10 04:41:21
8389,47,3247,Attended,2024-09-01 04:41:21,2024-09-10 04:41:21
8390,47,1107,Attended,2024-09-06 04:41:21,2024-09-10 04:41:21
8391,47,1171,Attended,2024-09-03 04:41:21,2024-09-10 04:41:21
8392,47,3070,Registered,2024-08-16 04:41:21,
8393,47,1074,Registered,2024-09-06 04:41:21,
8394,47,139,Registered,2024-08-24 04:41:21,
8395,47,324,Attended,2024-08-22 04:41:21,2024-09-10 04:41:21
8396,47,72,Attended,2024-08-01 04:41:21,2024-09-10 04:41:21
8397,47,2288,Cancelled,2024-09-09 04:41:21,
8398,47,2620,Registered,2024-08-04 04:41:21,
8399,47,2251,Attended,2024-08-03 04:41:21,2024-09-10 04:41:21
8400,47,2283,Attended,2024-08-12 04:41:21,2024-09-10 04:41:21
8401,47,1376,Attended,2024-08-29 04:41:21,2024-09-10 04:41:21
8402,47,2086,Attended,2024-08-21 04:41:21,2024-09-10 04:41:21
8403,47,1062,Attended,2024-07-28 04:41:21,2024-09-10 04:41:21
8404,47,152,Registered,2024-08-26 04:41:21,
8405,47,113,Cancelled,2024-07-29 04:41:21,
8406,47,2925,Attended,2024-09-02 04:41:21,2024-09-10 04:41:21
8407,47,439,No Show,2024-08-03 04:41:21,
8408,47,653,Attended,2024-09-07 04:41:21,2024-09-10 04:41:21
8409,47,925,Registered,2024-08-28 04:41:21,
8410,47,554,Registered,2024-08-19 04:41:21,
8411,47,2293,Registered,2024-08-12 04:41:21,
8412,47,1268,Attended,2024-08-04 04:41:21,2024-09-10 04:41:21
8413,47,2387,Attended,2024-08-02 04:41:21,2024-09-10 04:41:21
8414,47,2958,Attended,2024-09-07 04:41:21,2024-09-10 04:41:21
8415,47,3164,Cancelled,2024-08-20 04:41:21,
8416,47,2946,Attended,2024-07-27 04:41:21,2024-09-10 04:41:21
8417,47,952,No Show,2024-08-08 04:41:21,
8418,47,2806,Attended,2024-08-31 04:41:21,2024-09-10 04:41:21
8419,47,2933,Registered,2024-08-23 04:41:21,
8420,47,894,Cancelled,2024-08-19 04:41:21,
8421,47,2869,Attended,2024-08-05 04:41:21,2024-09-10 04:41:21
8422,47,1326,Attended,2024-08-22 04:41:21,2024-09-10 04:41:21
8423,47,534,Attended,2024-09-01 04:41:21,2024-09-10 04:41:21
8424,47,2749,Attended,2024-09-08 04:41:21,2024-09-10 04:41:21
8425,47,1768,Attended,2024-08-31 04:41:21,2024-09-10 04:41:21
8426,47,1456,Attended,2024-09-09 04:41:21,2024-09-10 04:41:21
8427,47,1993,Cancelled,2024-08-14 04:41:21,
8428,47,3111,No Show,2024-09-04 04:41:21,
8429,47,1327,Registered,2024-08-08 04:41:21,
8430,47,3098,Attended,2024-08-14 04:41:21,2024-09-10 04:41:21
8431,47,1404,Attended,2024-08-22 04:41:21,2024-09-10 04:41:21
8432,47,2152,Attended,2024-08-12 04:41:21,2024-09-10 04:41:21
8433,47,1951,Registered,2024-08-09 04:41:21,
8434,47,1548,Registered,2024-08-31 04:41:21,
8435,47,1830,Attended,2024-08-17 04:41:21,2024-09-10 04:41:21
8436,47,1379,Attended,2024-08-18 04:41:21,2024-09-10 04:41:21
8437,47,3112,Attended,2024-07-30 04:41:21,2024-09-10 04:41:21
8438,47,2188,Attended,2024-09-03 04:41:21,2024-09-10 04:41:21
8439,47,64,Attended,2024-09-07 04:41:21,2024-09-10 04:41:21
8440,47,2078,Attended,2024-08-22 04:41:21,2024-09-10 04:41:21
8441,47,2135,Attended,2024-07-31 04:41:21,2024-09-10 04:41:21
8442,47,349,Attended,2024-09-07 04:41:21,2024-09-10 04:41:21
8443,47,748,Registered,2024-07-27 04:41:21,
8444,47,766,Registered,2024-09-08 04:41:21,
8445,47,978,No Show,2024-09-06 04:41:21,
8446,47,2872,No Show,2024-08-21 04:41:21,
8447,47,1291,Attended,2024-08-30 04:41:21,2024-09-10 04:41:21
8448,47,3133,Attended,2024-08-24 04:41:21,2024-09-10 04:41:21
8449,47,1388,Attended,2024-08-11 04:41:21,2024-09-10 04:41:21
8450,47,3161,Cancelled,2024-08-21 04:41:21,
8451,47,2276,Attended,2024-08-19 04:41:21,2024-09-10 04:41:21
8452,47,915,Attended,2024-08-09 04:41:21,2024-09-10 04:41:21
8453,47,2903,Attended,2024-08-18 04:41:21,2024-09-10 04:41:21
8454,47,2876,No Show,2024-09-08 04:41:21,
8455,47,295,Attended,2024-09-05 04:41:21,2024-09-10 04:41:21
8456,47,322,Registered,2024-08-07 04:41:21,
8457,47,1065,Attended,2024-09-07 04:41:21,2024-09-10 04:41:21
8458,47,2798,No Show,2024-08-14 04:41:21,
8459,47,1983,Registered,2024-07-29 04:41:21,
8460,47,3032,Attended,2024-09-09 04:41:21,2024-09-10 04:41:21
8461,47,1009,Attended,2024-09-03 04:41:21,2024-09-10 04:41:21
8462,47,994,Attended,2024-08-24 04:41:21,2024-09-10 04:41:21
8463,47,2764,Cancelled,2024-08-29 04:41:21,
8464,48,1564,Attended,2024-04-20 15:56:09,2024-05-25 15:56:09
8465,48,2754,Attended,2024-05-11 15:56:09,2024-05-25 15:56:09
8466,48,2519,Attended,2024-04-17 15:56:09,2024-05-25 15:56:09
8467,48,2676,Cancelled,2024-04-11 15:56:09,
8468,48,1716,Attended,2024-05-16 15:56:09,2024-05-25 15:56:09
8469,48,985,Attended,2024-04-29 15:56:09,2024-05-25 15:56:09
8470,48,1623,Cancelled,2024-05-19 15:56:09,
8471,48,140,Attended,2024-04-22 15:56:09,2024-05-25 15:56:09
8472,48,2892,Attended,2024-05-18 15:56:09,2024-05-25 15:56:09
8473,48,1095,Attended,2024-04-10 15:56:09,2024-05-25 15:56:09
8474,48,1079,Cancelled,2024-05-09 15:56:09,
8475,48,95,Attended,2024-04-20 15:56:09,2024-05-25 15:56:09
8476,48,226,Attended,2024-05-16 15:56:09,2024-05-25 15:56:09
8477,48,23,Attended,2024-04-12 15:56:09,2024-05-25 15:56:09
8478,48,2373,Attended,2024-04-17 15:56:09,2024-05-25 15:56:09
8479,48,1685,Attended,2024-05-06 15:56:09,2024-05-25 15:56:09
8480,48,1174,Registered,2024-04-22 15:56:09,
8481,48,743,Cancelled,2024-04-18 15:56:09,
8482,48,821,Attended,2024-04-14 15:56:09,2024-05-25 15:56:09
8483,48,157,Attended,2024-04-14 15:56:09,2024-05-25 15:56:09
8484,48,1491,Attended,2024-04-25 15:56:09,2024-05-25 15:56:09
8485,48,310,Attended,2024-04-10 15:56:09,2024-05-25 15:56:09
8486,48,1761,Attended,2024-04-25 15:56:09,2024-05-25 15:56:09
8487,48,296,Registered,2024-04-15 15:56:09,
8488,48,2558,Registered,2024-04-13 15:56:09,
8489,48,2200,Attended,2024-05-16 15:56:09,2024-05-25 15:56:09
8490,48,1188,Attended,2024-04-28 15:56:09,2024-05-25 15:56:09
8491,48,55,Attended,2024-04-15 15:56:09,2024-05-25 15:56:09
8492,48,237,Attended,2024-05-06 15:56:09,2024-05-25 15:56:09
8493,48,2896,Attended,2024-04-10 15:56:09,2024-05-25 15:56:09
8494,48,2678,Attended,2024-05-03 15:56:09,2024-05-25 15:56:09
8495,48,757,Registered,2024-05-20 15:56:09,
8496,48,753,Attended,2024-04-29 15:56:09,2024-05-25 15:56:09
8497,48,525,Attended,2024-04-25 15:56:09,2024-05-25 15:56:09
8498,48,1486,Attended,2024-05-12 15:56:09,2024-05-25 15:56:09
8499,48,3079,Attended,2024-05-14 15:56:09,2024-05-25 15:56:09
8500,48,2920,Registered,2024-05-15 15:56:09,
8501,48,138,Cancelled,2024-05-19 15:56:09,
8502,48,828,Registered,2024-04-19 15:56:09,
8503,48,3056,Attended,2024-04-10 15:56:09,2024-05-25 15:56:09
8504,48,3094,Attended,2024-04-16 15:56:09,2024-05-25 15:56:09
8505,48,1337,Attended,2024-04-23 15:56:09,2024-05-25 15:56:09
8506,48,151,Attended,2024-04-23 15:56:09,2024-05-25 15:56:09
8507,48,560,Attended,2024-04-27 15:56:09,2024-05-25 15:56:09
8508,48,2052,Attended,2024-04-19 15:56:09,2024-05-25 15:56:09
8509,48,2266,No Show,2024-04-24 15:56:09,
8510,48,1677,Attended,2024-05-03 15:56:09,2024-05-25 15:56:09
8511,48,1860,Attended,2024-04-20 15:56:09,2024-05-25 15:56:09
8512,48,1316,No Show,2024-05-14 15:56:09,
8513,48,2312,Attended,2024-04-27 15:56:09,2024-05-25 15:56:09
8514,48,2043,Attended,2024-04-21 15:56:09,2024-05-25 15:56:09
8515,48,2409,Attended,2024-05-08 15:56:09,2024-05-25 15:56:09
8516,48,314,Attended,2024-05-20 15:56:09,2024-05-25 15:56:09
8517,48,2864,No Show,2024-04-10 15:56:09,
8518,48,2410,Attended,2024-04-27 15:56:09,2024-05-25 15:56:09
8519,48,802,Attended,2024-05-18 15:56:09,2024-05-25 15:56:09
8520,48,1048,Cancelled,2024-04-21 15:56:09,
8521,48,2403,Registered,2024-04-16 15:56:09,
8522,48,371,Attended,2024-05-09 15:56:09,2024-05-25 15:56:09
8523,48,293,Registered,2024-05-20 15:56:09,
8524,48,3243,Attended,2024-04-14 15:56:09,2024-05-25 15:56:09
8525,48,1964,Attended,2024-05-12 15:56:09,2024-05-25 15:56:09
8526,48,1690,Registered,2024-05-20 15:56:09,
8527,48,434,Attended,2024-05-17 15:56:09,2024-05-25 15:56:09
8528,48,2248,Registered,2024-04-21 15:56:09,
8529,48,1465,No Show,2024-04-11 15:56:09,
8530,48,815,Attended,2024-05-22 15:56:09,2024-05-25 15:56:09
8531,48,2797,Registered,2024-05-10 15:56:09,
8532,48,3090,Registered,2024-05-16 15:56:09,
8533,48,3215,Attended,2024-05-21 15:56:09,2024-05-25 15:56:09
8534,48,795,Attended,2024-05-06 15:56:09,2024-05-25 15:56:09
8535,48,46,Attended,2024-04-26 15:56:09,2024-05-25 15:56:09
8536,48,2357,Attended,2024-04-19 15:56:09,2024-05-25 15:56:09
8537,48,2672,Attended,2024-04-29 15:56:09,2024-05-25 15:56:09
8538,48,399,Attended,2024-04-16 15:56:09,2024-05-25 15:56:09
8539,48,149,Attended,2024-05-24 15:56:09,2024-05-25 15:56:09
8540,48,3095,Attended,2024-05-06 15:56:09,2024-05-25 15:56:09
8541,48,2050,Attended,2024-05-17 15:56:09,2024-05-25 15:56:09
8542,48,1521,No Show,2024-04-25 15:56:09,
8543,48,2441,Registered,2024-05-13 15:56:09,
8544,48,2878,Attended,2024-04-14 15:56:09,2024-05-25 15:56:09
8545,48,474,Registered,2024-04-18 15:56:09,
8546,48,2823,Attended,2024-04-26 15:56:09,2024-05-25 15:56:09
8547,48,1374,Attended,2024-05-17 15:56:09,2024-05-25 15:56:09
8548,48,2119,Attended,2024-04-17 15:56:09,2024-05-25 15:56:09
8549,48,2990,Registered,2024-04-16 15:56:09,
8550,48,2914,No Show,2024-04-24 15:56:09,
8551,48,1713,Attended,2024-05-06 15:56:09,2024-05-25 15:56:09
8552,48,1574,Attended,2024-05-23 15:56:09,2024-05-25 15:56:09
8553,48,3213,Attended,2024-04-16 15:56:09,2024-05-25 15:56:09
8554,48,2725,Registered,2024-05-20 15:56:09,
8555,48,1137,Attended,2024-05-21 15:56:09,2024-05-25 15:56:09
8556,48,2113,Registered,2024-05-16 15:56:09,
8557,48,2628,Attended,2024-05-10 15:56:09,2024-05-25 15:56:09
8558,48,1762,No Show,2024-05-17 15:56:09,
8559,48,538,Cancelled,2024-05-18 15:56:09,
8560,48,191,Attended,2024-04-28 15:56:09,2024-05-25 15:56:09
8561,48,459,Cancelled,2024-04-27 15:56:09,
8562,48,1029,Attended,2024-05-02 15:56:09,2024-05-25 15:56:09
8563,48,1576,Attended,2024-04-19 15:56:09,2024-05-25 15:56:09
8564,48,537,Attended,2024-05-09 15:56:09,2024-05-25 15:56:09
8565,48,1102,Cancelled,2024-05-24 15:56:09,
8566,48,430,Attended,2024-05-22 15:56:09,2024-05-25 15:56:09
8567,48,1085,Attended,2024-04-25 15:56:09,2024-05-25 15:56:09
8568,48,2124,Registered,2024-05-02 15:56:09,
8569,48,2686,Attended,2024-04-25 15:56:09,2024-05-25 15:56:09
8570,48,666,Attended,2024-05-04 15:56:09,2024-05-25 15:56:09
8571,48,3036,Attended,2024-04-18 15:56:09,2024-05-25 15:56:09
8572,48,2065,Cancelled,2024-05-05 15:56:09,
8573,48,1634,Attended,2024-04-15 15:56:09,2024-05-25 15:56:09
8574,48,1546,Attended,2024-05-10 15:56:09,2024-05-25 15:56:09
8575,48,2306,Registered,2024-05-19 15:56:09,
8576,48,2220,Attended,2024-04-18 15:56:09,2024-05-25 15:56:09
8577,48,183,Attended,2024-04-28 15:56:09,2024-05-25 15:56:09
8578,48,1146,Attended,2024-04-15 15:56:09,2024-05-25 15:56:09
8579,48,112,Cancelled,2024-05-23 15:56:09,
8580,48,230,Registered,2024-04-11 15:56:09,
8581,48,2044,Attended,2024-05-01 15:56:09,2024-05-25 15:56:09
8582,48,2397,Attended,2024-04-12 15:56:09,2024-05-25 15:56:09
8583,48,3068,Attended,2024-04-29 15:56:09,2024-05-25 15:56:09
8584,48,1239,Attended,2024-05-03 15:56:09,2024-05-25 15:56:09
8585,48,115,Registered,2024-04-23 15:56:09,
8586,48,669,Cancelled,2024-04-16 15:56:09,
8587,48,616,Attended,2024-05-12 15:56:09,2024-05-25 15:56:09
8588,48,2256,Attended,2024-04-16 15:56:09,2024-05-25 15:56:09
8589,48,2206,Attended,2024-05-24 15:56:09,2024-05-25 15:56:09
8590,48,2039,Attended,2024-04-20 15:56:09,2024-05-25 15:56:09
8591,48,509,Attended,2024-04-20 15:56:09,2024-05-25 15:56:09
8592,48,2747,Attended,2024-04-13 15:56:09,2024-05-25 15:56:09
8593,48,368,Attended,2024-05-04 15:56:09,2024-05-25 15:56:09
8594,48,2023,Attended,2024-05-03 15:56:09,2024-05-25 15:56:09
8595,48,1125,Attended,2024-05-22 15:56:09,2024-05-25 15:56:09
8596,48,463,Attended,2024-05-12 15:56:09,2024-05-25 15:56:09
8597,48,2782,No Show,2024-05-22 15:56:09,
8598,48,763,Attended,2024-04-11 15:56:09,2024-05-25 15:56:09
8599,48,1974,Attended,2024-04-26 15:56:09,2024-05-25 15:56:09
8600,48,97,Registered,2024-04-14 15:56:09,
8601,48,3173,Attended,2024-04-20 15:56:09,2024-05-25 15:56:09
8602,48,1204,Attended,2024-05-02 15:56:09,2024-05-25 15:56:09
8603,48,1401,Attended,2024-05-04 15:56:09,2024-05-25 15:56:09
8604,48,552,Attended,2024-05-16 15:56:09,2024-05-25 15:56:09
8605,48,1968,Cancelled,2024-04-16 15:56:09,
8606,48,271,Registered,2024-05-12 15:56:09,
8607,48,2024,Attended,2024-04-16 15:56:09,2024-05-25 15:56:09
8608,48,700,Attended,2024-04-11 15:56:09,2024-05-25 15:56:09
8609,48,309,Attended,2024-05-14 15:56:09,2024-05-25 15:56:09
8610,48,122,No Show,2024-04-14 15:56:09,
8611,48,2730,Attended,2024-05-07 15:56:09,2024-05-25 15:56:09
8612,48,2443,Registered,2024-04-29 15:56:09,
8613,48,2916,Registered,2024-05-14 15:56:09,
8614,48,1412,Registered,2024-05-01 15:56:09,
8615,48,1961,Attended,2024-04-12 15:56:09,2024-05-25 15:56:09
8616,48,1950,Attended,2024-04-13 15:56:09,2024-05-25 15:56:09
8617,48,2570,Attended,2024-05-21 15:56:09,2024-05-25 15:56:09
8618,48,2001,Attended,2024-04-26 15:56:09,2024-05-25 15:56:09
8619,48,1986,Attended,2024-05-24 15:56:09,2024-05-25 15:56:09
8620,48,2275,Attended,2024-05-06 15:56:09,2024-05-25 15:56:09
8621,48,3038,Attended,2024-04-19 15:56:09,2024-05-25 15:56:09
8622,48,1912,Registered,2024-05-18 15:56:09,
8623,48,1956,Registered,2024-05-21 15:56:09,
8624,48,680,Cancelled,2024-05-20 15:56:09,
8625,48,3201,Attended,2024-04-14 15:56:09,2024-05-25 15:56:09
8626,48,1414,Cancelled,2024-05-06 15:56:09,
8627,48,1922,Registered,2024-04-24 15:56:09,
8628,48,1823,Attended,2024-04-24 15:56:09,2024-05-25 15:56:09
8629,48,1776,Attended,2024-05-08 15:56:09,2024-05-25 15:56:09
8630,48,1925,No Show,2024-04-27 15:56:09,
8631,48,1038,Attended,2024-04-16 15:56:09,2024-05-25 15:56:09
8632,48,2345,No Show,2024-05-15 15:56:09,
8633,48,1763,Attended,2024-05-23 15:56:09,2024-05-25 15:56:09
8634,48,3165,Attended,2024-05-12 15:56:09,2024-05-25 15:56:09
8635,48,994,Attended,2024-05-03 15:56:09,2024-05-25 15:56:09
8636,48,1578,Cancelled,2024-05-02 15:56:09,
8637,48,1540,Attended,2024-04-22 15:56:09,2024-05-25 15:56:09
8638,48,1637,Attended,2024-04-21 15:56:09,2024-05-25 15:56:09
8639,48,2495,Attended,2024-05-08 15:56:09,2024-05-25 15:56:09
8640,48,72,Registered,2024-05-05 15:56:09,
8641,48,2100,Attended,2024-04-20 15:56:09,2024-05-25 15:56:09
8642,48,1989,No Show,2024-05-23 15:56:09,
8643,48,884,Attended,2024-05-12 15:56:09,2024-05-25 15:56:09
8644,48,2588,Cancelled,2024-05-15 15:56:09,
8645,48,2445,Attended,2024-04-23 15:56:09,2024-05-25 15:56:09
8646,48,630,Attended,2024-05-03 15:56:09,2024-05-25 15:56:09
8647,48,2809,Attended,2024-04-13 15:56:09,2024-05-25 15:56:09
8648,48,1273,Attended,2024-04-15 15:56:09,2024-05-25 15:56:09
8649,48,1984,Attended,2024-04-12 15:56:09,2024-05-25 15:56:09
8650,48,1318,Attended,2024-04-14 15:56:09,2024-05-25 15:56:09
8651,48,2946,Attended,2024-05-05 15:56:09,2024-05-25 15:56:09
8652,48,1442,No Show,2024-04-10 15:56:09,
8653,48,3122,Attended,2024-05-20 15:56:09,2024-05-25 15:56:09
8654,48,1189,Attended,2024-04-20 15:56:09,2024-05-25 15:56:09
8655,48,1169,Registered,2024-05-03 15:56:09,
8656,48,1478,Attended,2024-04-14 15:56:09,2024-05-25 15:56:09
8657,48,437,Registered,2024-04-24 15:56:09,
8658,48,2647,Attended,2024-05-19 15:56:09,2024-05-25 15:56:09
8659,48,2768,Attended,2024-05-13 15:56:09,2024-05-25 15:56:09
8660,48,2117,Attended,2024-05-07 15:56:09,2024-05-25 15:56:09
8661,48,676,Attended,2024-05-19 15:56:09,2024-05-25 15:56:09
8662,48,2868,Attended,2024-04-21 15:56:09,2024-05-25 15:56:09
8663,48,1484,Attended,2024-05-21 15:56:09,2024-05-25 15:56:09
8664,48,2836,Attended,2024-05-24 15:56:09,2024-05-25 15:56:09
8665,48,1887,Registered,2024-04-14 15:56:09,
8666,48,1509,Attended,2024-05-11 15:56:09,2024-05-25 15:56:09
8667,48,470,Attended,2024-05-18 15:56:09,2024-05-25 15:56:09
8668,48,2905,Attended,2024-05-16 15:56:09,2024-05-25 15:56:09
8669,48,438,Attended,2024-05-15 15:56:09,2024-05-25 15:56:09
8670,48,2847,Attended,2024-04-27 15:56:09,2024-05-25 15:56:09
8671,48,2294,Attended,2024-04-18 15:56:09,2024-05-25 15:56:09
8672,48,1433,Attended,2024-04-12 15:56:09,2024-05-25 15:56:09
8673,48,2029,Registered,2024-04-18 15:56:09,
8674,48,1507,Attended,2024-04-29 15:56:09,2024-05-25 15:56:09
8675,48,457,Cancelled,2024-05-18 15:56:09,
8676,48,516,Cancelled,2024-05-06 15:56:09,
8677,48,679,Registered,2024-04-20 15:56:09,
8678,48,2250,Attended,2024-05-11 15:56:09,2024-05-25 15:56:09
8679,48,1319,Attended,2024-04-26 15:56:09,2024-05-25 15:56:09
8680,48,2890,Attended,2024-05-13 15:56:09,2024-05-25 15:56:09
8681,48,1099,Attended,2024-04-20 15:56:09,2024-05-25 15:56:09
8682,48,2893,Attended,2024-04-11 15:56:09,2024-05-25 15:56:09
8683,48,1812,Attended,2024-04-13 15:56:09,2024-05-25 15:56:09
8684,48,126,Attended,2024-04-12 15:56:09,2024-05-25 15:56:09
8685,48,2004,Attended,2024-04-26 15:56:09,2024-05-25 15:56:09
8686,48,1960,Cancelled,2024-05-24 15:56:09,
8687,48,336,Attended,2024-05-22 15:56:09,2024-05-25 15:56:09
8688,48,2159,Registered,2024-05-08 15:56:09,
8689,49,2628,Cancelled,2024-07-05 07:24:12,
8690,49,793,No Show,2024-06-16 07:24:12,
8691,49,3101,Registered,2024-06-12 07:24:12,
8692,49,1446,Attended,2024-07-03 07:24:12,2024-07-10 07:24:12
8693,49,564,Attended,2024-07-07 07:24:12,2024-07-10 07:24:12
8694,49,1515,Registered,2024-06-20 07:24:12,
8695,49,2043,Attended,2024-07-06 07:24:12,2024-07-10 07:24:12
8696,49,2305,Registered,2024-06-19 07:24:12,
8697,49,1385,Attended,2024-06-03 07:24:12,2024-07-10 07:24:12
8698,49,211,Cancelled,2024-06-11 07:24:12,
8699,49,1207,Attended,2024-07-08 07:24:12,2024-07-10 07:24:12
8700,49,2357,Attended,2024-07-05 07:24:12,2024-07-10 07:24:12
8701,49,2832,Registered,2024-06-11 07:24:12,
8702,49,635,Attended,2024-07-05 07:24:12,2024-07-10 07:24:12
8703,49,1914,Attended,2024-06-29 07:24:12,2024-07-10 07:24:12
8704,49,266,Attended,2024-06-20 07:24:12,2024-07-10 07:24:12
8705,49,265,Attended,2024-06-24 07:24:12,2024-07-10 07:24:12
8706,49,887,Attended,2024-06-10 07:24:12,2024-07-10 07:24:12
8707,49,1689,No Show,2024-06-25 07:24:12,
8708,49,1456,Attended,2024-05-26 07:24:12,2024-07-10 07:24:12
8709,49,2446,Cancelled,2024-06-25 07:24:12,
8710,49,1997,Cancelled,2024-06-28 07:24:12,
8711,49,912,Attended,2024-06-05 07:24:12,2024-07-10 07:24:12
8712,49,2811,Attended,2024-06-10 07:24:12,2024-07-10 07:24:12
8713,49,456,Attended,2024-06-04 07:24:12,2024-07-10 07:24:12
8714,49,1540,Registered,2024-06-07 07:24:12,
8715,49,3058,Attended,2024-05-30 07:24:12,2024-07-10 07:24:12
8716,49,2846,Attended,2024-06-30 07:24:12,2024-07-10 07:24:12
8717,49,247,No Show,2024-06-13 07:24:12,
8718,49,1688,Attended,2024-06-01 07:24:12,2024-07-10 07:24:12
8719,49,2919,Attended,2024-05-26 07:24:12,2024-07-10 07:24:12
8720,49,2780,Attended,2024-05-26 07:24:12,2024-07-10 07:24:12
8721,49,1887,Attended,2024-06-18 07:24:12,2024-07-10 07:24:12
8722,49,1754,Attended,2024-06-06 07:24:12,2024-07-10 07:24:12
8723,49,309,Attended,2024-06-11 07:24:12,2024-07-10 07:24:12
8724,49,2696,Attended,2024-05-30 07:24:12,2024-07-10 07:24:12
8725,49,2524,Attended,2024-05-29 07:24:12,2024-07-10 07:24:12
8726,49,466,Attended,2024-06-24 07:24:12,2024-07-10 07:24:12
8727,49,2312,Attended,2024-06-07 07:24:12,2024-07-10 07:24:12
8728,49,995,Attended,2024-05-29 07:24:12,2024-07-10 07:24:12
8729,49,1396,Attended,2024-06-21 07:24:12,2024-07-10 07:24:12
8730,49,1389,No Show,2024-05-30 07:24:12,
8731,49,2533,Attended,2024-06-24 07:24:12,2024-07-10 07:24:12
8732,49,441,Attended,2024-05-31 07:24:12,2024-07-10 07:24:12
8733,49,76,No Show,2024-06-01 07:24:12,
8734,49,2612,Attended,2024-06-30 07:24:12,2024-07-10 07:24:12
8735,49,2735,Registered,2024-06-30 07:24:12,
8736,49,42,No Show,2024-06-13 07:24:12,
8737,49,1454,No Show,2024-07-05 07:24:12,
8738,49,1034,Attended,2024-06-17 07:24:12,2024-07-10 07:24:12
8739,49,2091,Cancelled,2024-05-27 07:24:12,
8740,49,815,Attended,2024-06-30 07:24:12,2024-07-10 07:24:12
8741,49,1693,Attended,2024-07-08 07:24:12,2024-07-10 07:24:12
8742,49,2240,Attended,2024-06-19 07:24:12,2024-07-10 07:24:12
8743,49,1687,Attended,2024-05-30 07:24:12,2024-07-10 07:24:12
8744,49,2632,Attended,2024-07-09 07:24:12,2024-07-10 07:24:12
8745,49,1161,Cancelled,2024-07-04 07:24:12,
8746,50,1662,Attended,2022-06-03 14:21:45,2022-06-06 14:21:45
8747,50,1948,Attended,2022-05-05 14:21:45,2022-06-06 14:21:45
8748,50,383,Attended,2022-05-04 14:21:45,2022-06-06 14:21:45
8749,50,929,Registered,2022-06-05 14:21:45,
8750,50,1283,Cancelled,2022-05-27 14:21:45,
8751,50,2340,Attended,2022-04-25 14:21:45,2022-06-06 14:21:45
8752,50,2206,Registered,2022-04-23 14:21:45,
8753,50,388,Attended,2022-06-03 14:21:45,2022-06-06 14:21:45
8754,50,322,Attended,2022-06-02 14:21:45,2022-06-06 14:21:45
8755,50,1866,Attended,2022-05-08 14:21:45,2022-06-06 14:21:45
8756,50,1733,No Show,2022-05-31 14:21:45,
8757,50,1512,Attended,2022-06-04 14:21:45,2022-06-06 14:21:45
8758,50,489,Attended,2022-05-24 14:21:45,2022-06-06 14:21:45
8759,50,3048,No Show,2022-06-05 14:21:45,
8760,50,2587,Cancelled,2022-04-27 14:21:45,
8761,50,2031,Registered,2022-06-03 14:21:45,
8762,50,2852,Attended,2022-05-05 14:21:45,2022-06-06 14:21:45
8763,50,1558,Registered,2022-05-12 14:21:45,
8764,50,1513,Registered,2022-06-05 14:21:45,
8765,50,2315,Attended,2022-05-18 14:21:45,2022-06-06 14:21:45
8766,50,262,No Show,2022-05-20 14:21:45,
8767,50,136,Registered,2022-05-13 14:21:45,
8768,50,2312,Attended,2022-04-22 14:21:45,2022-06-06 14:21:45
8769,50,2382,No Show,2022-05-22 14:21:45,
8770,50,2595,No Show,2022-05-29 14:21:45,
8771,50,1821,No Show,2022-05-14 14:21:45,
8772,50,12,Attended,2022-04-30 14:21:45,2022-06-06 14:21:45
8773,50,1919,Attended,2022-04-28 14:21:45,2022-06-06 14:21:45
8774,50,675,Attended,2022-05-26 14:21:45,2022-06-06 14:21:45
8775,50,2343,Attended,2022-06-04 14:21:45,2022-06-06 14:21:45
8776,50,2338,Attended,2022-05-18 14:21:45,2022-06-06 14:21:45
8777,50,6,Attended,2022-05-06 14:21:45,2022-06-06 14:21:45
8778,50,2680,Attended,2022-05-16 14:21:45,2022-06-06 14:21:45
8779,50,889,Attended,2022-05-13 14:21:45,2022-06-06 14:21:45
8780,50,1144,Attended,2022-06-05 14:21:45,2022-06-06 14:21:45
8781,50,1692,Registered,2022-05-19 14:21:45,
8782,50,2560,Attended,2022-05-12 14:21:45,2022-06-06 14:21:45
8783,50,1839,Attended,2022-05-27 14:21:45,2022-06-06 14:21:45
8784,50,2090,Attended,2022-05-21 14:21:45,2022-06-06 14:21:45
8785,50,1998,Registered,2022-06-01 14:21:45,
8786,50,1293,No Show,2022-05-30 14:21:45,
8787,50,1424,Attended,2022-06-04 14:21:45,2022-06-06 14:21:45
8788,50,2489,Attended,2022-05-02 14:21:45,2022-06-06 14:21:45
8789,50,705,Registered,2022-04-24 14:21:45,
8790,50,3082,Attended,2022-05-04 14:21:45,2022-06-06 14:21:45
8791,50,2930,No Show,2022-05-11 14:21:45,
8792,50,478,Attended,2022-05-11 14:21:45,2022-06-06 14:21:45
8793,50,2865,Registered,2022-05-06 14:21:45,
8794,50,1365,Attended,2022-05-20 14:21:45,2022-06-06 14:21:45
8795,50,3075,Registered,2022-05-07 14:21:45,
8796,50,362,Attended,2022-05-20 14:21:45,2022-06-06 14:21:45
8797,50,2776,Registered,2022-04-29 14:21:45,
8798,50,1846,No Show,2022-06-05 14:21:45,
8799,50,205,Cancelled,2022-04-23 14:21:45,
8800,50,579,Registered,2022-04-27 14:21:45,
8801,50,2699,No Show,2022-05-24 14:21:45,
8802,50,2124,Attended,2022-05-02 14:21:45,2022-06-06 14:21:45
8803,50,2231,Attended,2022-04-25 14:21:45,2022-06-06 14:21:45
8804,50,2150,Cancelled,2022-04-27 14:21:45,
8805,50,2593,Attended,2022-05-29 14:21:45,2022-06-06 14:21:45
8806,50,1150,Attended,2022-05-09 14:21:45,2022-06-06 14:21:45
8807,50,1611,Attended,2022-05-30 14:21:45,2022-06-06 14:21:45
8808,50,1827,Attended,2022-05-23 14:21:45,2022-06-06 14:21:45
8809,50,1978,Attended,2022-04-29 14:21:45,2022-06-06 14:21:45
8810,50,2611,Attended,2022-04-24 14:21:45,2022-06-06 14:21:45
8811,50,1640,Attended,2022-04-27 14:21:45,2022-06-06 14:21:45
8812,50,1063,Attended,2022-05-05 14:21:45,2022-06-06 14:21:45
8813,50,1389,Registered,2022-05-22 14:21:45,
8814,50,2409,Attended,2022-05-06 14:21:45,2022-06-06 14:21:45
8815,50,3101,Attended,2022-06-03 14:21:45,2022-06-06 14:21:45
8816,50,2371,Attended,2022-05-20 14:21:45,2022-06-06 14:21:45
8817,50,2056,Attended,2022-05-07 14:21:45,2022-06-06 14:21:45
8818,50,2420,Attended,2022-06-04 14:21:45,2022-06-06 14:21:45
8819,51,608,No Show,2024-03-12 14:21:07,
8820,51,428,Attended,2024-03-22 14:21:07,2024-03-27 14:21:07
8821,51,1678,No Show,2024-03-21 14:21:07,
8822,51,558,No Show,2024-03-03 14:21:07,
8823,51,560,Attended,2024-02-23 14:21:07,2024-03-27 14:21:07
8824,51,2971,Attended,2024-02-25 14:21:07,2024-03-27 14:21:07
8825,51,3155,Attended,2024-03-05 14:21:07,2024-03-27 14:21:07
8826,51,2298,Attended,2024-03-21 14:21:07,2024-03-27 14:21:07
8827,51,1640,No Show,2024-03-24 14:21:07,
8828,51,474,Attended,2024-03-16 14:21:07,2024-03-27 14:21:07
8829,51,2543,Attended,2024-02-19 14:21:07,2024-03-27 14:21:07
8830,51,1029,Attended,2024-02-19 14:21:07,2024-03-27 14:21:07
8831,51,2802,Attended,2024-02-16 14:21:07,2024-03-27 14:21:07
8832,51,6,No Show,2024-03-16 14:21:07,
8833,51,597,Cancelled,2024-03-16 14:21:07,
8834,51,2881,Attended,2024-03-21 14:21:07,2024-03-27 14:21:07
8835,51,1735,Registered,2024-02-15 14:21:07,
8836,51,1675,Attended,2024-03-15 14:21:07,2024-03-27 14:21:07
8837,51,3185,Attended,2024-03-14 14:21:07,2024-03-27 14:21:07
8838,51,2271,Attended,2024-03-13 14:21:07,2024-03-27 14:21:07
8839,51,2591,Attended,2024-03-12 14:21:07,2024-03-27 14:21:07
8840,51,2370,Attended,2024-02-21 14:21:07,2024-03-27 14:21:07
8841,51,460,Cancelled,2024-02-18 14:21:07,
8842,51,1175,Attended,2024-03-03 14:21:07,2024-03-27 14:21:07
8843,51,250,Attended,2024-02-22 14:21:07,2024-03-27 14:21:07
8844,51,2306,Registered,2024-02-11 14:21:07,
8845,51,2322,Attended,2024-03-24 14:21:07,2024-03-27 14:21:07
8846,51,2022,Attended,2024-03-07 14:21:07,2024-03-27 14:21:07
8847,51,911,Cancelled,2024-03-15 14:21:07,
8848,51,1520,Registered,2024-03-02 14:21:07,
8849,51,2910,Attended,2024-02-15 14:21:07,2024-03-27 14:21:07
8850,51,1040,Attended,2024-03-13 14:21:07,2024-03-27 14:21:07
8851,51,2579,Attended,2024-02-20 14:21:07,2024-03-27 14:21:07
8852,51,702,Registered,2024-03-22 14:21:07,
8853,51,1962,Attended,2024-03-08 14:21:07,2024-03-27 14:21:07
8854,51,2116,Registered,2024-02-12 14:21:07,
8855,51,1231,No Show,2024-03-15 14:21:07,
8856,51,1585,Attended,2024-03-04 14:21:07,2024-03-27 14:21:07
8857,51,777,Attended,2024-03-05 14:21:07,2024-03-27 14:21:07
8858,51,1561,Cancelled,2024-03-26 14:21:07,
8859,51,2318,No Show,2024-02-15 14:21:07,
8860,51,349,Attended,2024-03-18 14:21:07,2024-03-27 14:21:07
8861,51,1708,Attended,2024-02-17 14:21:07,2024-03-27 14:21:07
8862,51,949,Attended,2024-02-11 14:21:07,2024-03-27 14:21:07
8863,51,2601,Attended,2024-03-26 14:21:07,2024-03-27 14:21:07
8864,51,2379,Attended,2024-02-14 14:21:07,2024-03-27 14:21:07
8865,51,612,Cancelled,2024-03-02 14:21:07,
8866,51,1155,Attended,2024-03-06 14:21:07,2024-03-27 14:21:07
8867,51,2054,Attended,2024-02-22 14:21:07,2024-03-27 14:21:07
8868,51,1014,Attended,2024-03-07 14:21:07,2024-03-27 14:21:07
8869,51,1453,No Show,2024-03-06 14:21:07,
8870,51,106,Attended,2024-02-15 14:21:07,2024-03-27 14:21:07
8871,51,1496,Attended,2024-02-20 14:21:07,2024-03-27 14:21:07
8872,51,2934,Attended,2024-02-12 14:21:07,2024-03-27 14:21:07
8873,51,2137,Attended,2024-03-20 14:21:07,2024-03-27 14:21:07
8874,51,2078,No Show,2024-03-14 14:21:07,
8875,51,989,Attended,2024-02-15 14:21:07,2024-03-27 14:21:07
8876,51,2672,Attended,2024-03-23 14:21:07,2024-03-27 14:21:07
8877,51,355,Registered,2024-03-12 14:21:07,
8878,51,580,No Show,2024-03-17 14:21:07,
8879,51,551,No Show,2024-03-11 14:21:07,
8880,51,1124,Attended,2024-03-23 14:21:07,2024-03-27 14:21:07
8881,51,2206,Attended,2024-02-11 14:21:07,2024-03-27 14:21:07
8882,51,503,Attended,2024-02-23 14:21:07,2024-03-27 14:21:07
8883,51,367,Attended,2024-03-17 14:21:07,2024-03-27 14:21:07
8884,51,280,Attended,2024-02-16 14:21:07,2024-03-27 14:21:07
8885,51,70,Attended,2024-02-18 14:21:07,2024-03-27 14:21:07
8886,51,1797,Attended,2024-03-07 14:21:07,2024-03-27 14:21:07
8887,51,3157,Attended,2024-03-22 14:21:07,2024-03-27 14:21:07
8888,51,862,Cancelled,2024-02-12 14:21:07,
8889,51,2743,Attended,2024-02-29 14:21:07,2024-03-27 14:21:07
8890,51,782,Attended,2024-02-21 14:21:07,2024-03-27 14:21:07
8891,51,1566,Attended,2024-02-21 14:21:07,2024-03-27 14:21:07
8892,51,3169,Attended,2024-03-11 14:21:07,2024-03-27 14:21:07
8893,51,2351,No Show,2024-03-03 14:21:07,
8894,51,1560,No Show,2024-03-12 14:21:07,
8895,51,2184,Attended,2024-02-12 14:21:07,2024-03-27 14:21:07
8896,51,149,Registered,2024-03-06 14:21:07,
8897,51,2378,Attended,2024-03-09 14:21:07,2024-03-27 14:21:07
8898,51,1222,Registered,2024-03-11 14:21:07,
8899,51,878,Attended,2024-02-25 14:21:07,2024-03-27 14:21:07
8900,51,2940,No Show,2024-03-22 14:21:07,
8901,51,2868,Cancelled,2024-03-09 14:21:07,
8902,51,2680,Attended,2024-03-05 14:21:07,2024-03-27 14:21:07
8903,51,2727,Attended,2024-02-24 14:21:07,2024-03-27 14:21:07
8904,51,2039,No Show,2024-03-14 14:21:07,
8905,51,2374,Attended,2024-02-16 14:21:07,2024-03-27 14:21:07
8906,51,2501,Attended,2024-03-23 14:21:07,2024-03-27 14:21:07
8907,51,38,Attended,2024-02-29 14:21:07,2024-03-27 14:21:07
8908,51,2939,Attended,2024-03-20 14:21:07,2024-03-27 14:21:07
8909,51,2018,Attended,2024-02-28 14:21:07,2024-03-27 14:21:07
8910,51,267,Attended,2024-03-26 14:21:07,2024-03-27 14:21:07
8911,51,377,Attended,2024-03-25 14:21:07,2024-03-27 14:21:07
8912,51,2437,Attended,2024-03-25 14:21:07,2024-03-27 14:21:07
8913,51,415,Attended,2024-02-16 14:21:07,2024-03-27 14:21:07
8914,51,339,Attended,2024-02-11 14:21:07,2024-03-27 14:21:07
8915,51,2676,Attended,2024-03-18 14:21:07,2024-03-27 14:21:07
8916,51,1115,No Show,2024-03-15 14:21:07,
8917,51,508,Attended,2024-03-26 14:21:07,2024-03-27 14:21:07
8918,51,1136,Attended,2024-02-20 14:21:07,2024-03-27 14:21:07
8919,51,1691,Attended,2024-02-29 14:21:07,2024-03-27 14:21:07
8920,51,461,Attended,2024-02-19 14:21:07,2024-03-27 14:21:07
8921,51,683,Attended,2024-03-13 14:21:07,2024-03-27 14:21:07
8922,51,2918,Attended,2024-02-29 14:21:07,2024-03-27 14:21:07
8923,51,1581,Registered,2024-03-19 14:21:07,
8924,51,735,Attended,2024-02-29 14:21:07,2024-03-27 14:21:07
8925,51,1533,Attended,2024-03-19 14:21:07,2024-03-27 14:21:07
8926,51,837,Attended,2024-03-26 14:21:07,2024-03-27 14:21:07
8927,51,2823,Attended,2024-03-04 14:21:07,2024-03-27 14:21:07
8928,51,2892,Attended,2024-03-09 14:21:07,2024-03-27 14:21:07
8929,51,475,Attended,2024-02-21 14:21:07,2024-03-27 14:21:07
8930,51,2441,Attended,2024-03-05 14:21:07,2024-03-27 14:21:07
8931,51,3065,Attended,2024-03-25 14:21:07,2024-03-27 14:21:07
8932,51,1565,Attended,2024-03-10 14:21:07,2024-03-27 14:21:07
8933,51,652,Attended,2024-03-19 14:21:07,2024-03-27 14:21:07
8934,51,3252,Registered,2024-03-15 14:21:07,
8935,51,965,No Show,2024-02-13 14:21:07,
8936,51,660,Cancelled,2024-03-17 14:21:07,
8937,51,997,Attended,2024-03-15 14:21:07,2024-03-27 14:21:07
8938,51,1473,Attended,2024-03-01 14:21:07,2024-03-27 14:21:07
8939,51,2142,Attended,2024-03-19 14:21:07,2024-03-27 14:21:07
8940,51,855,Registered,2024-02-29 14:21:07,
8941,51,2104,Attended,2024-03-22 14:21:07,2024-03-27 14:21:07
8942,51,2297,Cancelled,2024-03-02 14:21:07,
8943,51,1626,Attended,2024-03-16 14:21:07,2024-03-27 14:21:07
8944,51,1130,Attended,2024-03-23 14:21:07,2024-03-27 14:21:07
8945,51,2904,Attended,2024-03-09 14:21:07,2024-03-27 14:21:07
8946,51,814,Attended,2024-02-13 14:21:07,2024-03-27 14:21:07
8947,51,1947,Attended,2024-03-07 14:21:07,2024-03-27 14:21:07
8948,51,2659,Attended,2024-03-09 14:21:07,2024-03-27 14:21:07
8949,51,610,Cancelled,2024-02-15 14:21:07,
8950,51,278,Attended,2024-03-22 14:21:07,2024-03-27 14:21:07
8951,51,638,Attended,2024-02-26 14:21:07,2024-03-27 14:21:07
8952,51,688,Attended,2024-02-25 14:21:07,2024-03-27 14:21:07
8953,51,1993,Registered,2024-02-13 14:21:07,
8954,51,332,Attended,2024-03-13 14:21:07,2024-03-27 14:21:07
8955,51,2636,No Show,2024-03-03 14:21:07,
8956,51,1304,No Show,2024-02-19 14:21:07,
8957,51,1846,Cancelled,2024-02-21 14:21:07,
8958,51,884,No Show,2024-03-06 14:21:07,
8959,51,2174,Attended,2024-02-28 14:21:07,2024-03-27 14:21:07
8960,51,955,Attended,2024-03-06 14:21:07,2024-03-27 14:21:07
8961,51,2119,Attended,2024-02-29 14:21:07,2024-03-27 14:21:07
8962,51,818,Attended,2024-03-04 14:21:07,2024-03-27 14:21:07
8963,51,3194,Attended,2024-03-21 14:21:07,2024-03-27 14:21:07
8964,51,2864,Attended,2024-02-23 14:21:07,2024-03-27 14:21:07
8965,51,2106,Attended,2024-03-14 14:21:07,2024-03-27 14:21:07
8966,51,273,No Show,2024-03-16 14:21:07,
8967,51,1045,No Show,2024-03-16 14:21:07,
8968,51,459,Cancelled,2024-02-29 14:21:07,
8969,51,2801,Registered,2024-02-23 14:21:07,
8970,51,511,Attended,2024-02-11 14:21:07,2024-03-27 14:21:07
8971,51,868,Attended,2024-02-15 14:21:07,2024-03-27 14:21:07
8972,51,987,Attended,2024-03-24 14:21:07,2024-03-27 14:21:07
8973,51,1881,No Show,2024-03-17 14:21:07,
8974,51,495,Attended,2024-02-27 14:21:07,2024-03-27 14:21:07
8975,51,1215,Cancelled,2024-02-14 14:21:07,
8976,51,606,Attended,2024-02-15 14:21:07,2024-03-27 14:21:07
8977,51,104,Attended,2024-03-03 14:21:07,2024-03-27 14:21:07
8978,51,808,Attended,2024-03-17 14:21:07,2024-03-27 14:21:07
8979,51,2187,Attended,2024-02-17 14:21:07,2024-03-27 14:21:07
8980,51,3060,Cancelled,2024-03-16 14:21:07,
8981,51,1285,Attended,2024-03-07 14:21:07,2024-03-27 14:21:07
8982,51,1345,Attended,2024-02-14 14:21:07,2024-03-27 14:21:07
8983,51,1743,No Show,2024-02-15 14:21:07,
8984,51,2141,Attended,2024-03-14 14:21:07,2024-03-27 14:21:07
8985,51,195,Attended,2024-03-20 14:21:07,2024-03-27 14:21:07
8986,51,2798,Attended,2024-02-26 14:21:07,2024-03-27 14:21:07
8987,51,2320,Registered,2024-02-23 14:21:07,
8988,51,2661,Attended,2024-03-06 14:21:07,2024-03-27 14:21:07
8989,51,2452,Attended,2024-02-15 14:21:07,2024-03-27 14:21:07
8990,51,2207,Registered,2024-03-21 14:21:07,
8991,51,2557,Attended,2024-02-20 14:21:07,2024-03-27 14:21:07
8992,51,2217,Attended,2024-02-27 14:21:07,2024-03-27 14:21:07
8993,51,2060,Registered,2024-03-12 14:21:07,
8994,51,1485,Attended,2024-03-13 14:21:07,2024-03-27 14:21:07
8995,51,281,Cancelled,2024-02-17 14:21:07,
8996,51,1843,Attended,2024-02-27 14:21:07,2024-03-27 14:21:07
8997,51,325,Attended,2024-03-01 14:21:07,2024-03-27 14:21:07
8998,51,1667,Attended,2024-03-05 14:21:07,2024-03-27 14:21:07
8999,51,2554,No Show,2024-02-27 14:21:07,
9000,51,898,Attended,2024-03-03 14:21:07,2024-03-27 14:21:07
9001,51,2070,Attended,2024-03-23 14:21:07,2024-03-27 14:21:07
9002,51,96,Attended,2024-03-24 14:21:07,2024-03-27 14:21:07
9003,51,2003,No Show,2024-02-18 14:21:07,
9004,51,1621,Registered,2024-03-11 14:21:07,
9005,51,2146,Attended,2024-03-26 14:21:07,2024-03-27 14:21:07
9006,51,930,Attended,2024-03-23 14:21:07,2024-03-27 14:21:07
9007,51,2720,Attended,2024-03-16 14:21:07,2024-03-27 14:21:07
9008,51,2336,Attended,2024-02-29 14:21:07,2024-03-27 14:21:07
9009,51,1916,Registered,2024-03-16 14:21:07,
9010,51,2782,Registered,2024-03-12 14:21:07,
9011,51,1230,Registered,2024-02-26 14:21:07,
9012,51,3245,Attended,2024-03-14 14:21:07,2024-03-27 14:21:07
9013,51,1325,Cancelled,2024-03-22 14:21:07,
9014,51,2094,Attended,2024-03-01 14:21:07,2024-03-27 14:21:07
9015,51,1606,Attended,2024-02-27 14:21:07,2024-03-27 14:21:07
9016,51,618,Attended,2024-03-08 14:21:07,2024-03-27 14:21:07
9017,51,2781,Cancelled,2024-03-10 14:21:07,
9018,51,2204,Attended,2024-02-29 14:21:07,2024-03-27 14:21:07
9019,51,2317,Attended,2024-02-21 14:21:07,2024-03-27 14:21:07
9020,51,622,Attended,2024-03-16 14:21:07,2024-03-27 14:21:07
9021,51,1553,Attended,2024-02-11 14:21:07,2024-03-27 14:21:07
9022,51,268,Attended,2024-02-23 14:21:07,2024-03-27 14:21:07
9023,51,2491,Attended,2024-02-24 14:21:07,2024-03-27 14:21:07
9024,51,502,No Show,2024-02-13 14:21:07,
9025,51,766,Attended,2024-03-01 14:21:07,2024-03-27 14:21:07
9026,51,585,Attended,2024-03-14 14:21:07,2024-03-27 14:21:07
9027,51,1261,Attended,2024-03-13 14:21:07,2024-03-27 14:21:07
9028,51,2521,Attended,2024-03-21 14:21:07,2024-03-27 14:21:07
9029,51,2488,Attended,2024-02-14 14:21:07,2024-03-27 14:21:07
9030,51,1999,Attended,2024-03-22 14:21:07,2024-03-27 14:21:07
9031,51,2064,Attended,2024-02-24 14:21:07,2024-03-27 14:21:07
9032,51,957,Attended,2024-03-09 14:21:07,2024-03-27 14:21:07
9033,51,1608,Attended,2024-03-11 14:21:07,2024-03-27 14:21:07
9034,51,1792,Attended,2024-02-22 14:21:07,2024-03-27 14:21:07
9035,51,172,Attended,2024-02-16 14:21:07,2024-03-27 14:21:07
9036,51,1046,Registered,2024-03-15 14:21:07,
9037,51,1192,Cancelled,2024-02-17 14:21:07,
9038,51,2610,Registered,2024-03-10 14:21:07,
9039,51,3145,Attended,2024-03-10 14:21:07,2024-03-27 14:21:07
9040,51,1750,Attended,2024-02-28 14:21:07,2024-03-27 14:21:07
9041,51,1370,Cancelled,2024-02-14 14:21:07,
9042,51,705,Attended,2024-02-13 14:21:07,2024-03-27 14:21:07
9043,51,471,Attended,2024-02-14 14:21:07,2024-03-27 14:21:07
9044,51,2623,Registered,2024-02-18 14:21:07,
9045,51,166,Attended,2024-03-07 14:21:07,2024-03-27 14:21:07
9046,51,1908,Attended,2024-02-11 14:21:07,2024-03-27 14:21:07
9047,51,2973,Attended,2024-03-06 14:21:07,2024-03-27 14:21:07
9048,51,125,Cancelled,2024-02-29 14:21:07,
9049,51,3193,Attended,2024-03-21 14:21:07,2024-03-27 14:21:07
9050,51,136,Attended,2024-02-16 14:21:07,2024-03-27 14:21:07
9051,51,1687,Cancelled,2024-02-29 14:21:07,
9052,51,1322,Attended,2024-03-26 14:21:07,2024-03-27 14:21:07
9053,51,2541,Cancelled,2024-03-03 14:21:07,
9054,51,823,Registered,2024-03-07 14:21:07,
9055,51,93,Registered,2024-02-25 14:21:07,
9056,51,3253,Registered,2024-03-05 14:21:07,
9057,51,2029,Attended,2024-02-27 14:21:07,2024-03-27 14:21:07
9058,51,3232,No Show,2024-03-20 14:21:07,
9059,51,639,Attended,2024-02-12 14:21:07,2024-03-27 14:21:07
9060,51,790,No Show,2024-02-16 14:21:07,
9061,51,1911,Attended,2024-02-17 14:21:07,2024-03-27 14:21:07
9062,51,1921,Attended,2024-03-09 14:21:07,2024-03-27 14:21:07
9063,51,67,Attended,2024-03-25 14:21:07,2024-03-27 14:21:07
9064,51,2686,Attended,2024-02-11 14:21:07,2024-03-27 14:21:07
9065,51,288,Attended,2024-02-19 14:21:07,2024-03-27 14:21:07
9066,51,928,Attended,2024-02-19 14:21:07,2024-03-27 14:21:07
9067,51,2649,Attended,2024-03-01 14:21:07,2024-03-27 14:21:07
9068,51,300,Attended,2024-02-14 14:21:07,2024-03-27 14:21:07
9069,51,1002,Attended,2024-03-25 14:21:07,2024-03-27 14:21:07
9070,51,1592,Attended,2024-02-29 14:21:07,2024-03-27 14:21:07
9071,51,2685,Attended,2024-03-06 14:21:07,2024-03-27 14:21:07
9072,51,2599,Attended,2024-03-19 14:21:07,2024-03-27 14:21:07
9073,51,3054,Attended,2024-03-23 14:21:07,2024-03-27 14:21:07
9074,51,2968,Registered,2024-03-07 14:21:07,
9075,51,2737,Attended,2024-03-14 14:21:07,2024-03-27 14:21:07
9076,51,1990,Attended,2024-02-12 14:21:07,2024-03-27 14:21:07
9077,51,2734,Attended,2024-03-06 14:21:07,2024-03-27 14:21:07
9078,51,486,Cancelled,2024-03-13 14:21:07,
9079,51,1548,Registered,2024-02-17 14:21:07,
9080,51,2618,Registered,2024-02-12 14:21:07,
9081,51,160,Attended,2024-03-01 14:21:07,2024-03-27 14:21:07
9082,51,176,Attended,2024-03-24 14:21:07,2024-03-27 14:21:07
9083,51,384,Registered,2024-02-29 14:21:07,
9084,51,2383,Attended,2024-02-24 14:21:07,2024-03-27 14:21:07
9085,51,2219,No Show,2024-02-22 14:21:07,
9086,51,3103,Attended,2024-03-20 14:21:07,2024-03-27 14:21:07
9087,51,2133,Attended,2024-03-20 14:21:07,2024-03-27 14:21:07
9088,51,1886,Attended,2024-03-12 14:21:07,2024-03-27 14:21:07
9089,51,2736,Registered,2024-03-18 14:21:07,
9090,51,1694,Attended,2024-03-22 14:21:07,2024-03-27 14:21:07
9091,51,773,Attended,2024-02-18 14:21:07,2024-03-27 14:21:07
9092,51,2302,Attended,2024-02-25 14:21:07,2024-03-27 14:21:07
9093,51,2237,Attended,2024-02-13 14:21:07,2024-03-27 14:21:07
9094,51,2890,Attended,2024-03-18 14:21:07,2024-03-27 14:21:07
9095,51,2205,Attended,2024-02-23 14:21:07,2024-03-27 14:21:07
9096,51,2539,Registered,2024-02-12 14:21:07,
9097,51,294,Attended,2024-02-15 14:21:07,2024-03-27 14:21:07
9098,51,1973,Attended,2024-03-04 14:21:07,2024-03-27 14:21:07
9099,51,1445,No Show,2024-03-21 14:21:07,
9100,51,2989,Registered,2024-02-17 14:21:07,
9101,51,1289,No Show,2024-02-14 14:21:07,
9102,51,446,Attended,2024-03-01 14:21:07,2024-03-27 14:21:07
9103,51,543,Registered,2024-02-19 14:21:07,
9104,51,1216,Registered,2024-03-25 14:21:07,
9105,51,2617,Attended,2024-03-26 14:21:07,2024-03-27 14:21:07
9106,51,2031,Attended,2024-03-08 14:21:07,2024-03-27 14:21:07
9107,51,2777,Attended,2024-03-06 14:21:07,2024-03-27 14:21:07
9108,51,162,Attended,2024-03-02 14:21:07,2024-03-27 14:21:07
9109,51,56,Attended,2024-02-12 14:21:07,2024-03-27 14:21:07
9110,51,1392,Cancelled,2024-03-25 14:21:07,
9111,51,2270,No Show,2024-02-23 14:21:07,
9112,51,2269,No Show,2024-02-18 14:21:07,
9113,51,1949,Cancelled,2024-02-19 14:21:07,
9114,51,2728,Attended,2024-03-01 14:21:07,2024-03-27 14:21:07
9115,51,739,Attended,2024-02-24 14:21:07,2024-03-27 14:21:07
9116,51,1972,Attended,2024-02-28 14:21:07,2024-03-27 14:21:07
9117,51,689,Attended,2024-03-06 14:21:07,2024-03-27 14:21:07
9118,51,1813,Attended,2024-02-14 14:21:07,2024-03-27 14:21:07
9119,51,1100,Attended,2024-02-28 14:21:07,2024-03-27 14:21:07
9120,51,1742,Registered,2024-03-03 14:21:07,
9121,51,2606,Attended,2024-03-11 14:21:07,2024-03-27 14:21:07
9122,51,334,Attended,2024-03-07 14:21:07,2024-03-27 14:21:07
9123,51,264,Attended,2024-03-20 14:21:07,2024-03-27 14:21:07
9124,51,2016,Attended,2024-03-18 14:21:07,2024-03-27 14:21:07
9125,51,1203,Registered,2024-02-23 14:21:07,
9126,51,2518,Registered,2024-02-21 14:21:07,
9127,51,1278,No Show,2024-03-24 14:21:07,
9128,51,1611,Attended,2024-03-18 14:21:07,2024-03-27 14:21:07
9129,51,407,No Show,2024-03-15 14:21:07,
9130,51,2369,Attended,2024-02-12 14:21:07,2024-03-27 14:21:07
9131,51,1420,No Show,2024-02-28 14:21:07,
9132,51,2424,Attended,2024-02-20 14:21:07,2024-03-27 14:21:07
9133,51,1811,Attended,2024-02-17 14:21:07,2024-03-27 14:21:07
9134,51,2465,Attended,2024-02-22 14:21:07,2024-03-27 14:21:07
9135,51,3018,Attended,2024-03-05 14:21:07,2024-03-27 14:21:07
9136,51,13,Attended,2024-03-22 14:21:07,2024-03-27 14:21:07
9137,51,2482,Attended,2024-03-20 14:21:07,2024-03-27 14:21:07
9138,51,510,Attended,2024-03-10 14:21:07,2024-03-27 14:21:07
9139,51,3186,Attended,2024-03-16 14:21:07,2024-03-27 14:21:07
9140,51,16,Attended,2024-02-12 14:21:07,2024-03-27 14:21:07
9141,51,1830,Cancelled,2024-02-28 14:21:07,
9142,51,1812,No Show,2024-02-28 14:21:07,
9143,51,2705,Registered,2024-03-10 14:21:07,
9144,51,3013,Registered,2024-02-18 14:21:07,
9145,51,3071,Attended,2024-02-29 14:21:07,2024-03-27 14:21:07
9146,51,3250,Attended,2024-03-14 14:21:07,2024-03-27 14:21:07
9147,51,1607,No Show,2024-03-08 14:21:07,
9148,51,2200,Attended,2024-02-14 14:21:07,2024-03-27 14:21:07
9149,51,1033,Registered,2024-03-08 14:21:07,
9150,51,457,Attended,2024-02-27 14:21:07,2024-03-27 14:21:07
9151,51,854,Attended,2024-03-15 14:21:07,2024-03-27 14:21:07
9152,51,1264,No Show,2024-03-02 14:21:07,
9153,51,2978,Registered,2024-03-19 14:21:07,
9154,51,934,Attended,2024-03-22 14:21:07,2024-03-27 14:21:07
9155,51,1930,No Show,2024-03-11 14:21:07,
9156,51,1205,Attended,2024-03-19 14:21:07,2024-03-27 14:21:07
9157,51,701,Attended,2024-02-20 14:21:07,2024-03-27 14:21:07
9158,51,2241,No Show,2024-02-19 14:21:07,
9159,51,972,Attended,2024-03-18 14:21:07,2024-03-27 14:21:07
9160,51,2175,Cancelled,2024-03-10 14:21:07,
9161,51,2481,Cancelled,2024-02-15 14:21:07,
9162,51,290,Cancelled,2024-02-22 14:21:07,
9163,51,1317,Registered,2024-03-23 14:21:07,
9164,52,2687,Attended,2022-07-30 09:45:26,2022-07-31 09:45:26
9165,52,1306,No Show,2022-07-19 09:45:26,
9166,52,1824,Attended,2022-07-15 09:45:26,2022-07-31 09:45:26
9167,52,1186,No Show,2022-07-19 09:45:26,
9168,52,1179,Attended,2022-07-02 09:45:26,2022-07-31 09:45:26
9169,52,2294,Registered,2022-06-20 09:45:26,
9170,52,2053,Registered,2022-07-01 09:45:26,
9171,52,359,Attended,2022-06-21 09:45:26,2022-07-31 09:45:26
9172,52,2398,Registered,2022-07-24 09:45:26,
9173,52,3131,Registered,2022-06-22 09:45:26,
9174,52,969,Cancelled,2022-06-29 09:45:26,
9175,52,415,Attended,2022-07-16 09:45:26,2022-07-31 09:45:26
9176,52,3173,Attended,2022-07-03 09:45:26,2022-07-31 09:45:26
9177,52,1087,Registered,2022-06-30 09:45:26,
9178,52,665,Attended,2022-07-21 09:45:26,2022-07-31 09:45:26
9179,52,234,Attended,2022-07-28 09:45:26,2022-07-31 09:45:26
9180,52,663,Cancelled,2022-07-04 09:45:26,
9181,52,2962,Attended,2022-06-26 09:45:26,2022-07-31 09:45:26
9182,52,60,No Show,2022-06-18 09:45:26,
9183,52,2040,Attended,2022-07-09 09:45:26,2022-07-31 09:45:26
9184,52,2537,Attended,2022-07-10 09:45:26,2022-07-31 09:45:26
9185,52,683,No Show,2022-07-27 09:45:26,
9186,52,797,Attended,2022-07-14 09:45:26,2022-07-31 09:45:26
9187,52,1891,Registered,2022-07-30 09:45:26,
9188,52,1834,Attended,2022-07-25 09:45:26,2022-07-31 09:45:26
9189,52,1192,Attended,2022-07-05 09:45:26,2022-07-31 09:45:26
9190,52,633,Attended,2022-07-26 09:45:26,2022-07-31 09:45:26
9191,52,52,Attended,2022-06-20 09:45:26,2022-07-31 09:45:26
9192,52,2084,Attended,2022-06-20 09:45:26,2022-07-31 09:45:26
9193,52,1812,Attended,2022-06-16 09:45:26,2022-07-31 09:45:26
9194,52,1039,Attended,2022-06-25 09:45:26,2022-07-31 09:45:26
9195,52,2882,No Show,2022-06-27 09:45:26,
9196,52,814,Attended,2022-07-23 09:45:26,2022-07-31 09:45:26
9197,52,1182,Attended,2022-07-24 09:45:26,2022-07-31 09:45:26
9198,52,2295,Attended,2022-06-29 09:45:26,2022-07-31 09:45:26
9199,52,323,Attended,2022-07-24 09:45:26,2022-07-31 09:45:26
9200,52,1541,Registered,2022-06-23 09:45:26,
9201,52,1935,Attended,2022-07-04 09:45:26,2022-07-31 09:45:26
9202,52,1067,Registered,2022-07-30 09:45:26,
9203,52,1135,Attended,2022-07-30 09:45:26,2022-07-31 09:45:26
9204,52,315,Attended,2022-07-05 09:45:26,2022-07-31 09:45:26
9205,52,2149,Attended,2022-07-12 09:45:26,2022-07-31 09:45:26
9206,52,129,Attended,2022-07-21 09:45:26,2022-07-31 09:45:26
9207,52,2580,Registered,2022-07-23 09:45:26,
9208,52,1980,Attended,2022-07-28 09:45:26,2022-07-31 09:45:26
9209,52,1119,Attended,2022-07-05 09:45:26,2022-07-31 09:45:26
9210,52,2911,No Show,2022-07-21 09:45:26,
9211,52,1327,Attended,2022-06-18 09:45:26,2022-07-31 09:45:26
9212,52,322,Attended,2022-06-17 09:45:26,2022-07-31 09:45:26
9213,52,241,No Show,2022-07-13 09:45:26,
9214,52,3230,Attended,2022-06-28 09:45:26,2022-07-31 09:45:26
9215,52,336,Attended,2022-06-25 09:45:26,2022-07-31 09:45:26
9216,52,2313,Registered,2022-07-03 09:45:26,
9217,52,642,Attended,2022-07-21 09:45:26,2022-07-31 09:45:26
9218,52,2680,Attended,2022-07-24 09:45:26,2022-07-31 09:45:26
9219,52,1547,Attended,2022-07-29 09:45:26,2022-07-31 09:45:26
9220,52,1437,Cancelled,2022-07-25 09:45:26,
9221,52,1377,Attended,2022-07-29 09:45:26,2022-07-31 09:45:26
9222,52,1163,Cancelled,2022-06-27 09:45:26,
9223,52,2673,Attended,2022-07-03 09:45:26,2022-07-31 09:45:26
9224,52,2561,Attended,2022-07-06 09:45:26,2022-07-31 09:45:26
9225,52,1309,Attended,2022-07-04 09:45:26,2022-07-31 09:45:26
9226,52,573,Registered,2022-07-04 09:45:26,
9227,52,2625,Attended,2022-07-01 09:45:26,2022-07-31 09:45:26
9228,52,2545,Attended,2022-07-08 09:45:26,2022-07-31 09:45:26
9229,52,1989,Attended,2022-07-30 09:45:26,2022-07-31 09:45:26
9230,52,275,Attended,2022-07-06 09:45:26,2022-07-31 09:45:26
9231,52,555,Cancelled,2022-07-20 09:45:26,
9232,52,3165,Registered,2022-07-16 09:45:26,
9233,52,2055,Attended,2022-07-22 09:45:26,2022-07-31 09:45:26
9234,52,2192,Cancelled,2022-07-12 09:45:26,
9235,52,130,Registered,2022-07-23 09:45:26,
9236,52,2671,Attended,2022-07-08 09:45:26,2022-07-31 09:45:26
9237,52,166,Attended,2022-07-18 09:45:26,2022-07-31 09:45:26
9238,52,1663,Attended,2022-06-27 09:45:26,2022-07-31 09:45:26
9239,52,2793,Attended,2022-07-10 09:45:26,2022-07-31 09:45:26
9240,52,3151,Attended,2022-06-27 09:45:26,2022-07-31 09:45:26
9241,52,291,No Show,2022-07-23 09:45:26,
9242,52,464,Attended,2022-06-17 09:45:26,2022-07-31 09:45:26
9243,52,105,Attended,2022-07-02 09:45:26,2022-07-31 09:45:26
9244,52,1382,Attended,2022-07-19 09:45:26,2022-07-31 09:45:26
9245,52,1807,Attended,2022-06-23 09:45:26,2022-07-31 09:45:26
9246,52,2731,Attended,2022-06-21 09:45:26,2022-07-31 09:45:26
9247,52,923,Attended,2022-07-17 09:45:26,2022-07-31 09:45:26
9248,52,1258,Attended,2022-07-17 09:45:26,2022-07-31 09:45:26
9249,52,2863,Registered,2022-07-02 09:45:26,
9250,52,828,Attended,2022-06-23 09:45:26,2022-07-31 09:45:26
9251,52,42,Attended,2022-07-16 09:45:26,2022-07-31 09:45:26
9252,52,449,Attended,2022-06-21 09:45:26,2022-07-31 09:45:26
9253,52,3121,No Show,2022-07-29 09:45:26,
9254,52,2211,Attended,2022-07-11 09:45:26,2022-07-31 09:45:26
9255,52,1875,Attended,2022-06-17 09:45:26,2022-07-31 09:45:26
9256,52,486,Attended,2022-07-15 09:45:26,2022-07-31 09:45:26
9257,52,1314,Cancelled,2022-07-23 09:45:26,
9258,52,2331,No Show,2022-07-03 09:45:26,
9259,52,3203,Registered,2022-07-20 09:45:26,
9260,52,1394,Attended,2022-06-27 09:45:26,2022-07-31 09:45:26
9261,52,1828,Attended,2022-07-26 09:45:26,2022-07-31 09:45:26
9262,52,1698,Registered,2022-07-09 09:45:26,
9263,52,1775,Cancelled,2022-07-10 09:45:26,
9264,52,3178,Attended,2022-06-21 09:45:26,2022-07-31 09:45:26
9265,52,2180,No Show,2022-07-13 09:45:26,
9266,52,530,Attended,2022-07-10 09:45:26,2022-07-31 09:45:26
9267,52,374,Attended,2022-07-28 09:45:26,2022-07-31 09:45:26
9268,52,301,Attended,2022-07-09 09:45:26,2022-07-31 09:45:26
9269,52,2500,No Show,2022-06-22 09:45:26,
9270,52,1473,Attended,2022-07-09 09:45:26,2022-07-31 09:45:26
9271,52,705,Attended,2022-06-25 09:45:26,2022-07-31 09:45:26
9272,52,1374,Attended,2022-07-17 09:45:26,2022-07-31 09:45:26
9273,52,1317,Attended,2022-07-02 09:45:26,2022-07-31 09:45:26
9274,52,936,Attended,2022-07-19 09:45:26,2022-07-31 09:45:26
9275,52,1520,Cancelled,2022-07-23 09:45:26,
9276,52,462,Attended,2022-07-24 09:45:26,2022-07-31 09:45:26
9277,52,2354,Registered,2022-06-28 09:45:26,
9278,52,1052,Cancelled,2022-07-15 09:45:26,
9279,52,145,Cancelled,2022-06-29 09:45:26,
9280,52,1805,Registered,2022-07-06 09:45:26,
9281,52,3143,Attended,2022-07-07 09:45:26,2022-07-31 09:45:26
9282,52,1290,Attended,2022-07-26 09:45:26,2022-07-31 09:45:26
9283,53,2829,No Show,2024-10-02 14:21:30,
9284,53,406,Registered,2024-10-05 14:21:30,
9285,53,1068,Attended,2024-10-04 14:21:30,2024-11-10 14:21:30
9286,53,2289,Registered,2024-11-03 14:21:30,
9287,53,1214,Cancelled,2024-10-03 14:21:30,
9288,53,1554,Attended,2024-11-06 14:21:30,2024-11-10 14:21:30
9289,53,2642,Attended,2024-10-02 14:21:30,2024-11-10 14:21:30
9290,53,1306,Attended,2024-11-05 14:21:30,2024-11-10 14:21:30
9291,53,1125,Attended,2024-11-08 14:21:30,2024-11-10 14:21:30
9292,53,1586,Attended,2024-10-24 14:21:30,2024-11-10 14:21:30
9293,53,1496,Attended,2024-11-05 14:21:30,2024-11-10 14:21:30
9294,53,2125,Cancelled,2024-10-22 14:21:30,
9295,53,535,Attended,2024-10-26 14:21:30,2024-11-10 14:21:30
9296,53,1269,No Show,2024-11-07 14:21:30,
9297,53,1087,Attended,2024-09-29 14:21:30,2024-11-10 14:21:30
9298,53,2806,Registered,2024-09-30 14:21:30,
9299,53,1362,Attended,2024-10-14 14:21:30,2024-11-10 14:21:30
9300,53,766,Registered,2024-10-23 14:21:30,
9301,53,1363,Attended,2024-10-22 14:21:30,2024-11-10 14:21:30
9302,53,629,Attended,2024-10-17 14:21:30,2024-11-10 14:21:30
9303,53,2060,Attended,2024-10-25 14:21:30,2024-11-10 14:21:30
9304,53,959,No Show,2024-11-04 14:21:30,
9305,53,1884,Attended,2024-09-28 14:21:30,2024-11-10 14:21:30
9306,53,2345,Cancelled,2024-10-29 14:21:30,
9307,53,2335,Attended,2024-10-25 14:21:30,2024-11-10 14:21:30
9308,53,237,No Show,2024-11-03 14:21:30,
9309,53,137,Attended,2024-11-07 14:21:30,2024-11-10 14:21:30
9310,53,235,Attended,2024-10-31 14:21:30,2024-11-10 14:21:30
9311,53,2558,Registered,2024-10-27 14:21:30,
9312,53,545,Registered,2024-10-01 14:21:30,
9313,53,980,Attended,2024-10-26 14:21:30,2024-11-10 14:21:30
9314,53,1579,Attended,2024-11-06 14:21:30,2024-11-10 14:21:30
9315,53,1031,No Show,2024-10-16 14:21:30,
9316,53,1383,Attended,2024-10-15 14:21:30,2024-11-10 14:21:30
9317,53,133,Registered,2024-11-08 14:21:30,
9318,53,2856,Registered,2024-10-23 14:21:30,
9319,53,813,Registered,2024-10-09 14:21:30,
9320,53,716,Attended,2024-09-26 14:21:30,2024-11-10 14:21:30
9321,53,1899,Attended,2024-11-06 14:21:30,2024-11-10 14:21:30
9322,53,734,Attended,2024-10-02 14:21:30,2024-11-10 14:21:30
9323,53,1612,Attended,2024-10-06 14:21:30,2024-11-10 14:21:30
9324,53,3102,Attended,2024-09-28 14:21:30,2024-11-10 14:21:30
9325,53,1978,Cancelled,2024-10-02 14:21:30,
9326,53,961,No Show,2024-09-27 14:21:30,
9327,53,3023,Cancelled,2024-10-15 14:21:30,
9328,53,692,Attended,2024-10-21 14:21:30,2024-11-10 14:21:30
9329,53,2449,Attended,2024-10-14 14:21:30,2024-11-10 14:21:30
9330,53,110,Attended,2024-10-12 14:21:30,2024-11-10 14:21:30
9331,53,538,No Show,2024-10-22 14:21:30,
9332,53,2238,Registered,2024-10-12 14:21:30,
9333,53,1552,Registered,2024-10-02 14:21:30,
9334,53,2989,Attended,2024-10-13 14:21:30,2024-11-10 14:21:30
9335,53,1542,Attended,2024-10-28 14:21:30,2024-11-10 14:21:30
9336,53,1859,Attended,2024-10-24 14:21:30,2024-11-10 14:21:30
9337,53,612,No Show,2024-10-21 14:21:30,
9338,53,1990,Attended,2024-09-30 14:21:30,2024-11-10 14:21:30
9339,53,2912,No Show,2024-09-29 14:21:30,
9340,53,1136,Attended,2024-11-03 14:21:30,2024-11-10 14:21:30
9341,53,546,Attended,2024-10-02 14:21:30,2024-11-10 14:21:30
9342,53,515,Attended,2024-10-19 14:21:30,2024-11-10 14:21:30
9343,53,2224,Attended,2024-10-19 14:21:30,2024-11-10 14:21:30
9344,53,414,Attended,2024-10-25 14:21:30,2024-11-10 14:21:30
9345,53,972,Attended,2024-10-31 14:21:30,2024-11-10 14:21:30
9346,53,3052,Attended,2024-10-31 14:21:30,2024-11-10 14:21:30
9347,53,1097,Registered,2024-10-03 14:21:30,
9348,53,1626,Attended,2024-10-06 14:21:30,2024-11-10 14:21:30
9349,53,2497,Attended,2024-11-09 14:21:30,2024-11-10 14:21:30
9350,53,390,No Show,2024-10-22 14:21:30,
9351,53,1907,Cancelled,2024-10-11 14:21:30,
9352,53,1981,Attended,2024-10-27 14:21:30,2024-11-10 14:21:30
9353,53,1311,No Show,2024-10-12 14:21:30,
9354,53,1608,Attended,2024-10-09 14:21:30,2024-11-10 14:21:30
9355,53,1890,Attended,2024-10-03 14:21:30,2024-11-10 14:21:30
9356,53,1047,Cancelled,2024-10-18 14:21:30,
9357,53,3199,Cancelled,2024-11-05 14:21:30,
9358,53,709,Attended,2024-11-04 14:21:30,2024-11-10 14:21:30
9359,53,481,Attended,2024-10-10 14:21:30,2024-11-10 14:21:30
9360,53,463,Attended,2024-11-09 14:21:30,2024-11-10 14:21:30
9361,53,2691,Attended,2024-09-28 14:21:30,2024-11-10 14:21:30
9362,53,3190,Attended,2024-11-05 14:21:30,2024-11-10 14:21:30
9363,53,2026,No Show,2024-10-13 14:21:30,
9364,53,689,Attended,2024-10-24 14:21:30,2024-11-10 14:21:30
9365,53,2215,No Show,2024-10-04 14:21:30,
9366,53,1235,Attended,2024-11-03 14:21:30,2024-11-10 14:21:30
9367,53,2957,Attended,2024-10-10 14:21:30,2024-11-10 14:21:30
9368,53,873,Attended,2024-10-26 14:21:30,2024-11-10 14:21:30
9369,53,1597,Attended,2024-10-06 14:21:30,2024-11-10 14:21:30
9370,53,925,Attended,2024-11-02 14:21:30,2024-11-10 14:21:30
9371,53,1797,Cancelled,2024-11-01 14:21:30,
9372,53,857,Attended,2024-10-02 14:21:30,2024-11-10 14:21:30
9373,53,1709,Registered,2024-09-26 14:21:30,
9374,53,488,Cancelled,2024-10-18 14:21:30,
9375,53,351,Attended,2024-11-06 14:21:30,2024-11-10 14:21:30
9376,53,2797,Attended,2024-10-18 14:21:30,2024-11-10 14:21:30
9377,53,1122,Attended,2024-10-01 14:21:30,2024-11-10 14:21:30
9378,53,2862,Attended,2024-10-26 14:21:30,2024-11-10 14:21:30
9379,53,2729,Attended,2024-09-27 14:21:30,2024-11-10 14:21:30
9380,53,307,Attended,2024-09-26 14:21:30,2024-11-10 14:21:30
9381,53,2853,Attended,2024-10-31 14:21:30,2024-11-10 14:21:30
9382,53,2362,Attended,2024-10-09 14:21:30,2024-11-10 14:21:30
9383,53,10,No Show,2024-10-05 14:21:30,
9384,53,3165,Attended,2024-09-29 14:21:30,2024-11-10 14:21:30
9385,53,253,Attended,2024-11-05 14:21:30,2024-11-10 14:21:30
9386,53,2359,Attended,2024-10-03 14:21:30,2024-11-10 14:21:30
9387,53,208,Attended,2024-09-26 14:21:30,2024-11-10 14:21:30
9388,53,2414,Attended,2024-10-06 14:21:30,2024-11-10 14:21:30
9389,53,159,Registered,2024-10-21 14:21:30,
9390,53,641,Attended,2024-10-21 14:21:30,2024-11-10 14:21:30
9391,53,894,Attended,2024-10-22 14:21:30,2024-11-10 14:21:30
9392,53,1986,No Show,2024-10-23 14:21:30,
9393,53,2200,Attended,2024-09-29 14:21:30,2024-11-10 14:21:30
9394,53,2038,Attended,2024-10-13 14:21:30,2024-11-10 14:21:30
9395,53,228,Attended,2024-11-04 14:21:30,2024-11-10 14:21:30
9396,53,1452,Attended,2024-10-19 14:21:30,2024-11-10 14:21:30
9397,53,355,Attended,2024-10-02 14:21:30,2024-11-10 14:21:30
9398,53,1763,No Show,2024-10-21 14:21:30,
9399,53,3151,Attended,2024-10-02 14:21:30,2024-11-10 14:21:30
9400,53,2913,Registered,2024-11-08 14:21:30,
9401,53,3164,Registered,2024-10-05 14:21:30,
9402,53,1812,Attended,2024-10-11 14:21:30,2024-11-10 14:21:30
9403,53,804,Registered,2024-10-30 14:21:30,
9404,53,3173,Attended,2024-10-10 14:21:30,2024-11-10 14:21:30
9405,53,2961,No Show,2024-10-03 14:21:30,
9406,53,471,Attended,2024-11-05 14:21:30,2024-11-10 14:21:30
9407,53,2107,Cancelled,2024-10-29 14:21:30,
9408,53,2261,Attended,2024-09-30 14:21:30,2024-11-10 14:21:30
9409,53,1749,No Show,2024-11-06 14:21:30,
9410,54,221,Cancelled,2025-03-20 15:33:20,
9411,54,444,Registered,2025-03-28 15:33:20,
9412,54,2962,Registered,2025-03-29 15:33:20,
9413,54,2691,Attended,2025-03-18 15:33:20,2025-04-04 15:33:20
9414,54,2108,Attended,2025-03-29 15:33:20,2025-04-04 15:33:20
9415,54,2184,Attended,2025-03-19 15:33:20,2025-04-04 15:33:20
9416,54,2620,Registered,2025-03-21 15:33:20,
9417,54,1943,Cancelled,2025-03-03 15:33:20,
9418,54,872,Attended,2025-03-05 15:33:20,2025-04-04 15:33:20
9419,54,1245,Attended,2025-02-27 15:33:20,2025-04-04 15:33:20
9420,54,2239,Attended,2025-03-09 15:33:20,2025-04-04 15:33:20
9421,54,1899,Attended,2025-03-30 15:33:20,2025-04-04 15:33:20
9422,54,2528,Registered,2025-03-21 15:33:20,
9423,54,1613,Attended,2025-02-23 15:33:20,2025-04-04 15:33:20
9424,54,2632,Attended,2025-03-23 15:33:20,2025-04-04 15:33:20
9425,54,2049,Attended,2025-03-13 15:33:20,2025-04-04 15:33:20
9426,54,478,Attended,2025-03-12 15:33:20,2025-04-04 15:33:20
9427,54,672,Attended,2025-02-22 15:33:20,2025-04-04 15:33:20
9428,54,1724,Registered,2025-03-12 15:33:20,
9429,54,1369,Attended,2025-03-13 15:33:20,2025-04-04 15:33:20
9430,54,1492,Attended,2025-02-18 15:33:20,2025-04-04 15:33:20
9431,54,1428,Attended,2025-03-03 15:33:20,2025-04-04 15:33:20
9432,54,2598,Attended,2025-03-21 15:33:20,2025-04-04 15:33:20
9433,54,2972,Attended,2025-02-22 15:33:20,2025-04-04 15:33:20
9434,54,2158,No Show,2025-04-01 15:33:20,
9435,54,2927,No Show,2025-02-26 15:33:20,
9436,54,2526,Attended,2025-03-23 15:33:20,2025-04-04 15:33:20
9437,54,1309,Attended,2025-03-16 15:33:20,2025-04-04 15:33:20
9438,54,1526,Registered,2025-02-24 15:33:20,
9439,54,2778,Attended,2025-03-31 15:33:20,2025-04-04 15:33:20
9440,54,13,Attended,2025-03-28 15:33:20,2025-04-04 15:33:20
9441,54,117,Registered,2025-02-19 15:33:20,
9442,54,1726,Attended,2025-03-13 15:33:20,2025-04-04 15:33:20
9443,54,2953,Attended,2025-02-23 15:33:20,2025-04-04 15:33:20
9444,54,1230,Cancelled,2025-03-31 15:33:20,
9445,54,428,No Show,2025-02-21 15:33:20,
9446,54,960,Registered,2025-02-19 15:33:20,
9447,54,682,Attended,2025-03-25 15:33:20,2025-04-04 15:33:20
9448,54,1238,No Show,2025-03-18 15:33:20,
9449,54,2614,Attended,2025-03-21 15:33:20,2025-04-04 15:33:20
9450,54,1019,Attended,2025-03-06 15:33:20,2025-04-04 15:33:20
9451,54,3255,Attended,2025-03-17 15:33:20,2025-04-04 15:33:20
9452,54,822,Attended,2025-03-27 15:33:20,2025-04-04 15:33:20
9453,54,44,Attended,2025-02-25 15:33:20,2025-04-04 15:33:20
9454,54,1026,No Show,2025-03-10 15:33:20,
9455,54,2624,Registered,2025-03-15 15:33:20,
9456,54,2531,No Show,2025-03-13 15:33:20,
9457,54,922,Attended,2025-03-06 15:33:20,2025-04-04 15:33:20
9458,54,1101,Attended,2025-03-07 15:33:20,2025-04-04 15:33:20
9459,54,31,Attended,2025-03-11 15:33:20,2025-04-04 15:33:20
9460,54,2535,Attended,2025-02-27 15:33:20,2025-04-04 15:33:20
9461,54,1218,No Show,2025-03-18 15:33:20,
9462,54,994,Registered,2025-02-24 15:33:20,
9463,54,288,No Show,2025-02-25 15:33:20,
9464,54,926,Attended,2025-03-04 15:33:20,2025-04-04 15:33:20
9465,54,260,Attended,2025-04-01 15:33:20,2025-04-04 15:33:20
9466,54,1488,Attended,2025-04-03 15:33:20,2025-04-04 15:33:20
9467,54,512,Attended,2025-02-28 15:33:20,2025-04-04 15:33:20
9468,54,2855,Cancelled,2025-02-21 15:33:20,
9469,54,914,Attended,2025-03-10 15:33:20,2025-04-04 15:33:20
9470,54,1510,Attended,2025-02-18 15:33:20,2025-04-04 15:33:20
9471,54,2523,Attended,2025-02-27 15:33:20,2025-04-04 15:33:20
9472,54,1890,Registered,2025-03-26 15:33:20,
9473,55,295,Cancelled,2024-09-21 07:49:58,
9474,55,2133,Attended,2024-08-20 07:49:58,2024-10-02 07:49:58
9475,55,228,Attended,2024-09-11 07:49:58,2024-10-02 07:49:58
9476,55,3002,Attended,2024-09-10 07:49:58,2024-10-02 07:49:58
9477,55,1198,Attended,2024-09-18 07:49:58,2024-10-02 07:49:58
9478,55,848,Cancelled,2024-09-02 07:49:58,
9479,55,2371,No Show,2024-09-18 07:49:58,
9480,55,1547,Cancelled,2024-09-08 07:49:58,
9481,55,872,No Show,2024-08-18 07:49:58,
9482,55,729,Attended,2024-09-06 07:49:58,2024-10-02 07:49:58
9483,55,2260,Attended,2024-09-07 07:49:58,2024-10-02 07:49:58
9484,55,894,Cancelled,2024-09-29 07:49:58,
9485,55,466,No Show,2024-09-27 07:49:58,
9486,55,532,Registered,2024-08-27 07:49:58,
9487,55,265,Registered,2024-08-24 07:49:58,
9488,55,2309,Attended,2024-09-28 07:49:58,2024-10-02 07:49:58
9489,55,1455,Attended,2024-08-24 07:49:58,2024-10-02 07:49:58
9490,55,2050,Registered,2024-09-17 07:49:58,
9491,55,1257,Attended,2024-09-26 07:49:58,2024-10-02 07:49:58
9492,55,2766,Registered,2024-09-23 07:49:58,
9493,55,1410,Attended,2024-09-18 07:49:58,2024-10-02 07:49:58
9494,55,186,Attended,2024-08-28 07:49:58,2024-10-02 07:49:58
9495,55,1320,Attended,2024-09-16 07:49:58,2024-10-02 07:49:58
9496,55,2872,Attended,2024-09-08 07:49:58,2024-10-02 07:49:58
9497,55,1333,Registered,2024-08-24 07:49:58,
9498,55,2375,Attended,2024-09-15 07:49:58,2024-10-02 07:49:58
9499,55,2532,Attended,2024-08-18 07:49:58,2024-10-02 07:49:58
9500,55,118,Attended,2024-08-27 07:49:58,2024-10-02 07:49:58
9501,55,699,Attended,2024-08-30 07:49:58,2024-10-02 07:49:58
9502,55,284,Attended,2024-08-21 07:49:58,2024-10-02 07:49:58
9503,55,1717,No Show,2024-08-25 07:49:58,
9504,55,2206,Attended,2024-09-13 07:49:58,2024-10-02 07:49:58
9505,55,1105,No Show,2024-08-27 07:49:58,
9506,55,2322,Attended,2024-08-31 07:49:58,2024-10-02 07:49:58
9507,55,2877,No Show,2024-09-15 07:49:58,
9508,55,1300,Attended,2024-09-04 07:49:58,2024-10-02 07:49:58
9509,55,2100,Attended,2024-09-24 07:49:58,2024-10-02 07:49:58
9510,55,1630,Attended,2024-09-19 07:49:58,2024-10-02 07:49:58
9511,55,3129,Attended,2024-09-12 07:49:58,2024-10-02 07:49:58
9512,55,1667,Attended,2024-09-22 07:49:58,2024-10-02 07:49:58
9513,55,493,Attended,2024-09-02 07:49:58,2024-10-02 07:49:58
9514,55,2856,Attended,2024-08-27 07:49:58,2024-10-02 07:49:58
9515,55,571,No Show,2024-08-18 07:49:58,
9516,55,1181,Registered,2024-08-19 07:49:58,
9517,55,157,Attended,2024-08-22 07:49:58,2024-10-02 07:49:58
9518,55,1306,Attended,2024-09-23 07:49:58,2024-10-02 07:49:58
9519,56,2848,No Show,2022-02-18 08:50:08,
9520,56,2286,Attended,2022-02-25 08:50:08,2022-03-09 08:50:08
9521,56,2369,Attended,2022-02-07 08:50:08,2022-03-09 08:50:08
9522,56,2582,Attended,2022-02-15 08:50:08,2022-03-09 08:50:08
9523,56,2979,Registered,2022-02-13 08:50:08,
9524,56,953,Attended,2022-02-14 08:50:08,2022-03-09 08:50:08
9525,56,2740,Cancelled,2022-02-16 08:50:08,
9526,56,1484,No Show,2022-02-20 08:50:08,
9527,56,3242,Attended,2022-02-04 08:50:08,2022-03-09 08:50:08
9528,56,1159,Attended,2022-02-13 08:50:08,2022-03-09 08:50:08
9529,56,1112,Attended,2022-03-03 08:50:08,2022-03-09 08:50:08
9530,56,1424,Attended,2022-01-25 08:50:08,2022-03-09 08:50:08
9531,56,424,Cancelled,2022-01-27 08:50:08,
9532,56,2931,Attended,2022-02-18 08:50:08,2022-03-09 08:50:08
9533,56,509,Attended,2022-01-24 08:50:08,2022-03-09 08:50:08
9534,56,2454,Attended,2022-02-08 08:50:08,2022-03-09 08:50:08
9535,56,1793,Attended,2022-01-31 08:50:08,2022-03-09 08:50:08
9536,56,2451,Attended,2022-02-19 08:50:08,2022-03-09 08:50:08
9537,56,2739,Attended,2022-01-29 08:50:08,2022-03-09 08:50:08
9538,56,413,Registered,2022-03-05 08:50:08,
9539,56,3152,Registered,2022-03-08 08:50:08,
9540,56,3102,No Show,2022-03-05 08:50:08,
9541,56,2165,Registered,2022-01-28 08:50:08,
9542,56,705,Attended,2022-01-26 08:50:08,2022-03-09 08:50:08
9543,56,2806,Attended,2022-01-24 08:50:08,2022-03-09 08:50:08
9544,56,668,Attended,2022-01-26 08:50:08,2022-03-09 08:50:08
9545,56,1850,Registered,2022-02-22 08:50:08,
9546,56,922,Attended,2022-02-08 08:50:08,2022-03-09 08:50:08
9547,56,1822,Attended,2022-01-29 08:50:08,2022-03-09 08:50:08
9548,56,1932,Attended,2022-01-26 08:50:08,2022-03-09 08:50:08
9549,56,1392,Registered,2022-02-11 08:50:08,
9550,56,1720,Registered,2022-02-23 08:50:08,
9551,56,3222,No Show,2022-02-02 08:50:08,
9552,56,1261,Cancelled,2022-02-15 08:50:08,
9553,56,3045,Attended,2022-03-01 08:50:08,2022-03-09 08:50:08
9554,56,2376,No Show,2022-01-30 08:50:08,
9555,56,1290,Cancelled,2022-02-28 08:50:08,
9556,56,1937,Registered,2022-03-04 08:50:08,
9557,56,737,Attended,2022-03-08 08:50:08,2022-03-09 08:50:08
9558,56,198,Attended,2022-02-11 08:50:08,2022-03-09 08:50:08
9559,56,189,Attended,2022-01-23 08:50:08,2022-03-09 08:50:08
9560,56,3077,Attended,2022-02-21 08:50:08,2022-03-09 08:50:08
9561,56,129,Attended,2022-01-30 08:50:08,2022-03-09 08:50:08
9562,56,2545,Attended,2022-01-24 08:50:08,2022-03-09 08:50:08
9563,56,1973,Attended,2022-02-19 08:50:08,2022-03-09 08:50:08
9564,56,1098,Attended,2022-01-24 08:50:08,2022-03-09 08:50:08
9565,56,449,Registered,2022-02-22 08:50:08,
9566,56,194,Attended,2022-03-06 08:50:08,2022-03-09 08:50:08
9567,56,1921,No Show,2022-02-03 08:50:08,
9568,56,1116,Attended,2022-02-11 08:50:08,2022-03-09 08:50:08
9569,56,2683,Attended,2022-02-20 08:50:08,2022-03-09 08:50:08
9570,56,2741,Cancelled,2022-02-15 08:50:08,
9571,56,1780,Attended,2022-02-05 08:50:08,2022-03-09 08:50:08
9572,56,2761,Attended,2022-03-01 08:50:08,2022-03-09 08:50:08
9573,56,808,Attended,2022-02-27 08:50:08,2022-03-09 08:50:08
9574,56,3223,Attended,2022-02-07 08:50:08,2022-03-09 08:50:08
9575,56,2783,Registered,2022-02-17 08:50:08,
9576,56,1234,Attended,2022-02-05 08:50:08,2022-03-09 08:50:08
9577,56,1849,No Show,2022-02-18 08:50:08,
9578,56,1212,Registered,2022-01-29 08:50:08,
9579,56,2388,Registered,2022-03-06 08:50:08,
9580,56,239,Attended,2022-02-21 08:50:08,2022-03-09 08:50:08
9581,56,1229,Cancelled,2022-02-27 08:50:08,
9582,56,1523,Attended,2022-02-07 08:50:08,2022-03-09 08:50:08
9583,56,961,Registered,2022-01-29 08:50:08,
9584,56,2113,Attended,2022-03-03 08:50:08,2022-03-09 08:50:08
9585,56,2529,Attended,2022-03-06 08:50:08,2022-03-09 08:50:08
9586,56,163,Attended,2022-03-01 08:50:08,2022-03-09 08:50:08
9587,56,225,Attended,2022-03-07 08:50:08,2022-03-09 08:50:08
9588,56,3072,Attended,2022-02-16 08:50:08,2022-03-09 08:50:08
9589,56,1005,Cancelled,2022-01-25 08:50:08,
9590,56,929,Attended,2022-02-16 08:50:08,2022-03-09 08:50:08
9591,56,597,Registered,2022-03-05 08:50:08,
9592,56,1384,Attended,2022-01-29 08:50:08,2022-03-09 08:50:08
9593,56,3029,Attended,2022-03-08 08:50:08,2022-03-09 08:50:08
9594,56,2046,Attended,2022-02-03 08:50:08,2022-03-09 08:50:08
9595,56,1966,Attended,2022-02-14 08:50:08,2022-03-09 08:50:08
9596,56,2678,Attended,2022-01-27 08:50:08,2022-03-09 08:50:08
9597,56,1888,Attended,2022-01-30 08:50:08,2022-03-09 08:50:08
9598,56,2867,Cancelled,2022-02-05 08:50:08,
9599,56,3151,Attended,2022-01-26 08:50:08,2022-03-09 08:50:08
9600,56,338,Attended,2022-01-23 08:50:08,2022-03-09 08:50:08
9601,56,2209,No Show,2022-02-28 08:50:08,
9602,56,1049,Attended,2022-03-03 08:50:08,2022-03-09 08:50:08
9603,56,1803,Attended,2022-03-06 08:50:08,2022-03-09 08:50:08
9604,56,1084,Attended,2022-01-25 08:50:08,2022-03-09 08:50:08
9605,56,2030,Registered,2022-02-07 08:50:08,
9606,56,2010,Cancelled,2022-02-28 08:50:08,
9607,56,1407,Attended,2022-02-08 08:50:08,2022-03-09 08:50:08
9608,56,2427,No Show,2022-02-25 08:50:08,
9609,56,1913,No Show,2022-02-11 08:50:08,
9610,56,2860,No Show,2022-02-08 08:50:08,
9611,56,2648,Registered,2022-02-25 08:50:08,
9612,56,1901,Attended,2022-02-14 08:50:08,2022-03-09 08:50:08
9613,56,3233,Attended,2022-03-07 08:50:08,2022-03-09 08:50:08
9614,56,2183,Attended,2022-02-07 08:50:08,2022-03-09 08:50:08
9615,56,1555,Attended,2022-01-28 08:50:08,2022-03-09 08:50:08
9616,56,1199,Cancelled,2022-03-03 08:50:08,
9617,56,1628,Attended,2022-03-05 08:50:08,2022-03-09 08:50:08
9618,56,2097,Attended,2022-02-07 08:50:08,2022-03-09 08:50:08
9619,57,1518,Attended,2025-02-10 19:45:28,2025-03-27 19:45:28
9620,57,844,Attended,2025-02-15 19:45:28,2025-03-27 19:45:28
9621,57,1533,No Show,2025-03-14 19:45:28,
9622,57,814,Attended,2025-02-28 19:45:28,2025-03-27 19:45:28
9623,57,2549,Cancelled,2025-02-13 19:45:28,
9624,57,3170,Attended,2025-03-06 19:45:28,2025-03-27 19:45:28
9625,57,2229,No Show,2025-03-20 19:45:28,
9626,57,1521,Registered,2025-02-23 19:45:28,
9627,57,696,Attended,2025-03-25 19:45:28,2025-03-27 19:45:28
9628,57,2605,Attended,2025-03-02 19:45:28,2025-03-27 19:45:28
9629,57,3036,Attended,2025-03-23 19:45:28,2025-03-27 19:45:28
9630,57,2201,Attended,2025-03-14 19:45:28,2025-03-27 19:45:28
9631,57,392,Attended,2025-03-26 19:45:28,2025-03-27 19:45:28
9632,57,1324,Attended,2025-02-11 19:45:28,2025-03-27 19:45:28
9633,57,2085,No Show,2025-03-15 19:45:28,
9634,57,1475,Attended,2025-03-02 19:45:28,2025-03-27 19:45:28
9635,57,2253,Registered,2025-02-24 19:45:28,
9636,57,1275,Attended,2025-03-22 19:45:28,2025-03-27 19:45:28
9637,57,206,Attended,2025-03-09 19:45:28,2025-03-27 19:45:28
9638,57,954,Attended,2025-02-14 19:45:28,2025-03-27 19:45:28
9639,57,166,Attended,2025-03-23 19:45:28,2025-03-27 19:45:28
9640,57,2898,Cancelled,2025-02-21 19:45:28,
9641,57,2015,No Show,2025-02-19 19:45:28,
9642,57,2650,Attended,2025-02-19 19:45:28,2025-03-27 19:45:28
9643,57,3018,Registered,2025-03-16 19:45:28,
9644,57,2243,Attended,2025-03-20 19:45:28,2025-03-27 19:45:28
9645,57,1835,Attended,2025-02-14 19:45:28,2025-03-27 19:45:28
9646,57,2418,Attended,2025-03-02 19:45:28,2025-03-27 19:45:28
9647,57,86,Attended,2025-03-23 19:45:28,2025-03-27 19:45:28
9648,57,1550,Attended,2025-02-20 19:45:28,2025-03-27 19:45:28
9649,57,344,Attended,2025-03-13 19:45:28,2025-03-27 19:45:28
9650,57,449,Attended,2025-02-12 19:45:28,2025-03-27 19:45:28
9651,57,1893,Attended,2025-03-16 19:45:28,2025-03-27 19:45:28
9652,57,622,Attended,2025-03-02 19:45:28,2025-03-27 19:45:28
9653,57,1483,Cancelled,2025-02-26 19:45:28,
9654,57,784,Attended,2025-03-10 19:45:28,2025-03-27 19:45:28
9655,57,3020,Attended,2025-03-02 19:45:28,2025-03-27 19:45:28
9656,57,1560,Attended,2025-03-18 19:45:28,2025-03-27 19:45:28
9657,57,2727,Attended,2025-02-16 19:45:28,2025-03-27 19:45:28
9658,57,2642,Attended,2025-02-22 19:45:28,2025-03-27 19:45:28
9659,57,3069,Cancelled,2025-03-04 19:45:28,
9660,57,2096,Attended,2025-03-03 19:45:28,2025-03-27 19:45:28
9661,57,2748,Attended,2025-03-11 19:45:28,2025-03-27 19:45:28
9662,57,1088,No Show,2025-03-16 19:45:28,
9663,57,1326,No Show,2025-02-25 19:45:28,
9664,57,1791,Attended,2025-02-25 19:45:28,2025-03-27 19:45:28
9665,57,1046,Attended,2025-03-14 19:45:28,2025-03-27 19:45:28
9666,57,173,Cancelled,2025-02-11 19:45:28,
9667,57,3211,Registered,2025-03-10 19:45:28,
9668,57,3045,Attended,2025-02-12 19:45:28,2025-03-27 19:45:28
9669,57,1372,Cancelled,2025-03-18 19:45:28,
9670,57,417,Attended,2025-02-11 19:45:28,2025-03-27 19:45:28
9671,57,2746,Attended,2025-02-15 19:45:28,2025-03-27 19:45:28
9672,57,871,Attended,2025-03-04 19:45:28,2025-03-27 19:45:28
9673,57,2588,Attended,2025-03-02 19:45:28,2025-03-27 19:45:28
9674,57,3041,No Show,2025-02-23 19:45:28,
9675,57,430,Attended,2025-02-20 19:45:28,2025-03-27 19:45:28
9676,57,1488,Attended,2025-03-13 19:45:28,2025-03-27 19:45:28
9677,57,8,Attended,2025-03-14 19:45:28,2025-03-27 19:45:28
9678,57,2596,Attended,2025-02-11 19:45:28,2025-03-27 19:45:28
9679,57,309,Attended,2025-03-02 19:45:28,2025-03-27 19:45:28
9680,57,2091,No Show,2025-03-19 19:45:28,
9681,57,1799,No Show,2025-02-19 19:45:28,
9682,57,1402,Attended,2025-02-19 19:45:28,2025-03-27 19:45:28
9683,57,1067,Registered,2025-02-16 19:45:28,
9684,57,697,Attended,2025-03-15 19:45:28,2025-03-27 19:45:28
9685,57,2749,Attended,2025-03-16 19:45:28,2025-03-27 19:45:28
9686,57,2435,Attended,2025-03-23 19:45:28,2025-03-27 19:45:28
9687,57,2703,Cancelled,2025-02-17 19:45:28,
9688,57,2190,Attended,2025-03-06 19:45:28,2025-03-27 19:45:28
9689,57,2150,No Show,2025-03-10 19:45:28,
9690,57,3196,Attended,2025-03-25 19:45:28,2025-03-27 19:45:28
9691,57,1284,Attended,2025-03-25 19:45:28,2025-03-27 19:45:28
9692,57,1385,No Show,2025-03-10 19:45:28,
9693,57,1426,Attended,2025-03-19 19:45:28,2025-03-27 19:45:28
9694,57,2752,Attended,2025-02-18 19:45:28,2025-03-27 19:45:28
9695,57,2071,Registered,2025-03-13 19:45:28,
9696,57,1242,Attended,2025-03-11 19:45:28,2025-03-27 19:45:28
9697,57,2375,Attended,2025-03-07 19:45:28,2025-03-27 19:45:28
9698,57,1497,Attended,2025-03-18 19:45:28,2025-03-27 19:45:28
9699,57,3239,Registered,2025-03-01 19:45:28,
9700,57,1556,Registered,2025-02-25 19:45:28,
9701,57,1393,Attended,2025-02-19 19:45:28,2025-03-27 19:45:28
9702,57,981,Attended,2025-02-16 19:45:28,2025-03-27 19:45:28
9703,57,147,Attended,2025-03-20 19:45:28,2025-03-27 19:45:28
9704,57,1499,Attended,2025-02-21 19:45:28,2025-03-27 19:45:28
9705,57,100,Attended,2025-03-24 19:45:28,2025-03-27 19:45:28
9706,57,666,Attended,2025-03-02 19:45:28,2025-03-27 19:45:28
9707,57,2196,Attended,2025-02-22 19:45:28,2025-03-27 19:45:28
9708,57,633,Attended,2025-03-19 19:45:28,2025-03-27 19:45:28
9709,57,535,Attended,2025-03-21 19:45:28,2025-03-27 19:45:28
9710,57,2221,Cancelled,2025-03-12 19:45:28,
9711,57,487,Attended,2025-03-24 19:45:28,2025-03-27 19:45:28
9712,57,514,Attended,2025-02-22 19:45:28,2025-03-27 19:45:28
9713,57,2004,Attended,2025-03-18 19:45:28,2025-03-27 19:45:28
9714,57,1251,No Show,2025-03-21 19:45:28,
9715,57,1431,Cancelled,2025-03-13 19:45:28,
9716,57,1630,Registered,2025-02-15 19:45:28,
9717,57,129,No Show,2025-02-23 19:45:28,
9718,57,781,Attended,2025-03-13 19:45:28,2025-03-27 19:45:28
9719,57,2370,No Show,2025-03-01 19:45:28,
9720,57,431,Cancelled,2025-03-23 19:45:28,
9721,57,2184,Attended,2025-03-03 19:45:28,2025-03-27 19:45:28
9722,57,47,Registered,2025-03-08 19:45:28,
9723,57,1712,No Show,2025-03-19 19:45:28,
9724,57,1697,Attended,2025-03-26 19:45:28,2025-03-27 19:45:28
9725,57,2423,Attended,2025-03-25 19:45:28,2025-03-27 19:45:28
9726,57,321,Attended,2025-02-18 19:45:28,2025-03-27 19:45:28
9727,57,1205,Attended,2025-03-17 19:45:28,2025-03-27 19:45:28
9728,57,1286,No Show,2025-02-21 19:45:28,
9729,57,1611,Registered,2025-03-09 19:45:28,
9730,57,946,Attended,2025-02-19 19:45:28,2025-03-27 19:45:28
9731,57,1071,Registered,2025-02-25 19:45:28,
9732,57,1420,Attended,2025-02-25 19:45:28,2025-03-27 19:45:28
9733,57,3054,Attended,2025-03-04 19:45:28,2025-03-27 19:45:28
9734,57,1996,Attended,2025-03-13 19:45:28,2025-03-27 19:45:28
9735,57,1271,Attended,2025-02-12 19:45:28,2025-03-27 19:45:28
9736,57,2153,No Show,2025-02-23 19:45:28,
9737,57,746,Registered,2025-03-12 19:45:28,
9738,57,873,Attended,2025-03-07 19:45:28,2025-03-27 19:45:28
9739,57,1121,Registered,2025-03-25 19:45:28,
9740,57,1979,Registered,2025-03-15 19:45:28,
9741,57,1736,No Show,2025-02-17 19:45:28,
9742,57,550,Attended,2025-03-20 19:45:28,2025-03-27 19:45:28
9743,57,223,Attended,2025-02-12 19:45:28,2025-03-27 19:45:28
9744,57,1279,Attended,2025-02-16 19:45:28,2025-03-27 19:45:28
9745,57,2425,Attended,2025-02-26 19:45:28,2025-03-27 19:45:28
9746,57,2120,Attended,2025-03-17 19:45:28,2025-03-27 19:45:28
9747,57,1938,Attended,2025-03-06 19:45:28,2025-03-27 19:45:28
9748,57,1798,Registered,2025-03-04 19:45:28,
9749,57,1478,Attended,2025-03-15 19:45:28,2025-03-27 19:45:28
9750,57,2061,Registered,2025-02-24 19:45:28,
9751,57,2461,Cancelled,2025-03-17 19:45:28,
9752,58,37,Registered,2024-12-14 17:12:59,
9753,58,3063,Attended,2024-12-22 17:12:59,2025-01-17 17:12:59
9754,58,912,Attended,2025-01-15 17:12:59,2025-01-17 17:12:59
9755,58,1959,Attended,2024-12-17 17:12:59,2025-01-17 17:12:59
9756,58,2711,Attended,2024-12-25 17:12:59,2025-01-17 17:12:59
9757,58,1202,Registered,2025-01-05 17:12:59,
9758,58,2865,Registered,2024-12-10 17:12:59,
9759,58,2040,Attended,2025-01-07 17:12:59,2025-01-17 17:12:59
9760,58,109,Registered,2024-12-08 17:12:59,
9761,58,2840,Registered,2024-12-06 17:12:59,
9762,58,1462,Registered,2024-12-24 17:12:59,
9763,58,2424,Registered,2024-12-06 17:12:59,
9764,58,1991,Attended,2024-12-10 17:12:59,2025-01-17 17:12:59
9765,58,206,Attended,2025-01-13 17:12:59,2025-01-17 17:12:59
9766,58,2715,Attended,2025-01-08 17:12:59,2025-01-17 17:12:59
9767,58,1840,Attended,2024-12-26 17:12:59,2025-01-17 17:12:59
9768,58,2600,Attended,2025-01-16 17:12:59,2025-01-17 17:12:59
9769,58,2781,Registered,2024-12-22 17:12:59,
9770,58,193,Attended,2025-01-08 17:12:59,2025-01-17 17:12:59
9771,58,48,Cancelled,2024-12-18 17:12:59,
9772,58,473,Registered,2024-12-23 17:12:59,
9773,58,158,Attended,2024-12-21 17:12:59,2025-01-17 17:12:59
9774,58,4,Attended,2024-12-06 17:12:59,2025-01-17 17:12:59
9775,58,2497,Attended,2025-01-01 17:12:59,2025-01-17 17:12:59
9776,58,3071,Attended,2024-12-05 17:12:59,2025-01-17 17:12:59
9777,58,1056,Registered,2025-01-09 17:12:59,
9778,58,2833,Attended,2024-12-07 17:12:59,2025-01-17 17:12:59
9779,58,2509,No Show,2024-12-28 17:12:59,
9780,58,781,Cancelled,2025-01-08 17:12:59,
9781,58,2065,Attended,2025-01-08 17:12:59,2025-01-17 17:12:59
9782,58,2428,Attended,2025-01-14 17:12:59,2025-01-17 17:12:59
9783,58,2848,Attended,2024-12-20 17:12:59,2025-01-17 17:12:59
9784,58,1732,No Show,2024-12-18 17:12:59,
9785,58,1758,Cancelled,2024-12-13 17:12:59,
9786,58,2707,Attended,2024-12-18 17:12:59,2025-01-17 17:12:59
9787,58,1868,Attended,2025-01-01 17:12:59,2025-01-17 17:12:59
9788,58,1921,No Show,2024-12-27 17:12:59,
9789,58,2230,No Show,2024-12-31 17:12:59,
9790,58,2222,Attended,2024-12-14 17:12:59,2025-01-17 17:12:59
9791,58,938,Attended,2024-12-20 17:12:59,2025-01-17 17:12:59
9792,58,2165,Attended,2024-12-17 17:12:59,2025-01-17 17:12:59
9793,58,1855,No Show,2025-01-09 17:12:59,
9794,58,2356,Attended,2025-01-03 17:12:59,2025-01-17 17:12:59
9795,58,1723,Attended,2025-01-08 17:12:59,2025-01-17 17:12:59
9796,58,977,Attended,2024-12-30 17:12:59,2025-01-17 17:12:59
9797,58,3195,Attended,2025-01-08 17:12:59,2025-01-17 17:12:59
9798,58,1191,Attended,2024-12-15 17:12:59,2025-01-17 17:12:59
9799,58,1289,Cancelled,2025-01-09 17:12:59,
9800,58,2092,Attended,2024-12-15 17:12:59,2025-01-17 17:12:59
9801,58,1756,Attended,2025-01-15 17:12:59,2025-01-17 17:12:59
9802,58,1646,Attended,2025-01-13 17:12:59,2025-01-17 17:12:59
9803,58,2704,Attended,2024-12-20 17:12:59,2025-01-17 17:12:59
9804,58,864,Attended,2024-12-21 17:12:59,2025-01-17 17:12:59
9805,58,406,Attended,2024-12-23 17:12:59,2025-01-17 17:12:59
9806,58,1922,Attended,2024-12-06 17:12:59,2025-01-17 17:12:59
9807,58,1065,Attended,2024-12-04 17:12:59,2025-01-17 17:12:59
9808,58,2594,Attended,2025-01-01 17:12:59,2025-01-17 17:12:59
9809,58,2475,No Show,2024-12-12 17:12:59,
9810,58,820,Registered,2024-12-29 17:12:59,
9811,58,1957,Attended,2024-12-12 17:12:59,2025-01-17 17:12:59
9812,58,1549,Attended,2024-12-25 17:12:59,2025-01-17 17:12:59
9813,58,1927,Attended,2024-12-16 17:12:59,2025-01-17 17:12:59
9814,58,2205,Attended,2024-12-30 17:12:59,2025-01-17 17:12:59
9815,58,2414,Attended,2024-12-23 17:12:59,2025-01-17 17:12:59
9816,58,2260,No Show,2024-12-03 17:12:59,
9817,58,904,Registered,2024-12-31 17:12:59,
9818,58,705,Attended,2024-12-31 17:12:59,2025-01-17 17:12:59
9819,58,475,Registered,2024-12-09 17:12:59,
9820,58,2064,Attended,2024-12-04 17:12:59,2025-01-17 17:12:59
9821,58,1965,Registered,2024-12-18 17:12:59,
9822,58,3207,Attended,2024-12-28 17:12:59,2025-01-17 17:12:59
9823,58,2335,Attended,2024-12-20 17:12:59,2025-01-17 17:12:59
9824,58,2118,Attended,2024-12-05 17:12:59,2025-01-17 17:12:59
9825,58,207,Attended,2024-12-31 17:12:59,2025-01-17 17:12:59
9826,58,2951,Attended,2024-12-14 17:12:59,2025-01-17 17:12:59
9827,58,512,Attended,2024-12-11 17:12:59,2025-01-17 17:12:59
9828,58,322,Cancelled,2024-12-06 17:12:59,
9829,58,342,Registered,2024-12-28 17:12:59,
9830,58,2978,Attended,2024-12-21 17:12:59,2025-01-17 17:12:59
9831,58,2656,Attended,2025-01-07 17:12:59,2025-01-17 17:12:59
9832,58,55,Attended,2024-12-03 17:12:59,2025-01-17 17:12:59
9833,58,2191,Registered,2024-12-04 17:12:59,
9834,58,2181,Attended,2025-01-05 17:12:59,2025-01-17 17:12:59
9835,58,1230,Registered,2024-12-21 17:12:59,
9836,58,808,Attended,2024-12-28 17:12:59,2025-01-17 17:12:59
9837,58,505,Attended,2024-12-05 17:12:59,2025-01-17 17:12:59
9838,58,533,Attended,2024-12-08 17:12:59,2025-01-17 17:12:59
9839,58,980,Attended,2024-12-27 17:12:59,2025-01-17 17:12:59
9840,58,1853,Cancelled,2024-12-14 17:12:59,
9841,58,765,Registered,2025-01-14 17:12:59,
9842,58,3113,Registered,2024-12-29 17:12:59,
9843,58,3107,No Show,2025-01-11 17:12:59,
9844,58,1393,Registered,2025-01-04 17:12:59,
9845,58,148,Attended,2024-12-16 17:12:59,2025-01-17 17:12:59
9846,58,539,Attended,2024-12-10 17:12:59,2025-01-17 17:12:59
9847,58,1623,Attended,2025-01-06 17:12:59,2025-01-17 17:12:59
9848,58,1786,Attended,2024-12-24 17:12:59,2025-01-17 17:12:59
9849,58,389,Attended,2024-12-09 17:12:59,2025-01-17 17:12:59
9850,58,3116,Attended,2024-12-30 17:12:59,2025-01-17 17:12:59
9851,58,3154,Attended,2025-01-06 17:12:59,2025-01-17 17:12:59
9852,58,1685,Attended,2025-01-07 17:12:59,2025-01-17 17:12:59
9853,58,2895,Attended,2024-12-30 17:12:59,2025-01-17 17:12:59
9854,58,2503,Cancelled,2025-01-02 17:12:59,
9855,58,2086,Registered,2025-01-07 17:12:59,
9856,58,2962,Registered,2024-12-28 17:12:59,
9857,58,2429,Attended,2024-12-10 17:12:59,2025-01-17 17:12:59
9858,58,1930,Registered,2024-12-23 17:12:59,
9859,58,19,Attended,2024-12-19 17:12:59,2025-01-17 17:12:59
9860,58,1491,Attended,2025-01-07 17:12:59,2025-01-17 17:12:59
9861,58,2948,Attended,2024-12-27 17:12:59,2025-01-17 17:12:59
9862,58,930,Attended,2024-12-03 17:12:59,2025-01-17 17:12:59
9863,58,2056,Attended,2024-12-03 17:12:59,2025-01-17 17:12:59
9864,58,1412,Attended,2024-12-29 17:12:59,2025-01-17 17:12:59
9865,58,1791,Attended,2024-12-07 17:12:59,2025-01-17 17:12:59
9866,58,2885,Registered,2024-12-26 17:12:59,
9867,58,3092,Attended,2025-01-06 17:12:59,2025-01-17 17:12:59
9868,58,1809,Attended,2024-12-18 17:12:59,2025-01-17 17:12:59
9869,58,2313,Attended,2024-12-20 17:12:59,2025-01-17 17:12:59
9870,58,845,Attended,2025-01-06 17:12:59,2025-01-17 17:12:59
9871,58,519,No Show,2025-01-10 17:12:59,
9872,58,2973,Attended,2025-01-04 17:12:59,2025-01-17 17:12:59
9873,58,3080,Registered,2025-01-13 17:12:59,
9874,58,2178,Attended,2024-12-07 17:12:59,2025-01-17 17:12:59
9875,58,557,Attended,2025-01-02 17:12:59,2025-01-17 17:12:59
9876,58,1461,Registered,2024-12-19 17:12:59,
9877,58,613,No Show,2024-12-12 17:12:59,
9878,58,1796,Attended,2025-01-05 17:12:59,2025-01-17 17:12:59
9879,58,200,Attended,2024-12-13 17:12:59,2025-01-17 17:12:59
9880,58,989,Attended,2024-12-08 17:12:59,2025-01-17 17:12:59
9881,58,11,Attended,2024-12-28 17:12:59,2025-01-17 17:12:59
9882,58,2565,Attended,2024-12-15 17:12:59,2025-01-17 17:12:59
9883,58,2087,Attended,2025-01-13 17:12:59,2025-01-17 17:12:59
9884,58,2746,Attended,2024-12-27 17:12:59,2025-01-17 17:12:59
9885,58,116,Attended,2025-01-08 17:12:59,2025-01-17 17:12:59
9886,58,1458,Attended,2024-12-24 17:12:59,2025-01-17 17:12:59
9887,58,2784,Attended,2025-01-16 17:12:59,2025-01-17 17:12:59
9888,58,2831,Attended,2024-12-22 17:12:59,2025-01-17 17:12:59
9889,58,877,Cancelled,2024-12-18 17:12:59,
9890,58,90,Attended,2025-01-04 17:12:59,2025-01-17 17:12:59
9891,58,965,Attended,2024-12-09 17:12:59,2025-01-17 17:12:59
9892,58,2513,Registered,2024-12-26 17:12:59,
9893,58,296,Attended,2024-12-26 17:12:59,2025-01-17 17:12:59
9894,58,991,Attended,2025-01-16 17:12:59,2025-01-17 17:12:59
9895,58,922,Cancelled,2024-12-12 17:12:59,
9896,58,2663,Attended,2024-12-15 17:12:59,2025-01-17 17:12:59
9897,58,2462,No Show,2025-01-13 17:12:59,
9898,58,600,No Show,2024-12-14 17:12:59,
9899,58,616,Attended,2025-01-15 17:12:59,2025-01-17 17:12:59
9900,58,3139,No Show,2024-12-26 17:12:59,
9901,58,483,No Show,2024-12-27 17:12:59,
9902,58,3100,Attended,2025-01-03 17:12:59,2025-01-17 17:12:59
9903,58,1502,Attended,2024-12-11 17:12:59,2025-01-17 17:12:59
9904,58,774,Cancelled,2024-12-24 17:12:59,
9905,58,2581,Attended,2024-12-08 17:12:59,2025-01-17 17:12:59
9906,58,2273,Attended,2024-12-14 17:12:59,2025-01-17 17:12:59
9907,58,824,Attended,2024-12-31 17:12:59,2025-01-17 17:12:59
9908,58,1299,Attended,2024-12-29 17:12:59,2025-01-17 17:12:59
9909,58,948,Attended,2024-12-20 17:12:59,2025-01-17 17:12:59
9910,58,718,Attended,2024-12-28 17:12:59,2025-01-17 17:12:59
9911,58,1306,Attended,2025-01-03 17:12:59,2025-01-17 17:12:59
9912,58,171,No Show,2025-01-05 17:12:59,
9913,58,1692,Attended,2025-01-15 17:12:59,2025-01-17 17:12:59
9914,58,224,Attended,2024-12-17 17:12:59,2025-01-17 17:12:59
9915,58,2317,Attended,2025-01-10 17:12:59,2025-01-17 17:12:59
9916,59,780,Registered,2022-10-22 17:11:02,
9917,59,90,Cancelled,2022-10-07 17:11:02,
9918,59,1322,Attended,2022-10-17 17:11:02,2022-10-27 17:11:02
9919,59,1664,Attended,2022-09-24 17:11:02,2022-10-27 17:11:02
9920,59,2180,Attended,2022-10-20 17:11:02,2022-10-27 17:11:02
9921,59,2625,Attended,2022-10-18 17:11:02,2022-10-27 17:11:02
9922,59,2622,No Show,2022-10-09 17:11:02,
9923,59,726,Registered,2022-10-12 17:11:02,
9924,59,2475,Cancelled,2022-09-19 17:11:02,
9925,59,2323,Registered,2022-09-16 17:11:02,
9926,59,756,Attended,2022-09-16 17:11:02,2022-10-27 17:11:02
9927,59,2949,Attended,2022-09-24 17:11:02,2022-10-27 17:11:02
9928,59,1184,Cancelled,2022-10-02 17:11:02,
9929,59,2422,Attended,2022-09-26 17:11:02,2022-10-27 17:11:02
9930,59,99,Attended,2022-10-07 17:11:02,2022-10-27 17:11:02
9931,59,956,Attended,2022-09-30 17:11:02,2022-10-27 17:11:02
9932,59,2288,Attended,2022-09-29 17:11:02,2022-10-27 17:11:02
9933,59,3195,Attended,2022-09-13 17:11:02,2022-10-27 17:11:02
9934,59,2326,Attended,2022-09-30 17:11:02,2022-10-27 17:11:02
9935,59,2497,Attended,2022-09-30 17:11:02,2022-10-27 17:11:02
9936,59,2008,Attended,2022-10-23 17:11:02,2022-10-27 17:11:02
9937,59,3224,Registered,2022-10-02 17:11:02,
9938,59,3027,Attended,2022-10-03 17:11:02,2022-10-27 17:11:02
9939,59,2904,Cancelled,2022-10-10 17:11:02,
9940,59,1802,Attended,2022-09-24 17:11:02,2022-10-27 17:11:02
9941,59,1271,Attended,2022-10-09 17:11:02,2022-10-27 17:11:02
9942,59,1988,Registered,2022-10-24 17:11:02,
9943,59,957,Attended,2022-10-13 17:11:02,2022-10-27 17:11:02
9944,59,354,Attended,2022-09-27 17:11:02,2022-10-27 17:11:02
9945,59,1584,Attended,2022-09-21 17:11:02,2022-10-27 17:11:02
9946,59,2059,No Show,2022-10-23 17:11:02,
9947,59,3008,Attended,2022-09-24 17:11:02,2022-10-27 17:11:02
9948,59,599,Attended,2022-10-09 17:11:02,2022-10-27 17:11:02
9949,59,2428,Attended,2022-09-12 17:11:02,2022-10-27 17:11:02
9950,59,2655,Registered,2022-10-21 17:11:02,
9951,59,1978,Registered,2022-10-09 17:11:02,
9952,59,554,Attended,2022-10-02 17:11:02,2022-10-27 17:11:02
9953,59,2759,Attended,2022-10-01 17:11:02,2022-10-27 17:11:02
9954,59,1826,Attended,2022-10-09 17:11:02,2022-10-27 17:11:02
9955,59,124,Attended,2022-09-23 17:11:02,2022-10-27 17:11:02
9956,59,2609,Attended,2022-10-10 17:11:02,2022-10-27 17:11:02
9957,59,648,Attended,2022-09-16 17:11:02,2022-10-27 17:11:02
9958,59,2702,Attended,2022-09-22 17:11:02,2022-10-27 17:11:02
9959,59,1776,Attended,2022-09-17 17:11:02,2022-10-27 17:11:02
9960,59,2275,Registered,2022-09-25 17:11:02,
9961,59,3118,Attended,2022-10-01 17:11:02,2022-10-27 17:11:02
9962,59,1371,No Show,2022-10-16 17:11:02,
9963,59,1620,Attended,2022-09-28 17:11:02,2022-10-27 17:11:02
9964,59,2405,No Show,2022-09-22 17:11:02,
9965,59,1938,Attended,2022-09-25 17:11:02,2022-10-27 17:11:02
9966,59,1397,Attended,2022-09-22 17:11:02,2022-10-27 17:11:02
9967,59,975,Attended,2022-09-12 17:11:02,2022-10-27 17:11:02
9968,59,884,Attended,2022-10-22 17:11:02,2022-10-27 17:11:02
9969,59,1526,Registered,2022-10-11 17:11:02,
9970,59,82,Attended,2022-09-20 17:11:02,2022-10-27 17:11:02
9971,59,461,Attended,2022-09-30 17:11:02,2022-10-27 17:11:02
9972,59,450,Attended,2022-10-08 17:11:02,2022-10-27 17:11:02
9973,59,451,Cancelled,2022-10-22 17:11:02,
9974,59,2727,Attended,2022-09-18 17:11:02,2022-10-27 17:11:02
9975,59,1447,Attended,2022-09-27 17:11:02,2022-10-27 17:11:02
9976,59,856,Attended,2022-09-28 17:11:02,2022-10-27 17:11:02
9977,59,1169,Attended,2022-10-10 17:11:02,2022-10-27 17:11:02
9978,59,3193,Cancelled,2022-09-20 17:11:02,
9979,59,1455,Attended,2022-10-16 17:11:02,2022-10-27 17:11:02
9980,59,2170,No Show,2022-10-01 17:11:02,
9981,59,2057,Attended,2022-10-13 17:11:02,2022-10-27 17:11:02
9982,59,2085,Attended,2022-10-15 17:11:02,2022-10-27 17:11:02
9983,59,2584,Attended,2022-10-12 17:11:02,2022-10-27 17:11:02
9984,59,1556,Attended,2022-10-03 17:11:02,2022-10-27 17:11:02
9985,59,2060,No Show,2022-09-28 17:11:02,
9986,59,1022,Attended,2022-10-15 17:11:02,2022-10-27 17:11:02
9987,59,1317,Attended,2022-09-21 17:11:02,2022-10-27 17:11:02
9988,59,3092,Registered,2022-10-08 17:11:02,
9989,59,632,Attended,2022-10-22 17:11:02,2022-10-27 17:11:02
9990,59,2315,Attended,2022-09-15 17:11:02,2022-10-27 17:11:02
9991,59,1752,Registered,2022-09-14 17:11:02,
9992,59,303,Attended,2022-10-04 17:11:02,2022-10-27 17:11:02
9993,59,173,Attended,2022-10-17 17:11:02,2022-10-27 17:11:02
9994,59,782,Registered,2022-09-13 17:11:02,
9995,59,1781,Attended,2022-10-02 17:11:02,2022-10-27 17:11:02
9996,59,1254,Attended,2022-10-15 17:11:02,2022-10-27 17:11:02
9997,59,1410,Attended,2022-09-19 17:11:02,2022-10-27 17:11:02
9998,59,2629,Attended,2022-09-14 17:11:02,2022-10-27 17:11:02
9999,59,1377,Attended,2022-10-08 17:11:02,2022-10-27 17:11:02
10000,59,485,Attended,2022-10-01 17:11:02,2022-10-27 17:11:02
10001,59,505,No Show,2022-09-19 17:11:02,
10002,59,2342,Attended,2022-09-16 17:11:02,2022-10-27 17:11:02
10003,59,3188,Cancelled,2022-10-03 17:11:02,
10004,59,1507,Attended,2022-10-19 17:11:02,2022-10-27 17:11:02
10005,59,1082,Attended,2022-09-17 17:11:02,2022-10-27 17:11:02
10006,59,2528,Attended,2022-10-14 17:11:02,2022-10-27 17:11:02
10007,59,510,Attended,2022-09-16 17:11:02,2022-10-27 17:11:02
10008,59,2706,Attended,2022-09-21 17:11:02,2022-10-27 17:11:02
10009,59,873,No Show,2022-09-22 17:11:02,
10010,59,1997,No Show,2022-10-08 17:11:02,
10011,59,3121,No Show,2022-10-08 17:11:02,
10012,59,764,Cancelled,2022-10-08 17:11:02,
10013,59,2651,Attended,2022-10-18 17:11:02,2022-10-27 17:11:02
10014,59,1598,Attended,2022-10-05 17:11:02,2022-10-27 17:11:02
10015,59,1729,Attended,2022-10-22 17:11:02,2022-10-27 17:11:02
10016,59,1314,Attended,2022-09-12 17:11:02,2022-10-27 17:11:02
10017,59,2696,Attended,2022-10-06 17:11:02,2022-10-27 17:11:02
10018,59,1794,Attended,2022-10-23 17:11:02,2022-10-27 17:11:02
10019,59,1007,Attended,2022-10-19 17:11:02,2022-10-27 17:11:02
10020,59,1813,Attended,2022-10-15 17:11:02,2022-10-27 17:11:02
10021,59,1669,Attended,2022-10-11 17:11:02,2022-10-27 17:11:02
10022,59,498,Attended,2022-09-29 17:11:02,2022-10-27 17:11:02
10023,59,895,Attended,2022-09-20 17:11:02,2022-10-27 17:11:02
10024,59,1695,Attended,2022-10-15 17:11:02,2022-10-27 17:11:02
10025,59,1067,Attended,2022-10-22 17:11:02,2022-10-27 17:11:02
10026,59,1905,Attended,2022-10-08 17:11:02,2022-10-27 17:11:02
10027,59,1208,Attended,2022-10-20 17:11:02,2022-10-27 17:11:02
10028,59,3041,Attended,2022-10-16 17:11:02,2022-10-27 17:11:02
10029,59,2063,Attended,2022-09-26 17:11:02,2022-10-27 17:11:02
10030,59,14,No Show,2022-10-22 17:11:02,
10031,59,134,Attended,2022-10-01 17:11:02,2022-10-27 17:11:02
10032,59,547,Cancelled,2022-09-26 17:11:02,
10033,59,3042,Registered,2022-10-20 17:11:02,
10034,59,1929,Attended,2022-10-01 17:11:02,2022-10-27 17:11:02
10035,59,3176,Attended,2022-09-27 17:11:02,2022-10-27 17:11:02
10036,59,1954,Attended,2022-09-24 17:11:02,2022-10-27 17:11:02
10037,59,143,Attended,2022-09-16 17:11:02,2022-10-27 17:11:02
10038,59,421,Cancelled,2022-09-27 17:11:02,
10039,59,598,Attended,2022-09-15 17:11:02,2022-10-27 17:11:02
10040,59,2775,Registered,2022-10-12 17:11:02,
10041,59,1879,Attended,2022-09-24 17:11:02,2022-10-27 17:11:02
10042,59,1711,Registered,2022-09-29 17:11:02,
10043,59,2250,Registered,2022-10-23 17:11:02,
10044,59,350,Attended,2022-10-17 17:11:02,2022-10-27 17:11:02
10045,59,1563,Attended,2022-10-15 17:11:02,2022-10-27 17:11:02
10046,59,3040,No Show,2022-10-01 17:11:02,
10047,59,1061,Registered,2022-10-25 17:11:02,
10048,59,2596,Attended,2022-10-08 17:11:02,2022-10-27 17:11:02
10049,59,1250,Attended,2022-10-11 17:11:02,2022-10-27 17:11:02
10050,59,1508,Attended,2022-10-18 17:11:02,2022-10-27 17:11:02
10051,59,3217,Attended,2022-09-29 17:11:02,2022-10-27 17:11:02
10052,59,1109,Attended,2022-10-20 17:11:02,2022-10-27 17:11:02
10053,59,1163,Attended,2022-10-10 17:11:02,2022-10-27 17:11:02
10054,59,2996,Attended,2022-10-23 17:11:02,2022-10-27 17:11:02
10055,59,941,Attended,2022-10-10 17:11:02,2022-10-27 17:11:02
10056,59,2241,Attended,2022-09-25 17:11:02,2022-10-27 17:11:02
10057,59,2383,No Show,2022-10-21 17:11:02,
10058,59,757,Attended,2022-09-29 17:11:02,2022-10-27 17:11:02
10059,59,56,Registered,2022-10-22 17:11:02,
10060,59,17,Registered,2022-10-24 17:11:02,
10061,59,1587,Attended,2022-10-16 17:11:02,2022-10-27 17:11:02
10062,59,493,Attended,2022-09-14 17:11:02,2022-10-27 17:11:02
10063,59,1667,Attended,2022-10-03 17:11:02,2022-10-27 17:11:02
10064,59,805,Attended,2022-10-17 17:11:02,2022-10-27 17:11:02
10065,59,1381,Attended,2022-10-20 17:11:02,2022-10-27 17:11:02
10066,59,2162,Attended,2022-09-30 17:11:02,2022-10-27 17:11:02
10067,59,1228,Attended,2022-10-06 17:11:02,2022-10-27 17:11:02
10068,59,2934,Attended,2022-10-04 17:11:02,2022-10-27 17:11:02
10069,59,15,Attended,2022-09-26 17:11:02,2022-10-27 17:11:02
10070,59,1575,Attended,2022-10-04 17:11:02,2022-10-27 17:11:02
10071,59,1529,Cancelled,2022-09-26 17:11:02,
10072,59,1774,Attended,2022-10-25 17:11:02,2022-10-27 17:11:02
10073,59,2151,Attended,2022-10-26 17:11:02,2022-10-27 17:11:02
10074,59,2373,Attended,2022-10-26 17:11:02,2022-10-27 17:11:02
10075,59,1088,Attended,2022-10-20 17:11:02,2022-10-27 17:11:02
10076,59,176,Cancelled,2022-10-04 17:11:02,
10077,59,3082,Attended,2022-09-29 17:11:02,2022-10-27 17:11:02
10078,59,2628,Attended,2022-10-05 17:11:02,2022-10-27 17:11:02
10079,59,2776,Attended,2022-10-16 17:11:02,2022-10-27 17:11:02
10080,59,83,Attended,2022-09-18 17:11:02,2022-10-27 17:11:02
10081,59,1290,Attended,2022-10-10 17:11:02,2022-10-27 17:11:02
10082,59,550,Registered,2022-09-19 17:11:02,
10083,59,1409,Attended,2022-09-15 17:11:02,2022-10-27 17:11:02
10084,59,1939,No Show,2022-10-05 17:11:02,
10085,59,1476,Registered,2022-10-24 17:11:02,
10086,59,2195,Attended,2022-09-19 17:11:02,2022-10-27 17:11:02
10087,59,76,Attended,2022-10-17 17:11:02,2022-10-27 17:11:02
10088,59,1712,Attended,2022-10-07 17:11:02,2022-10-27 17:11:02
10089,59,2351,Attended,2022-09-16 17:11:02,2022-10-27 17:11:02
10090,59,154,Attended,2022-10-05 17:11:02,2022-10-27 17:11:02
10091,59,2506,Attended,2022-10-14 17:11:02,2022-10-27 17:11:02
10092,59,206,Attended,2022-09-17 17:11:02,2022-10-27 17:11:02
10093,59,453,Attended,2022-09-12 17:11:02,2022-10-27 17:11:02
10094,59,2257,Attended,2022-10-14 17:11:02,2022-10-27 17:11:02
10095,59,1320,Registered,2022-10-22 17:11:02,
10096,59,2791,Attended,2022-09-30 17:11:02,2022-10-27 17:11:02
10097,59,3158,Attended,2022-09-19 17:11:02,2022-10-27 17:11:02
10098,59,772,Registered,2022-09-29 17:11:02,
10099,59,1856,No Show,2022-09-14 17:11:02,
10100,59,2852,Attended,2022-10-23 17:11:02,2022-10-27 17:11:02
10101,59,3131,Cancelled,2022-10-08 17:11:02,
10102,59,1328,Registered,2022-09-17 17:11:02,
10103,59,340,Attended,2022-09-14 17:11:02,2022-10-27 17:11:02
10104,59,1272,Attended,2022-09-17 17:11:02,2022-10-27 17:11:02
10105,59,341,No Show,2022-10-22 17:11:02,
10106,59,1332,Registered,2022-10-19 17:11:02,
10107,59,1601,Attended,2022-09-22 17:11:02,2022-10-27 17:11:02
10108,59,1588,Attended,2022-10-08 17:11:02,2022-10-27 17:11:02
10109,59,686,Attended,2022-09-18 17:11:02,2022-10-27 17:11:02
10110,59,2604,No Show,2022-10-14 17:11:02,
10111,59,1095,Attended,2022-10-21 17:11:02,2022-10-27 17:11:02
10112,59,1835,Attended,2022-10-03 17:11:02,2022-10-27 17:11:02
10113,59,543,No Show,2022-09-16 17:11:02,
10114,59,1138,Registered,2022-09-30 17:11:02,
10115,59,1294,Attended,2022-09-21 17:11:02,2022-10-27 17:11:02
10116,59,643,Attended,2022-10-17 17:11:02,2022-10-27 17:11:02
10117,59,1340,Attended,2022-10-24 17:11:02,2022-10-27 17:11:02
10118,59,1086,Attended,2022-10-06 17:11:02,2022-10-27 17:11:02
10119,59,721,Registered,2022-10-18 17:11:02,
10120,59,1668,Registered,2022-10-06 17:11:02,
10121,59,2974,Attended,2022-09-15 17:11:02,2022-10-27 17:11:02
10122,59,500,Attended,2022-10-02 17:11:02,2022-10-27 17:11:02
10123,59,2154,Attended,2022-10-17 17:11:02,2022-10-27 17:11:02
10124,59,3183,Attended,2022-10-26 17:11:02,2022-10-27 17:11:02
10125,59,2400,Attended,2022-10-23 17:11:02,2022-10-27 17:11:02
10126,59,1691,Registered,2022-10-04 17:11:02,
10127,59,1352,No Show,2022-09-12 17:11:02,
10128,59,1368,Attended,2022-10-13 17:11:02,2022-10-27 17:11:02
10129,59,872,Attended,2022-09-22 17:11:02,2022-10-27 17:11:02
10130,59,1442,Attended,2022-10-12 17:11:02,2022-10-27 17:11:02
10131,59,613,Registered,2022-09-14 17:11:02,
10132,59,1815,Cancelled,2022-09-18 17:11:02,
10133,59,21,Attended,2022-10-18 17:11:02,2022-10-27 17:11:02
10134,59,2471,Registered,2022-09-22 17:11:02,
10135,59,2900,Attended,2022-10-14 17:11:02,2022-10-27 17:11:02
10136,59,2096,Registered,2022-10-23 17:11:02,
10137,59,1759,Attended,2022-10-08 17:11:02,2022-10-27 17:11:02
10138,59,2301,Attended,2022-10-17 17:11:02,2022-10-27 17:11:02
10139,59,1819,Attended,2022-10-08 17:11:02,2022-10-27 17:11:02
10140,59,3003,Attended,2022-10-19 17:11:02,2022-10-27 17:11:02
10141,59,2534,Attended,2022-09-25 17:11:02,2022-10-27 17:11:02
10142,60,3029,Attended,2026-05-21 07:18:51,2026-05-27 07:18:51
10143,60,1052,Attended,2026-04-28 07:18:51,2026-05-27 07:18:51
10144,60,299,No Show,2026-04-12 07:18:51,
10145,60,711,Cancelled,2026-05-10 07:18:51,
10146,60,1845,Attended,2026-05-19 07:18:51,2026-05-27 07:18:51
10147,60,2481,No Show,2026-05-17 07:18:51,
10148,60,3088,Registered,2026-04-29 07:18:51,
10149,60,1319,Attended,2026-04-26 07:18:51,2026-05-27 07:18:51
10150,60,590,Registered,2026-04-20 07:18:51,
10151,60,2478,Attended,2026-05-06 07:18:51,2026-05-27 07:18:51
10152,60,2838,No Show,2026-04-21 07:18:51,
10153,60,2263,Attended,2026-05-26 07:18:51,2026-05-27 07:18:51
10154,60,2028,No Show,2026-05-18 07:18:51,
10155,60,3194,Attended,2026-05-12 07:18:51,2026-05-27 07:18:51
10156,60,1063,Attended,2026-05-07 07:18:51,2026-05-27 07:18:51
10157,60,1465,Attended,2026-05-25 07:18:51,2026-05-27 07:18:51
10158,60,67,Attended,2026-05-11 07:18:51,2026-05-27 07:18:51
10159,60,840,Attended,2026-04-25 07:18:51,2026-05-27 07:18:51
10160,60,2933,Attended,2026-05-08 07:18:51,2026-05-27 07:18:51
10161,60,900,Attended,2026-05-26 07:18:51,2026-05-27 07:18:51
10162,60,1450,Attended,2026-05-20 07:18:51,2026-05-27 07:18:51
10163,60,825,Attended,2026-04-19 07:18:51,2026-05-27 07:18:51
10164,60,1014,Attended,2026-04-21 07:18:51,2026-05-27 07:18:51
10165,60,728,Attended,2026-05-25 07:18:51,2026-05-27 07:18:51
10166,60,3213,Registered,2026-04-29 07:18:51,
10167,60,2580,Attended,2026-04-29 07:18:51,2026-05-27 07:18:51
10168,60,1430,Registered,2026-04-27 07:18:51,
10169,60,3043,Attended,2026-04-29 07:18:51,2026-05-27 07:18:51
10170,60,7,Attended,2026-04-13 07:18:51,2026-05-27 07:18:51
10171,60,998,Attended,2026-05-16 07:18:51,2026-05-27 07:18:51
10172,60,1529,Attended,2026-04-17 07:18:51,2026-05-27 07:18:51
10173,60,1637,Registered,2026-05-11 07:18:51,
10174,60,1028,Attended,2026-05-16 07:18:51,2026-05-27 07:18:51
10175,60,1184,Cancelled,2026-04-28 07:18:51,
10176,60,2113,Attended,2026-05-18 07:18:51,2026-05-27 07:18:51
10177,60,208,Registered,2026-04-30 07:18:51,
10178,60,1665,No Show,2026-05-12 07:18:51,
10179,60,15,Registered,2026-04-20 07:18:51,
10180,60,306,Attended,2026-05-01 07:18:51,2026-05-27 07:18:51
10181,60,326,Attended,2026-05-14 07:18:51,2026-05-27 07:18:51
10182,60,1474,No Show,2026-05-11 07:18:51,
10183,60,2811,Attended,2026-05-25 07:18:51,2026-05-27 07:18:51
10184,60,1085,Attended,2026-05-12 07:18:51,2026-05-27 07:18:51
10185,60,3251,Attended,2026-05-04 07:18:51,2026-05-27 07:18:51
10186,60,1486,Attended,2026-05-17 07:18:51,2026-05-27 07:18:51
10187,60,1111,No Show,2026-05-18 07:18:51,
10188,60,468,Attended,2026-05-03 07:18:51,2026-05-27 07:18:51
10189,60,1142,Registered,2026-04-16 07:18:51,
10190,60,1213,Attended,2026-04-23 07:18:51,2026-05-27 07:18:51
10191,60,2708,Attended,2026-05-24 07:18:51,2026-05-27 07:18:51
10192,60,5,Attended,2026-04-13 07:18:51,2026-05-27 07:18:51
10193,60,2514,Registered,2026-05-23 07:18:51,
10194,60,1138,Attended,2026-04-15 07:18:51,2026-05-27 07:18:51
10195,60,1734,Attended,2026-04-18 07:18:51,2026-05-27 07:18:51
10196,60,490,Attended,2026-04-25 07:18:51,2026-05-27 07:18:51
10197,60,1971,Attended,2026-05-13 07:18:51,2026-05-27 07:18:51
10198,60,262,Registered,2026-04-13 07:18:51,
10199,60,539,Attended,2026-04-18 07:18:51,2026-05-27 07:18:51
10200,60,466,Attended,2026-05-12 07:18:51,2026-05-27 07:18:51
10201,60,1471,No Show,2026-05-13 07:18:51,
10202,60,2544,Attended,2026-04-29 07:18:51,2026-05-27 07:18:51
10203,60,116,No Show,2026-05-13 07:18:51,
10204,60,641,No Show,2026-04-24 07:18:51,
10205,60,1107,Registered,2026-05-19 07:18:51,
10206,60,3195,Attended,2026-05-02 07:18:51,2026-05-27 07:18:51
10207,60,2765,Attended,2026-04-21 07:18:51,2026-05-27 07:18:51
10208,60,1250,Registered,2026-05-19 07:18:51,
10209,60,1201,Attended,2026-05-05 07:18:51,2026-05-27 07:18:51
10210,60,1577,Attended,2026-05-01 07:18:51,2026-05-27 07:18:51
10211,60,1700,Attended,2026-05-14 07:18:51,2026-05-27 07:18:51
10212,60,56,Attended,2026-05-24 07:18:51,2026-05-27 07:18:51
10213,60,2114,Attended,2026-05-14 07:18:51,2026-05-27 07:18:51
10214,60,1177,Attended,2026-05-23 07:18:51,2026-05-27 07:18:51
10215,60,2272,Registered,2026-04-21 07:18:51,
10216,60,1410,Attended,2026-05-23 07:18:51,2026-05-27 07:18:51
10217,61,1587,Cancelled,2024-12-07 11:24:35,
10218,61,2479,Attended,2024-11-23 11:24:35,2024-12-25 11:24:35
10219,61,1641,Attended,2024-12-03 11:24:35,2024-12-25 11:24:35
10220,61,2660,No Show,2024-11-28 11:24:35,
10221,61,2895,Attended,2024-12-13 11:24:35,2024-12-25 11:24:35
10222,61,348,Attended,2024-11-22 11:24:35,2024-12-25 11:24:35
10223,61,1467,Attended,2024-12-01 11:24:35,2024-12-25 11:24:35
10224,61,1911,Attended,2024-12-10 11:24:35,2024-12-25 11:24:35
10225,61,1687,No Show,2024-11-16 11:24:35,
10226,61,610,Attended,2024-12-03 11:24:35,2024-12-25 11:24:35
10227,61,1386,Attended,2024-12-01 11:24:35,2024-12-25 11:24:35
10228,61,3118,Attended,2024-12-19 11:24:35,2024-12-25 11:24:35
10229,61,2997,Cancelled,2024-11-25 11:24:35,
10230,61,1358,Attended,2024-12-07 11:24:35,2024-12-25 11:24:35
10231,61,2822,Attended,2024-12-13 11:24:35,2024-12-25 11:24:35
10232,61,1418,Attended,2024-11-19 11:24:35,2024-12-25 11:24:35
10233,61,535,Attended,2024-12-18 11:24:35,2024-12-25 11:24:35
10234,61,605,Attended,2024-11-16 11:24:35,2024-12-25 11:24:35
10235,61,2511,Attended,2024-12-24 11:24:35,2024-12-25 11:24:35
10236,61,493,Attended,2024-11-22 11:24:35,2024-12-25 11:24:35
10237,61,1144,Registered,2024-12-07 11:24:35,
10238,61,1666,Attended,2024-11-13 11:24:35,2024-12-25 11:24:35
10239,61,2248,Attended,2024-11-13 11:24:35,2024-12-25 11:24:35
10240,61,1642,No Show,2024-12-21 11:24:35,
10241,61,1710,Attended,2024-11-15 11:24:35,2024-12-25 11:24:35
10242,61,1480,Attended,2024-12-11 11:24:35,2024-12-25 11:24:35
10243,61,460,Attended,2024-12-07 11:24:35,2024-12-25 11:24:35
10244,61,2397,Cancelled,2024-12-17 11:24:35,
10245,61,1247,Registered,2024-11-14 11:24:35,
10246,61,1559,Attended,2024-11-15 11:24:35,2024-12-25 11:24:35
10247,61,2879,Attended,2024-12-05 11:24:35,2024-12-25 11:24:35
10248,61,1816,Attended,2024-11-17 11:24:35,2024-12-25 11:24:35
10249,61,2376,Attended,2024-11-26 11:24:35,2024-12-25 11:24:35
10250,61,3008,No Show,2024-12-07 11:24:35,
10251,61,295,Attended,2024-12-03 11:24:35,2024-12-25 11:24:35
10252,61,386,No Show,2024-12-19 11:24:35,
10253,61,43,Attended,2024-12-16 11:24:35,2024-12-25 11:24:35
10254,61,1584,Attended,2024-12-15 11:24:35,2024-12-25 11:24:35
10255,61,1027,Attended,2024-12-20 11:24:35,2024-12-25 11:24:35
10256,61,1312,Attended,2024-11-24 11:24:35,2024-12-25 11:24:35
10257,61,1441,Attended,2024-11-17 11:24:35,2024-12-25 11:24:35
10258,61,1108,Attended,2024-12-03 11:24:35,2024-12-25 11:24:35
10259,61,987,No Show,2024-12-22 11:24:35,
10260,61,2325,Attended,2024-11-20 11:24:35,2024-12-25 11:24:35
10261,61,923,Attended,2024-11-18 11:24:35,2024-12-25 11:24:35
10262,61,1039,Attended,2024-12-08 11:24:35,2024-12-25 11:24:35
10263,61,1749,Registered,2024-12-12 11:24:35,
10264,61,1849,Registered,2024-12-12 11:24:35,
10265,61,1648,Attended,2024-11-23 11:24:35,2024-12-25 11:24:35
10266,61,2367,Attended,2024-12-12 11:24:35,2024-12-25 11:24:35
10267,61,1553,Attended,2024-12-18 11:24:35,2024-12-25 11:24:35
10268,61,2388,Attended,2024-12-21 11:24:35,2024-12-25 11:24:35
10269,61,3108,Registered,2024-12-04 11:24:35,
10270,61,2648,Registered,2024-12-05 11:24:35,
10271,61,1754,Cancelled,2024-12-09 11:24:35,
10272,61,1695,No Show,2024-11-21 11:24:35,
10273,61,1683,Attended,2024-11-18 11:24:35,2024-12-25 11:24:35
10274,61,1904,No Show,2024-12-21 11:24:35,
10275,61,3106,No Show,2024-11-29 11:24:35,
10276,61,2412,Registered,2024-12-22 11:24:35,
10277,61,2570,Attended,2024-11-23 11:24:35,2024-12-25 11:24:35
10278,61,2681,No Show,2024-12-04 11:24:35,
10279,61,3242,Attended,2024-12-14 11:24:35,2024-12-25 11:24:35
10280,61,374,Registered,2024-12-24 11:24:35,
10281,61,735,Attended,2024-11-27 11:24:35,2024-12-25 11:24:35
10282,61,1041,Registered,2024-12-15 11:24:35,
10283,61,2400,Attended,2024-11-25 11:24:35,2024-12-25 11:24:35
10284,61,1062,Attended,2024-12-24 11:24:35,2024-12-25 11:24:35
10285,61,391,Attended,2024-12-08 11:24:35,2024-12-25 11:24:35
10286,61,989,Registered,2024-12-21 11:24:35,
10287,61,577,Attended,2024-12-19 11:24:35,2024-12-25 11:24:35
10288,61,1830,No Show,2024-11-29 11:24:35,
10289,61,7,Attended,2024-12-14 11:24:35,2024-12-25 11:24:35
10290,61,1392,Attended,2024-12-09 11:24:35,2024-12-25 11:24:35
10291,61,2416,Attended,2024-11-25 11:24:35,2024-12-25 11:24:35
10292,61,721,Cancelled,2024-12-12 11:24:35,
10293,61,2591,Cancelled,2024-12-24 11:24:35,
10294,61,2359,Attended,2024-12-07 11:24:35,2024-12-25 11:24:35
10295,61,680,Attended,2024-11-24 11:24:35,2024-12-25 11:24:35
10296,61,205,Cancelled,2024-11-11 11:24:35,
10297,61,1659,Attended,2024-12-24 11:24:35,2024-12-25 11:24:35
10298,61,2073,Attended,2024-11-16 11:24:35,2024-12-25 11:24:35
10299,61,2116,Attended,2024-11-20 11:24:35,2024-12-25 11:24:35
10300,61,1015,Attended,2024-11-10 11:24:35,2024-12-25 11:24:35
10301,61,2630,Cancelled,2024-11-16 11:24:35,
10302,61,1158,Attended,2024-12-10 11:24:35,2024-12-25 11:24:35
10303,61,3005,Attended,2024-11-18 11:24:35,2024-12-25 11:24:35
10304,61,1801,Attended,2024-11-27 11:24:35,2024-12-25 11:24:35
10305,61,1784,Registered,2024-12-19 11:24:35,
10306,61,855,No Show,2024-11-19 11:24:35,
10307,61,3162,Attended,2024-12-22 11:24:35,2024-12-25 11:24:35
10308,61,2259,No Show,2024-12-06 11:24:35,
10309,61,14,Attended,2024-11-24 11:24:35,2024-12-25 11:24:35
10310,61,642,Attended,2024-12-13 11:24:35,2024-12-25 11:24:35
10311,61,164,Registered,2024-11-27 11:24:35,
10312,61,1126,Attended,2024-12-24 11:24:35,2024-12-25 11:24:35
10313,61,1796,Attended,2024-11-10 11:24:35,2024-12-25 11:24:35
10314,61,1046,Cancelled,2024-11-13 11:24:35,
10315,61,414,Attended,2024-12-02 11:24:35,2024-12-25 11:24:35
10316,61,837,Attended,2024-12-18 11:24:35,2024-12-25 11:24:35
10317,61,1305,Attended,2024-12-01 11:24:35,2024-12-25 11:24:35
10318,61,1448,Attended,2024-11-15 11:24:35,2024-12-25 11:24:35
10319,61,2522,Attended,2024-12-07 11:24:35,2024-12-25 11:24:35
10320,61,941,No Show,2024-12-11 11:24:35,
10321,61,1142,Attended,2024-12-01 11:24:35,2024-12-25 11:24:35
10322,61,1155,Cancelled,2024-11-24 11:24:35,
10323,61,1099,No Show,2024-11-30 11:24:35,
10324,61,2273,Attended,2024-12-15 11:24:35,2024-12-25 11:24:35
10325,61,2658,No Show,2024-12-20 11:24:35,
10326,61,762,Attended,2024-11-18 11:24:35,2024-12-25 11:24:35
10327,61,654,Attended,2024-12-05 11:24:35,2024-12-25 11:24:35
10328,61,416,Cancelled,2024-12-20 11:24:35,
10329,61,229,No Show,2024-12-14 11:24:35,
10330,61,2053,Attended,2024-11-20 11:24:35,2024-12-25 11:24:35
10331,61,2565,Attended,2024-12-17 11:24:35,2024-12-25 11:24:35
10332,61,2294,Attended,2024-12-09 11:24:35,2024-12-25 11:24:35
10333,61,1564,Registered,2024-11-23 11:24:35,
10334,61,1139,Cancelled,2024-11-23 11:24:35,
10335,61,2794,No Show,2024-12-10 11:24:35,
10336,61,2712,Attended,2024-11-23 11:24:35,2024-12-25 11:24:35
10337,61,1110,Attended,2024-11-10 11:24:35,2024-12-25 11:24:35
10338,61,1769,Attended,2024-12-12 11:24:35,2024-12-25 11:24:35
10339,61,1065,Attended,2024-12-13 11:24:35,2024-12-25 11:24:35
10340,61,2215,Cancelled,2024-11-23 11:24:35,
10341,61,1734,Registered,2024-11-29 11:24:35,
10342,61,2717,No Show,2024-11-13 11:24:35,
10343,61,1082,Cancelled,2024-12-15 11:24:35,
10344,61,2767,Attended,2024-11-23 11:24:35,2024-12-25 11:24:35
10345,61,1600,No Show,2024-11-25 11:24:35,
10346,61,1042,Attended,2024-12-04 11:24:35,2024-12-25 11:24:35
10347,61,2984,No Show,2024-12-09 11:24:35,
10348,61,2049,Registered,2024-12-06 11:24:35,
10349,61,2292,Cancelled,2024-12-13 11:24:35,
10350,61,1285,No Show,2024-11-18 11:24:35,
10351,61,2366,Cancelled,2024-11-23 11:24:35,
10352,61,2951,Attended,2024-11-13 11:24:35,2024-12-25 11:24:35
10353,61,3246,Attended,2024-12-10 11:24:35,2024-12-25 11:24:35
10354,61,1953,Attended,2024-11-28 11:24:35,2024-12-25 11:24:35
10355,61,1894,Attended,2024-12-19 11:24:35,2024-12-25 11:24:35
10356,61,3034,No Show,2024-12-24 11:24:35,
10357,61,1130,Attended,2024-12-21 11:24:35,2024-12-25 11:24:35
10358,61,1984,Attended,2024-12-04 11:24:35,2024-12-25 11:24:35
10359,61,1574,Attended,2024-12-20 11:24:35,2024-12-25 11:24:35
10360,61,2468,Attended,2024-12-02 11:24:35,2024-12-25 11:24:35
10361,61,350,Attended,2024-12-09 11:24:35,2024-12-25 11:24:35
10362,61,644,Attended,2024-12-15 11:24:35,2024-12-25 11:24:35
10363,61,153,Attended,2024-11-29 11:24:35,2024-12-25 11:24:35
10364,61,2948,Attended,2024-12-08 11:24:35,2024-12-25 11:24:35
10365,61,272,Attended,2024-12-14 11:24:35,2024-12-25 11:24:35
10366,61,3065,Attended,2024-12-11 11:24:35,2024-12-25 11:24:35
10367,61,2694,Attended,2024-11-27 11:24:35,2024-12-25 11:24:35
10368,61,448,Attended,2024-12-12 11:24:35,2024-12-25 11:24:35
10369,61,1665,Attended,2024-12-22 11:24:35,2024-12-25 11:24:35
10370,61,1302,Attended,2024-12-23 11:24:35,2024-12-25 11:24:35
10371,61,244,Attended,2024-12-11 11:24:35,2024-12-25 11:24:35
10372,61,82,Attended,2024-12-24 11:24:35,2024-12-25 11:24:35
10373,61,798,Attended,2024-11-18 11:24:35,2024-12-25 11:24:35
10374,61,2232,Attended,2024-12-17 11:24:35,2024-12-25 11:24:35
10375,61,2724,Attended,2024-11-22 11:24:35,2024-12-25 11:24:35
10376,61,2373,Attended,2024-12-14 11:24:35,2024-12-25 11:24:35
10377,61,1379,Attended,2024-12-24 11:24:35,2024-12-25 11:24:35
10378,61,422,Attended,2024-12-10 11:24:35,2024-12-25 11:24:35
10379,61,398,Registered,2024-11-22 11:24:35,
10380,61,2896,Attended,2024-11-18 11:24:35,2024-12-25 11:24:35
10381,61,2274,No Show,2024-12-03 11:24:35,
10382,61,2808,Attended,2024-12-06 11:24:35,2024-12-25 11:24:35
10383,61,1971,No Show,2024-11-11 11:24:35,
10384,61,1026,Attended,2024-11-22 11:24:35,2024-12-25 11:24:35
10385,61,1888,Attended,2024-12-21 11:24:35,2024-12-25 11:24:35
10386,61,2304,Attended,2024-11-17 11:24:35,2024-12-25 11:24:35
10387,61,3147,Cancelled,2024-11-20 11:24:35,
10388,61,806,Registered,2024-11-22 11:24:35,
10389,61,2615,Registered,2024-12-12 11:24:35,
10390,61,951,Attended,2024-12-10 11:24:35,2024-12-25 11:24:35
10391,61,2475,Attended,2024-11-18 11:24:35,2024-12-25 11:24:35
10392,62,933,Attended,2024-05-22 06:11:17,2024-06-26 06:11:17
10393,62,1288,Attended,2024-06-19 06:11:17,2024-06-26 06:11:17
10394,62,3240,Attended,2024-06-15 06:11:17,2024-06-26 06:11:17
10395,62,2983,Attended,2024-05-19 06:11:17,2024-06-26 06:11:17
10396,62,755,Attended,2024-06-05 06:11:17,2024-06-26 06:11:17
10397,62,871,Registered,2024-06-10 06:11:17,
10398,62,3217,Attended,2024-05-28 06:11:17,2024-06-26 06:11:17
10399,62,2470,Attended,2024-05-14 06:11:17,2024-06-26 06:11:17
10400,62,2629,Attended,2024-05-18 06:11:17,2024-06-26 06:11:17
10401,62,120,Attended,2024-06-24 06:11:17,2024-06-26 06:11:17
10402,62,1120,Attended,2024-05-17 06:11:17,2024-06-26 06:11:17
10403,62,3207,Registered,2024-05-14 06:11:17,
10404,62,86,Attended,2024-05-24 06:11:17,2024-06-26 06:11:17
10405,62,2613,Attended,2024-06-12 06:11:17,2024-06-26 06:11:17
10406,62,1775,Attended,2024-06-08 06:11:17,2024-06-26 06:11:17
10407,62,1681,Cancelled,2024-06-22 06:11:17,
10408,62,3142,Attended,2024-05-13 06:11:17,2024-06-26 06:11:17
10409,62,2291,Attended,2024-05-23 06:11:17,2024-06-26 06:11:17
10410,62,2681,Attended,2024-05-13 06:11:17,2024-06-26 06:11:17
10411,62,2242,Attended,2024-06-07 06:11:17,2024-06-26 06:11:17
10412,62,2277,No Show,2024-05-12 06:11:17,
10413,62,192,Attended,2024-05-22 06:11:17,2024-06-26 06:11:17
10414,62,781,Cancelled,2024-05-25 06:11:17,
10415,62,1751,Attended,2024-06-12 06:11:17,2024-06-26 06:11:17
10416,62,1620,Attended,2024-05-17 06:11:17,2024-06-26 06:11:17
10417,62,517,Attended,2024-05-25 06:11:17,2024-06-26 06:11:17
10418,62,3071,Attended,2024-06-07 06:11:17,2024-06-26 06:11:17
10419,62,1932,Attended,2024-05-31 06:11:17,2024-06-26 06:11:17
10420,62,1540,Attended,2024-05-18 06:11:17,2024-06-26 06:11:17
10421,62,833,No Show,2024-06-08 06:11:17,
10422,62,656,Attended,2024-06-03 06:11:17,2024-06-26 06:11:17
10423,62,673,Attended,2024-05-12 06:11:17,2024-06-26 06:11:17
10424,62,1719,Cancelled,2024-05-29 06:11:17,
10425,62,85,Attended,2024-05-24 06:11:17,2024-06-26 06:11:17
10426,62,1698,Registered,2024-05-12 06:11:17,
10427,62,837,Attended,2024-05-17 06:11:17,2024-06-26 06:11:17
10428,62,3138,Attended,2024-05-31 06:11:17,2024-06-26 06:11:17
10429,62,2567,Attended,2024-06-19 06:11:17,2024-06-26 06:11:17
10430,62,1713,Attended,2024-06-23 06:11:17,2024-06-26 06:11:17
10431,62,2620,Attended,2024-05-19 06:11:17,2024-06-26 06:11:17
10432,62,3146,Attended,2024-05-25 06:11:17,2024-06-26 06:11:17
10433,62,2776,Attended,2024-05-14 06:11:17,2024-06-26 06:11:17
10434,62,2343,Registered,2024-05-12 06:11:17,
10435,62,2563,Cancelled,2024-05-25 06:11:17,
10436,62,2116,Attended,2024-06-07 06:11:17,2024-06-26 06:11:17
10437,62,1371,Attended,2024-06-02 06:11:17,2024-06-26 06:11:17
10438,62,1966,Attended,2024-06-22 06:11:17,2024-06-26 06:11:17
10439,62,630,Attended,2024-06-01 06:11:17,2024-06-26 06:11:17
10440,62,2833,Attended,2024-06-07 06:11:17,2024-06-26 06:11:17
10441,62,2305,Registered,2024-06-18 06:11:17,
10442,62,1647,Cancelled,2024-05-27 06:11:17,
10443,62,2905,Attended,2024-06-11 06:11:17,2024-06-26 06:11:17
10444,62,374,Registered,2024-06-08 06:11:17,
10445,62,1108,Registered,2024-05-27 06:11:17,
10446,62,167,Attended,2024-05-25 06:11:17,2024-06-26 06:11:17
10447,62,1025,No Show,2024-06-19 06:11:17,
10448,62,2049,No Show,2024-05-26 06:11:17,
10449,62,3120,Registered,2024-06-12 06:11:17,
10450,62,2827,No Show,2024-06-14 06:11:17,
10451,62,2480,Attended,2024-05-13 06:11:17,2024-06-26 06:11:17
10452,62,2286,Registered,2024-06-02 06:11:17,
10453,62,1801,Registered,2024-06-16 06:11:17,
10454,62,3196,Attended,2024-06-06 06:11:17,2024-06-26 06:11:17
10455,62,478,Attended,2024-06-19 06:11:17,2024-06-26 06:11:17
10456,62,1070,Attended,2024-05-30 06:11:17,2024-06-26 06:11:17
10457,62,672,Attended,2024-05-22 06:11:17,2024-06-26 06:11:17
10458,62,387,Registered,2024-06-23 06:11:17,
10459,62,1468,Attended,2024-05-27 06:11:17,2024-06-26 06:11:17
10460,62,728,Attended,2024-06-10 06:11:17,2024-06-26 06:11:17
10461,62,109,No Show,2024-05-17 06:11:17,
10462,62,1081,Attended,2024-05-25 06:11:17,2024-06-26 06:11:17
10463,62,2834,Attended,2024-05-13 06:11:17,2024-06-26 06:11:17
10464,62,2068,Attended,2024-05-16 06:11:17,2024-06-26 06:11:17
10465,62,1836,Attended,2024-05-28 06:11:17,2024-06-26 06:11:17
10466,62,1599,Attended,2024-06-15 06:11:17,2024-06-26 06:11:17
10467,62,736,Attended,2024-06-13 06:11:17,2024-06-26 06:11:17
10468,62,906,No Show,2024-05-16 06:11:17,
10469,62,743,Attended,2024-05-29 06:11:17,2024-06-26 06:11:17
10470,62,2636,No Show,2024-06-05 06:11:17,
10471,62,3049,Attended,2024-06-03 06:11:17,2024-06-26 06:11:17
10472,62,1414,Registered,2024-05-26 06:11:17,
10473,62,429,Attended,2024-06-08 06:11:17,2024-06-26 06:11:17
10474,62,1622,Registered,2024-06-16 06:11:17,
10475,62,1799,Attended,2024-06-01 06:11:17,2024-06-26 06:11:17
10476,62,2491,No Show,2024-05-15 06:11:17,
10477,62,361,No Show,2024-06-22 06:11:17,
10478,62,3166,Attended,2024-06-16 06:11:17,2024-06-26 06:11:17
10479,62,657,Attended,2024-05-31 06:11:17,2024-06-26 06:11:17
10480,62,134,Attended,2024-05-26 06:11:17,2024-06-26 06:11:17
10481,62,1657,Registered,2024-05-29 06:11:17,
10482,62,2992,Attended,2024-05-23 06:11:17,2024-06-26 06:11:17
10483,62,2606,No Show,2024-05-15 06:11:17,
10484,62,463,Registered,2024-06-14 06:11:17,
10485,62,1375,Registered,2024-06-24 06:11:17,
10486,62,2263,Attended,2024-05-13 06:11:17,2024-06-26 06:11:17
10487,62,2978,Attended,2024-05-28 06:11:17,2024-06-26 06:11:17
10488,62,2044,Registered,2024-06-22 06:11:17,
10489,62,3200,Attended,2024-05-26 06:11:17,2024-06-26 06:11:17
10490,62,1541,Registered,2024-06-14 06:11:17,
10491,62,1763,Registered,2024-06-19 06:11:17,
10492,62,1633,No Show,2024-05-24 06:11:17,
10493,62,2134,Registered,2024-06-14 06:11:17,
10494,62,1774,Attended,2024-06-25 06:11:17,2024-06-26 06:11:17
10495,62,726,Attended,2024-05-14 06:11:17,2024-06-26 06:11:17
10496,62,1900,Attended,2024-05-16 06:11:17,2024-06-26 06:11:17
10497,62,1590,Registered,2024-05-25 06:11:17,
10498,62,2756,Registered,2024-06-04 06:11:17,
10499,62,2615,Attended,2024-05-20 06:11:17,2024-06-26 06:11:17
10500,62,21,Registered,2024-05-23 06:11:17,
10501,62,1853,Attended,2024-05-26 06:11:17,2024-06-26 06:11:17
10502,62,162,Attended,2024-06-05 06:11:17,2024-06-26 06:11:17
10503,62,325,No Show,2024-06-02 06:11:17,
10504,62,196,Registered,2024-05-31 06:11:17,
10505,62,1755,Registered,2024-06-10 06:11:17,
10506,62,2521,Attended,2024-06-14 06:11:17,2024-06-26 06:11:17
10507,62,938,Attended,2024-06-15 06:11:17,2024-06-26 06:11:17
10508,62,2335,Registered,2024-05-28 06:11:17,
10509,62,1459,Registered,2024-05-19 06:11:17,
10510,62,849,Attended,2024-05-26 06:11:17,2024-06-26 06:11:17
10511,62,2479,Attended,2024-06-18 06:11:17,2024-06-26 06:11:17
10512,62,1277,Attended,2024-05-16 06:11:17,2024-06-26 06:11:17
10513,62,322,Attended,2024-05-29 06:11:17,2024-06-26 06:11:17
10514,62,1362,Attended,2024-06-10 06:11:17,2024-06-26 06:11:17
10515,62,425,Attended,2024-06-01 06:11:17,2024-06-26 06:11:17
10516,62,2995,No Show,2024-06-18 06:11:17,
10517,62,2919,Attended,2024-06-07 06:11:17,2024-06-26 06:11:17
10518,62,2920,Cancelled,2024-06-06 06:11:17,
10519,62,1843,Attended,2024-05-12 06:11:17,2024-06-26 06:11:17
10520,62,803,Attended,2024-05-19 06:11:17,2024-06-26 06:11:17
10521,62,758,Attended,2024-06-12 06:11:17,2024-06-26 06:11:17
10522,62,2802,Attended,2024-06-09 06:11:17,2024-06-26 06:11:17
10523,62,1565,Cancelled,2024-06-09 06:11:17,
10524,62,298,Attended,2024-06-10 06:11:17,2024-06-26 06:11:17
10525,62,2241,Attended,2024-05-28 06:11:17,2024-06-26 06:11:17
10526,62,2234,No Show,2024-05-28 06:11:17,
10527,62,2184,Registered,2024-05-31 06:11:17,
10528,62,2863,Attended,2024-06-21 06:11:17,2024-06-26 06:11:17
10529,62,231,Registered,2024-05-17 06:11:17,
10530,62,2337,No Show,2024-06-19 06:11:17,
10531,62,1261,Registered,2024-05-20 06:11:17,
10532,62,2788,Attended,2024-06-12 06:11:17,2024-06-26 06:11:17
10533,62,914,Attended,2024-05-29 06:11:17,2024-06-26 06:11:17
10534,62,1054,Attended,2024-06-07 06:11:17,2024-06-26 06:11:17
10535,62,1988,Attended,2024-05-31 06:11:17,2024-06-26 06:11:17
10536,62,835,Attended,2024-06-07 06:11:17,2024-06-26 06:11:17
10537,62,3070,Registered,2024-05-28 06:11:17,
10538,62,1674,Registered,2024-06-07 06:11:17,
10539,62,3242,Attended,2024-05-14 06:11:17,2024-06-26 06:11:17
10540,62,1434,Registered,2024-06-06 06:11:17,
10541,62,2560,Attended,2024-06-22 06:11:17,2024-06-26 06:11:17
10542,62,2544,Registered,2024-06-01 06:11:17,
10543,62,2254,Attended,2024-05-29 06:11:17,2024-06-26 06:11:17
10544,62,644,Attended,2024-06-14 06:11:17,2024-06-26 06:11:17
10545,62,495,No Show,2024-06-04 06:11:17,
10546,62,2507,Cancelled,2024-06-10 06:11:17,
10547,62,119,Attended,2024-05-15 06:11:17,2024-06-26 06:11:17
10548,62,1244,Attended,2024-06-13 06:11:17,2024-06-26 06:11:17
10549,62,472,Attended,2024-06-17 06:11:17,2024-06-26 06:11:17
10550,62,2946,Attended,2024-06-10 06:11:17,2024-06-26 06:11:17
10551,62,2362,Attended,2024-05-23 06:11:17,2024-06-26 06:11:17
10552,62,1727,Registered,2024-06-19 06:11:17,
10553,62,730,Registered,2024-06-02 06:11:17,
10554,62,1498,No Show,2024-06-21 06:11:17,
10555,62,542,Attended,2024-05-25 06:11:17,2024-06-26 06:11:17
10556,62,3179,No Show,2024-05-14 06:11:17,
10557,62,1060,Attended,2024-06-01 06:11:17,2024-06-26 06:11:17
10558,62,693,Attended,2024-05-22 06:11:17,2024-06-26 06:11:17
10559,62,2928,Attended,2024-05-29 06:11:17,2024-06-26 06:11:17
10560,62,2835,Attended,2024-06-08 06:11:17,2024-06-26 06:11:17
10561,62,216,No Show,2024-06-21 06:11:17,
10562,62,2183,Registered,2024-05-15 06:11:17,
10563,62,448,Attended,2024-06-05 06:11:17,2024-06-26 06:11:17
10564,62,1778,Attended,2024-05-17 06:11:17,2024-06-26 06:11:17
10565,62,1841,Registered,2024-05-26 06:11:17,
10566,62,1347,Attended,2024-06-03 06:11:17,2024-06-26 06:11:17
10567,62,3245,No Show,2024-06-25 06:11:17,
10568,62,847,Registered,2024-06-16 06:11:17,
10569,62,1442,Attended,2024-06-24 06:11:17,2024-06-26 06:11:17
10570,62,2111,Registered,2024-06-02 06:11:17,
10571,62,82,Attended,2024-06-21 06:11:17,2024-06-26 06:11:17
10572,62,3068,Attended,2024-05-13 06:11:17,2024-06-26 06:11:17
10573,62,2308,Registered,2024-05-22 06:11:17,
10574,62,2350,Attended,2024-06-13 06:11:17,2024-06-26 06:11:17
10575,62,3218,Registered,2024-05-23 06:11:17,
10576,62,724,Attended,2024-06-23 06:11:17,2024-06-26 06:11:17
10577,62,1700,Attended,2024-06-23 06:11:17,2024-06-26 06:11:17
10578,62,279,Attended,2024-05-18 06:11:17,2024-06-26 06:11:17
10579,62,213,Attended,2024-05-21 06:11:17,2024-06-26 06:11:17
10580,62,699,Attended,2024-06-10 06:11:17,2024-06-26 06:11:17
10581,62,1946,No Show,2024-06-15 06:11:17,
10582,62,3108,Registered,2024-06-04 06:11:17,
10583,62,2318,Attended,2024-06-22 06:11:17,2024-06-26 06:11:17
10584,62,1234,Registered,2024-05-28 06:11:17,
10585,62,783,Attended,2024-06-06 06:11:17,2024-06-26 06:11:17
10586,62,1905,No Show,2024-06-21 06:11:17,
10587,62,2721,No Show,2024-06-16 06:11:17,
10588,62,347,Attended,2024-05-18 06:11:17,2024-06-26 06:11:17
10589,62,926,Attended,2024-06-14 06:11:17,2024-06-26 06:11:17
10590,62,469,Cancelled,2024-05-17 06:11:17,
10591,62,1367,Attended,2024-05-23 06:11:17,2024-06-26 06:11:17
10592,62,1983,Attended,2024-06-20 06:11:17,2024-06-26 06:11:17
10593,62,1519,Attended,2024-06-01 06:11:17,2024-06-26 06:11:17
10594,62,1175,Attended,2024-06-01 06:11:17,2024-06-26 06:11:17
10595,62,2314,Attended,2024-05-15 06:11:17,2024-06-26 06:11:17
10596,62,363,Registered,2024-06-22 06:11:17,
10597,62,653,Attended,2024-05-17 06:11:17,2024-06-26 06:11:17
10598,62,2484,Attended,2024-06-20 06:11:17,2024-06-26 06:11:17
10599,62,178,Attended,2024-06-13 06:11:17,2024-06-26 06:11:17
10600,62,2738,Attended,2024-06-11 06:11:17,2024-06-26 06:11:17
10601,62,64,Registered,2024-06-09 06:11:17,
10602,62,1084,No Show,2024-06-06 06:11:17,
10603,62,1095,Attended,2024-05-31 06:11:17,2024-06-26 06:11:17
10604,62,2125,Attended,2024-06-20 06:11:17,2024-06-26 06:11:17
10605,62,1219,Cancelled,2024-05-28 06:11:17,
10606,62,186,Attended,2024-05-30 06:11:17,2024-06-26 06:11:17
10607,62,1817,Cancelled,2024-06-22 06:11:17,
10608,62,534,Attended,2024-06-01 06:11:17,2024-06-26 06:11:17
10609,62,1855,Attended,2024-06-11 06:11:17,2024-06-26 06:11:17
10610,62,1704,Attended,2024-06-12 06:11:17,2024-06-26 06:11:17
10611,62,1119,Cancelled,2024-05-17 06:11:17,
10612,62,125,Registered,2024-06-17 06:11:17,
10613,62,2937,Attended,2024-05-24 06:11:17,2024-06-26 06:11:17
10614,62,153,Attended,2024-06-23 06:11:17,2024-06-26 06:11:17
10615,62,2925,Cancelled,2024-05-30 06:11:17,
10616,62,2683,Cancelled,2024-06-02 06:11:17,
10617,62,2427,Attended,2024-06-05 06:11:17,2024-06-26 06:11:17
10618,62,1915,Registered,2024-05-14 06:11:17,
10619,62,1426,Registered,2024-06-16 06:11:17,
10620,62,1750,No Show,2024-06-16 06:11:17,
10621,62,269,Registered,2024-05-29 06:11:17,
10622,62,3083,Attended,2024-06-23 06:11:17,2024-06-26 06:11:17
10623,62,492,No Show,2024-06-09 06:11:17,
10624,62,1369,No Show,2024-05-22 06:11:17,
10625,62,2329,Attended,2024-06-25 06:11:17,2024-06-26 06:11:17
10626,62,24,Attended,2024-06-24 06:11:17,2024-06-26 06:11:17
10627,62,595,Attended,2024-05-16 06:11:17,2024-06-26 06:11:17
10628,62,2688,Registered,2024-05-22 06:11:17,
10629,62,1366,Registered,2024-06-21 06:11:17,
10630,62,3254,Registered,2024-06-04 06:11:17,
10631,62,2633,Attended,2024-06-22 06:11:17,2024-06-26 06:11:17
10632,62,645,No Show,2024-05-16 06:11:17,
10633,62,139,No Show,2024-06-10 06:11:17,
10634,62,1664,Registered,2024-05-24 06:11:17,
10635,62,397,Attended,2024-06-11 06:11:17,2024-06-26 06:11:17
10636,62,1909,No Show,2024-05-26 06:11:17,
10637,62,260,Attended,2024-06-16 06:11:17,2024-06-26 06:11:17
10638,62,2099,Attended,2024-05-24 06:11:17,2024-06-26 06:11:17
10639,62,2913,Attended,2024-06-09 06:11:17,2024-06-26 06:11:17
10640,62,2300,Attended,2024-05-26 06:11:17,2024-06-26 06:11:17
10641,62,1896,Attended,2024-05-27 06:11:17,2024-06-26 06:11:17
10642,62,870,Attended,2024-05-29 06:11:17,2024-06-26 06:11:17
10643,62,2706,Attended,2024-05-13 06:11:17,2024-06-26 06:11:17
10644,62,1951,Attended,2024-06-15 06:11:17,2024-06-26 06:11:17
10645,62,23,Attended,2024-06-01 06:11:17,2024-06-26 06:11:17
10646,62,863,Attended,2024-05-28 06:11:17,2024-06-26 06:11:17
10647,62,1217,Registered,2024-06-16 06:11:17,
10648,62,124,Attended,2024-05-17 06:11:17,2024-06-26 06:11:17
10649,62,611,Attended,2024-06-17 06:11:17,2024-06-26 06:11:17
10650,62,734,Attended,2024-05-15 06:11:17,2024-06-26 06:11:17
10651,62,1440,No Show,2024-06-03 06:11:17,
10652,62,70,Registered,2024-06-25 06:11:17,
10653,62,1138,Attended,2024-06-18 06:11:17,2024-06-26 06:11:17
10654,62,1874,No Show,2024-06-19 06:11:17,
10655,62,2817,Cancelled,2024-05-16 06:11:17,
10656,62,810,No Show,2024-06-21 06:11:17,
10657,62,2131,Attended,2024-05-18 06:11:17,2024-06-26 06:11:17
10658,62,1162,Attended,2024-05-13 06:11:17,2024-06-26 06:11:17
10659,62,559,Attended,2024-05-25 06:11:17,2024-06-26 06:11:17
10660,62,149,Attended,2024-06-03 06:11:17,2024-06-26 06:11:17
10661,62,288,Cancelled,2024-06-06 06:11:17,
10662,62,2312,Attended,2024-05-31 06:11:17,2024-06-26 06:11:17
10663,62,2932,Attended,2024-05-16 06:11:17,2024-06-26 06:11:17
10664,62,757,Attended,2024-06-13 06:11:17,2024-06-26 06:11:17
10665,62,3192,No Show,2024-05-19 06:11:17,
10666,62,3079,Attended,2024-05-30 06:11:17,2024-06-26 06:11:17
10667,62,2410,Registered,2024-05-29 06:11:17,
10668,62,3150,Attended,2024-06-05 06:11:17,2024-06-26 06:11:17
10669,62,328,Attended,2024-06-07 06:11:17,2024-06-26 06:11:17
10670,62,2482,Attended,2024-06-18 06:11:17,2024-06-26 06:11:17
10671,62,488,Attended,2024-06-23 06:11:17,2024-06-26 06:11:17
10672,62,2105,Attended,2024-06-25 06:11:17,2024-06-26 06:11:17
10673,62,2779,Attended,2024-05-17 06:11:17,2024-06-26 06:11:17
10674,62,1129,Attended,2024-06-12 06:11:17,2024-06-26 06:11:17
10675,62,1786,No Show,2024-06-20 06:11:17,
10676,62,2803,Attended,2024-05-15 06:11:17,2024-06-26 06:11:17
10677,62,2907,No Show,2024-05-12 06:11:17,
10678,62,222,Attended,2024-05-23 06:11:17,2024-06-26 06:11:17
10679,62,1226,No Show,2024-05-12 06:11:17,
10680,62,2370,Attended,2024-05-26 06:11:17,2024-06-26 06:11:17
10681,62,2367,Cancelled,2024-05-16 06:11:17,
10682,62,1246,Attended,2024-05-28 06:11:17,2024-06-26 06:11:17
10683,62,1348,No Show,2024-05-22 06:11:17,
10684,62,1351,Attended,2024-05-25 06:11:17,2024-06-26 06:11:17
10685,62,2901,Attended,2024-06-11 06:11:17,2024-06-26 06:11:17
10686,62,1343,Attended,2024-06-14 06:11:17,2024-06-26 06:11:17
10687,62,421,Registered,2024-05-27 06:11:17,
10688,63,1277,Attended,2026-02-11 10:44:39,2026-02-20 10:44:39
10689,63,2624,Attended,2026-02-09 10:44:39,2026-02-20 10:44:39
10690,63,1699,Attended,2026-02-04 10:44:39,2026-02-20 10:44:39
10691,63,2554,Attended,2026-01-09 10:44:39,2026-02-20 10:44:39
10692,63,2250,Attended,2026-02-19 10:44:39,2026-02-20 10:44:39
10693,63,1629,Registered,2026-01-13 10:44:39,
10694,63,1025,Attended,2026-01-16 10:44:39,2026-02-20 10:44:39
10695,63,2247,Attended,2026-02-17 10:44:39,2026-02-20 10:44:39
10696,63,168,Attended,2026-01-30 10:44:39,2026-02-20 10:44:39
10697,63,2538,Attended,2026-01-09 10:44:39,2026-02-20 10:44:39
10698,63,538,No Show,2026-02-02 10:44:39,
10699,63,795,No Show,2026-01-29 10:44:39,
10700,63,2097,Attended,2026-01-29 10:44:39,2026-02-20 10:44:39
10701,63,463,Attended,2026-01-06 10:44:39,2026-02-20 10:44:39
10702,63,265,Cancelled,2026-01-12 10:44:39,
10703,63,2751,Attended,2026-02-12 10:44:39,2026-02-20 10:44:39
10704,63,292,Attended,2026-02-17 10:44:39,2026-02-20 10:44:39
10705,63,2520,Attended,2026-01-18 10:44:39,2026-02-20 10:44:39
10706,63,31,No Show,2026-01-11 10:44:39,
10707,63,3086,No Show,2026-01-06 10:44:39,
10708,63,2519,Attended,2026-02-02 10:44:39,2026-02-20 10:44:39
10709,63,1713,Attended,2026-01-14 10:44:39,2026-02-20 10:44:39
10710,63,338,Attended,2026-02-16 10:44:39,2026-02-20 10:44:39
10711,63,1375,Registered,2026-01-29 10:44:39,
10712,63,1999,No Show,2026-01-17 10:44:39,
10713,63,1367,Registered,2026-01-31 10:44:39,
10714,63,3035,Attended,2026-02-12 10:44:39,2026-02-20 10:44:39
10715,63,2626,Attended,2026-01-21 10:44:39,2026-02-20 10:44:39
10716,63,3252,Attended,2026-01-29 10:44:39,2026-02-20 10:44:39
10717,63,441,Attended,2026-02-03 10:44:39,2026-02-20 10:44:39
10718,63,3231,Attended,2026-01-10 10:44:39,2026-02-20 10:44:39
10719,63,2553,Attended,2026-01-08 10:44:39,2026-02-20 10:44:39
10720,63,371,Attended,2026-01-10 10:44:39,2026-02-20 10:44:39
10721,63,2840,Attended,2026-01-28 10:44:39,2026-02-20 10:44:39
10722,63,1443,Attended,2026-02-14 10:44:39,2026-02-20 10:44:39
10723,63,717,Attended,2026-01-26 10:44:39,2026-02-20 10:44:39
10724,63,2185,Cancelled,2026-01-09 10:44:39,
10725,63,1350,Registered,2026-01-28 10:44:39,
10726,63,3207,Attended,2026-01-30 10:44:39,2026-02-20 10:44:39
10727,63,227,Attended,2026-01-17 10:44:39,2026-02-20 10:44:39
10728,63,1984,Attended,2026-01-30 10:44:39,2026-02-20 10:44:39
10729,63,2431,No Show,2026-01-28 10:44:39,
10730,63,883,Attended,2026-01-26 10:44:39,2026-02-20 10:44:39
10731,63,443,Attended,2026-01-06 10:44:39,2026-02-20 10:44:39
10732,63,2942,Attended,2026-01-28 10:44:39,2026-02-20 10:44:39
10733,64,3076,No Show,2024-10-24 13:48:44,
10734,64,2606,Registered,2024-10-31 13:48:44,
10735,64,3003,No Show,2024-10-21 13:48:44,
10736,64,1865,Attended,2024-10-25 13:48:44,2024-11-26 13:48:44
10737,64,129,Registered,2024-11-15 13:48:44,
10738,64,1269,Registered,2024-11-05 13:48:44,
10739,64,72,Attended,2024-11-24 13:48:44,2024-11-26 13:48:44
10740,64,3115,Attended,2024-10-15 13:48:44,2024-11-26 13:48:44
10741,64,2233,Cancelled,2024-11-25 13:48:44,
10742,64,517,Attended,2024-10-27 13:48:44,2024-11-26 13:48:44
10743,64,2157,Attended,2024-10-25 13:48:44,2024-11-26 13:48:44
10744,64,2694,Attended,2024-10-20 13:48:44,2024-11-26 13:48:44
10745,64,14,No Show,2024-11-24 13:48:44,
10746,64,2584,Registered,2024-11-03 13:48:44,
10747,64,2179,Attended,2024-10-25 13:48:44,2024-11-26 13:48:44
10748,64,3129,Cancelled,2024-10-22 13:48:44,
10749,64,2397,Attended,2024-10-18 13:48:44,2024-11-26 13:48:44
10750,64,2086,Attended,2024-10-26 13:48:44,2024-11-26 13:48:44
10751,64,2891,No Show,2024-10-12 13:48:44,
10752,64,3171,Attended,2024-10-24 13:48:44,2024-11-26 13:48:44
10753,64,2729,Registered,2024-11-11 13:48:44,
10754,64,1199,Registered,2024-10-28 13:48:44,
10755,64,77,Attended,2024-10-19 13:48:44,2024-11-26 13:48:44
10756,64,1347,Attended,2024-11-15 13:48:44,2024-11-26 13:48:44
10757,64,2783,Registered,2024-11-11 13:48:44,
10758,64,2303,Registered,2024-10-26 13:48:44,
10759,64,1695,Registered,2024-11-18 13:48:44,
10760,64,2126,Attended,2024-10-21 13:48:44,2024-11-26 13:48:44
10761,64,2437,Attended,2024-10-14 13:48:44,2024-11-26 13:48:44
10762,64,3226,Attended,2024-11-24 13:48:44,2024-11-26 13:48:44
10763,64,1678,Attended,2024-10-13 13:48:44,2024-11-26 13:48:44
10764,64,218,Registered,2024-10-14 13:48:44,
10765,64,1395,No Show,2024-11-18 13:48:44,
10766,64,1121,Attended,2024-10-29 13:48:44,2024-11-26 13:48:44
10767,64,654,Attended,2024-11-04 13:48:44,2024-11-26 13:48:44
10768,64,1650,Registered,2024-10-21 13:48:44,
10769,64,1215,Attended,2024-11-25 13:48:44,2024-11-26 13:48:44
10770,64,219,Attended,2024-10-29 13:48:44,2024-11-26 13:48:44
10771,64,2728,Attended,2024-11-18 13:48:44,2024-11-26 13:48:44
10772,64,3132,Cancelled,2024-10-19 13:48:44,
10773,64,142,Attended,2024-11-11 13:48:44,2024-11-26 13:48:44
10774,64,2104,Attended,2024-11-13 13:48:44,2024-11-26 13:48:44
10775,64,2001,Registered,2024-11-11 13:48:44,
10776,64,2165,Attended,2024-11-14 13:48:44,2024-11-26 13:48:44
10777,64,1233,Attended,2024-10-17 13:48:44,2024-11-26 13:48:44
10778,64,2357,Attended,2024-10-12 13:48:44,2024-11-26 13:48:44
10779,64,3088,Registered,2024-11-13 13:48:44,
10780,64,1841,Registered,2024-11-21 13:48:44,
10781,64,1332,Registered,2024-11-07 13:48:44,
10782,64,2342,Attended,2024-10-23 13:48:44,2024-11-26 13:48:44
10783,64,3237,No Show,2024-11-09 13:48:44,
10784,64,325,Attended,2024-11-11 13:48:44,2024-11-26 13:48:44
10785,64,2895,Attended,2024-11-20 13:48:44,2024-11-26 13:48:44
10786,64,746,Registered,2024-11-05 13:48:44,
10787,64,1659,Registered,2024-10-12 13:48:44,
10788,64,488,No Show,2024-11-08 13:48:44,
10789,64,1320,Attended,2024-11-13 13:48:44,2024-11-26 13:48:44
10790,64,2737,No Show,2024-10-22 13:48:44,
10791,64,1603,Attended,2024-11-20 13:48:44,2024-11-26 13:48:44
10792,64,1942,Attended,2024-10-14 13:48:44,2024-11-26 13:48:44
10793,64,1903,No Show,2024-10-28 13:48:44,
10794,64,2746,Attended,2024-11-01 13:48:44,2024-11-26 13:48:44
10795,64,3002,Registered,2024-11-20 13:48:44,
10796,64,1202,Attended,2024-10-14 13:48:44,2024-11-26 13:48:44
10797,64,3240,Attended,2024-11-03 13:48:44,2024-11-26 13:48:44
10798,64,1733,Attended,2024-11-13 13:48:44,2024-11-26 13:48:44
10799,64,419,Attended,2024-10-25 13:48:44,2024-11-26 13:48:44
10800,64,247,Registered,2024-10-25 13:48:44,
10801,64,2892,Cancelled,2024-10-13 13:48:44,
10802,64,1509,Attended,2024-10-12 13:48:44,2024-11-26 13:48:44
10803,64,1559,Attended,2024-11-16 13:48:44,2024-11-26 13:48:44
10804,64,2374,No Show,2024-10-18 13:48:44,
10805,64,2611,Registered,2024-11-20 13:48:44,
10806,64,3164,Registered,2024-10-16 13:48:44,
10807,64,2674,Attended,2024-11-06 13:48:44,2024-11-26 13:48:44
10808,64,1529,No Show,2024-11-07 13:48:44,
10809,64,2162,Attended,2024-10-28 13:48:44,2024-11-26 13:48:44
10810,64,384,Attended,2024-11-16 13:48:44,2024-11-26 13:48:44
10811,64,2599,Attended,2024-10-17 13:48:44,2024-11-26 13:48:44
10812,64,1615,No Show,2024-11-23 13:48:44,
10813,64,1717,Attended,2024-11-15 13:48:44,2024-11-26 13:48:44
10814,64,3139,Attended,2024-10-30 13:48:44,2024-11-26 13:48:44
10815,64,288,Cancelled,2024-10-15 13:48:44,
10816,64,2084,Attended,2024-11-24 13:48:44,2024-11-26 13:48:44
10817,64,519,Attended,2024-10-23 13:48:44,2024-11-26 13:48:44
10818,64,1263,Attended,2024-11-03 13:48:44,2024-11-26 13:48:44
10819,64,2379,Attended,2024-10-21 13:48:44,2024-11-26 13:48:44
10820,64,141,Attended,2024-11-08 13:48:44,2024-11-26 13:48:44
10821,64,13,Attended,2024-11-03 13:48:44,2024-11-26 13:48:44
10822,64,3156,Attended,2024-11-06 13:48:44,2024-11-26 13:48:44
10823,64,443,Attended,2024-11-19 13:48:44,2024-11-26 13:48:44
10824,64,2545,Registered,2024-11-13 13:48:44,
10825,64,2701,Cancelled,2024-10-19 13:48:44,
10826,64,908,Attended,2024-10-28 13:48:44,2024-11-26 13:48:44
10827,64,2236,No Show,2024-11-20 13:48:44,
10828,64,1644,Cancelled,2024-11-20 13:48:44,
10829,64,1325,Attended,2024-10-19 13:48:44,2024-11-26 13:48:44
10830,64,334,Attended,2024-10-21 13:48:44,2024-11-26 13:48:44
10831,64,1151,Registered,2024-10-29 13:48:44,
10832,64,3181,Attended,2024-11-03 13:48:44,2024-11-26 13:48:44
10833,64,2395,Cancelled,2024-10-25 13:48:44,
10834,64,112,Attended,2024-11-04 13:48:44,2024-11-26 13:48:44
10835,65,2551,Attended,2023-02-11 16:26:58,2023-03-04 16:26:58
10836,65,2038,Attended,2023-02-06 16:26:58,2023-03-04 16:26:58
10837,65,730,Attended,2023-01-24 16:26:58,2023-03-04 16:26:58
10838,65,2111,Attended,2023-02-19 16:26:58,2023-03-04 16:26:58
10839,65,2700,Attended,2023-01-23 16:26:58,2023-03-04 16:26:58
10840,65,2175,No Show,2023-02-01 16:26:58,
10841,65,743,Registered,2023-02-21 16:26:58,
10842,65,2402,Attended,2023-03-02 16:26:58,2023-03-04 16:26:58
10843,65,2415,Attended,2023-02-13 16:26:58,2023-03-04 16:26:58
10844,65,2121,Attended,2023-03-02 16:26:58,2023-03-04 16:26:58
10845,65,1298,Attended,2023-01-22 16:26:58,2023-03-04 16:26:58
10846,65,1881,No Show,2023-01-31 16:26:58,
10847,65,1327,Attended,2023-02-23 16:26:58,2023-03-04 16:26:58
10848,65,1740,Attended,2023-02-20 16:26:58,2023-03-04 16:26:58
10849,65,2869,No Show,2023-01-22 16:26:58,
10850,65,1627,Registered,2023-02-21 16:26:58,
10851,65,2112,Registered,2023-03-01 16:26:58,
10852,65,2151,Attended,2023-02-19 16:26:58,2023-03-04 16:26:58
10853,65,1113,Attended,2023-02-27 16:26:58,2023-03-04 16:26:58
10854,65,2748,Attended,2023-02-05 16:26:58,2023-03-04 16:26:58
10855,65,1254,No Show,2023-02-16 16:26:58,
10856,65,1434,Registered,2023-02-04 16:26:58,
10857,65,2087,Attended,2023-02-02 16:26:58,2023-03-04 16:26:58
10858,65,890,Registered,2023-02-22 16:26:58,
10859,65,2825,Registered,2023-02-19 16:26:58,
10860,65,580,No Show,2023-02-19 16:26:58,
10861,65,1112,Attended,2023-02-12 16:26:58,2023-03-04 16:26:58
10862,65,2817,Registered,2023-01-28 16:26:58,
10863,65,3059,Registered,2023-02-04 16:26:58,
10864,65,293,Attended,2023-01-27 16:26:58,2023-03-04 16:26:58
10865,65,1906,Attended,2023-02-13 16:26:58,2023-03-04 16:26:58
10866,65,1654,Attended,2023-01-27 16:26:58,2023-03-04 16:26:58
10867,66,1750,Attended,2024-09-10 23:58:16,2024-10-23 23:58:16
10868,66,1715,Attended,2024-09-13 23:58:16,2024-10-23 23:58:16
10869,66,2020,Registered,2024-10-20 23:58:16,
10870,66,2798,Attended,2024-09-26 23:58:16,2024-10-23 23:58:16
10871,66,597,No Show,2024-10-14 23:58:16,
10872,66,705,Registered,2024-09-26 23:58:16,
10873,66,1701,Attended,2024-10-17 23:58:16,2024-10-23 23:58:16
10874,66,2568,Attended,2024-10-15 23:58:16,2024-10-23 23:58:16
10875,66,1797,Attended,2024-10-18 23:58:16,2024-10-23 23:58:16
10876,66,3042,Attended,2024-10-10 23:58:16,2024-10-23 23:58:16
10877,66,458,Attended,2024-09-28 23:58:16,2024-10-23 23:58:16
10878,66,2441,Attended,2024-10-02 23:58:16,2024-10-23 23:58:16
10879,66,506,Registered,2024-10-12 23:58:16,
10880,66,1195,No Show,2024-09-25 23:58:16,
10881,66,3065,Cancelled,2024-10-06 23:58:16,
10882,66,2664,Attended,2024-09-10 23:58:16,2024-10-23 23:58:16
10883,66,3004,Attended,2024-10-05 23:58:16,2024-10-23 23:58:16
10884,66,1673,Attended,2024-10-09 23:58:16,2024-10-23 23:58:16
10885,66,2998,Attended,2024-10-07 23:58:16,2024-10-23 23:58:16
10886,66,1238,Registered,2024-09-15 23:58:16,
10887,66,51,Registered,2024-09-25 23:58:16,
10888,66,1293,Attended,2024-10-05 23:58:16,2024-10-23 23:58:16
10889,66,1215,Attended,2024-09-13 23:58:16,2024-10-23 23:58:16
10890,66,2719,Attended,2024-10-22 23:58:16,2024-10-23 23:58:16
10891,66,2831,Attended,2024-09-08 23:58:16,2024-10-23 23:58:16
10892,66,2224,Attended,2024-10-02 23:58:16,2024-10-23 23:58:16
10893,66,210,Registered,2024-10-09 23:58:16,
10894,66,1187,Attended,2024-10-22 23:58:16,2024-10-23 23:58:16
10895,66,847,Attended,2024-09-19 23:58:16,2024-10-23 23:58:16
10896,66,142,No Show,2024-09-10 23:58:16,
10897,66,2982,Cancelled,2024-10-13 23:58:16,
10898,66,239,Registered,2024-10-01 23:58:16,
10899,66,2737,Attended,2024-09-09 23:58:16,2024-10-23 23:58:16
10900,66,1559,Registered,2024-09-14 23:58:16,
10901,66,1706,Attended,2024-10-13 23:58:16,2024-10-23 23:58:16
10902,66,492,Attended,2024-09-13 23:58:16,2024-10-23 23:58:16
10903,66,1133,No Show,2024-10-11 23:58:16,
10904,66,3182,Cancelled,2024-09-26 23:58:16,
10905,66,375,Registered,2024-09-26 23:58:16,
10906,66,1201,Attended,2024-09-23 23:58:16,2024-10-23 23:58:16
10907,66,2713,Registered,2024-09-22 23:58:16,
10908,66,637,Attended,2024-09-14 23:58:16,2024-10-23 23:58:16
10909,66,1779,No Show,2024-09-16 23:58:16,
10910,66,1270,Attended,2024-10-06 23:58:16,2024-10-23 23:58:16
10911,66,2534,Attended,2024-10-11 23:58:16,2024-10-23 23:58:16
10912,66,41,Attended,2024-09-09 23:58:16,2024-10-23 23:58:16
10913,66,403,Attended,2024-10-20 23:58:16,2024-10-23 23:58:16
10914,66,838,Cancelled,2024-09-11 23:58:16,
10915,66,953,Attended,2024-10-06 23:58:16,2024-10-23 23:58:16
10916,66,2765,Attended,2024-09-12 23:58:16,2024-10-23 23:58:16
10917,67,2233,Attended,2021-11-21 08:17:00,2021-12-29 08:17:00
10918,67,1413,Registered,2021-12-28 08:17:00,
10919,67,845,Attended,2021-12-01 08:17:00,2021-12-29 08:17:00
10920,67,1269,Attended,2021-12-15 08:17:00,2021-12-29 08:17:00
10921,67,2910,Attended,2021-12-21 08:17:00,2021-12-29 08:17:00
10922,67,593,Attended,2021-12-13 08:17:00,2021-12-29 08:17:00
10923,67,2021,Registered,2021-11-15 08:17:00,
10924,67,2130,Attended,2021-12-03 08:17:00,2021-12-29 08:17:00
10925,67,2090,Attended,2021-12-28 08:17:00,2021-12-29 08:17:00
10926,67,921,No Show,2021-12-27 08:17:00,
10927,67,1726,No Show,2021-12-28 08:17:00,
10928,67,302,No Show,2021-12-19 08:17:00,
10929,67,2986,No Show,2021-11-30 08:17:00,
10930,67,2666,No Show,2021-12-09 08:17:00,
10931,67,2022,Attended,2021-12-15 08:17:00,2021-12-29 08:17:00
10932,67,3032,Attended,2021-11-18 08:17:00,2021-12-29 08:17:00
10933,67,2797,No Show,2021-11-19 08:17:00,
10934,67,917,Attended,2021-12-10 08:17:00,2021-12-29 08:17:00
10935,67,1027,Cancelled,2021-12-25 08:17:00,
10936,67,1482,Attended,2021-11-28 08:17:00,2021-12-29 08:17:00
10937,67,2723,Attended,2021-12-25 08:17:00,2021-12-29 08:17:00
10938,67,1156,Attended,2021-12-06 08:17:00,2021-12-29 08:17:00
10939,67,3182,Attended,2021-11-15 08:17:00,2021-12-29 08:17:00
10940,67,2939,Registered,2021-12-14 08:17:00,
10941,67,2724,Attended,2021-11-30 08:17:00,2021-12-29 08:17:00
10942,67,2273,Attended,2021-11-28 08:17:00,2021-12-29 08:17:00
10943,67,1593,Attended,2021-11-30 08:17:00,2021-12-29 08:17:00
10944,67,1545,Attended,2021-12-05 08:17:00,2021-12-29 08:17:00
10945,67,2721,Registered,2021-12-28 08:17:00,
10946,67,1004,Attended,2021-12-03 08:17:00,2021-12-29 08:17:00
10947,67,29,Attended,2021-12-10 08:17:00,2021-12-29 08:17:00
10948,67,1879,Attended,2021-11-18 08:17:00,2021-12-29 08:17:00
10949,67,2992,Attended,2021-11-27 08:17:00,2021-12-29 08:17:00
10950,67,1230,Cancelled,2021-12-01 08:17:00,
10951,67,2300,Registered,2021-12-18 08:17:00,
10952,67,26,Registered,2021-11-25 08:17:00,
10953,67,1582,Attended,2021-11-26 08:17:00,2021-12-29 08:17:00
10954,67,2479,Registered,2021-11-30 08:17:00,
10955,67,1391,Attended,2021-12-17 08:17:00,2021-12-29 08:17:00
10956,67,133,Attended,2021-12-19 08:17:00,2021-12-29 08:17:00
10957,67,106,Attended,2021-11-15 08:17:00,2021-12-29 08:17:00
10958,67,2706,Attended,2021-12-10 08:17:00,2021-12-29 08:17:00
10959,67,1570,Attended,2021-11-23 08:17:00,2021-12-29 08:17:00
10960,67,811,Attended,2021-11-17 08:17:00,2021-12-29 08:17:00
10961,67,2031,Attended,2021-12-09 08:17:00,2021-12-29 08:17:00
10962,67,2464,Registered,2021-11-28 08:17:00,
10963,67,1834,Registered,2021-12-25 08:17:00,
10964,67,577,Registered,2021-12-20 08:17:00,
10965,67,1748,Registered,2021-12-09 08:17:00,
10966,67,555,Attended,2021-11-28 08:17:00,2021-12-29 08:17:00
10967,67,2889,No Show,2021-12-03 08:17:00,
10968,67,2671,Attended,2021-12-12 08:17:00,2021-12-29 08:17:00
10969,67,2116,No Show,2021-12-23 08:17:00,
10970,67,2607,Attended,2021-11-16 08:17:00,2021-12-29 08:17:00
10971,67,1848,Cancelled,2021-12-10 08:17:00,
10972,67,1406,Attended,2021-11-26 08:17:00,2021-12-29 08:17:00
10973,67,515,Attended,2021-12-08 08:17:00,2021-12-29 08:17:00
10974,67,3179,Registered,2021-12-25 08:17:00,
10975,67,3038,Attended,2021-12-21 08:17:00,2021-12-29 08:17:00
10976,67,1487,Registered,2021-12-12 08:17:00,
10977,67,712,Registered,2021-11-20 08:17:00,
10978,67,2480,Attended,2021-12-28 08:17:00,2021-12-29 08:17:00
10979,67,2103,Attended,2021-11-24 08:17:00,2021-12-29 08:17:00
10980,67,8,Attended,2021-12-25 08:17:00,2021-12-29 08:17:00
10981,67,944,Registered,2021-12-27 08:17:00,
10982,67,1733,Cancelled,2021-12-05 08:17:00,
10983,67,1409,Attended,2021-12-25 08:17:00,2021-12-29 08:17:00
10984,67,2542,Attended,2021-11-22 08:17:00,2021-12-29 08:17:00
10985,67,1174,Cancelled,2021-12-26 08:17:00,
10986,67,3000,No Show,2021-12-08 08:17:00,
10987,67,3070,Attended,2021-12-25 08:17:00,2021-12-29 08:17:00
10988,67,2212,No Show,2021-12-20 08:17:00,
10989,67,2644,Attended,2021-12-01 08:17:00,2021-12-29 08:17:00
10990,67,2095,Attended,2021-12-05 08:17:00,2021-12-29 08:17:00
10991,67,2586,Registered,2021-12-22 08:17:00,
10992,67,2309,Attended,2021-11-15 08:17:00,2021-12-29 08:17:00
10993,67,2869,Registered,2021-12-16 08:17:00,
10994,67,1325,Attended,2021-11-24 08:17:00,2021-12-29 08:17:00
10995,67,1554,Cancelled,2021-11-19 08:17:00,
10996,67,2382,Attended,2021-12-15 08:17:00,2021-12-29 08:17:00
10997,67,1575,Attended,2021-12-16 08:17:00,2021-12-29 08:17:00
10998,67,2118,Attended,2021-11-28 08:17:00,2021-12-29 08:17:00
10999,67,949,Attended,2021-12-17 08:17:00,2021-12-29 08:17:00
11000,67,2381,Registered,2021-12-22 08:17:00,
11001,67,456,Attended,2021-11-28 08:17:00,2021-12-29 08:17:00
11002,67,1467,Registered,2021-11-22 08:17:00,
11003,67,1267,Cancelled,2021-12-14 08:17:00,
11004,67,806,Attended,2021-12-09 08:17:00,2021-12-29 08:17:00
11005,67,2851,Registered,2021-12-02 08:17:00,
11006,67,2094,Attended,2021-11-16 08:17:00,2021-12-29 08:17:00
11007,67,947,Attended,2021-11-15 08:17:00,2021-12-29 08:17:00
11008,67,1609,Registered,2021-11-15 08:17:00,
11009,67,375,Attended,2021-12-08 08:17:00,2021-12-29 08:17:00
11010,67,764,Attended,2021-12-28 08:17:00,2021-12-29 08:17:00
11011,67,452,Attended,2021-12-04 08:17:00,2021-12-29 08:17:00
11012,67,441,Attended,2021-12-04 08:17:00,2021-12-29 08:17:00
11013,67,2971,No Show,2021-12-13 08:17:00,
11014,67,2458,Attended,2021-12-04 08:17:00,2021-12-29 08:17:00
11015,67,1931,Attended,2021-12-28 08:17:00,2021-12-29 08:17:00
11016,67,431,Cancelled,2021-11-16 08:17:00,
11017,67,132,Attended,2021-11-21 08:17:00,2021-12-29 08:17:00
11018,67,498,Attended,2021-11-14 08:17:00,2021-12-29 08:17:00
11019,67,317,Attended,2021-12-01 08:17:00,2021-12-29 08:17:00
11020,67,1868,Attended,2021-11-25 08:17:00,2021-12-29 08:17:00
11021,67,1042,Cancelled,2021-12-28 08:17:00,
11022,67,1376,Attended,2021-12-04 08:17:00,2021-12-29 08:17:00
11023,67,3091,Attended,2021-12-11 08:17:00,2021-12-29 08:17:00
11024,67,2005,Attended,2021-12-01 08:17:00,2021-12-29 08:17:00
11025,67,3060,Attended,2021-12-10 08:17:00,2021-12-29 08:17:00
11026,67,1215,Attended,2021-11-18 08:17:00,2021-12-29 08:17:00
11027,67,2347,Attended,2021-12-17 08:17:00,2021-12-29 08:17:00
11028,67,2228,Attended,2021-12-13 08:17:00,2021-12-29 08:17:00
11029,67,2924,Attended,2021-12-14 08:17:00,2021-12-29 08:17:00
11030,67,2546,Attended,2021-11-14 08:17:00,2021-12-29 08:17:00
11031,67,3215,Registered,2021-12-12 08:17:00,
11032,67,2566,Attended,2021-11-17 08:17:00,2021-12-29 08:17:00
11033,67,2731,Attended,2021-11-22 08:17:00,2021-12-29 08:17:00
11034,67,919,Attended,2021-11-30 08:17:00,2021-12-29 08:17:00
11035,67,3028,Attended,2021-11-21 08:17:00,2021-12-29 08:17:00
11036,67,1031,Registered,2021-12-25 08:17:00,
11037,67,1791,Attended,2021-12-12 08:17:00,2021-12-29 08:17:00
11038,67,2438,No Show,2021-11-18 08:17:00,
11039,67,868,Registered,2021-12-15 08:17:00,
11040,67,3088,Attended,2021-12-07 08:17:00,2021-12-29 08:17:00
11041,67,1423,Registered,2021-12-11 08:17:00,
11042,67,81,Attended,2021-12-01 08:17:00,2021-12-29 08:17:00
11043,67,1218,Cancelled,2021-12-18 08:17:00,
11044,67,1483,Attended,2021-11-26 08:17:00,2021-12-29 08:17:00
11045,67,3141,Attended,2021-12-17 08:17:00,2021-12-29 08:17:00
11046,67,2222,Attended,2021-11-26 08:17:00,2021-12-29 08:17:00
11047,67,1257,Attended,2021-12-26 08:17:00,2021-12-29 08:17:00
11048,67,257,Registered,2021-12-07 08:17:00,
11049,67,2224,Attended,2021-12-01 08:17:00,2021-12-29 08:17:00
11050,67,503,Attended,2021-11-28 08:17:00,2021-12-29 08:17:00
11051,67,2161,Cancelled,2021-12-05 08:17:00,
11052,67,997,Cancelled,2021-11-26 08:17:00,
11053,67,3224,Attended,2021-12-09 08:17:00,2021-12-29 08:17:00
11054,67,2796,Cancelled,2021-12-13 08:17:00,
11055,67,2784,Attended,2021-11-21 08:17:00,2021-12-29 08:17:00
11056,67,957,No Show,2021-12-23 08:17:00,
11057,67,2497,Attended,2021-11-23 08:17:00,2021-12-29 08:17:00
11058,67,591,Attended,2021-12-17 08:17:00,2021-12-29 08:17:00
11059,67,2734,Attended,2021-11-29 08:17:00,2021-12-29 08:17:00
11060,67,248,Attended,2021-11-14 08:17:00,2021-12-29 08:17:00
11061,67,2206,Attended,2021-12-08 08:17:00,2021-12-29 08:17:00
11062,67,1734,Attended,2021-12-03 08:17:00,2021-12-29 08:17:00
11063,67,891,Attended,2021-11-30 08:17:00,2021-12-29 08:17:00
11064,67,836,Attended,2021-11-21 08:17:00,2021-12-29 08:17:00
11065,67,1896,Attended,2021-11-25 08:17:00,2021-12-29 08:17:00
11066,67,2120,Registered,2021-12-26 08:17:00,
11067,67,2568,Attended,2021-12-18 08:17:00,2021-12-29 08:17:00
11068,67,2918,Cancelled,2021-12-28 08:17:00,
11069,67,2567,Attended,2021-12-03 08:17:00,2021-12-29 08:17:00
11070,67,2267,Attended,2021-11-24 08:17:00,2021-12-29 08:17:00
11071,67,67,Attended,2021-11-18 08:17:00,2021-12-29 08:17:00
11072,67,2488,No Show,2021-12-18 08:17:00,
11073,67,2007,Attended,2021-11-24 08:17:00,2021-12-29 08:17:00
11074,67,1238,Attended,2021-11-23 08:17:00,2021-12-29 08:17:00
11075,67,748,Registered,2021-12-18 08:17:00,
11076,67,1123,Attended,2021-11-21 08:17:00,2021-12-29 08:17:00
11077,67,1827,No Show,2021-12-12 08:17:00,
11078,67,1633,Attended,2021-12-10 08:17:00,2021-12-29 08:17:00
11079,67,280,Registered,2021-12-08 08:17:00,
11080,67,1297,Attended,2021-11-18 08:17:00,2021-12-29 08:17:00
11081,67,129,Attended,2021-12-14 08:17:00,2021-12-29 08:17:00
11082,67,2596,Attended,2021-12-11 08:17:00,2021-12-29 08:17:00
11083,67,1386,Registered,2021-12-25 08:17:00,
11084,67,2968,No Show,2021-12-25 08:17:00,
11085,67,3231,No Show,2021-12-20 08:17:00,
11086,67,2638,Registered,2021-12-23 08:17:00,
11087,67,699,Cancelled,2021-11-19 08:17:00,
11088,67,2708,Attended,2021-11-21 08:17:00,2021-12-29 08:17:00
11089,67,543,Attended,2021-12-28 08:17:00,2021-12-29 08:17:00
11090,67,287,No Show,2021-11-18 08:17:00,
11091,67,305,Attended,2021-12-17 08:17:00,2021-12-29 08:17:00
11092,67,1324,Cancelled,2021-12-27 08:17:00,
11093,67,2786,Registered,2021-11-14 08:17:00,
11094,67,1818,Attended,2021-12-20 08:17:00,2021-12-29 08:17:00
11095,67,1798,Attended,2021-12-18 08:17:00,2021-12-29 08:17:00
11096,67,2511,Attended,2021-12-19 08:17:00,2021-12-29 08:17:00
11097,67,883,Cancelled,2021-12-24 08:17:00,
11098,67,2196,Attended,2021-12-15 08:17:00,2021-12-29 08:17:00
11099,67,1674,Attended,2021-11-23 08:17:00,2021-12-29 08:17:00
11100,67,3149,Attended,2021-11-26 08:17:00,2021-12-29 08:17:00
11101,67,2684,Attended,2021-12-05 08:17:00,2021-12-29 08:17:00
11102,67,2316,Attended,2021-12-17 08:17:00,2021-12-29 08:17:00
11103,67,570,Attended,2021-12-08 08:17:00,2021-12-29 08:17:00
11104,67,1513,Attended,2021-12-17 08:17:00,2021-12-29 08:17:00
11105,67,873,Attended,2021-12-25 08:17:00,2021-12-29 08:17:00
11106,67,2730,Cancelled,2021-11-16 08:17:00,
11107,67,3058,No Show,2021-11-25 08:17:00,
11108,67,2807,Attended,2021-12-20 08:17:00,2021-12-29 08:17:00
11109,67,261,No Show,2021-12-05 08:17:00,
11110,67,1943,Attended,2021-12-28 08:17:00,2021-12-29 08:17:00
11111,67,2227,Attended,2021-12-01 08:17:00,2021-12-29 08:17:00
11112,67,2197,No Show,2021-12-02 08:17:00,
11113,67,1062,Attended,2021-12-23 08:17:00,2021-12-29 08:17:00
11114,67,901,Attended,2021-11-20 08:17:00,2021-12-29 08:17:00
11115,67,1701,Attended,2021-12-09 08:17:00,2021-12-29 08:17:00
11116,67,1541,Attended,2021-12-06 08:17:00,2021-12-29 08:17:00
11117,67,2863,Attended,2021-12-01 08:17:00,2021-12-29 08:17:00
11118,67,1665,No Show,2021-12-26 08:17:00,
11119,67,2575,Attended,2021-11-28 08:17:00,2021-12-29 08:17:00
11120,67,3239,Attended,2021-11-22 08:17:00,2021-12-29 08:17:00
11121,67,2398,Attended,2021-11-15 08:17:00,2021-12-29 08:17:00
11122,67,1271,Attended,2021-12-05 08:17:00,2021-12-29 08:17:00
11123,67,2303,Attended,2021-11-15 08:17:00,2021-12-29 08:17:00
11124,67,855,No Show,2021-11-19 08:17:00,
11125,67,1196,Attended,2021-11-20 08:17:00,2021-12-29 08:17:00
11126,67,1639,Attended,2021-12-13 08:17:00,2021-12-29 08:17:00
11127,67,983,Attended,2021-12-03 08:17:00,2021-12-29 08:17:00
11128,67,413,No Show,2021-12-16 08:17:00,
11129,67,1132,Registered,2021-11-25 08:17:00,
11130,67,568,Attended,2021-12-17 08:17:00,2021-12-29 08:17:00
11131,67,853,Attended,2021-12-08 08:17:00,2021-12-29 08:17:00
11132,67,905,Attended,2021-12-20 08:17:00,2021-12-29 08:17:00
11133,67,298,Attended,2021-12-01 08:17:00,2021-12-29 08:17:00
11134,67,2915,Attended,2021-12-25 08:17:00,2021-12-29 08:17:00
11135,67,2208,Attended,2021-11-19 08:17:00,2021-12-29 08:17:00
11136,67,734,Attended,2021-11-22 08:17:00,2021-12-29 08:17:00
11137,67,2519,Cancelled,2021-11-27 08:17:00,
11138,67,1270,Attended,2021-11-25 08:17:00,2021-12-29 08:17:00
11139,67,172,Attended,2021-12-15 08:17:00,2021-12-29 08:17:00
11140,67,882,Attended,2021-11-24 08:17:00,2021-12-29 08:17:00
11141,67,3172,Cancelled,2021-12-14 08:17:00,
11142,67,1561,Attended,2021-12-24 08:17:00,2021-12-29 08:17:00
11143,67,3166,No Show,2021-12-07 08:17:00,
11144,67,2630,Cancelled,2021-11-20 08:17:00,
11145,67,2763,Attended,2021-12-14 08:17:00,2021-12-29 08:17:00
11146,67,143,Attended,2021-11-16 08:17:00,2021-12-29 08:17:00
11147,67,1021,Attended,2021-12-14 08:17:00,2021-12-29 08:17:00
11148,67,1727,Registered,2021-11-21 08:17:00,
11149,67,1056,Attended,2021-12-28 08:17:00,2021-12-29 08:17:00
11150,67,924,Attended,2021-12-14 08:17:00,2021-12-29 08:17:00
11151,67,2238,Registered,2021-12-07 08:17:00,
11152,67,2023,Attended,2021-11-20 08:17:00,2021-12-29 08:17:00
11153,67,93,No Show,2021-12-13 08:17:00,
11154,67,11,Attended,2021-11-30 08:17:00,2021-12-29 08:17:00
11155,67,1122,Attended,2021-11-21 08:17:00,2021-12-29 08:17:00
11156,67,2075,Attended,2021-11-27 08:17:00,2021-12-29 08:17:00
11157,67,1366,Attended,2021-12-27 08:17:00,2021-12-29 08:17:00
11158,67,1630,Attended,2021-12-23 08:17:00,2021-12-29 08:17:00
11159,67,1615,Attended,2021-11-22 08:17:00,2021-12-29 08:17:00
11160,67,3126,Registered,2021-12-12 08:17:00,
11161,67,578,Attended,2021-12-08 08:17:00,2021-12-29 08:17:00
11162,67,105,No Show,2021-11-18 08:17:00,
11163,67,847,Attended,2021-11-21 08:17:00,2021-12-29 08:17:00
11164,67,1016,Registered,2021-12-14 08:17:00,
11165,67,2189,Attended,2021-11-22 08:17:00,2021-12-29 08:17:00
11166,67,1414,Attended,2021-11-14 08:17:00,2021-12-29 08:17:00
11167,67,2054,Attended,2021-12-26 08:17:00,2021-12-29 08:17:00
11168,67,46,Attended,2021-11-27 08:17:00,2021-12-29 08:17:00
11169,67,2937,Attended,2021-12-20 08:17:00,2021-12-29 08:17:00
11170,67,2107,Attended,2021-12-03 08:17:00,2021-12-29 08:17:00
11171,67,830,Registered,2021-12-02 08:17:00,
11172,67,2553,Attended,2021-11-29 08:17:00,2021-12-29 08:17:00
11173,67,2450,No Show,2021-11-14 08:17:00,
11174,67,158,Attended,2021-12-19 08:17:00,2021-12-29 08:17:00
11175,67,2887,Attended,2021-11-25 08:17:00,2021-12-29 08:17:00
11176,67,2767,Registered,2021-11-19 08:17:00,
11177,67,2057,Cancelled,2021-12-13 08:17:00,
11178,67,1053,Attended,2021-11-20 08:17:00,2021-12-29 08:17:00
11179,67,2088,Registered,2021-12-23 08:17:00,
11180,67,3251,Attended,2021-11-27 08:17:00,2021-12-29 08:17:00
11181,67,584,Attended,2021-12-24 08:17:00,2021-12-29 08:17:00
11182,67,489,Attended,2021-12-03 08:17:00,2021-12-29 08:17:00
11183,67,2472,Registered,2021-12-06 08:17:00,
11184,67,166,No Show,2021-11-23 08:17:00,
11185,67,1552,Attended,2021-12-09 08:17:00,2021-12-29 08:17:00
11186,67,2712,Attended,2021-11-14 08:17:00,2021-12-29 08:17:00
11187,67,339,Attended,2021-11-22 08:17:00,2021-12-29 08:17:00
11188,67,1729,Attended,2021-12-09 08:17:00,2021-12-29 08:17:00
11189,67,1610,Attended,2021-11-22 08:17:00,2021-12-29 08:17:00
11190,67,1106,Attended,2021-11-24 08:17:00,2021-12-29 08:17:00
11191,67,2478,Attended,2021-11-25 08:17:00,2021-12-29 08:17:00
11192,67,1636,Attended,2021-11-26 08:17:00,2021-12-29 08:17:00
11193,67,2456,Attended,2021-12-15 08:17:00,2021-12-29 08:17:00
11194,67,149,Registered,2021-11-23 08:17:00,
11195,67,1273,No Show,2021-12-08 08:17:00,
11196,67,20,Attended,2021-11-14 08:17:00,2021-12-29 08:17:00
11197,67,1592,Cancelled,2021-12-18 08:17:00,
11198,67,1547,Attended,2021-12-21 08:17:00,2021-12-29 08:17:00
11199,67,744,Attended,2021-12-18 08:17:00,2021-12-29 08:17:00
11200,67,2528,Attended,2021-12-12 08:17:00,2021-12-29 08:17:00
11201,67,1491,Cancelled,2021-12-11 08:17:00,
11202,67,1349,Registered,2021-11-15 08:17:00,
11203,67,2404,Cancelled,2021-11-27 08:17:00,
11204,67,1779,Attended,2021-12-11 08:17:00,2021-12-29 08:17:00
11205,67,834,Attended,2021-12-23 08:17:00,2021-12-29 08:17:00
11206,67,2791,Attended,2021-11-30 08:17:00,2021-12-29 08:17:00
11207,67,2640,Registered,2021-12-18 08:17:00,
11208,67,733,Attended,2021-12-04 08:17:00,2021-12-29 08:17:00
11209,67,939,Attended,2021-11-23 08:17:00,2021-12-29 08:17:00
11210,67,967,No Show,2021-12-15 08:17:00,
11211,67,51,Attended,2021-12-16 08:17:00,2021-12-29 08:17:00
11212,67,1341,Attended,2021-12-11 08:17:00,2021-12-29 08:17:00
11213,67,647,No Show,2021-12-21 08:17:00,
11214,67,706,No Show,2021-11-23 08:17:00,
11215,67,1568,Registered,2021-12-09 08:17:00,
11216,67,3051,Attended,2021-12-12 08:17:00,2021-12-29 08:17:00
11217,67,2886,Attended,2021-11-25 08:17:00,2021-12-29 08:17:00
11218,67,872,Cancelled,2021-12-08 08:17:00,
11219,67,547,Attended,2021-12-13 08:17:00,2021-12-29 08:17:00
11220,67,425,Attended,2021-12-06 08:17:00,2021-12-29 08:17:00
11221,67,975,Attended,2021-12-15 08:17:00,2021-12-29 08:17:00
11222,67,1625,Attended,2021-12-13 08:17:00,2021-12-29 08:17:00
11223,67,2787,Attended,2021-12-17 08:17:00,2021-12-29 08:17:00
11224,67,3115,Attended,2021-11-16 08:17:00,2021-12-29 08:17:00
11225,67,1289,Registered,2021-12-03 08:17:00,
11226,67,1169,Attended,2021-12-13 08:17:00,2021-12-29 08:17:00
11227,67,465,Attended,2021-11-15 08:17:00,2021-12-29 08:17:00
11228,67,1518,Attended,2021-12-07 08:17:00,2021-12-29 08:17:00
11229,67,1758,Registered,2021-11-19 08:17:00,
11230,67,1953,Registered,2021-12-22 08:17:00,
11231,67,3055,Attended,2021-12-21 08:17:00,2021-12-29 08:17:00
11232,67,1357,Registered,2021-12-07 08:17:00,
11233,67,1754,Attended,2021-12-19 08:17:00,2021-12-29 08:17:00
11234,67,2173,Attended,2021-11-17 08:17:00,2021-12-29 08:17:00
11235,67,1364,Attended,2021-12-22 08:17:00,2021-12-29 08:17:00
11236,67,1816,Attended,2021-11-18 08:17:00,2021-12-29 08:17:00
11237,67,3134,No Show,2021-11-19 08:17:00,
11238,67,1210,Attended,2021-11-26 08:17:00,2021-12-29 08:17:00
11239,67,1060,No Show,2021-11-17 08:17:00,
11240,67,1118,No Show,2021-12-10 08:17:00,
11241,67,2360,No Show,2021-11-26 08:17:00,
11242,67,2896,Attended,2021-11-25 08:17:00,2021-12-29 08:17:00
11243,67,1569,Attended,2021-12-20 08:17:00,2021-12-29 08:17:00
11244,67,3029,Attended,2021-12-12 08:17:00,2021-12-29 08:17:00
11245,67,2264,Registered,2021-12-22 08:17:00,
11246,67,1401,Attended,2021-11-18 08:17:00,2021-12-29 08:17:00
11247,67,1165,Attended,2021-11-24 08:17:00,2021-12-29 08:17:00
11248,67,468,Attended,2021-12-21 08:17:00,2021-12-29 08:17:00
11249,67,575,Attended,2021-12-15 08:17:00,2021-12-29 08:17:00
11250,67,2914,Registered,2021-12-13 08:17:00,
11251,67,1585,Attended,2021-12-25 08:17:00,2021-12-29 08:17:00
11252,67,80,Attended,2021-11-16 08:17:00,2021-12-29 08:17:00
11253,67,1555,Attended,2021-12-23 08:17:00,2021-12-29 08:17:00
11254,67,2170,Attended,2021-12-14 08:17:00,2021-12-29 08:17:00
11255,67,510,Attended,2021-11-23 08:17:00,2021-12-29 08:17:00
11256,67,819,Attended,2021-12-07 08:17:00,2021-12-29 08:17:00
11257,67,2032,Cancelled,2021-12-16 08:17:00,
11258,67,974,Attended,2021-12-20 08:17:00,2021-12-29 08:17:00
11259,67,24,Registered,2021-11-16 08:17:00,
11260,67,416,No Show,2021-11-22 08:17:00,
11261,67,600,Attended,2021-11-26 08:17:00,2021-12-29 08:17:00
11262,67,2942,Attended,2021-11-16 08:17:00,2021-12-29 08:17:00
11263,67,2916,Attended,2021-12-12 08:17:00,2021-12-29 08:17:00
11264,67,2773,Registered,2021-11-25 08:17:00,
11265,67,616,Attended,2021-12-20 08:17:00,2021-12-29 08:17:00
11266,67,3198,Attended,2021-12-22 08:17:00,2021-12-29 08:17:00
11267,67,1147,Attended,2021-11-20 08:17:00,2021-12-29 08:17:00
11268,67,2788,Attended,2021-12-19 08:17:00,2021-12-29 08:17:00
11269,67,703,Registered,2021-12-28 08:17:00,
11270,67,2125,Attended,2021-12-04 08:17:00,2021-12-29 08:17:00
11271,67,3196,Attended,2021-12-24 08:17:00,2021-12-29 08:17:00
11272,67,781,Attended,2021-12-03 08:17:00,2021-12-29 08:17:00
11273,67,1549,Attended,2021-11-26 08:17:00,2021-12-29 08:17:00
11274,67,2462,Attended,2021-11-21 08:17:00,2021-12-29 08:17:00
11275,68,671,Attended,2022-08-26 22:25:33,2022-08-29 22:25:33
11276,68,2028,Registered,2022-07-23 22:25:33,
11277,68,2539,Cancelled,2022-08-09 22:25:33,
11278,68,1509,Attended,2022-07-21 22:25:33,2022-08-29 22:25:33
11279,68,922,Attended,2022-07-15 22:25:33,2022-08-29 22:25:33
11280,68,1283,Attended,2022-08-23 22:25:33,2022-08-29 22:25:33
11281,68,2160,Cancelled,2022-08-05 22:25:33,
11282,68,2780,Attended,2022-08-18 22:25:33,2022-08-29 22:25:33
11283,68,485,Attended,2022-07-19 22:25:33,2022-08-29 22:25:33
11284,68,2961,Attended,2022-08-04 22:25:33,2022-08-29 22:25:33
11285,68,1964,Registered,2022-07-21 22:25:33,
11286,68,2416,Registered,2022-07-16 22:25:33,
11287,68,250,Registered,2022-08-27 22:25:33,
11288,68,1064,Cancelled,2022-08-03 22:25:33,
11289,68,1070,Attended,2022-08-14 22:25:33,2022-08-29 22:25:33
11290,68,3090,Registered,2022-08-26 22:25:33,
11291,68,199,Cancelled,2022-07-22 22:25:33,
11292,68,2335,Attended,2022-07-21 22:25:33,2022-08-29 22:25:33
11293,68,2386,Attended,2022-08-15 22:25:33,2022-08-29 22:25:33
11294,68,1785,No Show,2022-08-18 22:25:33,
11295,68,1081,Attended,2022-08-03 22:25:33,2022-08-29 22:25:33
11296,68,2348,Registered,2022-08-13 22:25:33,
11297,68,1145,Attended,2022-08-20 22:25:33,2022-08-29 22:25:33
11298,68,270,Attended,2022-08-09 22:25:33,2022-08-29 22:25:33
11299,68,2692,Registered,2022-08-17 22:25:33,
11300,68,2938,Attended,2022-07-19 22:25:33,2022-08-29 22:25:33
11301,68,2947,Cancelled,2022-07-19 22:25:33,
11302,68,1125,Attended,2022-08-26 22:25:33,2022-08-29 22:25:33
11303,68,2977,Attended,2022-08-23 22:25:33,2022-08-29 22:25:33
11304,68,895,Attended,2022-07-21 22:25:33,2022-08-29 22:25:33
11305,68,428,No Show,2022-07-19 22:25:33,
11306,68,2495,Attended,2022-08-18 22:25:33,2022-08-29 22:25:33
11307,68,2597,No Show,2022-07-27 22:25:33,
11308,68,1475,Attended,2022-08-05 22:25:33,2022-08-29 22:25:33
11309,68,2762,Attended,2022-07-17 22:25:33,2022-08-29 22:25:33
11310,68,2221,Registered,2022-08-12 22:25:33,
11311,68,1623,Registered,2022-08-28 22:25:33,
11312,68,1121,Attended,2022-08-15 22:25:33,2022-08-29 22:25:33
11313,68,1042,Attended,2022-07-29 22:25:33,2022-08-29 22:25:33
11314,68,1410,Registered,2022-08-01 22:25:33,
11315,68,490,Registered,2022-07-29 22:25:33,
11316,68,1082,Registered,2022-07-19 22:25:33,
11317,68,2468,Cancelled,2022-08-06 22:25:33,
11318,68,2523,Attended,2022-08-01 22:25:33,2022-08-29 22:25:33
11319,68,39,Attended,2022-08-03 22:25:33,2022-08-29 22:25:33
11320,68,1017,Attended,2022-07-18 22:25:33,2022-08-29 22:25:33
11321,68,2514,No Show,2022-08-17 22:25:33,
11322,68,1203,Attended,2022-08-01 22:25:33,2022-08-29 22:25:33
11323,68,627,Attended,2022-08-24 22:25:33,2022-08-29 22:25:33
11324,68,1016,Registered,2022-07-21 22:25:33,
11325,68,2661,Attended,2022-07-21 22:25:33,2022-08-29 22:25:33
11326,68,3171,Registered,2022-07-28 22:25:33,
11327,68,2838,No Show,2022-07-20 22:25:33,
11328,68,1294,Cancelled,2022-08-23 22:25:33,
11329,68,1481,Attended,2022-08-22 22:25:33,2022-08-29 22:25:33
11330,68,2674,Registered,2022-08-02 22:25:33,
11331,68,158,Attended,2022-07-21 22:25:33,2022-08-29 22:25:33
11332,68,2753,No Show,2022-07-19 22:25:33,
11333,68,1752,Attended,2022-08-27 22:25:33,2022-08-29 22:25:33
11334,68,2826,Attended,2022-08-28 22:25:33,2022-08-29 22:25:33
11335,68,762,Attended,2022-08-14 22:25:33,2022-08-29 22:25:33
11336,68,400,Attended,2022-08-26 22:25:33,2022-08-29 22:25:33
11337,68,1422,Cancelled,2022-07-19 22:25:33,
11338,68,2481,Cancelled,2022-08-08 22:25:33,
11339,68,2308,Cancelled,2022-07-25 22:25:33,
11340,68,3143,Attended,2022-08-19 22:25:33,2022-08-29 22:25:33
11341,68,2695,Attended,2022-08-01 22:25:33,2022-08-29 22:25:33
11342,68,2043,Registered,2022-07-24 22:25:33,
11343,68,2821,Registered,2022-08-17 22:25:33,
11344,68,487,Attended,2022-07-22 22:25:33,2022-08-29 22:25:33
11345,68,2038,Attended,2022-08-08 22:25:33,2022-08-29 22:25:33
11346,68,2622,Attended,2022-08-05 22:25:33,2022-08-29 22:25:33
11347,68,3094,Registered,2022-08-25 22:25:33,
11348,68,750,Attended,2022-08-08 22:25:33,2022-08-29 22:25:33
11349,68,267,Registered,2022-07-18 22:25:33,
11350,68,1598,Attended,2022-08-09 22:25:33,2022-08-29 22:25:33
11351,68,1887,Registered,2022-08-10 22:25:33,
11352,68,2178,Attended,2022-08-25 22:25:33,2022-08-29 22:25:33
11353,68,2564,Attended,2022-07-28 22:25:33,2022-08-29 22:25:33
11354,68,413,No Show,2022-08-02 22:25:33,
11355,68,367,Attended,2022-08-01 22:25:33,2022-08-29 22:25:33
11356,68,2077,Attended,2022-07-26 22:25:33,2022-08-29 22:25:33
11357,68,2089,Attended,2022-07-18 22:25:33,2022-08-29 22:25:33
11358,68,3105,Registered,2022-08-25 22:25:33,
11359,68,1510,Cancelled,2022-07-30 22:25:33,
11360,68,392,Attended,2022-08-20 22:25:33,2022-08-29 22:25:33
11361,68,293,No Show,2022-08-19 22:25:33,
11362,68,2286,Attended,2022-07-16 22:25:33,2022-08-29 22:25:33
11363,68,2477,Attended,2022-08-09 22:25:33,2022-08-29 22:25:33
11364,68,1951,Attended,2022-08-11 22:25:33,2022-08-29 22:25:33
11365,68,826,Attended,2022-08-23 22:25:33,2022-08-29 22:25:33
11366,68,1127,Attended,2022-07-18 22:25:33,2022-08-29 22:25:33
11367,68,807,Attended,2022-08-23 22:25:33,2022-08-29 22:25:33
11368,68,2391,Registered,2022-08-10 22:25:33,
11369,68,591,No Show,2022-08-18 22:25:33,
11370,68,827,No Show,2022-08-05 22:25:33,
11371,68,20,Registered,2022-08-15 22:25:33,
11372,68,879,No Show,2022-07-26 22:25:33,
11373,68,1695,Attended,2022-08-19 22:25:33,2022-08-29 22:25:33
11374,68,2503,Attended,2022-07-26 22:25:33,2022-08-29 22:25:33
11375,68,1312,Attended,2022-08-28 22:25:33,2022-08-29 22:25:33
11376,68,1429,Attended,2022-07-23 22:25:33,2022-08-29 22:25:33
11377,68,1947,Attended,2022-08-24 22:25:33,2022-08-29 22:25:33
11378,68,2107,No Show,2022-08-15 22:25:33,
11379,68,1937,Attended,2022-08-20 22:25:33,2022-08-29 22:25:33
11380,68,1527,Attended,2022-07-31 22:25:33,2022-08-29 22:25:33
11381,68,2787,Registered,2022-07-19 22:25:33,
11382,68,2956,Attended,2022-08-12 22:25:33,2022-08-29 22:25:33
11383,68,1253,Attended,2022-08-10 22:25:33,2022-08-29 22:25:33
11384,68,3232,Attended,2022-07-18 22:25:33,2022-08-29 22:25:33
11385,68,2621,Registered,2022-08-06 22:25:33,
11386,68,3069,No Show,2022-07-16 22:25:33,
11387,68,2212,Attended,2022-08-20 22:25:33,2022-08-29 22:25:33
11388,68,2672,Registered,2022-07-31 22:25:33,
11389,68,2685,No Show,2022-08-20 22:25:33,
11390,68,372,Attended,2022-08-25 22:25:33,2022-08-29 22:25:33
11391,68,1688,Cancelled,2022-08-14 22:25:33,
11392,68,3157,Attended,2022-08-03 22:25:33,2022-08-29 22:25:33
11393,68,733,Cancelled,2022-08-26 22:25:33,
11394,68,1126,Attended,2022-08-23 22:25:33,2022-08-29 22:25:33
11395,68,1959,Attended,2022-08-26 22:25:33,2022-08-29 22:25:33
11396,68,2285,Attended,2022-08-07 22:25:33,2022-08-29 22:25:33
11397,68,539,Attended,2022-07-23 22:25:33,2022-08-29 22:25:33
11398,68,1780,Attended,2022-08-14 22:25:33,2022-08-29 22:25:33
11399,68,1461,Attended,2022-07-27 22:25:33,2022-08-29 22:25:33
11400,68,505,Attended,2022-08-22 22:25:33,2022-08-29 22:25:33
11401,68,1405,Attended,2022-08-13 22:25:33,2022-08-29 22:25:33
11402,68,1593,Attended,2022-07-30 22:25:33,2022-08-29 22:25:33
11403,68,764,No Show,2022-08-16 22:25:33,
11404,68,2401,Attended,2022-08-02 22:25:33,2022-08-29 22:25:33
11405,68,237,No Show,2022-07-30 22:25:33,
11406,68,2268,Attended,2022-07-19 22:25:33,2022-08-29 22:25:33
11407,68,170,Registered,2022-08-09 22:25:33,
11408,68,1915,Attended,2022-08-17 22:25:33,2022-08-29 22:25:33
11409,68,326,Attended,2022-07-21 22:25:33,2022-08-29 22:25:33
11410,68,2400,Attended,2022-08-26 22:25:33,2022-08-29 22:25:33
11411,68,168,Attended,2022-08-11 22:25:33,2022-08-29 22:25:33
11412,68,885,Attended,2022-07-20 22:25:33,2022-08-29 22:25:33
11413,68,2039,Attended,2022-08-22 22:25:33,2022-08-29 22:25:33
11414,68,1454,Registered,2022-08-21 22:25:33,
11415,68,2748,Attended,2022-07-21 22:25:33,2022-08-29 22:25:33
11416,68,2311,Registered,2022-08-09 22:25:33,
11417,68,619,Attended,2022-08-14 22:25:33,2022-08-29 22:25:33
11418,68,1797,Registered,2022-07-30 22:25:33,
11419,68,365,Attended,2022-07-25 22:25:33,2022-08-29 22:25:33
11420,68,1392,Attended,2022-07-30 22:25:33,2022-08-29 22:25:33
11421,68,2070,No Show,2022-07-15 22:25:33,
11422,68,1942,No Show,2022-07-20 22:25:33,
11423,68,3225,Attended,2022-08-16 22:25:33,2022-08-29 22:25:33
11424,68,1458,Registered,2022-08-01 22:25:33,
11425,68,1781,Attended,2022-07-15 22:25:33,2022-08-29 22:25:33
11426,68,1476,Attended,2022-08-27 22:25:33,2022-08-29 22:25:33
11427,68,995,Cancelled,2022-08-23 22:25:33,
11428,68,2925,Attended,2022-08-09 22:25:33,2022-08-29 22:25:33
11429,68,5,Registered,2022-08-07 22:25:33,
11430,68,2358,Attended,2022-08-17 22:25:33,2022-08-29 22:25:33
11431,68,3124,Attended,2022-08-07 22:25:33,2022-08-29 22:25:33
11432,68,1821,Registered,2022-08-11 22:25:33,
11433,68,1645,Attended,2022-07-19 22:25:33,2022-08-29 22:25:33
11434,68,91,Cancelled,2022-07-21 22:25:33,
11435,68,1397,Attended,2022-07-15 22:25:33,2022-08-29 22:25:33
11436,68,503,Attended,2022-07-23 22:25:33,2022-08-29 22:25:33
11437,68,1316,Attended,2022-08-01 22:25:33,2022-08-29 22:25:33
11438,68,943,Attended,2022-08-21 22:25:33,2022-08-29 22:25:33
11439,68,395,Cancelled,2022-08-20 22:25:33,
11440,68,348,Attended,2022-07-25 22:25:33,2022-08-29 22:25:33
11441,68,2887,Registered,2022-08-24 22:25:33,
11442,68,773,Cancelled,2022-08-01 22:25:33,
11443,68,1201,Attended,2022-08-15 22:25:33,2022-08-29 22:25:33
11444,68,778,Attended,2022-08-08 22:25:33,2022-08-29 22:25:33
11445,68,149,Attended,2022-08-09 22:25:33,2022-08-29 22:25:33
11446,68,805,Registered,2022-07-26 22:25:33,
11447,68,2781,Attended,2022-08-06 22:25:33,2022-08-29 22:25:33
11448,68,975,No Show,2022-07-20 22:25:33,
11449,68,106,Attended,2022-08-22 22:25:33,2022-08-29 22:25:33
11450,68,3185,Attended,2022-07-21 22:25:33,2022-08-29 22:25:33
11451,68,2530,Registered,2022-08-21 22:25:33,
11452,68,2891,No Show,2022-08-17 22:25:33,
11453,68,2865,Attended,2022-08-25 22:25:33,2022-08-29 22:25:33
11454,68,2223,Attended,2022-08-07 22:25:33,2022-08-29 22:25:33
11455,68,708,Attended,2022-08-05 22:25:33,2022-08-29 22:25:33
11456,68,251,Attended,2022-08-22 22:25:33,2022-08-29 22:25:33
11457,68,295,Attended,2022-08-13 22:25:33,2022-08-29 22:25:33
11458,68,980,Attended,2022-07-27 22:25:33,2022-08-29 22:25:33
11459,68,2578,Registered,2022-07-20 22:25:33,
11460,68,121,Attended,2022-08-03 22:25:33,2022-08-29 22:25:33
11461,68,1884,Attended,2022-08-08 22:25:33,2022-08-29 22:25:33
11462,68,1826,Attended,2022-08-21 22:25:33,2022-08-29 22:25:33
11463,68,1340,Attended,2022-08-19 22:25:33,2022-08-29 22:25:33
11464,68,1039,Attended,2022-07-18 22:25:33,2022-08-29 22:25:33
11465,68,1382,Registered,2022-08-02 22:25:33,
11466,68,1682,Attended,2022-07-16 22:25:33,2022-08-29 22:25:33
11467,68,648,Attended,2022-08-06 22:25:33,2022-08-29 22:25:33
11468,68,2489,Cancelled,2022-08-26 22:25:33,
11469,68,554,Attended,2022-08-16 22:25:33,2022-08-29 22:25:33
11470,68,687,Cancelled,2022-07-30 22:25:33,
11471,68,332,Attended,2022-08-16 22:25:33,2022-08-29 22:25:33
11472,68,2508,Attended,2022-08-02 22:25:33,2022-08-29 22:25:33
11473,68,1263,No Show,2022-08-25 22:25:33,
11474,68,2060,Attended,2022-07-21 22:25:33,2022-08-29 22:25:33
11475,68,1407,No Show,2022-08-16 22:25:33,
11476,68,573,Attended,2022-08-07 22:25:33,2022-08-29 22:25:33
11477,68,12,Cancelled,2022-07-19 22:25:33,
11478,68,2799,No Show,2022-08-04 22:25:33,
11479,68,1978,Cancelled,2022-08-19 22:25:33,
11480,68,1257,Attended,2022-08-08 22:25:33,2022-08-29 22:25:33
11481,68,1762,Attended,2022-08-06 22:25:33,2022-08-29 22:25:33
11482,68,40,Attended,2022-08-22 22:25:33,2022-08-29 22:25:33
11483,68,2421,Registered,2022-07-18 22:25:33,
11484,68,864,Attended,2022-08-09 22:25:33,2022-08-29 22:25:33
11485,68,1219,Attended,2022-07-24 22:25:33,2022-08-29 22:25:33
11486,68,2611,Attended,2022-07-25 22:25:33,2022-08-29 22:25:33
11487,68,822,No Show,2022-08-14 22:25:33,
11488,68,2056,Attended,2022-08-28 22:25:33,2022-08-29 22:25:33
11489,68,1456,Attended,2022-07-29 22:25:33,2022-08-29 22:25:33
11490,68,1615,No Show,2022-08-01 22:25:33,
11491,68,3088,Attended,2022-08-20 22:25:33,2022-08-29 22:25:33
11492,68,1095,Attended,2022-08-03 22:25:33,2022-08-29 22:25:33
11493,68,3029,No Show,2022-08-23 22:25:33,
11494,68,2461,Attended,2022-07-15 22:25:33,2022-08-29 22:25:33
11495,68,1001,Cancelled,2022-07-18 22:25:33,
11496,68,1394,Attended,2022-07-19 22:25:33,2022-08-29 22:25:33
11497,68,269,Attended,2022-08-01 22:25:33,2022-08-29 22:25:33
11498,68,2968,Attended,2022-08-01 22:25:33,2022-08-29 22:25:33
11499,68,1109,Attended,2022-07-17 22:25:33,2022-08-29 22:25:33
11500,68,1440,Attended,2022-07-27 22:25:33,2022-08-29 22:25:33
11501,68,958,Registered,2022-08-05 22:25:33,
11502,68,1167,Attended,2022-08-24 22:25:33,2022-08-29 22:25:33
11503,68,1696,Attended,2022-08-26 22:25:33,2022-08-29 22:25:33
11504,68,2096,Attended,2022-08-08 22:25:33,2022-08-29 22:25:33
11505,68,2549,Registered,2022-07-31 22:25:33,
11506,68,985,No Show,2022-08-19 22:25:33,
11507,68,2363,Attended,2022-07-24 22:25:33,2022-08-29 22:25:33
11508,68,52,Attended,2022-08-27 22:25:33,2022-08-29 22:25:33
11509,68,384,Registered,2022-07-28 22:25:33,
11510,68,1065,Attended,2022-07-29 22:25:33,2022-08-29 22:25:33
11511,68,682,Attended,2022-08-05 22:25:33,2022-08-29 22:25:33
11512,68,2995,Attended,2022-07-26 22:25:33,2022-08-29 22:25:33
11513,68,2632,Attended,2022-08-27 22:25:33,2022-08-29 22:25:33
11514,68,1216,No Show,2022-07-27 22:25:33,
11515,68,3212,Attended,2022-08-08 22:25:33,2022-08-29 22:25:33
11516,68,1468,Attended,2022-08-02 22:25:33,2022-08-29 22:25:33
11517,68,449,Attended,2022-08-27 22:25:33,2022-08-29 22:25:33
11518,68,1808,Registered,2022-08-01 22:25:33,
11519,68,2,No Show,2022-07-21 22:25:33,
11520,68,811,Registered,2022-08-07 22:25:33,
11521,68,1080,Attended,2022-07-16 22:25:33,2022-08-29 22:25:33
11522,68,1804,Cancelled,2022-08-22 22:25:33,
11523,68,1844,Registered,2022-07-17 22:25:33,
11524,68,1356,Attended,2022-08-05 22:25:33,2022-08-29 22:25:33
11525,68,2747,Attended,2022-08-06 22:25:33,2022-08-29 22:25:33
11526,68,1334,Attended,2022-08-03 22:25:33,2022-08-29 22:25:33
11527,68,1994,Attended,2022-07-18 22:25:33,2022-08-29 22:25:33
11528,68,637,Attended,2022-08-26 22:25:33,2022-08-29 22:25:33
11529,68,2201,Cancelled,2022-08-09 22:25:33,
11530,68,1744,Cancelled,2022-08-18 22:25:33,
11531,68,1874,Registered,2022-08-24 22:25:33,
11532,68,1795,No Show,2022-08-26 22:25:33,
11533,68,1089,Cancelled,2022-08-18 22:25:33,
11534,68,2758,No Show,2022-08-10 22:25:33,
11535,68,2330,Attended,2022-08-18 22:25:33,2022-08-29 22:25:33
11536,68,1285,Attended,2022-08-27 22:25:33,2022-08-29 22:25:33
11537,68,2792,Attended,2022-08-12 22:25:33,2022-08-29 22:25:33
11538,68,845,Attended,2022-08-15 22:25:33,2022-08-29 22:25:33
11539,68,1004,Cancelled,2022-08-24 22:25:33,
11540,68,2418,No Show,2022-08-02 22:25:33,
11541,68,598,Registered,2022-08-15 22:25:33,
11542,68,1198,Cancelled,2022-08-23 22:25:33,
11543,68,83,Registered,2022-08-21 22:25:33,
11544,68,1958,No Show,2022-08-23 22:25:33,
11545,68,354,Attended,2022-08-23 22:25:33,2022-08-29 22:25:33
11546,68,335,Attended,2022-08-28 22:25:33,2022-08-29 22:25:33
11547,68,1644,No Show,2022-08-03 22:25:33,
11548,68,383,No Show,2022-08-18 22:25:33,
11549,68,1335,No Show,2022-08-06 22:25:33,
11550,68,702,Attended,2022-08-26 22:25:33,2022-08-29 22:25:33
11551,68,1087,Attended,2022-08-28 22:25:33,2022-08-29 22:25:33
11552,68,1071,Cancelled,2022-07-24 22:25:33,
11553,68,1453,Attended,2022-08-18 22:25:33,2022-08-29 22:25:33
11554,68,3046,Attended,2022-07-24 22:25:33,2022-08-29 22:25:33
11555,68,964,Cancelled,2022-08-23 22:25:33,
11556,68,2133,Registered,2022-08-11 22:25:33,
11557,68,1139,Registered,2022-07-17 22:25:33,
11558,68,1252,Attended,2022-08-02 22:25:33,2022-08-29 22:25:33
11559,68,459,Registered,2022-08-20 22:25:33,
11560,68,1647,No Show,2022-07-29 22:25:33,
11561,68,2560,Cancelled,2022-08-15 22:25:33,
11562,68,2492,Attended,2022-07-20 22:25:33,2022-08-29 22:25:33
11563,68,2302,Attended,2022-07-30 22:25:33,2022-08-29 22:25:33
11564,68,1339,Attended,2022-08-02 22:25:33,2022-08-29 22:25:33
11565,68,654,No Show,2022-08-10 22:25:33,
11566,68,2606,Attended,2022-07-21 22:25:33,2022-08-29 22:25:33
11567,68,1013,Attended,2022-07-26 22:25:33,2022-08-29 22:25:33
11568,68,935,Attended,2022-07-19 22:25:33,2022-08-29 22:25:33
11569,68,307,Attended,2022-07-23 22:25:33,2022-08-29 22:25:33
11570,68,1483,Attended,2022-08-02 22:25:33,2022-08-29 22:25:33
11571,68,3047,Attended,2022-07-19 22:25:33,2022-08-29 22:25:33
11572,68,531,Attended,2022-08-05 22:25:33,2022-08-29 22:25:33
11573,68,1072,Attended,2022-08-19 22:25:33,2022-08-29 22:25:33
11574,68,930,No Show,2022-08-01 22:25:33,
11575,68,2420,Attended,2022-08-15 22:25:33,2022-08-29 22:25:33
11576,68,80,Attended,2022-08-13 22:25:33,2022-08-29 22:25:33
11577,68,1307,No Show,2022-07-21 22:25:33,
11578,68,3137,Attended,2022-07-19 22:25:33,2022-08-29 22:25:33
11579,68,396,Attended,2022-08-17 22:25:33,2022-08-29 22:25:33
11580,68,1943,Attended,2022-08-15 22:25:33,2022-08-29 22:25:33
11581,68,351,Registered,2022-07-24 22:25:33,
11582,68,25,Attended,2022-08-15 22:25:33,2022-08-29 22:25:33
11583,68,3230,Attended,2022-08-14 22:25:33,2022-08-29 22:25:33
11584,68,768,Attended,2022-08-10 22:25:33,2022-08-29 22:25:33
11585,68,2455,Attended,2022-08-06 22:25:33,2022-08-29 22:25:33
11586,68,3101,Registered,2022-08-28 22:25:33,
11587,68,2619,Attended,2022-08-26 22:25:33,2022-08-29 22:25:33
11588,68,2266,Attended,2022-07-19 22:25:33,2022-08-29 22:25:33
11589,68,1378,Attended,2022-07-24 22:25:33,2022-08-29 22:25:33
11590,68,177,Registered,2022-07-24 22:25:33,
11591,68,1032,Registered,2022-08-08 22:25:33,
11592,68,1687,Attended,2022-07-20 22:25:33,2022-08-29 22:25:33
11593,68,197,Cancelled,2022-08-01 22:25:33,
11594,68,1019,Attended,2022-08-09 22:25:33,2022-08-29 22:25:33
11595,68,254,Attended,2022-07-23 22:25:33,2022-08-29 22:25:33
11596,68,1384,Attended,2022-08-16 22:25:33,2022-08-29 22:25:33
11597,68,876,Cancelled,2022-08-15 22:25:33,
11598,68,2321,No Show,2022-07-16 22:25:33,
11599,68,2565,Attended,2022-08-02 22:25:33,2022-08-29 22:25:33
11600,68,2682,No Show,2022-08-20 22:25:33,
11601,68,3028,Cancelled,2022-07-22 22:25:33,
11602,68,357,Attended,2022-08-06 22:25:33,2022-08-29 22:25:33
11603,68,369,Registered,2022-08-15 22:25:33,
11604,68,3156,Attended,2022-08-25 22:25:33,2022-08-29 22:25:33
11605,68,1258,Attended,2022-08-22 22:25:33,2022-08-29 22:25:33
11606,68,2274,Registered,2022-07-20 22:25:33,
11607,68,1799,Attended,2022-07-16 22:25:33,2022-08-29 22:25:33
11608,68,2057,No Show,2022-07-31 22:25:33,
11609,68,1933,No Show,2022-08-19 22:25:33,
11610,68,729,Attended,2022-07-19 22:25:33,2022-08-29 22:25:33
11611,68,719,Attended,2022-07-15 22:25:33,2022-08-29 22:25:33
11612,68,3161,Attended,2022-07-17 22:25:33,2022-08-29 22:25:33
11613,68,2752,Attended,2022-07-15 22:25:33,2022-08-29 22:25:33
11614,68,1299,Attended,2022-08-21 22:25:33,2022-08-29 22:25:33
11615,68,3181,Attended,2022-08-20 22:25:33,2022-08-29 22:25:33
11616,68,502,Attended,2022-08-26 22:25:33,2022-08-29 22:25:33
11617,68,1861,Attended,2022-08-11 22:25:33,2022-08-29 22:25:33
11618,68,1666,Attended,2022-08-12 22:25:33,2022-08-29 22:25:33
11619,68,1907,Attended,2022-07-24 22:25:33,2022-08-29 22:25:33
11620,68,1716,Attended,2022-07-24 22:25:33,2022-08-29 22:25:33
11621,68,1810,Registered,2022-08-20 22:25:33,
11622,68,2678,Attended,2022-08-05 22:25:33,2022-08-29 22:25:33
11623,68,408,Attended,2022-08-18 22:25:33,2022-08-29 22:25:33
11624,68,1973,Attended,2022-08-09 22:25:33,2022-08-29 22:25:33
11625,68,744,Registered,2022-08-22 22:25:33,
11626,68,1763,Registered,2022-08-14 22:25:33,
11627,68,1540,Registered,2022-07-30 22:25:33,
11628,68,2590,Attended,2022-08-24 22:25:33,2022-08-29 22:25:33
11629,68,55,Attended,2022-08-09 22:25:33,2022-08-29 22:25:33
11630,68,1587,Attended,2022-08-26 22:25:33,2022-08-29 22:25:33
11631,68,62,Attended,2022-07-26 22:25:33,2022-08-29 22:25:33
11632,68,2533,No Show,2022-07-27 22:25:33,
11633,68,3033,Attended,2022-08-18 22:25:33,2022-08-29 22:25:33
11634,68,2144,Registered,2022-08-06 22:25:33,
11635,68,2374,Attended,2022-08-14 22:25:33,2022-08-29 22:25:33
11636,68,2933,Attended,2022-07-27 22:25:33,2022-08-29 22:25:33
11637,68,1674,Attended,2022-07-17 22:25:33,2022-08-29 22:25:33
11638,68,124,Attended,2022-07-24 22:25:33,2022-08-29 22:25:33
11639,68,320,Cancelled,2022-08-11 22:25:33,
11640,68,282,Attended,2022-08-13 22:25:33,2022-08-29 22:25:33
11641,68,1612,No Show,2022-08-13 22:25:33,
11642,68,2877,Registered,2022-07-25 22:25:33,
11643,68,2507,Attended,2022-08-27 22:25:33,2022-08-29 22:25:33
11644,68,1007,Attended,2022-07-24 22:25:33,2022-08-29 22:25:33
11645,68,2478,Cancelled,2022-08-06 22:25:33,
11646,68,2924,Attended,2022-08-16 22:25:33,2022-08-29 22:25:33
11647,68,1448,Attended,2022-08-01 22:25:33,2022-08-29 22:25:33
11648,68,2092,Attended,2022-08-07 22:25:33,2022-08-29 22:25:33
11649,68,1015,Cancelled,2022-08-16 22:25:33,
11650,68,89,Attended,2022-08-12 22:25:33,2022-08-29 22:25:33
11651,68,2410,Attended,2022-07-31 22:25:33,2022-08-29 22:25:33
11652,68,642,Attended,2022-07-24 22:25:33,2022-08-29 22:25:33
11653,68,1150,Attended,2022-08-08 22:25:33,2022-08-29 22:25:33
11654,68,3058,No Show,2022-08-01 22:25:33,
11655,68,2913,Attended,2022-08-03 22:25:33,2022-08-29 22:25:33
11656,68,689,Attended,2022-07-26 22:25:33,2022-08-29 22:25:33
11657,68,1323,Cancelled,2022-08-06 22:25:33,
11658,68,3187,Attended,2022-08-19 22:25:33,2022-08-29 22:25:33
11659,68,2936,Registered,2022-07-24 22:25:33,
11660,68,683,Cancelled,2022-08-03 22:25:33,
11661,68,2082,Attended,2022-08-06 22:25:33,2022-08-29 22:25:33
11662,68,2135,Attended,2022-07-30 22:25:33,2022-08-29 22:25:33
11663,68,2111,Registered,2022-08-06 22:25:33,
11664,68,1664,Attended,2022-08-17 22:25:33,2022-08-29 22:25:33
11665,68,2906,Attended,2022-07-17 22:25:33,2022-08-29 22:25:33
11666,68,1719,Cancelled,2022-07-25 22:25:33,
11667,68,2563,Attended,2022-08-19 22:25:33,2022-08-29 22:25:33
11668,68,2184,Attended,2022-08-11 22:25:33,2022-08-29 22:25:33
11669,68,1991,No Show,2022-08-01 22:25:33,
11670,68,1542,Attended,2022-08-12 22:25:33,2022-08-29 22:25:33
11671,68,1905,Attended,2022-07-17 22:25:33,2022-08-29 22:25:33
11672,68,2700,Cancelled,2022-08-23 22:25:33,
11673,68,606,Cancelled,2022-08-06 22:25:33,
11674,68,3072,No Show,2022-07-24 22:25:33,
11675,68,1921,Cancelled,2022-08-18 22:25:33,
11676,68,2130,Attended,2022-08-11 22:25:33,2022-08-29 22:25:33
11677,68,1452,Cancelled,2022-08-06 22:25:33,
11678,68,921,Attended,2022-08-08 22:25:33,2022-08-29 22:25:33
11679,68,376,Attended,2022-08-21 22:25:33,2022-08-29 22:25:33
11680,68,255,Attended,2022-07-22 22:25:33,2022-08-29 22:25:33
11681,68,832,No Show,2022-08-24 22:25:33,
11682,68,533,Attended,2022-08-21 22:25:33,2022-08-29 22:25:33
11683,68,2881,Cancelled,2022-08-23 22:25:33,
11684,68,585,Attended,2022-08-11 22:25:33,2022-08-29 22:25:33
11685,68,2646,Attended,2022-07-30 22:25:33,2022-08-29 22:25:33
11686,68,947,Attended,2022-07-22 22:25:33,2022-08-29 22:25:33
11687,68,2229,Attended,2022-08-10 22:25:33,2022-08-29 22:25:33
11688,68,635,No Show,2022-07-20 22:25:33,
11689,68,2327,Cancelled,2022-08-20 22:25:33,
11690,68,1702,Attended,2022-08-06 22:25:33,2022-08-29 22:25:33
11691,68,1457,Registered,2022-08-08 22:25:33,
11692,68,942,Attended,2022-08-10 22:25:33,2022-08-29 22:25:33
11693,68,2803,Attended,2022-07-27 22:25:33,2022-08-29 22:25:33
11694,68,1074,Attended,2022-07-22 22:25:33,2022-08-29 22:25:33
11695,68,2210,Cancelled,2022-07-31 22:25:33,
11696,68,1415,Attended,2022-08-02 22:25:33,2022-08-29 22:25:33
11697,68,1232,Registered,2022-08-16 22:25:33,
11698,68,3242,Attended,2022-08-18 22:25:33,2022-08-29 22:25:33
11699,68,192,Attended,2022-07-31 22:25:33,2022-08-29 22:25:33
11700,68,1986,Attended,2022-07-20 22:25:33,2022-08-29 22:25:33
11701,68,2068,Attended,2022-08-28 22:25:33,2022-08-29 22:25:33
11702,68,1885,Attended,2022-08-25 22:25:33,2022-08-29 22:25:33
11703,68,901,Attended,2022-08-23 22:25:33,2022-08-29 22:25:33
11704,68,2018,Attended,2022-08-04 22:25:33,2022-08-29 22:25:33
11705,68,1798,Attended,2022-07-21 22:25:33,2022-08-29 22:25:33
11706,68,2176,Attended,2022-08-28 22:25:33,2022-08-29 22:25:33
11707,68,2694,Registered,2022-08-04 22:25:33,
11708,68,814,Cancelled,2022-07-28 22:25:33,
11709,68,1774,Registered,2022-07-23 22:25:33,
11710,68,397,No Show,2022-08-17 22:25:33,
11711,68,1849,Attended,2022-08-05 22:25:33,2022-08-29 22:25:33
11712,68,109,Registered,2022-07-19 22:25:33,
11713,68,1779,Attended,2022-08-20 22:25:33,2022-08-29 22:25:33
11714,68,1925,Attended,2022-08-15 22:25:33,2022-08-29 22:25:33
11715,68,3223,No Show,2022-07-28 22:25:33,
11716,68,3055,Attended,2022-08-25 22:25:33,2022-08-29 22:25:33
11717,68,869,Attended,2022-08-26 22:25:33,2022-08-29 22:25:33
11718,68,338,Attended,2022-07-22 22:25:33,2022-08-29 22:25:33
11719,68,875,Attended,2022-08-11 22:25:33,2022-08-29 22:25:33
11720,68,714,Attended,2022-07-29 22:25:33,2022-08-29 22:25:33
11721,68,1441,Attended,2022-07-18 22:25:33,2022-08-29 22:25:33
11722,68,141,Attended,2022-08-13 22:25:33,2022-08-29 22:25:33
11723,68,388,Attended,2022-08-19 22:25:33,2022-08-29 22:25:33
11724,68,3243,Attended,2022-08-23 22:25:33,2022-08-29 22:25:33
11725,68,973,Cancelled,2022-08-12 22:25:33,
11726,68,2639,Cancelled,2022-07-18 22:25:33,
11727,68,881,Attended,2022-08-21 22:25:33,2022-08-29 22:25:33
11728,68,10,Attended,2022-08-03 22:25:33,2022-08-29 22:25:33
11729,68,3145,No Show,2022-07-25 22:25:33,
11730,69,1450,Attended,2024-08-02 04:08:00,2024-08-04 04:08:00
11731,69,2535,Attended,2024-07-08 04:08:00,2024-08-04 04:08:00
11732,69,736,Attended,2024-07-05 04:08:00,2024-08-04 04:08:00
11733,69,1103,Registered,2024-06-25 04:08:00,
11734,69,2420,Attended,2024-07-12 04:08:00,2024-08-04 04:08:00
11735,69,3023,Attended,2024-06-27 04:08:00,2024-08-04 04:08:00
11736,69,2065,No Show,2024-08-03 04:08:00,
11737,69,2199,No Show,2024-07-27 04:08:00,
11738,69,417,Attended,2024-08-02 04:08:00,2024-08-04 04:08:00
11739,69,1481,Registered,2024-08-01 04:08:00,
11740,69,1870,Attended,2024-07-12 04:08:00,2024-08-04 04:08:00
11741,69,3218,Cancelled,2024-07-01 04:08:00,
11742,69,964,Attended,2024-06-21 04:08:00,2024-08-04 04:08:00
11743,69,1954,Attended,2024-07-27 04:08:00,2024-08-04 04:08:00
11744,69,1931,Attended,2024-07-22 04:08:00,2024-08-04 04:08:00
11745,69,155,Attended,2024-07-03 04:08:00,2024-08-04 04:08:00
11746,69,2603,Registered,2024-07-05 04:08:00,
11747,69,2401,Attended,2024-07-19 04:08:00,2024-08-04 04:08:00
11748,69,1881,Attended,2024-07-31 04:08:00,2024-08-04 04:08:00
11749,69,154,Registered,2024-07-28 04:08:00,
11750,69,1781,Attended,2024-07-18 04:08:00,2024-08-04 04:08:00
11751,69,530,Attended,2024-07-16 04:08:00,2024-08-04 04:08:00
11752,69,1887,Cancelled,2024-07-30 04:08:00,
11753,69,2291,Attended,2024-07-06 04:08:00,2024-08-04 04:08:00
11754,69,802,Attended,2024-07-07 04:08:00,2024-08-04 04:08:00
11755,69,509,No Show,2024-07-06 04:08:00,
11756,69,1462,Attended,2024-07-15 04:08:00,2024-08-04 04:08:00
11757,69,1243,Registered,2024-06-30 04:08:00,
11758,69,204,Attended,2024-06-22 04:08:00,2024-08-04 04:08:00
11759,69,1670,No Show,2024-06-28 04:08:00,
11760,69,1125,Attended,2024-08-01 04:08:00,2024-08-04 04:08:00
11761,69,649,Attended,2024-07-09 04:08:00,2024-08-04 04:08:00
11762,69,954,No Show,2024-06-30 04:08:00,
11763,69,1108,Registered,2024-08-03 04:08:00,
11764,69,1611,Cancelled,2024-06-27 04:08:00,
11765,69,2653,Attended,2024-07-28 04:08:00,2024-08-04 04:08:00
11766,69,740,Attended,2024-07-03 04:08:00,2024-08-04 04:08:00
11767,69,1562,Attended,2024-07-14 04:08:00,2024-08-04 04:08:00
11768,69,1933,Attended,2024-07-10 04:08:00,2024-08-04 04:08:00
11769,69,758,Registered,2024-07-10 04:08:00,
11770,69,2057,Attended,2024-07-09 04:08:00,2024-08-04 04:08:00
11771,69,3229,No Show,2024-07-22 04:08:00,
11772,69,48,Registered,2024-07-06 04:08:00,
11773,69,1332,Attended,2024-07-18 04:08:00,2024-08-04 04:08:00
11774,69,678,Attended,2024-07-21 04:08:00,2024-08-04 04:08:00
11775,69,1383,Attended,2024-07-05 04:08:00,2024-08-04 04:08:00
11776,69,158,Attended,2024-07-05 04:08:00,2024-08-04 04:08:00
11777,69,1803,Cancelled,2024-06-20 04:08:00,
11778,69,780,No Show,2024-07-31 04:08:00,
11779,69,2250,Attended,2024-07-15 04:08:00,2024-08-04 04:08:00
11780,69,187,Attended,2024-07-22 04:08:00,2024-08-04 04:08:00
11781,69,3115,Registered,2024-07-25 04:08:00,
11782,69,694,Registered,2024-07-04 04:08:00,
11783,69,2753,Attended,2024-07-14 04:08:00,2024-08-04 04:08:00
11784,69,1249,Attended,2024-07-18 04:08:00,2024-08-04 04:08:00
11785,69,2077,Cancelled,2024-07-15 04:08:00,
11786,69,1037,Attended,2024-07-21 04:08:00,2024-08-04 04:08:00
11787,69,463,No Show,2024-07-18 04:08:00,
11788,69,3150,Cancelled,2024-07-18 04:08:00,
11789,69,1940,Attended,2024-07-06 04:08:00,2024-08-04 04:08:00
11790,69,2224,Registered,2024-08-03 04:08:00,
11791,69,397,Attended,2024-07-26 04:08:00,2024-08-04 04:08:00
11792,69,2961,Attended,2024-07-09 04:08:00,2024-08-04 04:08:00
11793,69,1767,Attended,2024-08-03 04:08:00,2024-08-04 04:08:00
11794,69,2958,Attended,2024-07-26 04:08:00,2024-08-04 04:08:00
11795,69,1507,Attended,2024-07-08 04:08:00,2024-08-04 04:08:00
11796,69,1204,Attended,2024-06-21 04:08:00,2024-08-04 04:08:00
11797,69,215,Registered,2024-06-22 04:08:00,
11798,69,1724,Attended,2024-08-01 04:08:00,2024-08-04 04:08:00
11799,69,2788,Attended,2024-07-09 04:08:00,2024-08-04 04:08:00
11800,69,199,Attended,2024-07-19 04:08:00,2024-08-04 04:08:00
11801,69,2056,Cancelled,2024-07-26 04:08:00,
11802,69,12,Attended,2024-07-22 04:08:00,2024-08-04 04:08:00
11803,69,1458,Attended,2024-07-25 04:08:00,2024-08-04 04:08:00
11804,69,3136,Attended,2024-07-17 04:08:00,2024-08-04 04:08:00
11805,69,1625,No Show,2024-06-29 04:08:00,
11806,69,70,Attended,2024-08-03 04:08:00,2024-08-04 04:08:00
11807,69,2564,Attended,2024-07-29 04:08:00,2024-08-04 04:08:00
11808,69,1463,Attended,2024-07-09 04:08:00,2024-08-04 04:08:00
11809,69,2494,Attended,2024-06-29 04:08:00,2024-08-04 04:08:00
11810,69,983,Attended,2024-07-12 04:08:00,2024-08-04 04:08:00
11811,69,1548,Cancelled,2024-07-28 04:08:00,
11812,69,986,Attended,2024-06-22 04:08:00,2024-08-04 04:08:00
11813,69,532,No Show,2024-08-01 04:08:00,
11814,69,162,No Show,2024-07-05 04:08:00,
11815,69,1821,Attended,2024-07-12 04:08:00,2024-08-04 04:08:00
11816,69,326,Attended,2024-06-26 04:08:00,2024-08-04 04:08:00
11817,69,2746,Attended,2024-06-23 04:08:00,2024-08-04 04:08:00
11818,69,2561,No Show,2024-07-30 04:08:00,
11819,69,1106,Attended,2024-06-20 04:08:00,2024-08-04 04:08:00
11820,69,2272,Attended,2024-06-26 04:08:00,2024-08-04 04:08:00
11821,69,37,Attended,2024-07-04 04:08:00,2024-08-04 04:08:00
11822,69,538,No Show,2024-08-03 04:08:00,
11823,69,3228,Attended,2024-06-22 04:08:00,2024-08-04 04:08:00
11824,69,1914,Attended,2024-06-25 04:08:00,2024-08-04 04:08:00
11825,69,1537,Attended,2024-07-18 04:08:00,2024-08-04 04:08:00
11826,69,161,Registered,2024-06-24 04:08:00,
11827,69,3240,Cancelled,2024-07-27 04:08:00,
11828,69,900,Registered,2024-07-10 04:08:00,
11829,69,591,Attended,2024-07-20 04:08:00,2024-08-04 04:08:00
11830,69,1360,Attended,2024-07-10 04:08:00,2024-08-04 04:08:00
11831,69,2261,Attended,2024-06-24 04:08:00,2024-08-04 04:08:00
11832,69,1362,Attended,2024-07-26 04:08:00,2024-08-04 04:08:00
11833,69,3038,Registered,2024-07-24 04:08:00,
11834,69,343,Attended,2024-06-26 04:08:00,2024-08-04 04:08:00
11835,69,2435,No Show,2024-07-03 04:08:00,
11836,69,1699,Attended,2024-07-20 04:08:00,2024-08-04 04:08:00
11837,69,1725,Attended,2024-07-17 04:08:00,2024-08-04 04:08:00
11838,69,2783,Attended,2024-07-09 04:08:00,2024-08-04 04:08:00
11839,70,2220,Registered,2023-06-29 21:58:47,
11840,70,980,Attended,2023-08-07 21:58:47,2023-08-08 21:58:47
11841,70,803,No Show,2023-08-06 21:58:47,
11842,70,2175,No Show,2023-07-18 21:58:47,
11843,70,901,Attended,2023-08-03 21:58:47,2023-08-08 21:58:47
11844,70,1981,Attended,2023-08-06 21:58:47,2023-08-08 21:58:47
11845,70,1924,Registered,2023-06-26 21:58:47,
11846,70,1231,Registered,2023-07-30 21:58:47,
11847,70,149,Attended,2023-08-01 21:58:47,2023-08-08 21:58:47
11848,70,577,Attended,2023-07-09 21:58:47,2023-08-08 21:58:47
11849,70,1898,Attended,2023-07-08 21:58:47,2023-08-08 21:58:47
11850,70,3083,Attended,2023-07-24 21:58:47,2023-08-08 21:58:47
11851,70,690,Attended,2023-07-13 21:58:47,2023-08-08 21:58:47
11852,70,1134,Attended,2023-06-30 21:58:47,2023-08-08 21:58:47
11853,70,1317,Attended,2023-07-14 21:58:47,2023-08-08 21:58:47
11854,70,427,Attended,2023-07-10 21:58:47,2023-08-08 21:58:47
11855,70,1825,No Show,2023-07-13 21:58:47,
11856,70,1279,Cancelled,2023-07-07 21:58:47,
11857,70,209,Registered,2023-07-26 21:58:47,
11858,70,2865,Attended,2023-06-29 21:58:47,2023-08-08 21:58:47
11859,70,831,Attended,2023-08-03 21:58:47,2023-08-08 21:58:47
11860,70,1620,Attended,2023-06-25 21:58:47,2023-08-08 21:58:47
11861,70,409,Attended,2023-06-27 21:58:47,2023-08-08 21:58:47
11862,70,2694,No Show,2023-07-02 21:58:47,
11863,70,1239,Attended,2023-07-28 21:58:47,2023-08-08 21:58:47
11864,70,2921,No Show,2023-07-25 21:58:47,
11865,70,670,No Show,2023-07-26 21:58:47,
11866,70,547,Attended,2023-07-08 21:58:47,2023-08-08 21:58:47
11867,70,2629,Registered,2023-08-02 21:58:47,
11868,70,847,Registered,2023-07-30 21:58:47,
11869,70,1652,Attended,2023-07-25 21:58:47,2023-08-08 21:58:47
11870,70,1098,Attended,2023-08-07 21:58:47,2023-08-08 21:58:47
11871,70,1505,Attended,2023-07-11 21:58:47,2023-08-08 21:58:47
11872,70,683,No Show,2023-07-31 21:58:47,
11873,70,2726,Cancelled,2023-07-24 21:58:47,
11874,70,2452,Registered,2023-07-25 21:58:47,
11875,70,2116,Registered,2023-06-25 21:58:47,
11876,70,1667,Attended,2023-07-27 21:58:47,2023-08-08 21:58:47
11877,70,1046,Attended,2023-07-21 21:58:47,2023-08-08 21:58:47
11878,70,1307,Attended,2023-08-03 21:58:47,2023-08-08 21:58:47
11879,70,446,Attended,2023-07-15 21:58:47,2023-08-08 21:58:47
11880,70,1376,Attended,2023-07-06 21:58:47,2023-08-08 21:58:47
11881,70,905,Registered,2023-07-12 21:58:47,
11882,70,1241,Attended,2023-07-04 21:58:47,2023-08-08 21:58:47
11883,70,2479,Attended,2023-06-26 21:58:47,2023-08-08 21:58:47
11884,70,1413,Registered,2023-07-23 21:58:47,
11885,70,2977,Attended,2023-07-10 21:58:47,2023-08-08 21:58:47
11886,70,2100,Registered,2023-07-13 21:58:47,
11887,70,651,Attended,2023-07-18 21:58:47,2023-08-08 21:58:47
11888,70,2849,Attended,2023-06-29 21:58:47,2023-08-08 21:58:47
11889,70,1070,Attended,2023-07-26 21:58:47,2023-08-08 21:58:47
11890,70,708,Attended,2023-08-01 21:58:47,2023-08-08 21:58:47
11891,70,3132,Attended,2023-07-18 21:58:47,2023-08-08 21:58:47
11892,70,502,No Show,2023-06-24 21:58:47,
11893,70,3030,No Show,2023-06-28 21:58:47,
11894,70,3107,Attended,2023-07-22 21:58:47,2023-08-08 21:58:47
11895,70,664,Attended,2023-07-04 21:58:47,2023-08-08 21:58:47
11896,70,2552,Attended,2023-07-05 21:58:47,2023-08-08 21:58:47
11897,70,2480,Attended,2023-07-25 21:58:47,2023-08-08 21:58:47
11898,70,1756,Attended,2023-07-05 21:58:47,2023-08-08 21:58:47
11899,70,1523,No Show,2023-07-16 21:58:47,
11900,70,2602,Attended,2023-08-03 21:58:47,2023-08-08 21:58:47
11901,70,698,Attended,2023-07-27 21:58:47,2023-08-08 21:58:47
11902,70,3024,Attended,2023-07-27 21:58:47,2023-08-08 21:58:47
11903,70,1720,Attended,2023-07-04 21:58:47,2023-08-08 21:58:47
11904,70,2762,Attended,2023-06-25 21:58:47,2023-08-08 21:58:47
11905,70,2200,Attended,2023-07-17 21:58:47,2023-08-08 21:58:47
11906,70,550,Attended,2023-07-11 21:58:47,2023-08-08 21:58:47
11907,70,2144,Registered,2023-06-26 21:58:47,
11908,70,1498,Attended,2023-08-04 21:58:47,2023-08-08 21:58:47
11909,70,1427,Attended,2023-07-24 21:58:47,2023-08-08 21:58:47
11910,70,2436,No Show,2023-07-27 21:58:47,
11911,70,564,Attended,2023-07-18 21:58:47,2023-08-08 21:58:47
11912,70,878,Attended,2023-06-26 21:58:47,2023-08-08 21:58:47
11913,70,2800,No Show,2023-08-03 21:58:47,
11914,70,360,Registered,2023-08-02 21:58:47,
11915,70,2854,Attended,2023-07-08 21:58:47,2023-08-08 21:58:47
11916,70,624,Attended,2023-08-01 21:58:47,2023-08-08 21:58:47
11917,70,1734,Attended,2023-08-06 21:58:47,2023-08-08 21:58:47
11918,70,2368,Attended,2023-06-24 21:58:47,2023-08-08 21:58:47
11919,70,2770,Attended,2023-07-23 21:58:47,2023-08-08 21:58:47
11920,70,2355,Attended,2023-06-24 21:58:47,2023-08-08 21:58:47
11921,70,1621,No Show,2023-08-02 21:58:47,
11922,70,1527,Attended,2023-07-14 21:58:47,2023-08-08 21:58:47
11923,70,1579,Registered,2023-07-15 21:58:47,
11924,70,1773,No Show,2023-06-29 21:58:47,
11925,70,713,Attended,2023-07-02 21:58:47,2023-08-08 21:58:47
11926,70,238,Cancelled,2023-06-28 21:58:47,
11927,70,1991,Attended,2023-07-07 21:58:47,2023-08-08 21:58:47
11928,70,1464,Attended,2023-06-28 21:58:47,2023-08-08 21:58:47
11929,70,2180,Attended,2023-08-03 21:58:47,2023-08-08 21:58:47
11930,70,2169,Attended,2023-07-16 21:58:47,2023-08-08 21:58:47
11931,70,2362,Registered,2023-06-30 21:58:47,
11932,70,1510,Cancelled,2023-07-16 21:58:47,
11933,70,341,Cancelled,2023-07-04 21:58:47,
11934,70,2399,Attended,2023-07-06 21:58:47,2023-08-08 21:58:47
11935,70,9,Registered,2023-08-06 21:58:47,
11936,70,2092,Cancelled,2023-07-10 21:58:47,
11937,70,1864,Attended,2023-07-20 21:58:47,2023-08-08 21:58:47
11938,70,3114,Registered,2023-07-15 21:58:47,
11939,70,1215,Attended,2023-08-02 21:58:47,2023-08-08 21:58:47
11940,70,67,Attended,2023-07-20 21:58:47,2023-08-08 21:58:47
11941,70,392,Cancelled,2023-08-04 21:58:47,
11942,70,3175,Attended,2023-06-30 21:58:47,2023-08-08 21:58:47
11943,70,1914,Registered,2023-07-10 21:58:47,
11944,70,962,Attended,2023-07-29 21:58:47,2023-08-08 21:58:47
11945,70,2907,Attended,2023-06-29 21:58:47,2023-08-08 21:58:47
11946,70,71,No Show,2023-08-03 21:58:47,
11947,70,941,Cancelled,2023-07-02 21:58:47,
11948,70,1627,Cancelled,2023-07-29 21:58:47,
11949,70,808,Attended,2023-08-02 21:58:47,2023-08-08 21:58:47
11950,70,2591,Registered,2023-07-22 21:58:47,
11951,70,1120,Attended,2023-07-04 21:58:47,2023-08-08 21:58:47
11952,70,2807,Attended,2023-07-10 21:58:47,2023-08-08 21:58:47
11953,70,3162,No Show,2023-07-24 21:58:47,
11954,70,2062,Cancelled,2023-07-21 21:58:47,
11955,70,3050,Attended,2023-07-20 21:58:47,2023-08-08 21:58:47
11956,70,2259,Registered,2023-06-27 21:58:47,
11957,70,2115,Attended,2023-08-07 21:58:47,2023-08-08 21:58:47
11958,70,1899,Attended,2023-06-26 21:58:47,2023-08-08 21:58:47
11959,70,2882,Cancelled,2023-07-29 21:58:47,
11960,70,2569,Attended,2023-07-21 21:58:47,2023-08-08 21:58:47
11961,70,1157,Attended,2023-07-29 21:58:47,2023-08-08 21:58:47
11962,70,79,Attended,2023-07-09 21:58:47,2023-08-08 21:58:47
11963,70,946,Attended,2023-07-07 21:58:47,2023-08-08 21:58:47
11964,70,2096,Attended,2023-07-31 21:58:47,2023-08-08 21:58:47
11965,70,927,Attended,2023-07-20 21:58:47,2023-08-08 21:58:47
11966,70,1207,Attended,2023-07-18 21:58:47,2023-08-08 21:58:47
11967,70,3021,Attended,2023-07-19 21:58:47,2023-08-08 21:58:47
11968,70,848,Cancelled,2023-08-06 21:58:47,
11969,70,2481,Registered,2023-06-28 21:58:47,
11970,70,1779,Attended,2023-07-24 21:58:47,2023-08-08 21:58:47
11971,70,3095,Attended,2023-08-07 21:58:47,2023-08-08 21:58:47
11972,70,2627,No Show,2023-06-30 21:58:47,
11973,70,2330,Attended,2023-07-14 21:58:47,2023-08-08 21:58:47
11974,70,1312,Attended,2023-07-02 21:58:47,2023-08-08 21:58:47
11975,70,3211,Cancelled,2023-07-10 21:58:47,
11976,70,1144,Attended,2023-07-29 21:58:47,2023-08-08 21:58:47
11977,70,2678,Attended,2023-07-24 21:58:47,2023-08-08 21:58:47
11978,70,1356,Registered,2023-07-25 21:58:47,
11979,70,1874,Attended,2023-07-29 21:58:47,2023-08-08 21:58:47
11980,70,5,No Show,2023-07-04 21:58:47,
11981,70,3048,Attended,2023-07-14 21:58:47,2023-08-08 21:58:47
11982,70,994,Registered,2023-07-05 21:58:47,
11983,70,362,Attended,2023-07-23 21:58:47,2023-08-08 21:58:47
11984,70,2834,Attended,2023-07-28 21:58:47,2023-08-08 21:58:47
11985,70,2444,No Show,2023-06-28 21:58:47,
11986,70,307,Attended,2023-08-07 21:58:47,2023-08-08 21:58:47
11987,70,2483,Cancelled,2023-07-01 21:58:47,
11988,70,858,Registered,2023-07-14 21:58:47,
11989,70,709,Attended,2023-07-18 21:58:47,2023-08-08 21:58:47
11990,70,2889,Attended,2023-07-07 21:58:47,2023-08-08 21:58:47
11991,70,311,Attended,2023-07-14 21:58:47,2023-08-08 21:58:47
11992,70,1461,Attended,2023-07-27 21:58:47,2023-08-08 21:58:47
11993,70,2082,Attended,2023-06-26 21:58:47,2023-08-08 21:58:47
11994,70,2026,Attended,2023-08-03 21:58:47,2023-08-08 21:58:47
11995,70,403,Attended,2023-07-15 21:58:47,2023-08-08 21:58:47
11996,70,2816,Attended,2023-08-01 21:58:47,2023-08-08 21:58:47
11997,70,148,Attended,2023-07-15 21:58:47,2023-08-08 21:58:47
11998,70,1806,Attended,2023-07-27 21:58:47,2023-08-08 21:58:47
11999,70,2250,Registered,2023-06-25 21:58:47,
12000,70,2428,Cancelled,2023-08-03 21:58:47,
12001,70,2671,Attended,2023-07-17 21:58:47,2023-08-08 21:58:47
12002,70,725,Attended,2023-07-16 21:58:47,2023-08-08 21:58:47
12003,70,526,Attended,2023-08-05 21:58:47,2023-08-08 21:58:47
12004,70,174,Cancelled,2023-07-18 21:58:47,
12005,70,2936,Attended,2023-07-04 21:58:47,2023-08-08 21:58:47
12006,70,2682,No Show,2023-06-25 21:58:47,
12007,70,3013,Attended,2023-07-24 21:58:47,2023-08-08 21:58:47
12008,70,3151,Registered,2023-07-24 21:58:47,
12009,70,297,Cancelled,2023-07-30 21:58:47,
12010,70,518,Attended,2023-08-01 21:58:47,2023-08-08 21:58:47
12011,70,1347,Attended,2023-07-26 21:58:47,2023-08-08 21:58:47
12012,70,3036,No Show,2023-07-01 21:58:47,
12013,70,1507,Attended,2023-07-15 21:58:47,2023-08-08 21:58:47
12014,70,717,Attended,2023-07-11 21:58:47,2023-08-08 21:58:47
12015,70,187,Attended,2023-07-22 21:58:47,2023-08-08 21:58:47
12016,70,2027,Attended,2023-07-07 21:58:47,2023-08-08 21:58:47
12017,70,1860,No Show,2023-07-28 21:58:47,
12018,70,1091,Attended,2023-07-25 21:58:47,2023-08-08 21:58:47
12019,70,2413,Registered,2023-08-02 21:58:47,
12020,70,2035,Attended,2023-08-05 21:58:47,2023-08-08 21:58:47
12021,70,1055,Attended,2023-07-11 21:58:47,2023-08-08 21:58:47
12022,70,656,Attended,2023-07-15 21:58:47,2023-08-08 21:58:47
12023,70,208,Attended,2023-07-31 21:58:47,2023-08-08 21:58:47
12024,70,1394,Registered,2023-07-31 21:58:47,
12025,70,3096,Attended,2023-07-23 21:58:47,2023-08-08 21:58:47
12026,70,2724,Attended,2023-07-03 21:58:47,2023-08-08 21:58:47
12027,70,257,Attended,2023-06-29 21:58:47,2023-08-08 21:58:47
12028,70,2594,Registered,2023-08-06 21:58:47,
12029,70,1251,Attended,2023-07-07 21:58:47,2023-08-08 21:58:47
12030,70,419,Attended,2023-07-10 21:58:47,2023-08-08 21:58:47
12031,70,2867,Attended,2023-06-28 21:58:47,2023-08-08 21:58:47
12032,70,1466,Attended,2023-08-02 21:58:47,2023-08-08 21:58:47
12033,70,165,Attended,2023-07-31 21:58:47,2023-08-08 21:58:47
12034,70,590,Registered,2023-08-02 21:58:47,
12035,70,2455,Registered,2023-07-09 21:58:47,
12036,70,470,Attended,2023-07-04 21:58:47,2023-08-08 21:58:47
12037,70,2495,Attended,2023-07-09 21:58:47,2023-08-08 21:58:47
12038,70,2422,Attended,2023-08-01 21:58:47,2023-08-08 21:58:47
12039,70,822,Registered,2023-07-09 21:58:47,
12040,70,43,Attended,2023-06-27 21:58:47,2023-08-08 21:58:47
12041,70,2453,Attended,2023-07-31 21:58:47,2023-08-08 21:58:47
12042,70,68,Attended,2023-06-28 21:58:47,2023-08-08 21:58:47
12043,70,737,Attended,2023-07-12 21:58:47,2023-08-08 21:58:47
12044,70,887,Attended,2023-07-01 21:58:47,2023-08-08 21:58:47
12045,70,673,No Show,2023-07-11 21:58:47,
12046,70,1945,Attended,2023-07-22 21:58:47,2023-08-08 21:58:47
12047,70,1660,Cancelled,2023-06-29 21:58:47,
12048,70,168,Attended,2023-07-15 21:58:47,2023-08-08 21:58:47
12049,70,1553,Cancelled,2023-07-16 21:58:47,
12050,70,556,Registered,2023-06-24 21:58:47,
12051,70,910,Attended,2023-06-28 21:58:47,2023-08-08 21:58:47
12052,70,1019,Attended,2023-07-15 21:58:47,2023-08-08 21:58:47
12053,70,383,Attended,2023-07-20 21:58:47,2023-08-08 21:58:47
12054,70,986,Attended,2023-07-19 21:58:47,2023-08-08 21:58:47
12055,70,398,Attended,2023-08-07 21:58:47,2023-08-08 21:58:47
12056,70,2879,Attended,2023-07-23 21:58:47,2023-08-08 21:58:47
12057,70,2316,Attended,2023-07-08 21:58:47,2023-08-08 21:58:47
12058,70,3147,Registered,2023-08-05 21:58:47,
12059,70,2273,Attended,2023-07-31 21:58:47,2023-08-08 21:58:47
12060,70,2427,Attended,2023-08-06 21:58:47,2023-08-08 21:58:47
12061,70,81,Attended,2023-07-21 21:58:47,2023-08-08 21:58:47
12062,70,2059,No Show,2023-06-24 21:58:47,
12063,70,134,Attended,2023-08-01 21:58:47,2023-08-08 21:58:47
12064,70,1711,Attended,2023-08-02 21:58:47,2023-08-08 21:58:47
12065,70,3057,Attended,2023-07-09 21:58:47,2023-08-08 21:58:47
12066,70,1169,No Show,2023-08-05 21:58:47,
12067,70,2929,Registered,2023-07-20 21:58:47,
12068,70,2485,Cancelled,2023-07-30 21:58:47,
12069,70,505,Attended,2023-07-03 21:58:47,2023-08-08 21:58:47
12070,70,2941,Attended,2023-07-07 21:58:47,2023-08-08 21:58:47
12071,70,1790,Attended,2023-07-07 21:58:47,2023-08-08 21:58:47
12072,70,2417,Attended,2023-06-24 21:58:47,2023-08-08 21:58:47
12073,70,1188,Attended,2023-07-19 21:58:47,2023-08-08 21:58:47
12074,70,1083,No Show,2023-07-05 21:58:47,
12075,70,3150,Attended,2023-08-04 21:58:47,2023-08-08 21:58:47
12076,70,924,Attended,2023-07-09 21:58:47,2023-08-08 21:58:47
12077,70,2356,Attended,2023-08-05 21:58:47,2023-08-08 21:58:47
12078,70,1830,Registered,2023-07-02 21:58:47,
12079,70,126,Attended,2023-07-31 21:58:47,2023-08-08 21:58:47
12080,70,2405,Attended,2023-07-16 21:58:47,2023-08-08 21:58:47
12081,70,921,Registered,2023-07-30 21:58:47,
12082,70,2583,Registered,2023-08-05 21:58:47,
12083,70,285,Attended,2023-06-30 21:58:47,2023-08-08 21:58:47
12084,70,3169,Attended,2023-08-01 21:58:47,2023-08-08 21:58:47
12085,70,3172,Attended,2023-07-01 21:58:47,2023-08-08 21:58:47
12086,70,1699,No Show,2023-07-19 21:58:47,
12087,70,2142,Attended,2023-07-24 21:58:47,2023-08-08 21:58:47
12088,70,639,Cancelled,2023-07-03 21:58:47,
12089,70,3078,No Show,2023-08-03 21:58:47,
12090,70,2434,Attended,2023-06-27 21:58:47,2023-08-08 21:58:47
12091,70,3061,Attended,2023-08-06 21:58:47,2023-08-08 21:58:47
12092,70,1351,Attended,2023-07-20 21:58:47,2023-08-08 21:58:47
12093,70,236,Attended,2023-08-01 21:58:47,2023-08-08 21:58:47
12094,70,2345,Attended,2023-06-27 21:58:47,2023-08-08 21:58:47
12095,70,773,Attended,2023-07-27 21:58:47,2023-08-08 21:58:47
12096,70,1518,Registered,2023-07-26 21:58:47,
12097,70,1903,Registered,2023-08-07 21:58:47,
12098,70,1110,Attended,2023-07-31 21:58:47,2023-08-08 21:58:47
12099,70,881,Attended,2023-07-18 21:58:47,2023-08-08 21:58:47
12100,70,1132,Attended,2023-07-07 21:58:47,2023-08-08 21:58:47
12101,70,3022,Attended,2023-07-09 21:58:47,2023-08-08 21:58:47
12102,70,2329,Attended,2023-07-25 21:58:47,2023-08-08 21:58:47
12103,70,1303,Attended,2023-07-06 21:58:47,2023-08-08 21:58:47
12104,70,300,Attended,2023-07-03 21:58:47,2023-08-08 21:58:47
12105,70,3190,Attended,2023-07-18 21:58:47,2023-08-08 21:58:47
12106,70,1915,Attended,2023-07-28 21:58:47,2023-08-08 21:58:47
12107,70,1996,Attended,2023-07-04 21:58:47,2023-08-08 21:58:47
12108,70,2636,Attended,2023-06-28 21:58:47,2023-08-08 21:58:47
12109,70,3043,Attended,2023-07-31 21:58:47,2023-08-08 21:58:47
12110,70,2588,Registered,2023-08-03 21:58:47,
12111,70,2265,Attended,2023-07-24 21:58:47,2023-08-08 21:58:47
12112,70,1458,Attended,2023-07-03 21:58:47,2023-08-08 21:58:47
12113,70,1826,Attended,2023-07-10 21:58:47,2023-08-08 21:58:47
12114,70,1324,Attended,2023-06-27 21:58:47,2023-08-08 21:58:47
12115,70,407,Attended,2023-07-30 21:58:47,2023-08-08 21:58:47
12116,70,199,Registered,2023-07-21 21:58:47,
12117,70,132,Attended,2023-07-28 21:58:47,2023-08-08 21:58:47
12118,70,2761,Attended,2023-07-31 21:58:47,2023-08-08 21:58:47
12119,70,3071,No Show,2023-08-05 21:58:47,
12120,70,1644,Attended,2023-07-01 21:58:47,2023-08-08 21:58:47
12121,70,2474,Attended,2023-06-26 21:58:47,2023-08-08 21:58:47
12122,70,2806,Cancelled,2023-07-31 21:58:47,
12123,70,1976,Attended,2023-07-03 21:58:47,2023-08-08 21:58:47
12124,70,1182,Attended,2023-06-24 21:58:47,2023-08-08 21:58:47
12125,70,604,Attended,2023-07-23 21:58:47,2023-08-08 21:58:47
12126,70,2318,Attended,2023-07-15 21:58:47,2023-08-08 21:58:47
12127,70,3056,Attended,2023-08-06 21:58:47,2023-08-08 21:58:47
12128,70,2710,Attended,2023-07-26 21:58:47,2023-08-08 21:58:47
12129,70,619,No Show,2023-07-18 21:58:47,
12130,70,3131,Attended,2023-08-04 21:58:47,2023-08-08 21:58:47
12131,70,413,No Show,2023-07-10 21:58:47,
12132,70,612,Attended,2023-07-17 21:58:47,2023-08-08 21:58:47
12133,70,1383,Attended,2023-07-09 21:58:47,2023-08-08 21:58:47
12134,70,1233,Cancelled,2023-07-26 21:58:47,
12135,70,771,Cancelled,2023-07-20 21:58:47,
12136,70,1357,Attended,2023-07-28 21:58:47,2023-08-08 21:58:47
12137,70,1435,Registered,2023-08-01 21:58:47,
12138,70,2352,Registered,2023-07-07 21:58:47,
12139,70,1048,No Show,2023-07-08 21:58:47,
12140,70,384,Registered,2023-07-10 21:58:47,
12141,70,3191,Registered,2023-07-29 21:58:47,
12142,70,759,No Show,2023-08-07 21:58:47,
12143,70,1143,Attended,2023-07-27 21:58:47,2023-08-08 21:58:47
12144,70,1068,Attended,2023-07-15 21:58:47,2023-08-08 21:58:47
12145,70,691,Attended,2023-07-13 21:58:47,2023-08-08 21:58:47
12146,70,2075,Attended,2023-07-09 21:58:47,2023-08-08 21:58:47
12147,70,791,Attended,2023-07-06 21:58:47,2023-08-08 21:58:47
12148,70,412,Registered,2023-06-29 21:58:47,
12149,70,3246,Attended,2023-07-24 21:58:47,2023-08-08 21:58:47
12150,70,2558,Attended,2023-07-12 21:58:47,2023-08-08 21:58:47
12151,70,2728,Cancelled,2023-06-25 21:58:47,
12152,70,561,No Show,2023-07-21 21:58:47,
12153,70,2066,Attended,2023-07-14 21:58:47,2023-08-08 21:58:47
12154,70,2686,Attended,2023-08-06 21:58:47,2023-08-08 21:58:47
12155,70,2974,Attended,2023-07-24 21:58:47,2023-08-08 21:58:47
12156,70,1388,Attended,2023-08-04 21:58:47,2023-08-08 21:58:47
12157,70,928,Attended,2023-08-03 21:58:47,2023-08-08 21:58:47
12158,70,1205,Attended,2023-07-05 21:58:47,2023-08-08 21:58:47
12159,70,426,Registered,2023-07-21 21:58:47,
12160,70,1044,Registered,2023-07-29 21:58:47,
12161,70,1299,Attended,2023-06-27 21:58:47,2023-08-08 21:58:47
12162,70,806,Attended,2023-07-08 21:58:47,2023-08-08 21:58:47
12163,70,2717,Registered,2023-07-27 21:58:47,
12164,70,2401,Attended,2023-07-03 21:58:47,2023-08-08 21:58:47
12165,70,629,Attended,2023-07-23 21:58:47,2023-08-08 21:58:47
12166,70,2392,Attended,2023-07-07 21:58:47,2023-08-08 21:58:47
12167,70,1515,Attended,2023-08-07 21:58:47,2023-08-08 21:58:47
12168,70,2381,No Show,2023-06-25 21:58:47,
12169,70,477,Attended,2023-06-24 21:58:47,2023-08-08 21:58:47
12170,70,3149,Attended,2023-07-08 21:58:47,2023-08-08 21:58:47
12171,70,2197,Registered,2023-07-20 21:58:47,
12172,70,2499,Attended,2023-07-11 21:58:47,2023-08-08 21:58:47
12173,70,2384,No Show,2023-06-26 21:58:47,
12174,70,2441,Registered,2023-07-20 21:58:47,
12175,70,2050,Registered,2023-07-31 21:58:47,
12176,70,1703,Cancelled,2023-07-14 21:58:47,
12177,70,931,Attended,2023-07-25 21:58:47,2023-08-08 21:58:47
12178,70,2389,Registered,2023-08-05 21:58:47,
12179,70,1289,Attended,2023-07-23 21:58:47,2023-08-08 21:58:47
12180,70,2826,Attended,2023-07-18 21:58:47,2023-08-08 21:58:47
12181,70,753,Attended,2023-07-26 21:58:47,2023-08-08 21:58:47
12182,70,186,Attended,2023-07-07 21:58:47,2023-08-08 21:58:47
12183,70,144,Attended,2023-07-18 21:58:47,2023-08-08 21:58:47
12184,70,2149,Attended,2023-08-01 21:58:47,2023-08-08 21:58:47
12185,70,2548,Attended,2023-07-09 21:58:47,2023-08-08 21:58:47
12186,70,239,Attended,2023-07-14 21:58:47,2023-08-08 21:58:47
12187,70,2980,Attended,2023-07-06 21:58:47,2023-08-08 21:58:47
12188,70,1705,Registered,2023-06-30 21:58:47,
12189,70,2958,Registered,2023-07-20 21:58:47,
12190,70,543,No Show,2023-08-02 21:58:47,
12191,70,1611,No Show,2023-07-06 21:58:47,
12192,70,1029,Registered,2023-07-20 21:58:47,
12193,70,20,Attended,2023-06-24 21:58:47,2023-08-08 21:58:47
12194,70,570,Attended,2023-07-09 21:58:47,2023-08-08 21:58:47
12195,70,3206,Attended,2023-07-26 21:58:47,2023-08-08 21:58:47
12196,70,161,No Show,2023-06-24 21:58:47,
12197,70,645,Attended,2023-07-08 21:58:47,2023-08-08 21:58:47
12198,70,2412,No Show,2023-07-04 21:58:47,
12199,71,1581,Attended,2024-09-18 19:03:20,2024-09-22 19:03:20
12200,71,2071,Attended,2024-08-30 19:03:20,2024-09-22 19:03:20
12201,71,1109,Attended,2024-09-13 19:03:20,2024-09-22 19:03:20
12202,71,2105,Registered,2024-08-09 19:03:20,
12203,71,326,Attended,2024-08-31 19:03:20,2024-09-22 19:03:20
12204,71,109,Registered,2024-08-18 19:03:20,
12205,71,933,Attended,2024-08-28 19:03:20,2024-09-22 19:03:20
12206,71,2560,Attended,2024-09-03 19:03:20,2024-09-22 19:03:20
12207,71,1321,Attended,2024-08-18 19:03:20,2024-09-22 19:03:20
12208,71,2027,Attended,2024-09-11 19:03:20,2024-09-22 19:03:20
12209,71,3125,Attended,2024-08-24 19:03:20,2024-09-22 19:03:20
12210,71,1354,No Show,2024-09-16 19:03:20,
12211,71,2817,Attended,2024-08-11 19:03:20,2024-09-22 19:03:20
12212,71,537,Attended,2024-08-11 19:03:20,2024-09-22 19:03:20
12213,71,3239,Registered,2024-09-16 19:03:20,
12214,71,761,No Show,2024-08-15 19:03:20,
12215,71,2422,Attended,2024-08-15 19:03:20,2024-09-22 19:03:20
12216,71,666,Attended,2024-08-21 19:03:20,2024-09-22 19:03:20
12217,71,283,Attended,2024-08-24 19:03:20,2024-09-22 19:03:20
12218,71,2541,Registered,2024-08-30 19:03:20,
12219,71,7,Registered,2024-09-09 19:03:20,
12220,71,1553,Attended,2024-08-13 19:03:20,2024-09-22 19:03:20
12221,71,1628,No Show,2024-08-16 19:03:20,
12222,71,3052,Attended,2024-08-20 19:03:20,2024-09-22 19:03:20
12223,71,1466,Attended,2024-09-11 19:03:20,2024-09-22 19:03:20
12224,71,193,Attended,2024-08-28 19:03:20,2024-09-22 19:03:20
12225,71,2197,Attended,2024-09-02 19:03:20,2024-09-22 19:03:20
12226,71,1667,No Show,2024-09-02 19:03:20,
12227,71,1126,No Show,2024-08-25 19:03:20,
12228,71,841,No Show,2024-09-01 19:03:20,
12229,71,2647,Registered,2024-08-20 19:03:20,
12230,71,2391,Attended,2024-08-12 19:03:20,2024-09-22 19:03:20
12231,71,324,No Show,2024-08-29 19:03:20,
12232,71,1085,Attended,2024-08-19 19:03:20,2024-09-22 19:03:20
12233,72,958,Attended,2025-11-05 15:52:48,2025-11-24 15:52:48
12234,72,501,Attended,2025-11-05 15:52:48,2025-11-24 15:52:48
12235,72,1343,Attended,2025-11-09 15:52:48,2025-11-24 15:52:48
12236,72,3224,Registered,2025-11-14 15:52:48,
12237,72,2082,Registered,2025-10-14 15:52:48,
12238,72,1375,Attended,2025-11-20 15:52:48,2025-11-24 15:52:48
12239,72,100,Cancelled,2025-11-09 15:52:48,
12240,72,1092,Attended,2025-11-20 15:52:48,2025-11-24 15:52:48
12241,72,2731,Attended,2025-11-21 15:52:48,2025-11-24 15:52:48
12242,72,2944,Attended,2025-10-20 15:52:48,2025-11-24 15:52:48
12243,72,2702,No Show,2025-11-09 15:52:48,
12244,72,1052,Cancelled,2025-10-14 15:52:48,
12245,72,1367,Attended,2025-10-31 15:52:48,2025-11-24 15:52:48
12246,72,2887,Registered,2025-11-08 15:52:48,
12247,72,2846,No Show,2025-10-21 15:52:48,
12248,72,627,Cancelled,2025-10-27 15:52:48,
12249,72,2112,Attended,2025-11-14 15:52:48,2025-11-24 15:52:48
12250,72,1279,Attended,2025-10-11 15:52:48,2025-11-24 15:52:48
12251,72,1696,Registered,2025-11-08 15:52:48,
12252,72,491,No Show,2025-10-18 15:52:48,
12253,72,333,Attended,2025-11-20 15:52:48,2025-11-24 15:52:48
12254,72,2585,Attended,2025-11-01 15:52:48,2025-11-24 15:52:48
12255,72,3064,Attended,2025-11-12 15:52:48,2025-11-24 15:52:48
12256,72,1697,Attended,2025-11-22 15:52:48,2025-11-24 15:52:48
12257,72,1318,Registered,2025-10-28 15:52:48,
12258,72,1740,Attended,2025-10-28 15:52:48,2025-11-24 15:52:48
12259,72,2074,Cancelled,2025-10-11 15:52:48,
12260,72,1345,Registered,2025-10-31 15:52:48,
12261,72,3033,Attended,2025-10-22 15:52:48,2025-11-24 15:52:48
12262,72,2698,Attended,2025-10-31 15:52:48,2025-11-24 15:52:48
12263,72,2628,Registered,2025-10-24 15:52:48,
12264,72,1299,Registered,2025-10-17 15:52:48,
12265,72,3152,Attended,2025-10-12 15:52:48,2025-11-24 15:52:48
12266,72,1676,Cancelled,2025-10-31 15:52:48,
12267,72,1835,Registered,2025-11-02 15:52:48,
12268,72,1491,Attended,2025-11-09 15:52:48,2025-11-24 15:52:48
12269,72,2643,Attended,2025-10-30 15:52:48,2025-11-24 15:52:48
12270,72,660,Attended,2025-10-14 15:52:48,2025-11-24 15:52:48
12271,72,2495,Attended,2025-11-21 15:52:48,2025-11-24 15:52:48
12272,72,748,Attended,2025-11-21 15:52:48,2025-11-24 15:52:48
12273,72,337,Attended,2025-10-11 15:52:48,2025-11-24 15:52:48
12274,72,2299,Attended,2025-10-18 15:52:48,2025-11-24 15:52:48
12275,72,1833,Registered,2025-10-16 15:52:48,
12276,72,851,Attended,2025-11-02 15:52:48,2025-11-24 15:52:48
12277,72,1836,Attended,2025-11-08 15:52:48,2025-11-24 15:52:48
12278,72,320,Attended,2025-10-31 15:52:48,2025-11-24 15:52:48
12279,72,3056,Cancelled,2025-10-11 15:52:48,
12280,72,2078,Attended,2025-11-22 15:52:48,2025-11-24 15:52:48
12281,72,2697,Registered,2025-10-24 15:52:48,
12282,72,3036,Attended,2025-10-11 15:52:48,2025-11-24 15:52:48
12283,72,1664,No Show,2025-11-10 15:52:48,
12284,72,960,Attended,2025-11-07 15:52:48,2025-11-24 15:52:48
12285,72,2722,Attended,2025-11-11 15:52:48,2025-11-24 15:52:48
12286,72,2707,No Show,2025-10-14 15:52:48,
12287,72,2071,Attended,2025-11-21 15:52:48,2025-11-24 15:52:48
12288,72,842,Attended,2025-10-25 15:52:48,2025-11-24 15:52:48
12289,72,2322,Attended,2025-10-17 15:52:48,2025-11-24 15:52:48
12290,72,2771,Attended,2025-10-16 15:52:48,2025-11-24 15:52:48
12291,72,3248,Attended,2025-11-11 15:52:48,2025-11-24 15:52:48
12292,72,1880,Attended,2025-11-19 15:52:48,2025-11-24 15:52:48
12293,72,3175,Attended,2025-10-20 15:52:48,2025-11-24 15:52:48
12294,72,2801,Attended,2025-11-09 15:52:48,2025-11-24 15:52:48
12295,72,533,Attended,2025-11-20 15:52:48,2025-11-24 15:52:48
12296,72,1405,Attended,2025-10-30 15:52:48,2025-11-24 15:52:48
12297,72,461,Attended,2025-11-17 15:52:48,2025-11-24 15:52:48
12298,72,770,Cancelled,2025-10-29 15:52:48,
12299,72,2644,Attended,2025-10-17 15:52:48,2025-11-24 15:52:48
12300,72,2749,Attended,2025-11-15 15:52:48,2025-11-24 15:52:48
12301,72,274,Attended,2025-11-05 15:52:48,2025-11-24 15:52:48
12302,72,2601,Cancelled,2025-11-17 15:52:48,
12303,72,74,No Show,2025-11-11 15:52:48,
12304,72,228,No Show,2025-11-09 15:52:48,
12305,72,150,Attended,2025-11-08 15:52:48,2025-11-24 15:52:48
12306,72,1727,Attended,2025-11-18 15:52:48,2025-11-24 15:52:48
12307,72,2676,Attended,2025-11-16 15:52:48,2025-11-24 15:52:48
12308,72,2231,Attended,2025-11-06 15:52:48,2025-11-24 15:52:48
12309,72,3118,Attended,2025-10-29 15:52:48,2025-11-24 15:52:48
12310,72,3142,Attended,2025-11-08 15:52:48,2025-11-24 15:52:48
12311,72,1296,No Show,2025-10-24 15:52:48,
12312,72,174,Attended,2025-10-11 15:52:48,2025-11-24 15:52:48
12313,72,2909,Registered,2025-10-21 15:52:48,
12314,72,793,Attended,2025-10-25 15:52:48,2025-11-24 15:52:48
12315,72,1183,Attended,2025-11-23 15:52:48,2025-11-24 15:52:48
12316,72,454,Registered,2025-11-13 15:52:48,
12317,72,293,Attended,2025-10-12 15:52:48,2025-11-24 15:52:48
12318,72,1409,No Show,2025-11-14 15:52:48,
12319,72,797,Registered,2025-10-16 15:52:48,
12320,72,615,Attended,2025-11-15 15:52:48,2025-11-24 15:52:48
12321,72,1387,Attended,2025-10-12 15:52:48,2025-11-24 15:52:48
12322,72,466,Attended,2025-10-18 15:52:48,2025-11-24 15:52:48
12323,72,2730,Attended,2025-11-09 15:52:48,2025-11-24 15:52:48
12324,72,1969,Attended,2025-11-01 15:52:48,2025-11-24 15:52:48
12325,72,2131,Attended,2025-11-03 15:52:48,2025-11-24 15:52:48
12326,72,2288,Attended,2025-11-16 15:52:48,2025-11-24 15:52:48
12327,72,1685,Registered,2025-10-13 15:52:48,
12328,72,2468,No Show,2025-11-11 15:52:48,
12329,72,2616,Registered,2025-10-26 15:52:48,
12330,72,291,Attended,2025-11-15 15:52:48,2025-11-24 15:52:48
12331,72,779,No Show,2025-11-16 15:52:48,
12332,72,2940,Registered,2025-10-31 15:52:48,
12333,72,2227,Attended,2025-11-06 15:52:48,2025-11-24 15:52:48
12334,72,459,Attended,2025-10-21 15:52:48,2025-11-24 15:52:48
12335,72,1399,Attended,2025-10-21 15:52:48,2025-11-24 15:52:48
12336,72,2590,Registered,2025-11-08 15:52:48,
12337,72,2179,Registered,2025-10-16 15:52:48,
12338,72,2217,No Show,2025-10-30 15:52:48,
12339,72,3208,Attended,2025-11-18 15:52:48,2025-11-24 15:52:48
12340,72,1212,No Show,2025-10-24 15:52:48,
12341,72,3193,Cancelled,2025-10-25 15:52:48,
12342,72,1105,Attended,2025-10-14 15:52:48,2025-11-24 15:52:48
12343,72,2767,Attended,2025-11-18 15:52:48,2025-11-24 15:52:48
12344,72,2344,Attended,2025-11-11 15:52:48,2025-11-24 15:52:48
12345,72,1468,Registered,2025-10-17 15:52:48,
12346,72,147,Attended,2025-10-29 15:52:48,2025-11-24 15:52:48
12347,72,1505,Registered,2025-10-29 15:52:48,
12348,72,2955,Cancelled,2025-11-15 15:52:48,
12349,72,2123,Attended,2025-11-07 15:52:48,2025-11-24 15:52:48
12350,72,696,Attended,2025-11-22 15:52:48,2025-11-24 15:52:48
12351,72,786,Attended,2025-11-18 15:52:48,2025-11-24 15:52:48
12352,72,1065,No Show,2025-10-28 15:52:48,
12353,72,2898,Attended,2025-11-16 15:52:48,2025-11-24 15:52:48
12354,72,2278,Attended,2025-10-26 15:52:48,2025-11-24 15:52:48
12355,72,2764,Attended,2025-10-15 15:52:48,2025-11-24 15:52:48
12356,72,2458,Attended,2025-11-22 15:52:48,2025-11-24 15:52:48
12357,72,825,Attended,2025-10-31 15:52:48,2025-11-24 15:52:48
12358,72,581,Attended,2025-11-19 15:52:48,2025-11-24 15:52:48
12359,72,1814,Registered,2025-11-07 15:52:48,
12360,72,451,Attended,2025-10-19 15:52:48,2025-11-24 15:52:48
12361,72,808,Attended,2025-10-22 15:52:48,2025-11-24 15:52:48
12362,72,2098,Attended,2025-11-12 15:52:48,2025-11-24 15:52:48
12363,72,1673,Attended,2025-10-10 15:52:48,2025-11-24 15:52:48
12364,72,2710,Attended,2025-10-28 15:52:48,2025-11-24 15:52:48
12365,72,1594,Registered,2025-11-06 15:52:48,
12366,72,315,Attended,2025-11-16 15:52:48,2025-11-24 15:52:48
12367,72,1023,No Show,2025-11-17 15:52:48,
12368,72,1787,Attended,2025-11-05 15:52:48,2025-11-24 15:52:48
12369,72,617,Attended,2025-11-03 15:52:48,2025-11-24 15:52:48
12370,72,108,Attended,2025-10-18 15:52:48,2025-11-24 15:52:48
12371,72,2055,Attended,2025-10-27 15:52:48,2025-11-24 15:52:48
12372,72,2998,Attended,2025-10-17 15:52:48,2025-11-24 15:52:48
12373,72,2153,Registered,2025-10-30 15:52:48,
12374,72,2487,Attended,2025-10-10 15:52:48,2025-11-24 15:52:48
12375,72,2155,Attended,2025-10-29 15:52:48,2025-11-24 15:52:48
12376,72,1854,Attended,2025-10-12 15:52:48,2025-11-24 15:52:48
12377,72,387,Attended,2025-10-18 15:52:48,2025-11-24 15:52:48
12378,72,1303,No Show,2025-10-26 15:52:48,
12379,72,3172,Cancelled,2025-11-23 15:52:48,
12380,72,1404,Attended,2025-11-18 15:52:48,2025-11-24 15:52:48
12381,72,2937,Cancelled,2025-10-25 15:52:48,
12382,72,1899,Attended,2025-10-12 15:52:48,2025-11-24 15:52:48
12383,72,1237,Attended,2025-11-19 15:52:48,2025-11-24 15:52:48
12384,72,817,Attended,2025-10-31 15:52:48,2025-11-24 15:52:48
12385,72,1124,Attended,2025-10-11 15:52:48,2025-11-24 15:52:48
12386,72,1128,Attended,2025-10-19 15:52:48,2025-11-24 15:52:48
12387,72,3209,Cancelled,2025-11-20 15:52:48,
12388,72,860,Registered,2025-10-28 15:52:48,
12389,72,380,Attended,2025-11-07 15:52:48,2025-11-24 15:52:48
12390,72,1643,Attended,2025-11-05 15:52:48,2025-11-24 15:52:48
12391,72,1639,Registered,2025-10-17 15:52:48,
12392,72,2239,Attended,2025-11-06 15:52:48,2025-11-24 15:52:48
12393,72,1535,No Show,2025-10-11 15:52:48,
12394,72,1747,Registered,2025-10-15 15:52:48,
12395,72,414,Registered,2025-11-21 15:52:48,
12396,72,763,Cancelled,2025-10-13 15:52:48,
12397,72,1292,Attended,2025-10-17 15:52:48,2025-11-24 15:52:48
12398,72,276,Registered,2025-11-05 15:52:48,
12399,72,745,Attended,2025-10-16 15:52:48,2025-11-24 15:52:48
12400,72,514,Attended,2025-11-19 15:52:48,2025-11-24 15:52:48
12401,72,1353,Attended,2025-11-17 15:52:48,2025-11-24 15:52:48
12402,72,2612,Attended,2025-10-11 15:52:48,2025-11-24 15:52:48
12403,72,3103,No Show,2025-11-04 15:52:48,
12404,72,691,Cancelled,2025-11-23 15:52:48,
12405,72,2287,Attended,2025-10-21 15:52:48,2025-11-24 15:52:48
12406,73,1401,No Show,2025-08-15 04:41:00,
12407,73,1461,Attended,2025-08-08 04:41:00,2025-09-07 04:41:00
12408,73,724,Registered,2025-08-11 04:41:00,
12409,73,3147,Attended,2025-08-22 04:41:00,2025-09-07 04:41:00
12410,73,2592,No Show,2025-08-28 04:41:00,
12411,73,1874,Attended,2025-08-28 04:41:00,2025-09-07 04:41:00
12412,73,2851,Attended,2025-09-03 04:41:00,2025-09-07 04:41:00
12413,73,407,Attended,2025-08-19 04:41:00,2025-09-07 04:41:00
12414,73,1486,Attended,2025-07-24 04:41:00,2025-09-07 04:41:00
12415,73,3163,Registered,2025-08-15 04:41:00,
12416,73,584,Registered,2025-09-04 04:41:00,
12417,73,2306,Attended,2025-08-29 04:41:00,2025-09-07 04:41:00
12418,73,2035,No Show,2025-08-23 04:41:00,
12419,73,2093,No Show,2025-08-22 04:41:00,
12420,73,2602,Registered,2025-07-28 04:41:00,
12421,73,704,Attended,2025-07-29 04:41:00,2025-09-07 04:41:00
12422,73,46,Attended,2025-08-30 04:41:00,2025-09-07 04:41:00
12423,73,2637,Attended,2025-08-07 04:41:00,2025-09-07 04:41:00
12424,73,1916,Attended,2025-09-05 04:41:00,2025-09-07 04:41:00
12425,73,974,No Show,2025-08-03 04:41:00,
12426,73,2430,Registered,2025-08-26 04:41:00,
12427,73,532,Attended,2025-08-16 04:41:00,2025-09-07 04:41:00
12428,73,1187,Attended,2025-08-25 04:41:00,2025-09-07 04:41:00
12429,73,3055,Registered,2025-08-25 04:41:00,
12430,73,2157,No Show,2025-08-15 04:41:00,
12431,73,152,Registered,2025-07-25 04:41:00,
12432,73,2882,Attended,2025-08-09 04:41:00,2025-09-07 04:41:00
12433,73,291,Attended,2025-09-03 04:41:00,2025-09-07 04:41:00
12434,73,1520,Registered,2025-08-23 04:41:00,
12435,73,3152,Attended,2025-08-25 04:41:00,2025-09-07 04:41:00
12436,73,891,No Show,2025-08-28 04:41:00,
12437,73,2939,Attended,2025-07-24 04:41:00,2025-09-07 04:41:00
12438,73,976,Cancelled,2025-08-13 04:41:00,
12439,73,1431,Attended,2025-08-08 04:41:00,2025-09-07 04:41:00
12440,73,2082,No Show,2025-08-01 04:41:00,
12441,73,325,Registered,2025-08-19 04:41:00,
12442,73,1158,Attended,2025-08-08 04:41:00,2025-09-07 04:41:00
12443,73,665,Attended,2025-08-06 04:41:00,2025-09-07 04:41:00
12444,73,147,Attended,2025-08-01 04:41:00,2025-09-07 04:41:00
12445,73,2371,No Show,2025-08-15 04:41:00,
12446,73,1831,Registered,2025-08-10 04:41:00,
12447,73,2402,Attended,2025-08-14 04:41:00,2025-09-07 04:41:00
12448,73,903,Attended,2025-08-21 04:41:00,2025-09-07 04:41:00
12449,73,1447,Attended,2025-08-12 04:41:00,2025-09-07 04:41:00
12450,73,1109,No Show,2025-08-05 04:41:00,
12451,73,3231,Attended,2025-08-02 04:41:00,2025-09-07 04:41:00
12452,73,654,Attended,2025-07-30 04:41:00,2025-09-07 04:41:00
12453,73,885,Attended,2025-09-04 04:41:00,2025-09-07 04:41:00
12454,73,92,Attended,2025-08-12 04:41:00,2025-09-07 04:41:00
12455,73,1699,Attended,2025-08-28 04:41:00,2025-09-07 04:41:00
12456,73,2713,Registered,2025-08-27 04:41:00,
12457,73,711,Attended,2025-07-24 04:41:00,2025-09-07 04:41:00
12458,73,811,Attended,2025-08-18 04:41:00,2025-09-07 04:41:00
12459,73,1142,No Show,2025-08-21 04:41:00,
12460,73,235,Attended,2025-08-31 04:41:00,2025-09-07 04:41:00
12461,73,1933,Attended,2025-08-15 04:41:00,2025-09-07 04:41:00
12462,73,1089,Attended,2025-08-12 04:41:00,2025-09-07 04:41:00
12463,73,3057,No Show,2025-08-04 04:41:00,
12464,73,2748,Registered,2025-08-15 04:41:00,
12465,73,2341,Attended,2025-08-06 04:41:00,2025-09-07 04:41:00
12466,73,904,Attended,2025-08-07 04:41:00,2025-09-07 04:41:00
12467,73,1306,Attended,2025-07-31 04:41:00,2025-09-07 04:41:00
12468,73,2656,Attended,2025-08-28 04:41:00,2025-09-07 04:41:00
12469,73,340,No Show,2025-08-29 04:41:00,
12470,73,3170,Attended,2025-08-01 04:41:00,2025-09-07 04:41:00
12471,73,1811,Attended,2025-08-01 04:41:00,2025-09-07 04:41:00
12472,73,1804,No Show,2025-08-30 04:41:00,
12473,73,1978,Attended,2025-08-02 04:41:00,2025-09-07 04:41:00
12474,73,2768,No Show,2025-07-27 04:41:00,
12475,73,2403,No Show,2025-08-28 04:41:00,
12476,73,639,Attended,2025-08-12 04:41:00,2025-09-07 04:41:00
12477,73,831,Attended,2025-09-02 04:41:00,2025-09-07 04:41:00
12478,73,1451,Attended,2025-08-22 04:41:00,2025-09-07 04:41:00
12479,73,2102,Attended,2025-07-24 04:41:00,2025-09-07 04:41:00
12480,73,2113,Registered,2025-07-29 04:41:00,
12481,73,289,Attended,2025-08-29 04:41:00,2025-09-07 04:41:00
12482,73,287,Attended,2025-08-18 04:41:00,2025-09-07 04:41:00
12483,73,1917,Attended,2025-08-09 04:41:00,2025-09-07 04:41:00
12484,73,2360,No Show,2025-08-20 04:41:00,
12485,73,1222,Attended,2025-08-07 04:41:00,2025-09-07 04:41:00
12486,73,148,Registered,2025-07-31 04:41:00,
12487,73,632,Cancelled,2025-08-01 04:41:00,
12488,73,2468,Attended,2025-08-04 04:41:00,2025-09-07 04:41:00
12489,73,1545,Attended,2025-09-06 04:41:00,2025-09-07 04:41:00
12490,73,2691,Attended,2025-08-05 04:41:00,2025-09-07 04:41:00
12491,73,2311,No Show,2025-08-26 04:41:00,
12492,73,2765,Registered,2025-08-06 04:41:00,
12493,73,2129,Attended,2025-09-03 04:41:00,2025-09-07 04:41:00
12494,73,127,Attended,2025-08-30 04:41:00,2025-09-07 04:41:00
12495,73,2566,Attended,2025-08-28 04:41:00,2025-09-07 04:41:00
12496,73,737,No Show,2025-08-07 04:41:00,
12497,73,1324,Attended,2025-08-28 04:41:00,2025-09-07 04:41:00
12498,73,1233,Attended,2025-08-09 04:41:00,2025-09-07 04:41:00
12499,73,2934,Cancelled,2025-07-27 04:41:00,
12500,73,2635,Attended,2025-07-28 04:41:00,2025-09-07 04:41:00
12501,73,2221,Attended,2025-07-26 04:41:00,2025-09-07 04:41:00
12502,73,2348,Attended,2025-08-01 04:41:00,2025-09-07 04:41:00
12503,73,775,Attended,2025-09-05 04:41:00,2025-09-07 04:41:00
12504,73,499,Registered,2025-07-25 04:41:00,
12505,73,1037,Attended,2025-08-24 04:41:00,2025-09-07 04:41:00
12506,73,1392,Registered,2025-08-11 04:41:00,
12507,73,3137,Attended,2025-08-30 04:41:00,2025-09-07 04:41:00
12508,73,1636,Cancelled,2025-08-15 04:41:00,
12509,73,2111,Attended,2025-08-31 04:41:00,2025-09-07 04:41:00
12510,73,3188,Cancelled,2025-08-15 04:41:00,
12511,73,1930,Attended,2025-08-10 04:41:00,2025-09-07 04:41:00
12512,73,1043,Attended,2025-08-15 04:41:00,2025-09-07 04:41:00
12513,73,2536,No Show,2025-08-12 04:41:00,
12514,73,3073,Registered,2025-09-06 04:41:00,
12515,73,3235,Cancelled,2025-08-29 04:41:00,
12516,73,2613,No Show,2025-08-15 04:41:00,
12517,73,3103,Registered,2025-08-21 04:41:00,
12518,73,1300,No Show,2025-09-03 04:41:00,
12519,73,1292,Attended,2025-08-21 04:41:00,2025-09-07 04:41:00
12520,73,1328,Registered,2025-08-04 04:41:00,
12521,73,373,Attended,2025-09-02 04:41:00,2025-09-07 04:41:00
12522,73,2523,Attended,2025-09-02 04:41:00,2025-09-07 04:41:00
12523,73,1835,No Show,2025-09-02 04:41:00,
12524,73,1130,No Show,2025-08-25 04:41:00,
12525,73,1876,Registered,2025-08-11 04:41:00,
12526,73,2090,Attended,2025-08-29 04:41:00,2025-09-07 04:41:00
12527,73,1540,Attended,2025-07-29 04:41:00,2025-09-07 04:41:00
12528,73,956,Attended,2025-08-01 04:41:00,2025-09-07 04:41:00
12529,73,2985,Attended,2025-09-03 04:41:00,2025-09-07 04:41:00
12530,73,1971,Attended,2025-08-24 04:41:00,2025-09-07 04:41:00
12531,73,474,Attended,2025-07-28 04:41:00,2025-09-07 04:41:00
12532,73,2973,Attended,2025-08-28 04:41:00,2025-09-07 04:41:00
12533,73,2671,Attended,2025-08-07 04:41:00,2025-09-07 04:41:00
12534,73,1326,No Show,2025-08-20 04:41:00,
12535,73,1833,Registered,2025-08-06 04:41:00,
12536,73,269,Registered,2025-07-30 04:41:00,
12537,73,2919,Registered,2025-07-27 04:41:00,
12538,73,288,Attended,2025-09-06 04:41:00,2025-09-07 04:41:00
12539,73,907,Attended,2025-07-24 04:41:00,2025-09-07 04:41:00
12540,73,989,Attended,2025-08-14 04:41:00,2025-09-07 04:41:00
12541,73,1541,Registered,2025-08-07 04:41:00,
12542,73,208,Cancelled,2025-08-02 04:41:00,
12543,73,2694,Attended,2025-08-28 04:41:00,2025-09-07 04:41:00
12544,73,1506,Attended,2025-08-31 04:41:00,2025-09-07 04:41:00
12545,73,70,No Show,2025-08-11 04:41:00,
12546,73,810,Attended,2025-08-10 04:41:00,2025-09-07 04:41:00
12547,73,2978,Attended,2025-08-06 04:41:00,2025-09-07 04:41:00
12548,73,2895,Attended,2025-09-02 04:41:00,2025-09-07 04:41:00
12549,73,3252,Attended,2025-08-31 04:41:00,2025-09-07 04:41:00
12550,73,1772,Attended,2025-09-01 04:41:00,2025-09-07 04:41:00
12551,73,36,Attended,2025-08-04 04:41:00,2025-09-07 04:41:00
12552,73,3104,Attended,2025-08-25 04:41:00,2025-09-07 04:41:00
12553,73,1221,Attended,2025-07-31 04:41:00,2025-09-07 04:41:00
12554,73,408,Registered,2025-08-06 04:41:00,
12555,73,2208,Registered,2025-08-19 04:41:00,
12556,73,1797,No Show,2025-08-22 04:41:00,
12557,73,1815,Attended,2025-08-18 04:41:00,2025-09-07 04:41:00
12558,73,1838,No Show,2025-08-06 04:41:00,
12559,73,1973,No Show,2025-08-13 04:41:00,
12560,73,1807,Attended,2025-07-30 04:41:00,2025-09-07 04:41:00
12561,73,1103,No Show,2025-08-17 04:41:00,
12562,73,969,Attended,2025-08-19 04:41:00,2025-09-07 04:41:00
12563,73,2683,Attended,2025-08-08 04:41:00,2025-09-07 04:41:00
12564,73,1598,Registered,2025-08-23 04:41:00,
12565,73,268,Attended,2025-08-29 04:41:00,2025-09-07 04:41:00
12566,73,1819,Attended,2025-08-01 04:41:00,2025-09-07 04:41:00
12567,73,2933,No Show,2025-08-13 04:41:00,
12568,73,2267,Attended,2025-08-03 04:41:00,2025-09-07 04:41:00
12569,73,2606,No Show,2025-08-15 04:41:00,
12570,73,2297,No Show,2025-08-26 04:41:00,
12571,73,888,Attended,2025-07-31 04:41:00,2025-09-07 04:41:00
12572,73,883,Attended,2025-08-12 04:41:00,2025-09-07 04:41:00
12573,73,90,Registered,2025-08-22 04:41:00,
12574,73,105,Attended,2025-09-02 04:41:00,2025-09-07 04:41:00
12575,73,1766,Attended,2025-08-25 04:41:00,2025-09-07 04:41:00
12576,73,2140,Registered,2025-07-30 04:41:00,
12577,73,1929,Registered,2025-09-05 04:41:00,
12578,73,2114,Registered,2025-08-04 04:41:00,
12579,73,3029,Attended,2025-08-20 04:41:00,2025-09-07 04:41:00
12580,73,1700,Attended,2025-09-06 04:41:00,2025-09-07 04:41:00
12581,73,1391,Registered,2025-08-02 04:41:00,
12582,73,604,No Show,2025-08-18 04:41:00,
12583,73,2582,Attended,2025-08-23 04:41:00,2025-09-07 04:41:00
12584,73,101,Attended,2025-08-07 04:41:00,2025-09-07 04:41:00
12585,73,549,Registered,2025-08-18 04:41:00,
12586,73,1139,Attended,2025-08-02 04:41:00,2025-09-07 04:41:00
12587,73,3227,Attended,2025-08-27 04:41:00,2025-09-07 04:41:00
12588,73,942,Attended,2025-07-27 04:41:00,2025-09-07 04:41:00
12589,73,1272,Attended,2025-07-26 04:41:00,2025-09-07 04:41:00
12590,73,2949,Registered,2025-08-09 04:41:00,
12591,73,1769,Attended,2025-08-31 04:41:00,2025-09-07 04:41:00
12592,73,1991,Attended,2025-08-13 04:41:00,2025-09-07 04:41:00
12593,73,1149,Attended,2025-08-03 04:41:00,2025-09-07 04:41:00
12594,73,1458,Cancelled,2025-08-18 04:41:00,
12595,73,1762,Attended,2025-08-21 04:41:00,2025-09-07 04:41:00
12596,73,892,Registered,2025-08-05 04:41:00,
12597,73,379,Cancelled,2025-08-09 04:41:00,
12598,73,1999,Registered,2025-08-11 04:41:00,
12599,73,1242,Attended,2025-08-14 04:41:00,2025-09-07 04:41:00
12600,73,3096,Registered,2025-08-05 04:41:00,
12601,73,1152,Attended,2025-08-24 04:41:00,2025-09-07 04:41:00
12602,73,1022,Attended,2025-08-07 04:41:00,2025-09-07 04:41:00
12603,73,1847,Registered,2025-07-30 04:41:00,
12604,73,2807,Registered,2025-07-28 04:41:00,
12605,73,261,Attended,2025-08-14 04:41:00,2025-09-07 04:41:00
12606,73,2292,Attended,2025-08-17 04:41:00,2025-09-07 04:41:00
12607,73,906,Registered,2025-08-10 04:41:00,
12608,73,1720,Attended,2025-08-07 04:41:00,2025-09-07 04:41:00
12609,73,2169,Attended,2025-08-25 04:41:00,2025-09-07 04:41:00
12610,73,2471,Cancelled,2025-07-29 04:41:00,
12611,73,34,Attended,2025-08-18 04:41:00,2025-09-07 04:41:00
12612,73,1385,Attended,2025-08-13 04:41:00,2025-09-07 04:41:00
12613,73,66,Registered,2025-07-30 04:41:00,
12614,73,875,Attended,2025-09-02 04:41:00,2025-09-07 04:41:00
12615,73,2559,Cancelled,2025-09-03 04:41:00,
12616,73,2461,Attended,2025-08-10 04:41:00,2025-09-07 04:41:00
12617,73,3061,Attended,2025-07-25 04:41:00,2025-09-07 04:41:00
12618,73,823,Attended,2025-09-02 04:41:00,2025-09-07 04:41:00
12619,73,1729,Attended,2025-08-23 04:41:00,2025-09-07 04:41:00
12620,73,576,No Show,2025-08-29 04:41:00,
12621,73,719,Attended,2025-08-22 04:41:00,2025-09-07 04:41:00
12622,73,20,Attended,2025-08-24 04:41:00,2025-09-07 04:41:00
12623,73,2395,Attended,2025-08-31 04:41:00,2025-09-07 04:41:00
12624,73,2442,Attended,2025-08-30 04:41:00,2025-09-07 04:41:00
12625,73,2349,Attended,2025-08-09 04:41:00,2025-09-07 04:41:00
12626,73,2770,Attended,2025-07-31 04:41:00,2025-09-07 04:41:00
12627,73,983,Cancelled,2025-08-06 04:41:00,
12628,73,258,Attended,2025-08-25 04:41:00,2025-09-07 04:41:00
12629,73,2998,No Show,2025-08-02 04:41:00,
12630,73,1572,Cancelled,2025-09-02 04:41:00,
12631,73,765,Attended,2025-07-30 04:41:00,2025-09-07 04:41:00
12632,73,1171,Attended,2025-08-24 04:41:00,2025-09-07 04:41:00
12633,73,347,Attended,2025-08-14 04:41:00,2025-09-07 04:41:00
12634,73,2229,Registered,2025-08-08 04:41:00,
12635,73,179,Attended,2025-07-24 04:41:00,2025-09-07 04:41:00
12636,73,2041,Registered,2025-08-19 04:41:00,
12637,73,2721,Attended,2025-08-15 04:41:00,2025-09-07 04:41:00
12638,73,2734,No Show,2025-07-25 04:41:00,
12639,73,161,Registered,2025-09-01 04:41:00,
12640,73,1288,Attended,2025-08-07 04:41:00,2025-09-07 04:41:00
12641,73,2871,Attended,2025-08-20 04:41:00,2025-09-07 04:41:00
12642,73,2827,Attended,2025-08-23 04:41:00,2025-09-07 04:41:00
12643,73,2329,Attended,2025-08-02 04:41:00,2025-09-07 04:41:00
12644,73,25,Attended,2025-07-29 04:41:00,2025-09-07 04:41:00
12645,73,2336,Cancelled,2025-08-15 04:41:00,
12646,73,2356,Registered,2025-08-18 04:41:00,
12647,73,2291,Attended,2025-08-29 04:41:00,2025-09-07 04:41:00
12648,73,1749,Cancelled,2025-08-12 04:41:00,
12649,73,2252,No Show,2025-08-20 04:41:00,
12650,73,824,Attended,2025-08-07 04:41:00,2025-09-07 04:41:00
12651,73,3221,No Show,2025-07-25 04:41:00,
12652,74,1838,Attended,2023-02-15 14:26:59,2023-02-17 14:26:59
12653,74,2791,Attended,2023-01-23 14:26:59,2023-02-17 14:26:59
12654,74,2597,Attended,2023-02-09 14:26:59,2023-02-17 14:26:59
12655,74,2042,No Show,2023-01-09 14:26:59,
12656,74,1928,Registered,2023-01-07 14:26:59,
12657,74,284,Cancelled,2023-01-27 14:26:59,
12658,74,2565,Registered,2023-02-01 14:26:59,
12659,74,301,Registered,2023-02-03 14:26:59,
12660,74,3237,Attended,2023-02-01 14:26:59,2023-02-17 14:26:59
12661,74,1831,Attended,2023-02-09 14:26:59,2023-02-17 14:26:59
12662,74,345,No Show,2023-01-17 14:26:59,
12663,74,2535,Registered,2023-02-03 14:26:59,
12664,74,2825,No Show,2023-02-16 14:26:59,
12665,74,2746,Attended,2023-01-17 14:26:59,2023-02-17 14:26:59
12666,74,2924,Attended,2023-01-12 14:26:59,2023-02-17 14:26:59
12667,74,172,Registered,2023-01-04 14:26:59,
12668,74,1266,Registered,2023-01-23 14:26:59,
12669,74,491,Cancelled,2023-01-11 14:26:59,
12670,74,868,Registered,2023-01-29 14:26:59,
12671,74,454,Attended,2023-01-15 14:26:59,2023-02-17 14:26:59
12672,74,1254,Attended,2023-01-14 14:26:59,2023-02-17 14:26:59
12673,74,2544,Attended,2023-01-06 14:26:59,2023-02-17 14:26:59
12674,74,2027,Attended,2023-02-16 14:26:59,2023-02-17 14:26:59
12675,74,583,Attended,2023-01-04 14:26:59,2023-02-17 14:26:59
12676,74,487,Registered,2023-02-01 14:26:59,
12677,74,1889,Attended,2023-02-11 14:26:59,2023-02-17 14:26:59
12678,74,2411,Cancelled,2023-01-06 14:26:59,
12679,74,1584,No Show,2023-02-09 14:26:59,
12680,74,492,Attended,2023-01-12 14:26:59,2023-02-17 14:26:59
12681,74,696,No Show,2023-02-03 14:26:59,
12682,74,462,Attended,2023-01-14 14:26:59,2023-02-17 14:26:59
12683,74,2383,Attended,2023-01-10 14:26:59,2023-02-17 14:26:59
12684,74,709,No Show,2023-01-03 14:26:59,
12685,74,1655,Attended,2023-01-03 14:26:59,2023-02-17 14:26:59
12686,74,1586,Attended,2023-02-13 14:26:59,2023-02-17 14:26:59
12687,74,2135,No Show,2023-02-14 14:26:59,
12688,74,3083,Cancelled,2023-02-11 14:26:59,
12689,74,3006,Attended,2023-01-29 14:26:59,2023-02-17 14:26:59
12690,74,1861,No Show,2023-01-12 14:26:59,
12691,74,2799,Attended,2023-01-31 14:26:59,2023-02-17 14:26:59
12692,74,2389,Attended,2023-01-07 14:26:59,2023-02-17 14:26:59
12693,74,701,Cancelled,2023-01-15 14:26:59,
12694,74,1410,No Show,2023-01-21 14:26:59,
12695,74,35,Attended,2023-01-26 14:26:59,2023-02-17 14:26:59
12696,74,2494,Registered,2023-01-06 14:26:59,
12697,74,2339,Attended,2023-02-15 14:26:59,2023-02-17 14:26:59
12698,74,1092,Attended,2023-01-28 14:26:59,2023-02-17 14:26:59
12699,74,2244,No Show,2023-02-02 14:26:59,
12700,74,1837,Attended,2023-02-12 14:26:59,2023-02-17 14:26:59
12701,74,2350,Registered,2023-01-14 14:26:59,
12702,74,1040,No Show,2023-01-09 14:26:59,
12703,74,1634,Attended,2023-01-23 14:26:59,2023-02-17 14:26:59
12704,74,737,Registered,2023-02-13 14:26:59,
12705,74,1746,Cancelled,2023-02-14 14:26:59,
12706,74,2040,Attended,2023-02-16 14:26:59,2023-02-17 14:26:59
12707,74,2403,Attended,2023-01-08 14:26:59,2023-02-17 14:26:59
12708,74,50,Registered,2023-01-20 14:26:59,
12709,74,2180,Attended,2023-01-16 14:26:59,2023-02-17 14:26:59
12710,74,680,Attended,2023-02-14 14:26:59,2023-02-17 14:26:59
12711,74,793,Attended,2023-02-08 14:26:59,2023-02-17 14:26:59
12712,74,1314,Attended,2023-01-14 14:26:59,2023-02-17 14:26:59
12713,74,650,No Show,2023-01-24 14:26:59,
12714,74,2154,Registered,2023-02-11 14:26:59,
12715,74,2965,Attended,2023-01-26 14:26:59,2023-02-17 14:26:59
12716,74,1192,Attended,2023-01-19 14:26:59,2023-02-17 14:26:59
12717,74,2881,Cancelled,2023-02-13 14:26:59,
12718,74,2719,No Show,2023-01-23 14:26:59,
12719,74,2670,Attended,2023-02-01 14:26:59,2023-02-17 14:26:59
12720,74,436,Attended,2023-01-30 14:26:59,2023-02-17 14:26:59
12721,74,445,Attended,2023-01-11 14:26:59,2023-02-17 14:26:59
12722,74,2289,Cancelled,2023-01-22 14:26:59,
12723,74,2735,Registered,2023-01-20 14:26:59,
12724,74,2378,Attended,2023-02-13 14:26:59,2023-02-17 14:26:59
12725,74,2708,Attended,2023-01-06 14:26:59,2023-02-17 14:26:59
12726,74,3167,No Show,2023-02-14 14:26:59,
12727,74,347,Attended,2023-02-01 14:26:59,2023-02-17 14:26:59
12728,74,2767,Attended,2023-02-05 14:26:59,2023-02-17 14:26:59
12729,74,1032,Attended,2023-01-25 14:26:59,2023-02-17 14:26:59
12730,74,501,Attended,2023-01-19 14:26:59,2023-02-17 14:26:59
12731,74,106,Attended,2023-01-28 14:26:59,2023-02-17 14:26:59
12732,74,3124,No Show,2023-01-18 14:26:59,
12733,74,636,Attended,2023-02-10 14:26:59,2023-02-17 14:26:59
12734,74,1418,Attended,2023-02-01 14:26:59,2023-02-17 14:26:59
12735,74,3095,Registered,2023-01-23 14:26:59,
12736,74,3221,Registered,2023-01-04 14:26:59,
12737,74,1153,Attended,2023-02-07 14:26:59,2023-02-17 14:26:59
12738,74,3111,Registered,2023-01-24 14:26:59,
12739,74,3112,Attended,2023-01-31 14:26:59,2023-02-17 14:26:59
12740,74,2359,No Show,2023-01-18 14:26:59,
12741,74,821,Registered,2023-01-26 14:26:59,
12742,74,824,Attended,2023-01-19 14:26:59,2023-02-17 14:26:59
12743,74,2144,Attended,2023-02-12 14:26:59,2023-02-17 14:26:59
12744,74,14,Attended,2023-01-21 14:26:59,2023-02-17 14:26:59
12745,74,500,Attended,2023-02-12 14:26:59,2023-02-17 14:26:59
12746,74,1566,Attended,2023-02-01 14:26:59,2023-02-17 14:26:59
12747,74,1116,No Show,2023-02-11 14:26:59,
12748,74,2919,Attended,2023-02-06 14:26:59,2023-02-17 14:26:59
12749,74,2889,Attended,2023-01-22 14:26:59,2023-02-17 14:26:59
12750,74,1283,Attended,2023-01-13 14:26:59,2023-02-17 14:26:59
12751,74,2311,Registered,2023-01-24 14:26:59,
12752,74,469,Attended,2023-01-28 14:26:59,2023-02-17 14:26:59
12753,74,2902,Attended,2023-01-19 14:26:59,2023-02-17 14:26:59
12754,74,626,No Show,2023-02-01 14:26:59,
12755,74,694,Attended,2023-01-05 14:26:59,2023-02-17 14:26:59
12756,74,294,Cancelled,2023-01-31 14:26:59,
12757,74,2054,Attended,2023-01-26 14:26:59,2023-02-17 14:26:59
12758,74,853,Attended,2023-01-03 14:26:59,2023-02-17 14:26:59
12759,74,3033,Attended,2023-01-12 14:26:59,2023-02-17 14:26:59
12760,74,2332,Registered,2023-01-19 14:26:59,
12761,74,2220,Cancelled,2023-02-13 14:26:59,
12762,74,142,Cancelled,2023-01-03 14:26:59,
12763,74,2431,No Show,2023-01-29 14:26:59,
12764,74,1727,Attended,2023-02-11 14:26:59,2023-02-17 14:26:59
12765,74,1546,Attended,2023-02-07 14:26:59,2023-02-17 14:26:59
12766,74,1721,Cancelled,2023-01-08 14:26:59,
12767,74,3180,Registered,2023-02-11 14:26:59,
12768,74,1825,Attended,2023-01-24 14:26:59,2023-02-17 14:26:59
12769,74,1178,No Show,2023-01-03 14:26:59,
12770,74,1858,Cancelled,2023-01-31 14:26:59,
12771,74,288,Attended,2023-01-03 14:26:59,2023-02-17 14:26:59
12772,74,2275,Attended,2023-02-04 14:26:59,2023-02-17 14:26:59
12773,74,2210,Attended,2023-02-01 14:26:59,2023-02-17 14:26:59
12774,74,865,Cancelled,2023-01-16 14:26:59,
12775,74,1745,Cancelled,2023-02-12 14:26:59,
12776,74,2651,Attended,2023-01-23 14:26:59,2023-02-17 14:26:59
12777,74,1943,Cancelled,2023-02-16 14:26:59,
12778,74,2913,No Show,2023-01-21 14:26:59,
12779,74,537,Attended,2023-01-07 14:26:59,2023-02-17 14:26:59
12780,74,800,Attended,2023-01-12 14:26:59,2023-02-17 14:26:59
12781,74,1143,Attended,2023-01-23 14:26:59,2023-02-17 14:26:59
12782,74,1214,Attended,2023-01-21 14:26:59,2023-02-17 14:26:59
12783,74,973,Registered,2023-01-12 14:26:59,
12784,74,222,Attended,2023-01-07 14:26:59,2023-02-17 14:26:59
12785,74,1022,Attended,2023-02-09 14:26:59,2023-02-17 14:26:59
12786,74,1519,Attended,2023-01-12 14:26:59,2023-02-17 14:26:59
12787,74,1549,Attended,2023-01-11 14:26:59,2023-02-17 14:26:59
12788,74,647,No Show,2023-01-31 14:26:59,
12789,74,1301,Attended,2023-01-12 14:26:59,2023-02-17 14:26:59
12790,74,1547,Registered,2023-01-27 14:26:59,
12791,74,449,No Show,2023-01-03 14:26:59,
12792,74,2785,Registered,2023-02-14 14:26:59,
12793,74,743,Registered,2023-01-26 14:26:59,
12794,74,333,Attended,2023-01-03 14:26:59,2023-02-17 14:26:59
12795,74,574,Attended,2023-01-18 14:26:59,2023-02-17 14:26:59
12796,74,1559,Attended,2023-01-22 14:26:59,2023-02-17 14:26:59
12797,74,1953,Attended,2023-01-28 14:26:59,2023-02-17 14:26:59
12798,75,1953,Cancelled,2022-10-03 18:53:16,
12799,75,595,Attended,2022-09-06 18:53:16,2022-10-04 18:53:16
12800,75,162,Cancelled,2022-08-24 18:53:16,
12801,75,806,Attended,2022-09-06 18:53:16,2022-10-04 18:53:16
12802,75,1947,Cancelled,2022-09-24 18:53:16,
12803,75,2814,Attended,2022-09-21 18:53:16,2022-10-04 18:53:16
12804,75,1582,No Show,2022-09-16 18:53:16,
12805,75,2028,Attended,2022-09-24 18:53:16,2022-10-04 18:53:16
12806,75,1464,Cancelled,2022-09-11 18:53:16,
12807,75,1274,Attended,2022-09-07 18:53:16,2022-10-04 18:53:16
12808,75,2628,No Show,2022-08-26 18:53:16,
12809,75,2276,Attended,2022-09-22 18:53:16,2022-10-04 18:53:16
12810,75,726,Attended,2022-09-29 18:53:16,2022-10-04 18:53:16
12811,75,1490,No Show,2022-09-28 18:53:16,
12812,75,2457,Registered,2022-09-07 18:53:16,
12813,75,969,Attended,2022-09-13 18:53:16,2022-10-04 18:53:16
12814,75,996,Attended,2022-09-15 18:53:16,2022-10-04 18:53:16
12815,75,2880,Cancelled,2022-09-15 18:53:16,
12816,75,306,Attended,2022-09-22 18:53:16,2022-10-04 18:53:16
12817,75,1841,Attended,2022-09-19 18:53:16,2022-10-04 18:53:16
12818,75,2264,Attended,2022-09-16 18:53:16,2022-10-04 18:53:16
12819,75,628,Registered,2022-09-11 18:53:16,
12820,75,1242,Attended,2022-09-18 18:53:16,2022-10-04 18:53:16
12821,75,2720,No Show,2022-09-03 18:53:16,
12822,75,2773,Attended,2022-09-10 18:53:16,2022-10-04 18:53:16
12823,75,1670,Attended,2022-09-07 18:53:16,2022-10-04 18:53:16
12824,75,1381,Attended,2022-09-13 18:53:16,2022-10-04 18:53:16
12825,75,2152,Attended,2022-10-02 18:53:16,2022-10-04 18:53:16
12826,75,2252,Registered,2022-09-06 18:53:16,
12827,75,2688,Attended,2022-10-02 18:53:16,2022-10-04 18:53:16
12828,75,64,No Show,2022-09-03 18:53:16,
12829,75,2321,Cancelled,2022-08-27 18:53:16,
12830,75,3034,Attended,2022-09-19 18:53:16,2022-10-04 18:53:16
12831,75,1158,Attended,2022-09-19 18:53:16,2022-10-04 18:53:16
12832,75,1198,Attended,2022-09-18 18:53:16,2022-10-04 18:53:16
12833,75,289,Attended,2022-08-26 18:53:16,2022-10-04 18:53:16
12834,75,3193,Registered,2022-09-12 18:53:16,
12835,75,2002,Attended,2022-08-20 18:53:16,2022-10-04 18:53:16
12836,75,2213,Cancelled,2022-09-24 18:53:16,
12837,75,1529,Registered,2022-10-03 18:53:16,
12838,75,1499,Attended,2022-09-23 18:53:16,2022-10-04 18:53:16
12839,75,1422,Attended,2022-09-29 18:53:16,2022-10-04 18:53:16
12840,75,2862,Attended,2022-09-28 18:53:16,2022-10-04 18:53:16
12841,75,1676,Attended,2022-09-14 18:53:16,2022-10-04 18:53:16
12842,75,2288,Attended,2022-09-29 18:53:16,2022-10-04 18:53:16
12843,75,1420,Registered,2022-09-29 18:53:16,
12844,75,2291,Attended,2022-08-24 18:53:16,2022-10-04 18:53:16
12845,75,1733,Attended,2022-09-06 18:53:16,2022-10-04 18:53:16
12846,75,2648,Attended,2022-09-28 18:53:16,2022-10-04 18:53:16
12847,75,2335,Registered,2022-08-26 18:53:16,
12848,75,2520,Registered,2022-08-23 18:53:16,
12849,75,24,Attended,2022-09-27 18:53:16,2022-10-04 18:53:16
12850,75,557,Registered,2022-08-25 18:53:16,
12851,75,3201,Cancelled,2022-08-27 18:53:16,
12852,75,2542,Attended,2022-09-11 18:53:16,2022-10-04 18:53:16
12853,75,2738,Registered,2022-09-10 18:53:16,
12854,75,2683,Registered,2022-09-04 18:53:16,
12855,75,345,Attended,2022-09-22 18:53:16,2022-10-04 18:53:16
12856,75,817,Attended,2022-09-07 18:53:16,2022-10-04 18:53:16
12857,75,2715,Attended,2022-08-25 18:53:16,2022-10-04 18:53:16
12858,75,2905,Attended,2022-09-19 18:53:16,2022-10-04 18:53:16
12859,75,617,Registered,2022-08-21 18:53:16,
12860,75,229,Attended,2022-09-22 18:53:16,2022-10-04 18:53:16
12861,75,1599,Registered,2022-09-19 18:53:16,
12862,75,2700,No Show,2022-09-06 18:53:16,
12863,75,2129,Cancelled,2022-08-21 18:53:16,
12864,75,3228,Attended,2022-08-25 18:53:16,2022-10-04 18:53:16
12865,75,3208,Registered,2022-08-24 18:53:16,
12866,75,1867,Attended,2022-09-01 18:53:16,2022-10-04 18:53:16
12867,75,2243,No Show,2022-08-22 18:53:16,
12868,75,623,Attended,2022-08-22 18:53:16,2022-10-04 18:53:16
12869,75,2263,Cancelled,2022-09-29 18:53:16,
12870,75,270,No Show,2022-09-09 18:53:16,
12871,75,2564,No Show,2022-08-28 18:53:16,
12872,75,3117,Attended,2022-09-22 18:53:16,2022-10-04 18:53:16
12873,75,1277,Registered,2022-09-09 18:53:16,
12874,75,624,Attended,2022-09-18 18:53:16,2022-10-04 18:53:16
12875,75,290,No Show,2022-10-02 18:53:16,
12876,75,981,Attended,2022-08-31 18:53:16,2022-10-04 18:53:16
12877,75,1353,Attended,2022-09-23 18:53:16,2022-10-04 18:53:16
12878,75,773,Registered,2022-08-28 18:53:16,
12879,75,797,Attended,2022-09-03 18:53:16,2022-10-04 18:53:16
12880,75,790,Attended,2022-09-10 18:53:16,2022-10-04 18:53:16
12881,75,2281,Cancelled,2022-08-25 18:53:16,
12882,75,1627,No Show,2022-09-21 18:53:16,
12883,75,934,Attended,2022-09-04 18:53:16,2022-10-04 18:53:16
12884,75,1564,Registered,2022-09-12 18:53:16,
12885,75,515,Cancelled,2022-09-09 18:53:16,
12886,75,3106,Attended,2022-09-04 18:53:16,2022-10-04 18:53:16
12887,75,98,Attended,2022-09-17 18:53:16,2022-10-04 18:53:16
12888,75,2873,Attended,2022-10-03 18:53:16,2022-10-04 18:53:16
12889,75,2428,No Show,2022-09-03 18:53:16,
12890,75,296,Cancelled,2022-08-21 18:53:16,
12891,75,2581,Attended,2022-10-02 18:53:16,2022-10-04 18:53:16
12892,75,1065,Attended,2022-08-29 18:53:16,2022-10-04 18:53:16
12893,75,1826,Attended,2022-09-14 18:53:16,2022-10-04 18:53:16
12894,75,2405,No Show,2022-09-10 18:53:16,
12895,75,136,Attended,2022-09-10 18:53:16,2022-10-04 18:53:16
12896,75,2887,Registered,2022-09-19 18:53:16,
12897,75,3155,Attended,2022-09-09 18:53:16,2022-10-04 18:53:16
12898,75,2913,Attended,2022-10-02 18:53:16,2022-10-04 18:53:16
12899,75,2082,Attended,2022-09-21 18:53:16,2022-10-04 18:53:16
12900,75,974,Attended,2022-08-29 18:53:16,2022-10-04 18:53:16
12901,75,2617,Attended,2022-09-25 18:53:16,2022-10-04 18:53:16
12902,75,970,Attended,2022-09-22 18:53:16,2022-10-04 18:53:16
12903,75,124,Registered,2022-10-03 18:53:16,
12904,75,976,Attended,2022-09-05 18:53:16,2022-10-04 18:53:16
12905,75,2038,Attended,2022-09-26 18:53:16,2022-10-04 18:53:16
12906,75,2285,Attended,2022-09-08 18:53:16,2022-10-04 18:53:16
12907,75,2304,Attended,2022-09-28 18:53:16,2022-10-04 18:53:16
12908,75,1580,Attended,2022-10-03 18:53:16,2022-10-04 18:53:16
12909,75,1784,Attended,2022-09-12 18:53:16,2022-10-04 18:53:16
12910,75,1329,Attended,2022-08-24 18:53:16,2022-10-04 18:53:16
12911,75,2319,Attended,2022-09-03 18:53:16,2022-10-04 18:53:16
12912,75,2336,Attended,2022-08-23 18:53:16,2022-10-04 18:53:16
12913,75,1036,Registered,2022-09-20 18:53:16,
12914,75,1917,Attended,2022-09-19 18:53:16,2022-10-04 18:53:16
12915,75,1895,Attended,2022-09-07 18:53:16,2022-10-04 18:53:16
12916,75,549,Attended,2022-09-25 18:53:16,2022-10-04 18:53:16
12917,75,1044,Attended,2022-08-26 18:53:16,2022-10-04 18:53:16
12918,75,918,Attended,2022-10-02 18:53:16,2022-10-04 18:53:16
12919,75,2208,Attended,2022-09-08 18:53:16,2022-10-04 18:53:16
12920,75,338,Attended,2022-09-27 18:53:16,2022-10-04 18:53:16
12921,75,330,Registered,2022-09-28 18:53:16,
12922,75,428,Registered,2022-09-26 18:53:16,
12923,75,3134,Attended,2022-09-27 18:53:16,2022-10-04 18:53:16
12924,75,415,Attended,2022-09-12 18:53:16,2022-10-04 18:53:16
12925,75,18,Cancelled,2022-09-03 18:53:16,
12926,75,2425,Attended,2022-08-24 18:53:16,2022-10-04 18:53:16
12927,75,195,Attended,2022-09-21 18:53:16,2022-10-04 18:53:16
12928,75,793,Attended,2022-08-21 18:53:16,2022-10-04 18:53:16
12929,75,1204,Attended,2022-08-22 18:53:16,2022-10-04 18:53:16
12930,75,1430,Attended,2022-08-31 18:53:16,2022-10-04 18:53:16
12931,75,2728,No Show,2022-10-01 18:53:16,
12932,75,2615,No Show,2022-09-28 18:53:16,
12933,75,1443,Attended,2022-08-30 18:53:16,2022-10-04 18:53:16
12934,75,2972,Attended,2022-08-22 18:53:16,2022-10-04 18:53:16
12935,75,1014,Attended,2022-09-09 18:53:16,2022-10-04 18:53:16
12936,75,967,Registered,2022-08-28 18:53:16,
12937,75,3142,Attended,2022-09-06 18:53:16,2022-10-04 18:53:16
12938,75,653,Attended,2022-09-26 18:53:16,2022-10-04 18:53:16
12939,75,2599,Attended,2022-09-11 18:53:16,2022-10-04 18:53:16
12940,75,2124,Registered,2022-09-23 18:53:16,
12941,75,2857,Attended,2022-09-19 18:53:16,2022-10-04 18:53:16
12942,75,493,Registered,2022-09-18 18:53:16,
12943,75,3054,Registered,2022-09-03 18:53:16,
12944,75,1123,Attended,2022-08-20 18:53:16,2022-10-04 18:53:16
12945,75,1360,Attended,2022-08-25 18:53:16,2022-10-04 18:53:16
12946,75,1596,Attended,2022-08-27 18:53:16,2022-10-04 18:53:16
12947,75,2363,Attended,2022-08-24 18:53:16,2022-10-04 18:53:16
12948,75,1114,Registered,2022-09-07 18:53:16,
12949,75,495,Attended,2022-08-29 18:53:16,2022-10-04 18:53:16
12950,75,2524,Attended,2022-09-01 18:53:16,2022-10-04 18:53:16
12951,75,1636,Attended,2022-09-21 18:53:16,2022-10-04 18:53:16
12952,75,2359,Attended,2022-09-10 18:53:16,2022-10-04 18:53:16
12953,75,1715,Registered,2022-09-01 18:53:16,
12954,75,1531,Attended,2022-09-23 18:53:16,2022-10-04 18:53:16
12955,75,2334,Attended,2022-10-01 18:53:16,2022-10-04 18:53:16
12956,75,3123,Registered,2022-09-06 18:53:16,
12957,75,641,Attended,2022-09-28 18:53:16,2022-10-04 18:53:16
12958,75,388,Attended,2022-09-19 18:53:16,2022-10-04 18:53:16
12959,75,1639,Attended,2022-08-29 18:53:16,2022-10-04 18:53:16
12960,75,2808,Registered,2022-09-05 18:53:16,
12961,75,2013,Registered,2022-09-17 18:53:16,
12962,75,1125,Attended,2022-10-01 18:53:16,2022-10-04 18:53:16
12963,75,1330,Attended,2022-09-11 18:53:16,2022-10-04 18:53:16
12964,75,768,Attended,2022-08-29 18:53:16,2022-10-04 18:53:16
12965,75,704,No Show,2022-09-28 18:53:16,
12966,75,500,Attended,2022-09-26 18:53:16,2022-10-04 18:53:16
12967,75,859,No Show,2022-08-23 18:53:16,
12968,75,2995,Registered,2022-09-20 18:53:16,
12969,75,1289,Attended,2022-09-24 18:53:16,2022-10-04 18:53:16
12970,75,523,Attended,2022-09-17 18:53:16,2022-10-04 18:53:16
12971,75,278,Registered,2022-08-26 18:53:16,
12972,75,2943,Registered,2022-09-09 18:53:16,
12973,75,5,Attended,2022-08-27 18:53:16,2022-10-04 18:53:16
12974,75,1566,No Show,2022-10-02 18:53:16,
12975,76,2372,Attended,2022-01-04 19:14:29,2022-01-17 19:14:29
12976,76,1879,No Show,2021-12-25 19:14:29,
12977,76,2616,Attended,2021-12-18 19:14:29,2022-01-17 19:14:29
12978,76,2661,Attended,2021-12-21 19:14:29,2022-01-17 19:14:29
12979,76,1212,Registered,2021-12-15 19:14:29,
12980,76,160,No Show,2022-01-11 19:14:29,
12981,76,1019,Cancelled,2021-12-13 19:14:29,
12982,76,1070,Registered,2021-12-28 19:14:29,
12983,76,2985,Attended,2022-01-06 19:14:29,2022-01-17 19:14:29
12984,76,2425,Attended,2021-12-19 19:14:29,2022-01-17 19:14:29
12985,76,1736,Cancelled,2021-12-20 19:14:29,
12986,76,1671,Attended,2021-12-11 19:14:29,2022-01-17 19:14:29
12987,76,2897,Attended,2021-12-05 19:14:29,2022-01-17 19:14:29
12988,76,2615,Cancelled,2021-12-20 19:14:29,
12989,76,2962,Registered,2021-12-07 19:14:29,
12990,76,1904,Attended,2022-01-07 19:14:29,2022-01-17 19:14:29
12991,76,2224,Attended,2022-01-08 19:14:29,2022-01-17 19:14:29
12992,76,2776,Attended,2021-12-07 19:14:29,2022-01-17 19:14:29
12993,76,86,Attended,2022-01-02 19:14:29,2022-01-17 19:14:29
12994,76,3112,Cancelled,2021-12-03 19:14:29,
12995,76,1991,Attended,2021-12-23 19:14:29,2022-01-17 19:14:29
12996,76,1876,Attended,2021-12-18 19:14:29,2022-01-17 19:14:29
12997,76,1314,Attended,2022-01-08 19:14:29,2022-01-17 19:14:29
12998,76,2771,Cancelled,2021-12-06 19:14:29,
12999,76,2001,Attended,2021-12-12 19:14:29,2022-01-17 19:14:29
13000,76,1230,Attended,2021-12-26 19:14:29,2022-01-17 19:14:29
13001,76,1309,No Show,2021-12-09 19:14:29,
13002,76,1302,Attended,2021-12-04 19:14:29,2022-01-17 19:14:29
13003,76,2211,Attended,2021-12-16 19:14:29,2022-01-17 19:14:29
13004,76,2966,Registered,2021-12-12 19:14:29,
13005,76,1272,Attended,2021-12-17 19:14:29,2022-01-17 19:14:29
13006,76,651,Attended,2022-01-08 19:14:29,2022-01-17 19:14:29
13007,76,2656,Attended,2021-12-28 19:14:29,2022-01-17 19:14:29
13008,76,2284,Attended,2022-01-14 19:14:29,2022-01-17 19:14:29
13009,76,216,Attended,2022-01-08 19:14:29,2022-01-17 19:14:29
13010,76,943,Attended,2021-12-28 19:14:29,2022-01-17 19:14:29
13011,76,2709,Attended,2022-01-13 19:14:29,2022-01-17 19:14:29
13012,76,2905,Attended,2022-01-04 19:14:29,2022-01-17 19:14:29
13013,76,1282,Cancelled,2021-12-27 19:14:29,
13014,76,793,Attended,2021-12-24 19:14:29,2022-01-17 19:14:29
13015,76,1948,Registered,2021-12-20 19:14:29,
13016,76,2215,Attended,2021-12-19 19:14:29,2022-01-17 19:14:29
13017,76,619,Attended,2022-01-02 19:14:29,2022-01-17 19:14:29
13018,76,785,Attended,2021-12-06 19:14:29,2022-01-17 19:14:29
13019,76,3219,Registered,2022-01-10 19:14:29,
13020,76,2205,Registered,2021-12-27 19:14:29,
13021,76,2593,Attended,2021-12-30 19:14:29,2022-01-17 19:14:29
13022,76,2597,Attended,2022-01-01 19:14:29,2022-01-17 19:14:29
13023,76,2707,Attended,2022-01-10 19:14:29,2022-01-17 19:14:29
13024,76,2302,Attended,2021-12-13 19:14:29,2022-01-17 19:14:29
13025,76,845,Attended,2022-01-01 19:14:29,2022-01-17 19:14:29
13026,76,2206,Attended,2021-12-25 19:14:29,2022-01-17 19:14:29
13027,76,616,Registered,2022-01-04 19:14:29,
13028,76,1866,Attended,2021-12-13 19:14:29,2022-01-17 19:14:29
13029,76,701,Attended,2022-01-13 19:14:29,2022-01-17 19:14:29
13030,76,1523,Attended,2021-12-26 19:14:29,2022-01-17 19:14:29
13031,76,684,Attended,2022-01-05 19:14:29,2022-01-17 19:14:29
13032,76,3054,Attended,2021-12-10 19:14:29,2022-01-17 19:14:29
13033,76,861,No Show,2021-12-13 19:14:29,
13034,76,654,Attended,2021-12-10 19:14:29,2022-01-17 19:14:29
13035,76,771,Attended,2021-12-28 19:14:29,2022-01-17 19:14:29
13036,76,1884,Attended,2021-12-24 19:14:29,2022-01-17 19:14:29
13037,76,1728,Attended,2022-01-16 19:14:29,2022-01-17 19:14:29
13038,76,875,Attended,2022-01-04 19:14:29,2022-01-17 19:14:29
13039,76,1447,Attended,2022-01-03 19:14:29,2022-01-17 19:14:29
13040,76,2820,Attended,2022-01-09 19:14:29,2022-01-17 19:14:29
13041,76,411,Attended,2021-12-29 19:14:29,2022-01-17 19:14:29
13042,76,2474,No Show,2022-01-02 19:14:29,
13043,76,1538,Registered,2021-12-04 19:14:29,
13044,76,188,Attended,2021-12-25 19:14:29,2022-01-17 19:14:29
13045,76,2532,Attended,2021-12-22 19:14:29,2022-01-17 19:14:29
13046,76,2116,Attended,2022-01-09 19:14:29,2022-01-17 19:14:29
13047,76,753,Attended,2022-01-05 19:14:29,2022-01-17 19:14:29
13048,76,1715,No Show,2022-01-01 19:14:29,
13049,76,1593,Registered,2022-01-09 19:14:29,
13050,76,2520,Registered,2021-12-13 19:14:29,
13051,76,837,Cancelled,2021-12-15 19:14:29,
13052,76,1256,No Show,2021-12-12 19:14:29,
13053,76,711,No Show,2021-12-18 19:14:29,
13054,76,2788,Attended,2021-12-21 19:14:29,2022-01-17 19:14:29
13055,76,331,Registered,2021-12-05 19:14:29,
13056,76,2857,No Show,2022-01-09 19:14:29,
13057,76,2716,Registered,2022-01-10 19:14:29,
13058,76,551,Attended,2022-01-11 19:14:29,2022-01-17 19:14:29
13059,76,2713,Attended,2021-12-22 19:14:29,2022-01-17 19:14:29
13060,76,2920,No Show,2022-01-09 19:14:29,
13061,76,62,Registered,2022-01-14 19:14:29,
13062,76,2112,Attended,2022-01-07 19:14:29,2022-01-17 19:14:29
13063,76,2845,Cancelled,2021-12-12 19:14:29,
13064,76,1924,Attended,2022-01-08 19:14:29,2022-01-17 19:14:29
13065,76,546,Attended,2021-12-14 19:14:29,2022-01-17 19:14:29
13066,76,3198,Attended,2021-12-21 19:14:29,2022-01-17 19:14:29
13067,76,678,No Show,2021-12-19 19:14:29,
13068,76,1138,Attended,2021-12-26 19:14:29,2022-01-17 19:14:29
13069,76,1868,Attended,2021-12-17 19:14:29,2022-01-17 19:14:29
13070,76,1338,Attended,2021-12-26 19:14:29,2022-01-17 19:14:29
13071,76,700,No Show,2021-12-30 19:14:29,
13072,76,3145,Attended,2021-12-28 19:14:29,2022-01-17 19:14:29
13073,76,3234,Attended,2022-01-16 19:14:29,2022-01-17 19:14:29
13074,76,2158,Registered,2021-12-09 19:14:29,
13075,76,3072,Registered,2021-12-09 19:14:29,
13076,76,2819,Attended,2021-12-28 19:14:29,2022-01-17 19:14:29
13077,76,2226,Attended,2022-01-14 19:14:29,2022-01-17 19:14:29
13078,76,2627,Registered,2021-12-31 19:14:29,
13079,76,2479,Registered,2021-12-26 19:14:29,
13080,76,2462,Registered,2022-01-15 19:14:29,
13081,76,1169,No Show,2022-01-03 19:14:29,
13082,76,3152,Attended,2021-12-03 19:14:29,2022-01-17 19:14:29
13083,76,532,No Show,2022-01-04 19:14:29,
13084,76,2736,Cancelled,2021-12-24 19:14:29,
13085,76,884,Attended,2022-01-09 19:14:29,2022-01-17 19:14:29
13086,76,2057,Attended,2022-01-03 19:14:29,2022-01-17 19:14:29
13087,76,237,Attended,2021-12-09 19:14:29,2022-01-17 19:14:29
13088,76,2191,Attended,2021-12-09 19:14:29,2022-01-17 19:14:29
13089,76,2596,Attended,2022-01-16 19:14:29,2022-01-17 19:14:29
13090,76,673,Attended,2021-12-12 19:14:29,2022-01-17 19:14:29
13091,76,2444,Attended,2021-12-05 19:14:29,2022-01-17 19:14:29
13092,76,2589,Registered,2021-12-13 19:14:29,
13093,76,655,Cancelled,2021-12-13 19:14:29,
13094,76,614,Attended,2021-12-16 19:14:29,2022-01-17 19:14:29
13095,76,1358,Attended,2021-12-24 19:14:29,2022-01-17 19:14:29
13096,76,1116,No Show,2021-12-11 19:14:29,
13097,76,123,Attended,2021-12-31 19:14:29,2022-01-17 19:14:29
13098,76,1287,Attended,2021-12-30 19:14:29,2022-01-17 19:14:29
13099,76,880,Cancelled,2022-01-05 19:14:29,
13100,76,2758,No Show,2021-12-26 19:14:29,
13101,76,2162,Attended,2021-12-22 19:14:29,2022-01-17 19:14:29
13102,76,1832,Attended,2021-12-08 19:14:29,2022-01-17 19:14:29
13103,76,1809,Attended,2021-12-16 19:14:29,2022-01-17 19:14:29
13104,76,795,Attended,2022-01-01 19:14:29,2022-01-17 19:14:29
13105,76,2059,Registered,2021-12-17 19:14:29,
13106,76,2432,No Show,2021-12-07 19:14:29,
13107,76,2889,Attended,2022-01-12 19:14:29,2022-01-17 19:14:29
13108,76,1978,Attended,2021-12-22 19:14:29,2022-01-17 19:14:29
13109,76,1237,No Show,2021-12-18 19:14:29,
13110,76,84,Attended,2021-12-30 19:14:29,2022-01-17 19:14:29
13111,76,707,No Show,2022-01-05 19:14:29,
13112,76,826,Attended,2021-12-17 19:14:29,2022-01-17 19:14:29
13113,76,2480,Attended,2022-01-13 19:14:29,2022-01-17 19:14:29
13114,76,1916,Cancelled,2021-12-13 19:14:29,
13115,76,640,Attended,2021-12-03 19:14:29,2022-01-17 19:14:29
13116,76,85,Attended,2021-12-15 19:14:29,2022-01-17 19:14:29
13117,76,2604,Attended,2022-01-12 19:14:29,2022-01-17 19:14:29
13118,76,2976,Attended,2022-01-15 19:14:29,2022-01-17 19:14:29
13119,76,1497,Attended,2021-12-17 19:14:29,2022-01-17 19:14:29
13120,76,2908,Attended,2021-12-06 19:14:29,2022-01-17 19:14:29
13121,76,2210,Attended,2022-01-15 19:14:29,2022-01-17 19:14:29
13122,76,1767,Attended,2022-01-07 19:14:29,2022-01-17 19:14:29
13123,76,1515,Attended,2021-12-05 19:14:29,2022-01-17 19:14:29
13124,76,1650,Attended,2021-12-11 19:14:29,2022-01-17 19:14:29
13125,76,2608,Attended,2021-12-12 19:14:29,2022-01-17 19:14:29
13126,76,1039,Cancelled,2021-12-18 19:14:29,
13127,76,1907,Registered,2021-12-10 19:14:29,
13128,76,492,Attended,2021-12-13 19:14:29,2022-01-17 19:14:29
13129,76,441,Attended,2021-12-26 19:14:29,2022-01-17 19:14:29
13130,76,649,Cancelled,2021-12-06 19:14:29,
13131,76,423,Attended,2021-12-06 19:14:29,2022-01-17 19:14:29
13132,76,3090,Registered,2021-12-24 19:14:29,
13133,76,1488,Attended,2021-12-18 19:14:29,2022-01-17 19:14:29
13134,76,811,Registered,2022-01-13 19:14:29,
13135,76,1069,Attended,2022-01-06 19:14:29,2022-01-17 19:14:29
13136,76,952,No Show,2021-12-20 19:14:29,
13137,76,1687,Cancelled,2021-12-25 19:14:29,
13138,76,2259,Attended,2022-01-13 19:14:29,2022-01-17 19:14:29
13139,76,2245,Attended,2022-01-07 19:14:29,2022-01-17 19:14:29
13140,76,2731,No Show,2021-12-12 19:14:29,
13141,76,39,Cancelled,2021-12-05 19:14:29,
13142,76,1514,Attended,2021-12-19 19:14:29,2022-01-17 19:14:29
13143,76,1408,Cancelled,2021-12-16 19:14:29,
13144,76,1278,Cancelled,2022-01-06 19:14:29,
13145,76,892,Registered,2022-01-14 19:14:29,
13146,76,2168,Attended,2021-12-22 19:14:29,2022-01-17 19:14:29
13147,76,2344,No Show,2021-12-21 19:14:29,
13148,76,17,Attended,2022-01-08 19:14:29,2022-01-17 19:14:29
13149,76,147,No Show,2021-12-30 19:14:29,
13150,76,2394,Cancelled,2021-12-25 19:14:29,
13151,76,2540,Attended,2021-12-24 19:14:29,2022-01-17 19:14:29
13152,77,994,Cancelled,2022-10-08 20:05:59,
13153,77,99,Attended,2022-09-29 20:05:59,2022-10-16 20:05:59
13154,77,1672,No Show,2022-09-21 20:05:59,
13155,77,294,Attended,2022-09-10 20:05:59,2022-10-16 20:05:59
13156,77,1482,Attended,2022-10-08 20:05:59,2022-10-16 20:05:59
13157,77,1531,Attended,2022-09-03 20:05:59,2022-10-16 20:05:59
13158,77,456,Attended,2022-10-13 20:05:59,2022-10-16 20:05:59
13159,77,2030,Attended,2022-09-26 20:05:59,2022-10-16 20:05:59
13160,77,120,Attended,2022-09-08 20:05:59,2022-10-16 20:05:59
13161,77,2672,Attended,2022-09-06 20:05:59,2022-10-16 20:05:59
13162,77,1898,Attended,2022-09-10 20:05:59,2022-10-16 20:05:59
13163,77,2532,Attended,2022-10-11 20:05:59,2022-10-16 20:05:59
13164,77,11,Attended,2022-09-05 20:05:59,2022-10-16 20:05:59
13165,77,1774,Attended,2022-09-14 20:05:59,2022-10-16 20:05:59
13166,77,2817,No Show,2022-09-30 20:05:59,
13167,77,1246,Attended,2022-09-24 20:05:59,2022-10-16 20:05:59
13168,77,2699,Attended,2022-10-08 20:05:59,2022-10-16 20:05:59
13169,77,466,Attended,2022-09-22 20:05:59,2022-10-16 20:05:59
13170,77,134,Attended,2022-10-01 20:05:59,2022-10-16 20:05:59
13171,77,1963,Attended,2022-09-10 20:05:59,2022-10-16 20:05:59
13172,77,1324,Attended,2022-09-09 20:05:59,2022-10-16 20:05:59
13173,77,385,Registered,2022-09-24 20:05:59,
13174,77,3128,Attended,2022-09-08 20:05:59,2022-10-16 20:05:59
13175,77,1397,Registered,2022-09-29 20:05:59,
13176,77,721,Registered,2022-09-07 20:05:59,
13177,77,270,Attended,2022-09-18 20:05:59,2022-10-16 20:05:59
13178,77,1928,Attended,2022-09-11 20:05:59,2022-10-16 20:05:59
13179,77,588,Attended,2022-09-27 20:05:59,2022-10-16 20:05:59
13180,77,2366,Attended,2022-10-02 20:05:59,2022-10-16 20:05:59
13181,77,2312,Attended,2022-09-26 20:05:59,2022-10-16 20:05:59
13182,77,1037,Attended,2022-09-20 20:05:59,2022-10-16 20:05:59
13183,78,1271,No Show,2022-12-04 20:29:41,
13184,78,2852,Attended,2023-01-12 20:29:41,2023-01-16 20:29:41
13185,78,1011,No Show,2022-12-22 20:29:41,
13186,78,766,No Show,2022-12-24 20:29:41,
13187,78,2356,No Show,2022-12-21 20:29:41,
13188,78,3168,Attended,2022-12-30 20:29:41,2023-01-16 20:29:41
13189,78,921,Attended,2022-12-12 20:29:41,2023-01-16 20:29:41
13190,78,1626,Attended,2023-01-12 20:29:41,2023-01-16 20:29:41
13191,78,2131,No Show,2022-12-04 20:29:41,
13192,78,44,Attended,2022-12-21 20:29:41,2023-01-16 20:29:41
13193,78,411,Attended,2023-01-02 20:29:41,2023-01-16 20:29:41
13194,78,2091,Registered,2022-12-12 20:29:41,
13195,78,1868,Cancelled,2022-12-29 20:29:41,
13196,78,944,No Show,2022-12-31 20:29:41,
13197,78,717,Attended,2023-01-11 20:29:41,2023-01-16 20:29:41
13198,78,2725,Attended,2022-12-02 20:29:41,2023-01-16 20:29:41
13199,78,144,Attended,2022-12-31 20:29:41,2023-01-16 20:29:41
13200,78,3173,Attended,2022-12-26 20:29:41,2023-01-16 20:29:41
13201,78,2183,No Show,2022-12-10 20:29:41,
13202,78,2260,Attended,2022-12-18 20:29:41,2023-01-16 20:29:41
13203,78,2299,Attended,2022-12-19 20:29:41,2023-01-16 20:29:41
13204,78,1639,Attended,2023-01-11 20:29:41,2023-01-16 20:29:41
13205,78,3245,Attended,2022-12-02 20:29:41,2023-01-16 20:29:41
13206,78,1579,Attended,2022-12-12 20:29:41,2023-01-16 20:29:41
13207,78,2191,Attended,2023-01-15 20:29:41,2023-01-16 20:29:41
13208,78,2702,Attended,2022-12-29 20:29:41,2023-01-16 20:29:41
13209,78,2388,Cancelled,2023-01-10 20:29:41,
13210,78,2588,No Show,2023-01-13 20:29:41,
13211,78,1482,Cancelled,2022-12-27 20:29:41,
13212,78,2230,Attended,2022-12-30 20:29:41,2023-01-16 20:29:41
13213,78,2178,Attended,2022-12-25 20:29:41,2023-01-16 20:29:41
13214,78,1288,Cancelled,2023-01-10 20:29:41,
13215,78,2017,Attended,2023-01-01 20:29:41,2023-01-16 20:29:41
13216,78,1500,Attended,2022-12-23 20:29:41,2023-01-16 20:29:41
13217,78,2969,Registered,2023-01-07 20:29:41,
13218,78,2568,No Show,2022-12-04 20:29:41,
13219,78,730,Attended,2022-12-10 20:29:41,2023-01-16 20:29:41
13220,78,2806,Attended,2022-12-18 20:29:41,2023-01-16 20:29:41
13221,78,894,Attended,2022-12-24 20:29:41,2023-01-16 20:29:41
13222,78,2542,Attended,2023-01-14 20:29:41,2023-01-16 20:29:41
13223,78,2807,Attended,2022-12-23 20:29:41,2023-01-16 20:29:41
13224,78,694,Registered,2022-12-11 20:29:41,
13225,78,2011,Attended,2022-12-22 20:29:41,2023-01-16 20:29:41
13226,78,2757,Attended,2023-01-08 20:29:41,2023-01-16 20:29:41
13227,78,1724,Registered,2023-01-06 20:29:41,
13228,78,401,Attended,2022-12-25 20:29:41,2023-01-16 20:29:41
13229,78,2987,No Show,2023-01-10 20:29:41,
13230,78,2010,Attended,2022-12-30 20:29:41,2023-01-16 20:29:41
13231,78,2261,Attended,2023-01-13 20:29:41,2023-01-16 20:29:41
13232,78,162,Attended,2023-01-15 20:29:41,2023-01-16 20:29:41
13233,78,418,Attended,2022-12-05 20:29:41,2023-01-16 20:29:41
13234,78,559,Attended,2022-12-12 20:29:41,2023-01-16 20:29:41
13235,78,2622,Attended,2022-12-31 20:29:41,2023-01-16 20:29:41
13236,78,2149,Cancelled,2022-12-25 20:29:41,
13237,78,206,Attended,2022-12-17 20:29:41,2023-01-16 20:29:41
13238,78,1896,Registered,2022-12-19 20:29:41,
13239,78,136,Attended,2023-01-11 20:29:41,2023-01-16 20:29:41
13240,78,168,Attended,2023-01-04 20:29:41,2023-01-16 20:29:41
13241,78,1944,Attended,2023-01-01 20:29:41,2023-01-16 20:29:41
13242,78,1154,Attended,2022-12-24 20:29:41,2023-01-16 20:29:41
13243,78,174,No Show,2023-01-01 20:29:41,
13244,78,3256,Attended,2022-12-06 20:29:41,2023-01-16 20:29:41
13245,78,2720,Registered,2023-01-01 20:29:41,
13246,78,1304,No Show,2022-12-08 20:29:41,
13247,78,3033,Attended,2022-12-08 20:29:41,2023-01-16 20:29:41
13248,78,758,Cancelled,2022-12-25 20:29:41,
13249,78,1949,Cancelled,2022-12-14 20:29:41,
13250,78,1892,Attended,2022-12-15 20:29:41,2023-01-16 20:29:41
13251,78,923,Registered,2022-12-05 20:29:41,
13252,78,993,Attended,2022-12-05 20:29:41,2023-01-16 20:29:41
13253,78,1050,Attended,2022-12-07 20:29:41,2023-01-16 20:29:41
13254,78,641,No Show,2022-12-22 20:29:41,
13255,78,716,Registered,2022-12-15 20:29:41,
13256,78,491,Attended,2022-12-16 20:29:41,2023-01-16 20:29:41
13257,78,1834,Attended,2022-12-28 20:29:41,2023-01-16 20:29:41
13258,78,1547,Attended,2022-12-31 20:29:41,2023-01-16 20:29:41
13259,78,214,Attended,2023-01-13 20:29:41,2023-01-16 20:29:41
13260,78,1347,Attended,2022-12-17 20:29:41,2023-01-16 20:29:41
13261,78,2808,Attended,2023-01-12 20:29:41,2023-01-16 20:29:41
13262,78,1372,No Show,2022-12-18 20:29:41,
13263,78,971,Attended,2022-12-04 20:29:41,2023-01-16 20:29:41
13264,78,193,Attended,2022-12-12 20:29:41,2023-01-16 20:29:41
13265,78,2919,Registered,2023-01-01 20:29:41,
13266,78,2823,Attended,2022-12-30 20:29:41,2023-01-16 20:29:41
13267,78,550,Cancelled,2022-12-21 20:29:41,
13268,78,3171,Attended,2023-01-10 20:29:41,2023-01-16 20:29:41
13269,78,1133,Attended,2022-12-24 20:29:41,2023-01-16 20:29:41
13270,78,1210,Registered,2022-12-16 20:29:41,
13271,78,741,Attended,2022-12-05 20:29:41,2023-01-16 20:29:41
13272,78,1560,Attended,2022-12-08 20:29:41,2023-01-16 20:29:41
13273,78,1862,Attended,2023-01-15 20:29:41,2023-01-16 20:29:41
13274,78,1129,Attended,2023-01-02 20:29:41,2023-01-16 20:29:41
13275,78,2198,No Show,2023-01-13 20:29:41,
13276,78,670,Attended,2022-12-25 20:29:41,2023-01-16 20:29:41
13277,78,664,Registered,2022-12-03 20:29:41,
13278,78,311,Registered,2022-12-15 20:29:41,
13279,78,1209,Attended,2022-12-22 20:29:41,2023-01-16 20:29:41
13280,78,2639,Attended,2022-12-03 20:29:41,2023-01-16 20:29:41
13281,78,1574,Attended,2023-01-04 20:29:41,2023-01-16 20:29:41
13282,78,448,Attended,2022-12-28 20:29:41,2023-01-16 20:29:41
13283,78,451,Attended,2022-12-22 20:29:41,2023-01-16 20:29:41
13284,78,2499,No Show,2022-12-13 20:29:41,
13285,78,3062,Attended,2022-12-28 20:29:41,2023-01-16 20:29:41
13286,78,1056,Cancelled,2022-12-09 20:29:41,
13287,78,1071,Attended,2023-01-10 20:29:41,2023-01-16 20:29:41
13288,78,1658,Attended,2022-12-26 20:29:41,2023-01-16 20:29:41
13289,78,3135,Attended,2022-12-10 20:29:41,2023-01-16 20:29:41
13290,78,177,Attended,2023-01-03 20:29:41,2023-01-16 20:29:41
13291,78,503,Attended,2022-12-30 20:29:41,2023-01-16 20:29:41
13292,78,2524,Attended,2023-01-08 20:29:41,2023-01-16 20:29:41
13293,78,1102,Attended,2023-01-08 20:29:41,2023-01-16 20:29:41
13294,78,2537,Registered,2023-01-08 20:29:41,
13295,78,1642,Attended,2023-01-11 20:29:41,2023-01-16 20:29:41
13296,78,1938,Attended,2023-01-15 20:29:41,2023-01-16 20:29:41
13297,78,2906,No Show,2022-12-07 20:29:41,
13298,78,1442,Attended,2022-12-26 20:29:41,2023-01-16 20:29:41
13299,78,2971,Attended,2022-12-18 20:29:41,2023-01-16 20:29:41
13300,78,3042,Attended,2023-01-14 20:29:41,2023-01-16 20:29:41
13301,78,1365,Attended,2022-12-25 20:29:41,2023-01-16 20:29:41
13302,78,104,No Show,2023-01-15 20:29:41,
13303,78,909,No Show,2022-12-28 20:29:41,
13304,78,1819,Attended,2023-01-07 20:29:41,2023-01-16 20:29:41
13305,78,165,No Show,2022-12-20 20:29:41,
13306,78,1310,Attended,2023-01-07 20:29:41,2023-01-16 20:29:41
13307,78,2695,Registered,2022-12-14 20:29:41,
13308,78,1,Attended,2023-01-11 20:29:41,2023-01-16 20:29:41
13309,78,1697,Attended,2023-01-15 20:29:41,2023-01-16 20:29:41
13310,78,3241,Attended,2022-12-24 20:29:41,2023-01-16 20:29:41
13311,78,3162,Registered,2022-12-17 20:29:41,
13312,78,938,Attended,2022-12-15 20:29:41,2023-01-16 20:29:41
13313,78,2747,Attended,2023-01-10 20:29:41,2023-01-16 20:29:41
13314,78,2999,Attended,2022-12-06 20:29:41,2023-01-16 20:29:41
13315,78,841,Attended,2022-12-10 20:29:41,2023-01-16 20:29:41
13316,78,2958,Attended,2023-01-09 20:29:41,2023-01-16 20:29:41
13317,78,2878,Registered,2022-12-21 20:29:41,
13318,78,2651,Attended,2022-12-28 20:29:41,2023-01-16 20:29:41
13319,78,1544,Attended,2022-12-16 20:29:41,2023-01-16 20:29:41
13320,78,2106,Attended,2022-12-09 20:29:41,2023-01-16 20:29:41
13321,78,2002,Attended,2022-12-02 20:29:41,2023-01-16 20:29:41
13322,78,1714,Attended,2022-12-16 20:29:41,2023-01-16 20:29:41
13323,78,399,Attended,2022-12-02 20:29:41,2023-01-16 20:29:41
13324,78,1454,No Show,2022-12-03 20:29:41,
13325,78,486,Attended,2023-01-05 20:29:41,2023-01-16 20:29:41
13326,78,1549,Attended,2022-12-10 20:29:41,2023-01-16 20:29:41
13327,78,1321,Attended,2023-01-13 20:29:41,2023-01-16 20:29:41
13328,78,673,No Show,2023-01-13 20:29:41,
13329,78,1884,Attended,2022-12-07 20:29:41,2023-01-16 20:29:41
13330,78,1202,Attended,2023-01-14 20:29:41,2023-01-16 20:29:41
13331,78,648,Attended,2022-12-10 20:29:41,2023-01-16 20:29:41
13332,78,812,No Show,2022-12-06 20:29:41,
13333,78,2314,Registered,2023-01-03 20:29:41,
13334,78,430,No Show,2023-01-09 20:29:41,
13335,78,1483,Attended,2022-12-23 20:29:41,2023-01-16 20:29:41
13336,78,709,Attended,2022-12-11 20:29:41,2023-01-16 20:29:41
13337,78,1994,Attended,2023-01-13 20:29:41,2023-01-16 20:29:41
13338,78,1595,Attended,2022-12-22 20:29:41,2023-01-16 20:29:41
13339,78,1747,Attended,2022-12-16 20:29:41,2023-01-16 20:29:41
13340,78,668,Attended,2022-12-28 20:29:41,2023-01-16 20:29:41
13341,78,773,Attended,2022-12-09 20:29:41,2023-01-16 20:29:41
13342,78,1431,Attended,2023-01-10 20:29:41,2023-01-16 20:29:41
13343,78,2869,Attended,2022-12-20 20:29:41,2023-01-16 20:29:41
13344,78,2236,Attended,2022-12-21 20:29:41,2023-01-16 20:29:41
13345,78,1772,No Show,2023-01-13 20:29:41,
13346,78,981,Attended,2023-01-05 20:29:41,2023-01-16 20:29:41
13347,78,1920,Registered,2022-12-28 20:29:41,
13348,78,825,Attended,2022-12-18 20:29:41,2023-01-16 20:29:41
13349,78,195,Cancelled,2022-12-20 20:29:41,
13350,78,845,Attended,2023-01-05 20:29:41,2023-01-16 20:29:41
13351,78,1959,Attended,2022-12-22 20:29:41,2023-01-16 20:29:41
13352,78,1484,Attended,2022-12-26 20:29:41,2023-01-16 20:29:41
13353,78,3229,Attended,2022-12-05 20:29:41,2023-01-16 20:29:41
13354,78,3092,Attended,2022-12-19 20:29:41,2023-01-16 20:29:41
13355,78,629,Registered,2023-01-10 20:29:41,
13356,78,1205,Attended,2022-12-06 20:29:41,2023-01-16 20:29:41
13357,78,671,Attended,2023-01-08 20:29:41,2023-01-16 20:29:41
13358,78,2471,Registered,2022-12-26 20:29:41,
13359,78,563,Attended,2022-12-27 20:29:41,2023-01-16 20:29:41
13360,78,3078,No Show,2023-01-05 20:29:41,
13361,78,1245,Attended,2023-01-14 20:29:41,2023-01-16 20:29:41
13362,78,1590,Attended,2023-01-01 20:29:41,2023-01-16 20:29:41
13363,78,3015,Attended,2022-12-02 20:29:41,2023-01-16 20:29:41
13364,78,1812,No Show,2022-12-18 20:29:41,
13365,78,1069,Registered,2022-12-13 20:29:41,
13366,78,321,No Show,2022-12-03 20:29:41,
13367,78,1497,No Show,2022-12-12 20:29:41,
13368,78,219,No Show,2022-12-08 20:29:41,
13369,78,576,Attended,2023-01-10 20:29:41,2023-01-16 20:29:41
13370,78,2746,Registered,2022-12-09 20:29:41,
13371,78,916,Attended,2022-12-16 20:29:41,2023-01-16 20:29:41
13372,78,2,Attended,2023-01-13 20:29:41,2023-01-16 20:29:41
13373,78,721,Attended,2022-12-24 20:29:41,2023-01-16 20:29:41
13374,78,2368,Registered,2022-12-05 20:29:41,
13375,78,632,Attended,2022-12-24 20:29:41,2023-01-16 20:29:41
13376,78,2870,Attended,2022-12-25 20:29:41,2023-01-16 20:29:41
13377,78,633,Attended,2022-12-14 20:29:41,2023-01-16 20:29:41
13378,78,290,Attended,2023-01-03 20:29:41,2023-01-16 20:29:41
13379,78,570,Attended,2023-01-03 20:29:41,2023-01-16 20:29:41
13380,78,3237,No Show,2022-12-19 20:29:41,
13381,78,2749,Attended,2022-12-14 20:29:41,2023-01-16 20:29:41
13382,78,1582,No Show,2023-01-12 20:29:41,
13383,78,1328,Attended,2022-12-24 20:29:41,2023-01-16 20:29:41
13384,78,443,Attended,2022-12-05 20:29:41,2023-01-16 20:29:41
13385,78,630,Attended,2023-01-05 20:29:41,2023-01-16 20:29:41
13386,78,1922,No Show,2022-12-11 20:29:41,
13387,78,1148,Attended,2023-01-07 20:29:41,2023-01-16 20:29:41
13388,78,835,Registered,2023-01-13 20:29:41,
13389,78,498,Attended,2022-12-04 20:29:41,2023-01-16 20:29:41
13390,78,1312,Attended,2022-12-30 20:29:41,2023-01-16 20:29:41
13391,78,390,Attended,2022-12-16 20:29:41,2023-01-16 20:29:41
13392,78,2445,Attended,2022-12-17 20:29:41,2023-01-16 20:29:41
13393,78,3029,Attended,2023-01-04 20:29:41,2023-01-16 20:29:41
13394,78,45,Attended,2023-01-01 20:29:41,2023-01-16 20:29:41
13395,78,852,Attended,2023-01-15 20:29:41,2023-01-16 20:29:41
13396,78,2095,Attended,2023-01-01 20:29:41,2023-01-16 20:29:41
13397,78,238,Attended,2022-12-12 20:29:41,2023-01-16 20:29:41
13398,78,3147,No Show,2022-12-25 20:29:41,
13399,78,2578,Attended,2022-12-05 20:29:41,2023-01-16 20:29:41
13400,78,2250,Attended,2022-12-15 20:29:41,2023-01-16 20:29:41
13401,78,844,Registered,2022-12-11 20:29:41,
13402,78,3094,Attended,2022-12-22 20:29:41,2023-01-16 20:29:41
13403,78,2817,Attended,2022-12-09 20:29:41,2023-01-16 20:29:41
13404,78,1895,Attended,2022-12-09 20:29:41,2023-01-16 20:29:41
13405,78,2228,Attended,2023-01-13 20:29:41,2023-01-16 20:29:41
13406,78,1100,Attended,2022-12-30 20:29:41,2023-01-16 20:29:41
13407,78,2959,Registered,2022-12-27 20:29:41,
13408,78,2451,Attended,2022-12-09 20:29:41,2023-01-16 20:29:41
13409,78,2308,Attended,2022-12-12 20:29:41,2023-01-16 20:29:41
13410,78,64,Cancelled,2023-01-08 20:29:41,
13411,78,646,Cancelled,2022-12-15 20:29:41,
13412,78,2490,No Show,2023-01-01 20:29:41,
13413,78,272,Attended,2022-12-23 20:29:41,2023-01-16 20:29:41
13414,78,1420,Attended,2023-01-04 20:29:41,2023-01-16 20:29:41
13415,78,2825,Registered,2022-12-18 20:29:41,
13416,78,3113,Attended,2023-01-14 20:29:41,2023-01-16 20:29:41
13417,78,974,Attended,2023-01-09 20:29:41,2023-01-16 20:29:41
13418,78,3101,No Show,2023-01-10 20:29:41,
13419,78,2344,Registered,2023-01-01 20:29:41,
13420,78,2100,Attended,2023-01-06 20:29:41,2023-01-16 20:29:41
13421,78,1398,Attended,2022-12-26 20:29:41,2023-01-16 20:29:41
13422,78,3112,Attended,2023-01-09 20:29:41,2023-01-16 20:29:41
13423,78,2887,Attended,2022-12-28 20:29:41,2023-01-16 20:29:41
13424,78,955,No Show,2022-12-03 20:29:41,
13425,78,2874,Registered,2022-12-18 20:29:41,
13426,78,798,Attended,2022-12-28 20:29:41,2023-01-16 20:29:41
13427,78,2685,Attended,2023-01-05 20:29:41,2023-01-16 20:29:41
13428,78,610,Registered,2022-12-27 20:29:41,
13429,78,336,Attended,2023-01-04 20:29:41,2023-01-16 20:29:41
13430,78,1149,Registered,2022-12-12 20:29:41,
13431,78,1671,Attended,2022-12-07 20:29:41,2023-01-16 20:29:41
13432,78,2297,Attended,2022-12-11 20:29:41,2023-01-16 20:29:41
13433,78,1228,Attended,2022-12-10 20:29:41,2023-01-16 20:29:41
13434,78,1412,Attended,2023-01-04 20:29:41,2023-01-16 20:29:41
13435,78,172,Cancelled,2022-12-13 20:29:41,
13436,78,376,Attended,2023-01-10 20:29:41,2023-01-16 20:29:41
13437,78,139,Attended,2023-01-07 20:29:41,2023-01-16 20:29:41
13438,78,1195,Attended,2022-12-13 20:29:41,2023-01-16 20:29:41
13439,78,1025,Registered,2022-12-23 20:29:41,
13440,78,1956,Attended,2023-01-10 20:29:41,2023-01-16 20:29:41
13441,78,556,Cancelled,2023-01-03 20:29:41,
13442,78,1565,Registered,2023-01-10 20:29:41,
13443,78,1850,Attended,2022-12-16 20:29:41,2023-01-16 20:29:41
13444,78,3020,Registered,2022-12-03 20:29:41,
13445,78,2008,Attended,2022-12-08 20:29:41,2023-01-16 20:29:41
13446,78,1759,Attended,2022-12-25 20:29:41,2023-01-16 20:29:41
13447,78,2083,Attended,2022-12-23 20:29:41,2023-01-16 20:29:41
13448,78,2600,Attended,2022-12-18 20:29:41,2023-01-16 20:29:41
13449,78,574,Attended,2022-12-18 20:29:41,2023-01-16 20:29:41
13450,78,546,Attended,2022-12-14 20:29:41,2023-01-16 20:29:41
13451,78,3088,Attended,2023-01-15 20:29:41,2023-01-16 20:29:41
13452,78,305,Attended,2023-01-08 20:29:41,2023-01-16 20:29:41
13453,78,3097,Attended,2022-12-15 20:29:41,2023-01-16 20:29:41
13454,78,2847,Attended,2022-12-13 20:29:41,2023-01-16 20:29:41
13455,78,619,Attended,2023-01-05 20:29:41,2023-01-16 20:29:41
13456,78,296,Registered,2022-12-30 20:29:41,
13457,78,2660,Attended,2022-12-30 20:29:41,2023-01-16 20:29:41
13458,78,2949,Attended,2023-01-09 20:29:41,2023-01-16 20:29:41
13459,78,429,Attended,2023-01-12 20:29:41,2023-01-16 20:29:41
13460,78,2075,Cancelled,2022-12-29 20:29:41,
13461,78,1142,Registered,2022-12-06 20:29:41,
13462,78,2803,Attended,2022-12-22 20:29:41,2023-01-16 20:29:41
13463,78,11,No Show,2022-12-05 20:29:41,
13464,78,326,Attended,2022-12-16 20:29:41,2023-01-16 20:29:41
13465,78,2423,Attended,2022-12-17 20:29:41,2023-01-16 20:29:41
13466,78,354,Attended,2022-12-23 20:29:41,2023-01-16 20:29:41
13467,78,2147,No Show,2022-12-03 20:29:41,
13468,78,1962,Attended,2022-12-28 20:29:41,2023-01-16 20:29:41
13469,78,2265,Attended,2023-01-04 20:29:41,2023-01-16 20:29:41
13470,78,2018,Attended,2022-12-12 20:29:41,2023-01-16 20:29:41
13471,78,1299,Attended,2022-12-17 20:29:41,2023-01-16 20:29:41
13472,78,2886,Attended,2022-12-19 20:29:41,2023-01-16 20:29:41
13473,78,739,Attended,2022-12-23 20:29:41,2023-01-16 20:29:41
13474,78,2538,Attended,2022-12-25 20:29:41,2023-01-16 20:29:41
13475,78,358,Registered,2022-12-14 20:29:41,
13476,78,917,Attended,2023-01-15 20:29:41,2023-01-16 20:29:41
13477,78,132,Attended,2023-01-13 20:29:41,2023-01-16 20:29:41
13478,78,1978,Attended,2023-01-01 20:29:41,2023-01-16 20:29:41
13479,78,586,No Show,2022-12-17 20:29:41,
13480,78,3067,Attended,2023-01-04 20:29:41,2023-01-16 20:29:41
13481,78,2038,Attended,2022-12-26 20:29:41,2023-01-16 20:29:41
13482,78,1525,Registered,2023-01-10 20:29:41,
13483,78,2923,Attended,2022-12-29 20:29:41,2023-01-16 20:29:41
13484,78,929,Attended,2023-01-11 20:29:41,2023-01-16 20:29:41
13485,78,1164,Attended,2022-12-20 20:29:41,2023-01-16 20:29:41
13486,78,1461,Cancelled,2022-12-26 20:29:41,
13487,78,3150,Registered,2022-12-22 20:29:41,
13488,78,935,Attended,2022-12-26 20:29:41,2023-01-16 20:29:41
13489,78,231,No Show,2023-01-05 20:29:41,
13490,78,2343,Cancelled,2022-12-22 20:29:41,
13491,78,1240,Attended,2022-12-13 20:29:41,2023-01-16 20:29:41
13492,78,3140,Registered,2023-01-10 20:29:41,
13493,78,1032,Attended,2022-12-11 20:29:41,2023-01-16 20:29:41
13494,78,2129,Cancelled,2023-01-04 20:29:41,
13495,78,2468,No Show,2023-01-14 20:29:41,
13496,78,3099,Cancelled,2022-12-06 20:29:41,
13497,78,3153,Attended,2023-01-12 20:29:41,2023-01-16 20:29:41
13498,78,464,No Show,2022-12-23 20:29:41,
13499,78,515,Attended,2022-12-20 20:29:41,2023-01-16 20:29:41
13500,78,1075,Attended,2022-12-26 20:29:41,2023-01-16 20:29:41
13501,78,891,Attended,2023-01-11 20:29:41,2023-01-16 20:29:41
13502,78,1058,Registered,2022-12-22 20:29:41,
13503,78,840,Attended,2023-01-07 20:29:41,2023-01-16 20:29:41
13504,78,1487,Cancelled,2022-12-04 20:29:41,
13505,78,1284,Registered,2022-12-28 20:29:41,
13506,78,2005,No Show,2023-01-03 20:29:41,
13507,78,1107,Cancelled,2022-12-13 20:29:41,
13508,78,1764,Attended,2023-01-04 20:29:41,2023-01-16 20:29:41
13509,78,928,No Show,2023-01-15 20:29:41,
13510,78,3111,Attended,2023-01-11 20:29:41,2023-01-16 20:29:41
13511,78,565,Attended,2023-01-06 20:29:41,2023-01-16 20:29:41
13512,78,1583,Attended,2022-12-24 20:29:41,2023-01-16 20:29:41
13513,78,654,No Show,2023-01-01 20:29:41,
13514,78,1376,Attended,2022-12-25 20:29:41,2023-01-16 20:29:41
13515,78,164,Attended,2022-12-29 20:29:41,2023-01-16 20:29:41
13516,78,3054,Attended,2022-12-09 20:29:41,2023-01-16 20:29:41
13517,78,2583,Registered,2022-12-28 20:29:41,
13518,78,895,Attended,2022-12-31 20:29:41,2023-01-16 20:29:41
13519,78,1199,No Show,2022-12-20 20:29:41,
13520,78,1066,Attended,2022-12-07 20:29:41,2023-01-16 20:29:41
13521,78,1150,No Show,2023-01-14 20:29:41,
13522,78,1806,Attended,2022-12-27 20:29:41,2023-01-16 20:29:41
13523,78,2658,Attended,2022-12-04 20:29:41,2023-01-16 20:29:41
13524,78,701,Cancelled,2022-12-25 20:29:41,
13525,78,521,Attended,2022-12-21 20:29:41,2023-01-16 20:29:41
13526,78,2367,Attended,2022-12-19 20:29:41,2023-01-16 20:29:41
13527,78,2575,Attended,2023-01-10 20:29:41,2023-01-16 20:29:41
13528,78,3100,Attended,2022-12-25 20:29:41,2023-01-16 20:29:41
13529,78,2875,No Show,2022-12-09 20:29:41,
13530,78,3143,Attended,2022-12-04 20:29:41,2023-01-16 20:29:41
13531,78,1586,Attended,2023-01-10 20:29:41,2023-01-16 20:29:41
13532,78,494,Attended,2022-12-28 20:29:41,2023-01-16 20:29:41
13533,78,1394,Attended,2023-01-01 20:29:41,2023-01-16 20:29:41
13534,78,1888,Cancelled,2023-01-11 20:29:41,
13535,78,1842,No Show,2022-12-30 20:29:41,
13536,78,1660,Attended,2023-01-08 20:29:41,2023-01-16 20:29:41
13537,78,1440,Attended,2022-12-17 20:29:41,2023-01-16 20:29:41
13538,78,2255,No Show,2022-12-21 20:29:41,
13539,78,460,Attended,2023-01-03 20:29:41,2023-01-16 20:29:41
13540,78,972,Attended,2022-12-26 20:29:41,2023-01-16 20:29:41
13541,78,728,Attended,2023-01-03 20:29:41,2023-01-16 20:29:41
13542,78,1702,Attended,2022-12-05 20:29:41,2023-01-16 20:29:41
13543,78,2961,No Show,2022-12-18 20:29:41,
13544,78,1727,Attended,2023-01-11 20:29:41,2023-01-16 20:29:41
13545,78,292,Attended,2022-12-04 20:29:41,2023-01-16 20:29:41
13546,78,3009,Registered,2022-12-02 20:29:41,
13547,78,2756,Attended,2022-12-21 20:29:41,2023-01-16 20:29:41
13548,78,1715,Attended,2023-01-08 20:29:41,2023-01-16 20:29:41
13549,78,3004,Registered,2023-01-12 20:29:41,
13550,78,2427,Attended,2023-01-13 20:29:41,2023-01-16 20:29:41
13551,78,2855,No Show,2022-12-28 20:29:41,
13552,78,2466,No Show,2022-12-16 20:29:41,
13553,78,1391,Attended,2022-12-29 20:29:41,2023-01-16 20:29:41
13554,78,373,Attended,2022-12-30 20:29:41,2023-01-16 20:29:41
13555,78,170,Attended,2022-12-14 20:29:41,2023-01-16 20:29:41
13556,78,4,Attended,2023-01-05 20:29:41,2023-01-16 20:29:41
13557,78,2330,No Show,2022-12-22 20:29:41,
13558,78,382,Registered,2022-12-27 20:29:41,
13559,78,2432,Attended,2023-01-13 20:29:41,2023-01-16 20:29:41
13560,78,1492,Attended,2022-12-14 20:29:41,2023-01-16 20:29:41
13561,78,446,Attended,2022-12-26 20:29:41,2023-01-16 20:29:41
13562,78,1039,No Show,2022-12-30 20:29:41,
13563,78,2976,Attended,2022-12-12 20:29:41,2023-01-16 20:29:41
13564,78,2903,Attended,2022-12-13 20:29:41,2023-01-16 20:29:41
13565,78,478,Attended,2023-01-04 20:29:41,2023-01-16 20:29:41
13566,78,1909,Attended,2022-12-14 20:29:41,2023-01-16 20:29:41
13567,78,2559,No Show,2023-01-12 20:29:41,
13568,78,2820,Attended,2022-12-18 20:29:41,2023-01-16 20:29:41
13569,78,967,Attended,2022-12-07 20:29:41,2023-01-16 20:29:41
13570,78,1568,Attended,2022-12-09 20:29:41,2023-01-16 20:29:41
13571,78,1790,Attended,2023-01-01 20:29:41,2023-01-16 20:29:41
13572,78,1237,Attended,2022-12-09 20:29:41,2023-01-16 20:29:41
13573,78,1036,No Show,2022-12-27 20:29:41,
13574,78,2775,Attended,2022-12-13 20:29:41,2023-01-16 20:29:41
13575,78,2194,Attended,2023-01-15 20:29:41,2023-01-16 20:29:41
13576,78,264,Attended,2022-12-19 20:29:41,2023-01-16 20:29:41
13577,78,2762,Attended,2023-01-11 20:29:41,2023-01-16 20:29:41
13578,78,2429,Attended,2023-01-05 20:29:41,2023-01-16 20:29:41
13579,78,3064,Attended,2023-01-11 20:29:41,2023-01-16 20:29:41
13580,78,3191,Attended,2023-01-05 20:29:41,2023-01-16 20:29:41
13581,78,1448,Attended,2022-12-20 20:29:41,2023-01-16 20:29:41
13582,78,2577,Attended,2023-01-03 20:29:41,2023-01-16 20:29:41
13583,78,2462,Attended,2022-12-20 20:29:41,2023-01-16 20:29:41
13584,78,1225,No Show,2022-12-28 20:29:41,
13585,78,1156,Cancelled,2023-01-07 20:29:41,
13586,78,1219,Attended,2022-12-25 20:29:41,2023-01-16 20:29:41
13587,78,527,Attended,2022-12-19 20:29:41,2023-01-16 20:29:41
13588,78,17,Attended,2022-12-03 20:29:41,2023-01-16 20:29:41
13589,78,2286,Attended,2022-12-18 20:29:41,2023-01-16 20:29:41
13590,78,1221,Attended,2022-12-26 20:29:41,2023-01-16 20:29:41
13591,78,2582,Attended,2022-12-21 20:29:41,2023-01-16 20:29:41
13592,78,48,Cancelled,2023-01-02 20:29:41,
13593,78,204,Registered,2022-12-03 20:29:41,
13594,78,1028,Registered,2022-12-11 20:29:41,
13595,78,226,Attended,2022-12-27 20:29:41,2023-01-16 20:29:41
13596,78,567,No Show,2022-12-06 20:29:41,
13597,78,838,Attended,2022-12-07 20:29:41,2023-01-16 20:29:41
13598,78,2697,No Show,2022-12-03 20:29:41,
13599,78,1566,Attended,2023-01-05 20:29:41,2023-01-16 20:29:41
13600,78,130,Attended,2022-12-19 20:29:41,2023-01-16 20:29:41
13601,78,1411,Attended,2022-12-13 20:29:41,2023-01-16 20:29:41
13602,78,258,Attended,2022-12-03 20:29:41,2023-01-16 20:29:41
13603,78,332,Attended,2022-12-15 20:29:41,2023-01-16 20:29:41
13604,78,1433,Attended,2023-01-03 20:29:41,2023-01-16 20:29:41
13605,78,2026,Attended,2022-12-26 20:29:41,2023-01-16 20:29:41
13606,78,1735,Attended,2022-12-16 20:29:41,2023-01-16 20:29:41
13607,78,918,Attended,2023-01-15 20:29:41,2023-01-16 20:29:41
13608,78,1446,Registered,2023-01-06 20:29:41,
13609,78,2301,No Show,2022-12-21 20:29:41,
13610,78,1804,Cancelled,2023-01-09 20:29:41,
13611,78,1254,Attended,2022-12-03 20:29:41,2023-01-16 20:29:41
13612,78,3187,Cancelled,2022-12-05 20:29:41,
13613,78,1414,Registered,2022-12-31 20:29:41,
13614,78,1873,No Show,2023-01-09 20:29:41,
13615,78,1232,No Show,2022-12-28 20:29:41,
13616,78,3032,Attended,2022-12-02 20:29:41,2023-01-16 20:29:41
13617,78,2324,Registered,2022-12-22 20:29:41,
13618,78,377,Registered,2023-01-09 20:29:41,
13619,78,2628,Attended,2022-12-08 20:29:41,2023-01-16 20:29:41
13620,78,2146,Attended,2022-12-30 20:29:41,2023-01-16 20:29:41
13621,78,279,Attended,2022-12-03 20:29:41,2023-01-16 20:29:41
13622,78,2467,Cancelled,2023-01-14 20:29:41,
13623,78,1991,Registered,2023-01-15 20:29:41,
13624,78,2939,Attended,2022-12-02 20:29:41,2023-01-16 20:29:41
13625,78,2126,Registered,2022-12-20 20:29:41,
13626,78,2285,Attended,2022-12-20 20:29:41,2023-01-16 20:29:41
13627,78,2792,Attended,2022-12-21 20:29:41,2023-01-16 20:29:41
13628,78,1946,Attended,2022-12-13 20:29:41,2023-01-16 20:29:41
13629,78,438,Attended,2022-12-02 20:29:41,2023-01-16 20:29:41
13630,78,2076,Attended,2023-01-14 20:29:41,2023-01-16 20:29:41
13631,78,2862,Attended,2022-12-25 20:29:41,2023-01-16 20:29:41
13632,78,2161,No Show,2022-12-19 20:29:41,
13633,78,289,Attended,2022-12-06 20:29:41,2023-01-16 20:29:41
13634,78,1964,Attended,2023-01-12 20:29:41,2023-01-16 20:29:41
13635,78,2518,Attended,2023-01-02 20:29:41,2023-01-16 20:29:41
13636,78,2833,Attended,2022-12-19 20:29:41,2023-01-16 20:29:41
13637,78,2798,Attended,2022-12-12 20:29:41,2023-01-16 20:29:41
13638,78,678,Attended,2022-12-21 20:29:41,2023-01-16 20:29:41
13639,78,2197,Cancelled,2023-01-04 20:29:41,
13640,78,161,Attended,2022-12-26 20:29:41,2023-01-16 20:29:41
13641,78,2904,Attended,2022-12-13 20:29:41,2023-01-16 20:29:41
13642,78,2030,Attended,2023-01-10 20:29:41,2023-01-16 20:29:41
13643,78,1040,Attended,2022-12-12 20:29:41,2023-01-16 20:29:41
13644,78,1437,Attended,2022-12-28 20:29:41,2023-01-16 20:29:41
13645,78,2036,Attended,2022-12-16 20:29:41,2023-01-16 20:29:41
13646,78,543,Attended,2022-12-28 20:29:41,2023-01-16 20:29:41
13647,78,2416,Registered,2022-12-22 20:29:41,
13648,78,3211,Attended,2022-12-24 20:29:41,2023-01-16 20:29:41
13649,78,932,Registered,2022-12-29 20:29:41,
13650,78,907,Cancelled,2022-12-17 20:29:41,
13651,78,2436,No Show,2022-12-23 20:29:41,
13652,78,2907,Attended,2023-01-12 20:29:41,2023-01-16 20:29:41
13653,78,1343,Attended,2023-01-04 20:29:41,2023-01-16 20:29:41
13654,78,2331,No Show,2023-01-07 20:29:41,
13655,78,1532,Registered,2022-12-02 20:29:41,
13656,78,531,No Show,2022-12-17 20:29:41,
13657,78,1034,Attended,2022-12-30 20:29:41,2023-01-16 20:29:41
13658,78,31,Attended,2022-12-17 20:29:41,2023-01-16 20:29:41
13659,78,2940,Registered,2023-01-02 20:29:41,
13660,78,1667,Attended,2022-12-20 20:29:41,2023-01-16 20:29:41
13661,78,1995,Registered,2022-12-09 20:29:41,
13662,78,2752,Attended,2022-12-30 20:29:41,2023-01-16 20:29:41
13663,78,3213,Registered,2022-12-02 20:29:41,
13664,78,3120,Registered,2023-01-06 20:29:41,
13665,78,1451,Attended,2022-12-27 20:29:41,2023-01-16 20:29:41
13666,78,2016,Attended,2022-12-14 20:29:41,2023-01-16 20:29:41
13667,78,163,No Show,2022-12-09 20:29:41,
13668,78,355,No Show,2022-12-29 20:29:41,
13669,78,1186,Attended,2023-01-13 20:29:41,2023-01-16 20:29:41
13670,78,420,Attended,2022-12-04 20:29:41,2023-01-16 20:29:41
13671,78,473,Attended,2022-12-04 20:29:41,2023-01-16 20:29:41
13672,78,1856,Registered,2022-12-06 20:29:41,
13673,78,2156,Cancelled,2023-01-15 20:29:41,
13674,78,9,Cancelled,2023-01-14 20:29:41,
13675,78,2315,Attended,2022-12-11 20:29:41,2023-01-16 20:29:41
13676,78,2816,Attended,2023-01-01 20:29:41,2023-01-16 20:29:41
13677,78,2473,Cancelled,2023-01-15 20:29:41,
13678,78,2202,Attended,2023-01-04 20:29:41,2023-01-16 20:29:41
13679,78,1098,Attended,2022-12-27 20:29:41,2023-01-16 20:29:41
13680,78,3206,Attended,2023-01-05 20:29:41,2023-01-16 20:29:41
13681,78,1261,No Show,2022-12-20 20:29:41,
13682,78,1625,Attended,2022-12-16 20:29:41,2023-01-16 20:29:41
13683,78,1043,Attended,2022-12-05 20:29:41,2023-01-16 20:29:41
13684,78,811,Registered,2023-01-05 20:29:41,
13685,78,1227,Cancelled,2022-12-13 20:29:41,
13686,78,2322,Registered,2022-12-04 20:29:41,
13687,78,234,Registered,2023-01-09 20:29:41,
13688,78,2303,Registered,2022-12-12 20:29:41,
13689,78,2626,Attended,2022-12-07 20:29:41,2023-01-16 20:29:41
13690,78,994,Attended,2023-01-06 20:29:41,2023-01-16 20:29:41
13691,78,284,Attended,2023-01-12 20:29:41,2023-01-16 20:29:41
13692,78,691,No Show,2023-01-15 20:29:41,
13693,78,1384,Attended,2022-12-31 20:29:41,2023-01-16 20:29:41
13694,78,540,Attended,2022-12-08 20:29:41,2023-01-16 20:29:41
13695,78,1999,Attended,2023-01-14 20:29:41,2023-01-16 20:29:41
13696,78,1513,Attended,2023-01-12 20:29:41,2023-01-16 20:29:41
13697,78,461,Attended,2022-12-15 20:29:41,2023-01-16 20:29:41
13698,78,2934,Attended,2023-01-10 20:29:41,2023-01-16 20:29:41
13699,78,2430,Cancelled,2023-01-07 20:29:41,
13700,78,260,Attended,2022-12-16 20:29:41,2023-01-16 20:29:41
13701,78,1652,Attended,2022-12-29 20:29:41,2023-01-16 20:29:41
13702,78,2700,Attended,2023-01-14 20:29:41,2023-01-16 20:29:41
13703,78,593,Attended,2022-12-18 20:29:41,2023-01-16 20:29:41
13704,78,359,Cancelled,2022-12-27 20:29:41,
13705,78,790,Attended,2022-12-08 20:29:41,2023-01-16 20:29:41
13706,78,711,Attended,2022-12-04 20:29:41,2023-01-16 20:29:41
13707,78,2453,No Show,2023-01-12 20:29:41,
13708,78,3144,Registered,2022-12-16 20:29:41,
13709,78,1302,Attended,2023-01-01 20:29:41,2023-01-16 20:29:41
13710,78,363,Attended,2022-12-11 20:29:41,2023-01-16 20:29:41
13711,78,2410,Attended,2022-12-29 20:29:41,2023-01-16 20:29:41
13712,78,755,Registered,2022-12-14 20:29:41,
13713,78,2291,Attended,2022-12-08 20:29:41,2023-01-16 20:29:41
13714,78,83,Registered,2022-12-26 20:29:41,
13715,78,1621,Cancelled,2023-01-06 20:29:41,
13716,78,2859,Cancelled,2023-01-09 20:29:41,
13717,78,402,Cancelled,2022-12-07 20:29:41,
13718,78,207,Attended,2022-12-17 20:29:41,2023-01-16 20:29:41
13719,78,341,Attended,2022-12-28 20:29:41,2023-01-16 20:29:41
13720,78,3046,Attended,2023-01-04 20:29:41,2023-01-16 20:29:41
13721,78,1452,Attended,2022-12-20 20:29:41,2023-01-16 20:29:41
13722,78,2963,Attended,2022-12-12 20:29:41,2023-01-16 20:29:41
13723,78,2743,Attended,2022-12-27 20:29:41,2023-01-16 20:29:41
13724,78,2441,Attended,2023-01-08 20:29:41,2023-01-16 20:29:41
13725,78,72,Attended,2022-12-19 20:29:41,2023-01-16 20:29:41
13726,78,1063,Registered,2022-12-02 20:29:41,
13727,78,1741,Attended,2023-01-09 20:29:41,2023-01-16 20:29:41
13728,78,217,No Show,2022-12-23 20:29:41,
13729,78,2543,Attended,2023-01-05 20:29:41,2023-01-16 20:29:41
13730,78,243,Cancelled,2022-12-27 20:29:41,
13731,78,1826,No Show,2022-12-07 20:29:41,
13732,78,1864,Attended,2022-12-31 20:29:41,2023-01-16 20:29:41
13733,78,2389,Attended,2023-01-09 20:29:41,2023-01-16 20:29:41
13734,78,194,Registered,2022-12-27 20:29:41,
13735,78,1969,Attended,2023-01-10 20:29:41,2023-01-16 20:29:41
13736,78,472,Attended,2022-12-16 20:29:41,2023-01-16 20:29:41
13737,78,3108,Attended,2023-01-10 20:29:41,2023-01-16 20:29:41
13738,78,943,Attended,2023-01-12 20:29:41,2023-01-16 20:29:41
13739,78,2507,Attended,2022-12-22 20:29:41,2023-01-16 20:29:41
13740,78,786,Attended,2022-12-29 20:29:41,2023-01-16 20:29:41
13741,78,499,No Show,2022-12-22 20:29:41,
13742,79,1456,Attended,2024-04-18 00:50:12,2024-04-22 00:50:12
13743,79,1458,Attended,2024-03-26 00:50:12,2024-04-22 00:50:12
13744,79,133,Attended,2024-04-07 00:50:12,2024-04-22 00:50:12
13745,79,1033,No Show,2024-03-20 00:50:12,
13746,79,2484,Attended,2024-03-08 00:50:12,2024-04-22 00:50:12
13747,79,2422,No Show,2024-04-13 00:50:12,
13748,79,2075,Attended,2024-03-25 00:50:12,2024-04-22 00:50:12
13749,79,832,Attended,2024-04-13 00:50:12,2024-04-22 00:50:12
13750,79,328,Attended,2024-04-18 00:50:12,2024-04-22 00:50:12
13751,79,412,No Show,2024-04-12 00:50:12,
13752,79,1631,Attended,2024-03-11 00:50:12,2024-04-22 00:50:12
13753,79,1623,Attended,2024-03-25 00:50:12,2024-04-22 00:50:12
13754,79,3242,Attended,2024-04-08 00:50:12,2024-04-22 00:50:12
13755,79,1652,No Show,2024-03-21 00:50:12,
13756,79,638,Attended,2024-03-17 00:50:12,2024-04-22 00:50:12
13757,79,54,Attended,2024-03-11 00:50:12,2024-04-22 00:50:12
13758,79,1537,Cancelled,2024-03-18 00:50:12,
13759,79,1976,Attended,2024-03-20 00:50:12,2024-04-22 00:50:12
13760,79,149,Attended,2024-04-21 00:50:12,2024-04-22 00:50:12
13761,79,2685,Attended,2024-03-14 00:50:12,2024-04-22 00:50:12
13762,79,59,Attended,2024-03-14 00:50:12,2024-04-22 00:50:12
13763,79,2753,Attended,2024-04-15 00:50:12,2024-04-22 00:50:12
13764,79,314,Attended,2024-04-02 00:50:12,2024-04-22 00:50:12
13765,79,1261,Attended,2024-04-02 00:50:12,2024-04-22 00:50:12
13766,79,1414,No Show,2024-04-20 00:50:12,
13767,79,546,Attended,2024-04-03 00:50:12,2024-04-22 00:50:12
13768,79,784,Attended,2024-03-14 00:50:12,2024-04-22 00:50:12
13769,79,1658,No Show,2024-03-15 00:50:12,
13770,79,1275,Attended,2024-03-21 00:50:12,2024-04-22 00:50:12
13771,79,311,Cancelled,2024-03-10 00:50:12,
13772,79,913,Attended,2024-04-15 00:50:12,2024-04-22 00:50:12
13773,79,2092,Attended,2024-04-08 00:50:12,2024-04-22 00:50:12
13774,79,2696,Registered,2024-03-17 00:50:12,
13775,79,888,Attended,2024-03-29 00:50:12,2024-04-22 00:50:12
13776,79,397,Registered,2024-04-04 00:50:12,
13777,79,276,Attended,2024-03-28 00:50:12,2024-04-22 00:50:12
13778,79,1864,Attended,2024-03-31 00:50:12,2024-04-22 00:50:12
13779,79,1246,Registered,2024-04-06 00:50:12,
13780,79,2081,Attended,2024-03-12 00:50:12,2024-04-22 00:50:12
13781,79,1487,Attended,2024-03-20 00:50:12,2024-04-22 00:50:12
13782,79,1539,No Show,2024-04-12 00:50:12,
13783,79,2776,Attended,2024-04-18 00:50:12,2024-04-22 00:50:12
13784,79,2148,Registered,2024-03-20 00:50:12,
13785,79,2949,Registered,2024-03-09 00:50:12,
13786,79,2188,No Show,2024-04-03 00:50:12,
13787,79,23,Attended,2024-03-28 00:50:12,2024-04-22 00:50:12
13788,79,224,Attended,2024-04-05 00:50:12,2024-04-22 00:50:12
13789,79,2438,Attended,2024-03-15 00:50:12,2024-04-22 00:50:12
13790,79,3245,Attended,2024-04-14 00:50:12,2024-04-22 00:50:12
13791,79,822,Attended,2024-03-18 00:50:12,2024-04-22 00:50:12
13792,79,2913,Attended,2024-03-16 00:50:12,2024-04-22 00:50:12
13793,79,3157,Registered,2024-03-27 00:50:12,
13794,79,1273,Attended,2024-03-12 00:50:12,2024-04-22 00:50:12
13795,79,2622,Attended,2024-04-11 00:50:12,2024-04-22 00:50:12
13796,79,2007,Attended,2024-04-17 00:50:12,2024-04-22 00:50:12
13797,79,2336,No Show,2024-04-03 00:50:12,
13798,79,1593,Attended,2024-04-05 00:50:12,2024-04-22 00:50:12
13799,79,1202,Attended,2024-03-11 00:50:12,2024-04-22 00:50:12
13800,79,248,Registered,2024-03-23 00:50:12,
13801,79,432,Attended,2024-03-21 00:50:12,2024-04-22 00:50:12
13802,79,261,Registered,2024-03-08 00:50:12,
13803,79,1222,Attended,2024-03-30 00:50:12,2024-04-22 00:50:12
13804,79,2327,No Show,2024-04-18 00:50:12,
13805,79,2903,Attended,2024-04-10 00:50:12,2024-04-22 00:50:12
13806,79,2083,No Show,2024-03-31 00:50:12,
13807,79,306,Registered,2024-03-08 00:50:12,
13808,79,1617,Attended,2024-03-16 00:50:12,2024-04-22 00:50:12
13809,79,2908,Attended,2024-03-16 00:50:12,2024-04-22 00:50:12
13810,79,1910,Registered,2024-04-05 00:50:12,
13811,79,1290,Registered,2024-03-15 00:50:12,
13812,79,893,No Show,2024-04-10 00:50:12,
13813,79,788,Attended,2024-04-02 00:50:12,2024-04-22 00:50:12
13814,79,2173,Attended,2024-03-14 00:50:12,2024-04-22 00:50:12
13815,79,897,Registered,2024-04-11 00:50:12,
13816,79,1459,Attended,2024-03-19 00:50:12,2024-04-22 00:50:12
13817,79,97,Attended,2024-04-09 00:50:12,2024-04-22 00:50:12
13818,79,943,Cancelled,2024-04-05 00:50:12,
13819,79,1845,Attended,2024-03-14 00:50:12,2024-04-22 00:50:12
13820,79,2492,Registered,2024-03-26 00:50:12,
13821,79,302,Registered,2024-04-01 00:50:12,
13822,79,2586,Attended,2024-04-20 00:50:12,2024-04-22 00:50:12
13823,79,2449,Attended,2024-04-20 00:50:12,2024-04-22 00:50:12
13824,79,2514,Attended,2024-04-05 00:50:12,2024-04-22 00:50:12
13825,79,727,Attended,2024-03-19 00:50:12,2024-04-22 00:50:12
13826,79,565,Attended,2024-04-08 00:50:12,2024-04-22 00:50:12
13827,79,179,Attended,2024-03-10 00:50:12,2024-04-22 00:50:12
13828,79,951,Attended,2024-04-14 00:50:12,2024-04-22 00:50:12
13829,79,602,Registered,2024-03-26 00:50:12,
13830,79,2212,Attended,2024-04-12 00:50:12,2024-04-22 00:50:12
13831,79,2155,Attended,2024-03-26 00:50:12,2024-04-22 00:50:12
13832,79,2878,No Show,2024-04-13 00:50:12,
13833,79,2132,Attended,2024-03-30 00:50:12,2024-04-22 00:50:12
13834,79,3046,Attended,2024-04-19 00:50:12,2024-04-22 00:50:12
13835,79,1701,Attended,2024-04-07 00:50:12,2024-04-22 00:50:12
13836,79,845,Attended,2024-03-10 00:50:12,2024-04-22 00:50:12
13837,79,1036,Attended,2024-04-06 00:50:12,2024-04-22 00:50:12
13838,79,3122,Cancelled,2024-03-08 00:50:12,
13839,79,431,Attended,2024-03-19 00:50:12,2024-04-22 00:50:12
13840,79,1180,No Show,2024-04-09 00:50:12,
13841,79,1176,Registered,2024-03-09 00:50:12,
13842,79,375,Cancelled,2024-03-26 00:50:12,
13843,79,14,Attended,2024-04-20 00:50:12,2024-04-22 00:50:12
13844,79,1059,Attended,2024-04-11 00:50:12,2024-04-22 00:50:12
13845,79,1933,Registered,2024-03-11 00:50:12,
13846,79,2510,Attended,2024-04-05 00:50:12,2024-04-22 00:50:12
13847,79,2944,Attended,2024-03-31 00:50:12,2024-04-22 00:50:12
13848,79,2772,Registered,2024-04-02 00:50:12,
13849,79,3183,Attended,2024-03-22 00:50:12,2024-04-22 00:50:12
13850,79,806,Attended,2024-03-24 00:50:12,2024-04-22 00:50:12
13851,79,2946,Registered,2024-03-28 00:50:12,
13852,79,799,Attended,2024-03-11 00:50:12,2024-04-22 00:50:12
13853,79,2750,Cancelled,2024-04-08 00:50:12,
13854,79,1524,Attended,2024-04-02 00:50:12,2024-04-22 00:50:12
13855,79,2508,Attended,2024-03-15 00:50:12,2024-04-22 00:50:12
13856,79,1924,Attended,2024-04-10 00:50:12,2024-04-22 00:50:12
13857,79,286,Attended,2024-03-15 00:50:12,2024-04-22 00:50:12
13858,79,2367,Cancelled,2024-04-17 00:50:12,
13859,79,3255,Attended,2024-04-04 00:50:12,2024-04-22 00:50:12
13860,79,2386,Cancelled,2024-03-21 00:50:12,
13861,79,1696,Attended,2024-03-28 00:50:12,2024-04-22 00:50:12
13862,79,165,Registered,2024-03-20 00:50:12,
13863,79,79,Registered,2024-04-07 00:50:12,
13864,79,1095,Attended,2024-03-17 00:50:12,2024-04-22 00:50:12
13865,79,1523,Cancelled,2024-04-03 00:50:12,
13866,79,2525,Attended,2024-04-07 00:50:12,2024-04-22 00:50:12
13867,79,301,Attended,2024-03-10 00:50:12,2024-04-22 00:50:12
13868,79,2717,Attended,2024-03-21 00:50:12,2024-04-22 00:50:12
13869,79,87,No Show,2024-03-11 00:50:12,
13870,79,1025,Cancelled,2024-04-16 00:50:12,
13871,79,2129,Attended,2024-04-20 00:50:12,2024-04-22 00:50:12
13872,79,1298,Attended,2024-04-08 00:50:12,2024-04-22 00:50:12
13873,79,1742,Attended,2024-03-22 00:50:12,2024-04-22 00:50:12
13874,79,2726,Attended,2024-04-16 00:50:12,2024-04-22 00:50:12
13875,79,1992,Attended,2024-03-16 00:50:12,2024-04-22 00:50:12
13876,79,1583,Attended,2024-03-21 00:50:12,2024-04-22 00:50:12
13877,79,446,Attended,2024-03-11 00:50:12,2024-04-22 00:50:12
13878,79,2531,Registered,2024-03-13 00:50:12,
13879,79,2818,No Show,2024-04-16 00:50:12,
13880,79,2239,Attended,2024-04-15 00:50:12,2024-04-22 00:50:12
13881,79,2102,No Show,2024-03-15 00:50:12,
13882,79,1633,Attended,2024-04-13 00:50:12,2024-04-22 00:50:12
13883,79,703,Attended,2024-04-16 00:50:12,2024-04-22 00:50:12
13884,79,2260,No Show,2024-03-13 00:50:12,
13885,79,197,Attended,2024-04-16 00:50:12,2024-04-22 00:50:12
13886,79,3104,No Show,2024-03-13 00:50:12,
13887,79,709,Registered,2024-04-21 00:50:12,
13888,79,2887,Registered,2024-03-14 00:50:12,
13889,79,8,Cancelled,2024-03-24 00:50:12,
13890,79,1115,Cancelled,2024-04-14 00:50:12,
13891,79,2284,No Show,2024-04-17 00:50:12,
13892,79,216,No Show,2024-04-16 00:50:12,
13893,79,2973,Attended,2024-03-09 00:50:12,2024-04-22 00:50:12
13894,79,3066,Registered,2024-04-09 00:50:12,
13895,79,2349,Attended,2024-03-23 00:50:12,2024-04-22 00:50:12
13896,79,1332,Registered,2024-03-24 00:50:12,
13897,79,2601,Attended,2024-03-20 00:50:12,2024-04-22 00:50:12
13898,79,399,Registered,2024-03-21 00:50:12,
13899,79,2328,Attended,2024-03-08 00:50:12,2024-04-22 00:50:12
13900,80,961,Registered,2023-10-14 16:46:03,
13901,80,1283,Attended,2023-11-06 16:46:03,2023-11-17 16:46:03
13902,80,1829,Registered,2023-11-01 16:46:03,
13903,80,92,Attended,2023-10-20 16:46:03,2023-11-17 16:46:03
13904,80,3089,Attended,2023-11-07 16:46:03,2023-11-17 16:46:03
13905,80,993,Registered,2023-11-12 16:46:03,
13906,80,3029,Attended,2023-10-14 16:46:03,2023-11-17 16:46:03
13907,80,2404,Registered,2023-10-21 16:46:03,
13908,80,2183,Attended,2023-10-29 16:46:03,2023-11-17 16:46:03
13909,80,871,Registered,2023-10-16 16:46:03,
13910,80,2687,Cancelled,2023-10-07 16:46:03,
13911,80,664,Attended,2023-10-20 16:46:03,2023-11-17 16:46:03
13912,80,644,Attended,2023-10-03 16:46:03,2023-11-17 16:46:03
13913,80,2704,Attended,2023-11-02 16:46:03,2023-11-17 16:46:03
13914,80,1878,Attended,2023-10-18 16:46:03,2023-11-17 16:46:03
13915,80,2448,Attended,2023-11-07 16:46:03,2023-11-17 16:46:03
13916,80,2857,Registered,2023-11-13 16:46:03,
13917,80,1377,Attended,2023-11-05 16:46:03,2023-11-17 16:46:03
13918,80,2376,No Show,2023-10-20 16:46:03,
13919,80,1955,Attended,2023-10-21 16:46:03,2023-11-17 16:46:03
13920,80,870,Attended,2023-10-07 16:46:03,2023-11-17 16:46:03
13921,80,2553,Attended,2023-10-20 16:46:03,2023-11-17 16:46:03
13922,80,2469,Attended,2023-10-09 16:46:03,2023-11-17 16:46:03
13923,80,2275,Attended,2023-10-23 16:46:03,2023-11-17 16:46:03
13924,80,965,No Show,2023-10-06 16:46:03,
13925,80,1191,No Show,2023-10-29 16:46:03,
13926,80,324,Attended,2023-11-16 16:46:03,2023-11-17 16:46:03
13927,80,1348,Attended,2023-11-06 16:46:03,2023-11-17 16:46:03
13928,80,539,Registered,2023-10-24 16:46:03,
13929,80,1552,Attended,2023-10-05 16:46:03,2023-11-17 16:46:03
13930,80,69,Attended,2023-11-16 16:46:03,2023-11-17 16:46:03
13931,80,584,Attended,2023-10-27 16:46:03,2023-11-17 16:46:03
13932,80,623,Attended,2023-11-11 16:46:03,2023-11-17 16:46:03
13933,80,2186,Attended,2023-10-20 16:46:03,2023-11-17 16:46:03
13934,80,987,Attended,2023-10-26 16:46:03,2023-11-17 16:46:03
13935,80,2654,Attended,2023-10-04 16:46:03,2023-11-17 16:46:03
13936,80,1051,Attended,2023-10-14 16:46:03,2023-11-17 16:46:03
13937,80,574,Attended,2023-11-12 16:46:03,2023-11-17 16:46:03
13938,80,1521,Registered,2023-10-10 16:46:03,
13939,80,1041,Attended,2023-10-17 16:46:03,2023-11-17 16:46:03
13940,80,2190,Attended,2023-10-08 16:46:03,2023-11-17 16:46:03
13941,80,812,Attended,2023-10-25 16:46:03,2023-11-17 16:46:03
13942,80,3069,Attended,2023-11-09 16:46:03,2023-11-17 16:46:03
13943,80,2889,Attended,2023-10-27 16:46:03,2023-11-17 16:46:03
13944,80,1766,Attended,2023-11-01 16:46:03,2023-11-17 16:46:03
13945,80,3196,Attended,2023-10-25 16:46:03,2023-11-17 16:46:03
13946,80,813,Attended,2023-11-16 16:46:03,2023-11-17 16:46:03
13947,80,858,No Show,2023-10-27 16:46:03,
13948,80,497,Registered,2023-10-06 16:46:03,
13949,80,1946,Attended,2023-10-15 16:46:03,2023-11-17 16:46:03
13950,80,2978,Attended,2023-10-16 16:46:03,2023-11-17 16:46:03
13951,80,2708,No Show,2023-11-01 16:46:03,
13952,80,1111,Cancelled,2023-11-07 16:46:03,
13953,80,1157,Attended,2023-10-28 16:46:03,2023-11-17 16:46:03
13954,80,591,Registered,2023-11-06 16:46:03,
13955,80,3157,No Show,2023-10-12 16:46:03,
13956,80,3107,Attended,2023-10-20 16:46:03,2023-11-17 16:46:03
13957,80,2053,Attended,2023-10-08 16:46:03,2023-11-17 16:46:03
13958,80,1120,Cancelled,2023-11-15 16:46:03,
13959,80,2245,Cancelled,2023-10-24 16:46:03,
13960,80,895,No Show,2023-10-26 16:46:03,
13961,80,3088,Attended,2023-11-02 16:46:03,2023-11-17 16:46:03
13962,80,805,No Show,2023-10-12 16:46:03,
13963,80,2152,No Show,2023-10-16 16:46:03,
13964,80,955,Attended,2023-10-03 16:46:03,2023-11-17 16:46:03
13965,80,1145,Registered,2023-10-23 16:46:03,
13966,80,1304,Attended,2023-11-02 16:46:03,2023-11-17 16:46:03
13967,80,3102,Registered,2023-10-09 16:46:03,
13968,80,463,Attended,2023-10-11 16:46:03,2023-11-17 16:46:03
13969,80,3162,No Show,2023-10-19 16:46:03,
13970,80,397,Attended,2023-11-05 16:46:03,2023-11-17 16:46:03
13971,80,424,Attended,2023-10-07 16:46:03,2023-11-17 16:46:03
13972,80,1699,Attended,2023-10-27 16:46:03,2023-11-17 16:46:03
13973,80,2680,No Show,2023-10-22 16:46:03,
13974,80,972,Attended,2023-11-01 16:46:03,2023-11-17 16:46:03
13975,80,1899,Attended,2023-11-15 16:46:03,2023-11-17 16:46:03
13976,80,367,Attended,2023-10-16 16:46:03,2023-11-17 16:46:03
13977,80,1357,Registered,2023-11-11 16:46:03,
13978,80,1161,No Show,2023-10-30 16:46:03,
13979,80,3165,No Show,2023-10-14 16:46:03,
13980,80,519,Attended,2023-10-03 16:46:03,2023-11-17 16:46:03
13981,80,2502,Attended,2023-11-12 16:46:03,2023-11-17 16:46:03
13982,80,1455,Registered,2023-10-09 16:46:03,
13983,80,863,Attended,2023-10-24 16:46:03,2023-11-17 16:46:03
13984,80,1325,Registered,2023-11-01 16:46:03,
13985,80,2887,Attended,2023-11-05 16:46:03,2023-11-17 16:46:03
13986,80,1823,Cancelled,2023-10-15 16:46:03,
13987,80,252,Attended,2023-10-16 16:46:03,2023-11-17 16:46:03
13988,80,2318,Attended,2023-10-07 16:46:03,2023-11-17 16:46:03
13989,80,3208,Attended,2023-10-24 16:46:03,2023-11-17 16:46:03
13990,80,3246,Registered,2023-10-13 16:46:03,
13991,80,1902,Attended,2023-10-07 16:46:03,2023-11-17 16:46:03
13992,80,2336,Attended,2023-10-19 16:46:03,2023-11-17 16:46:03
13993,80,918,Attended,2023-10-17 16:46:03,2023-11-17 16:46:03
13994,80,384,Attended,2023-10-10 16:46:03,2023-11-17 16:46:03
13995,80,726,Attended,2023-10-22 16:46:03,2023-11-17 16:46:03
13996,81,962,No Show,2024-07-24 16:19:44,
13997,81,1998,Attended,2024-07-04 16:19:44,2024-08-03 16:19:44
13998,81,2117,Attended,2024-07-20 16:19:44,2024-08-03 16:19:44
13999,81,2740,Attended,2024-07-10 16:19:44,2024-08-03 16:19:44
14000,81,2210,Attended,2024-07-12 16:19:44,2024-08-03 16:19:44
14001,81,1430,Attended,2024-07-26 16:19:44,2024-08-03 16:19:44
14002,81,716,No Show,2024-07-25 16:19:44,
14003,81,437,Registered,2024-07-03 16:19:44,
14004,81,360,Registered,2024-07-03 16:19:44,
14005,81,573,Attended,2024-07-02 16:19:44,2024-08-03 16:19:44
14006,81,2920,Attended,2024-06-20 16:19:44,2024-08-03 16:19:44
14007,81,642,Attended,2024-07-06 16:19:44,2024-08-03 16:19:44
14008,81,2782,No Show,2024-07-01 16:19:44,
14009,81,2349,Attended,2024-07-05 16:19:44,2024-08-03 16:19:44
14010,81,507,No Show,2024-07-08 16:19:44,
14011,81,1123,Attended,2024-07-18 16:19:44,2024-08-03 16:19:44
14012,81,2999,Attended,2024-07-17 16:19:44,2024-08-03 16:19:44
14013,81,2980,No Show,2024-07-18 16:19:44,
14014,81,525,Attended,2024-07-16 16:19:44,2024-08-03 16:19:44
14015,81,1831,Attended,2024-07-23 16:19:44,2024-08-03 16:19:44
14016,81,828,Attended,2024-07-17 16:19:44,2024-08-03 16:19:44
14017,81,2251,Attended,2024-07-19 16:19:44,2024-08-03 16:19:44
14018,81,2716,Registered,2024-07-16 16:19:44,
14019,81,3220,Cancelled,2024-07-03 16:19:44,
14020,81,1169,Attended,2024-07-15 16:19:44,2024-08-03 16:19:44
14021,81,1685,Attended,2024-07-15 16:19:44,2024-08-03 16:19:44
14022,81,3094,Registered,2024-06-22 16:19:44,
14023,81,2452,No Show,2024-06-27 16:19:44,
14024,81,2981,Attended,2024-07-19 16:19:44,2024-08-03 16:19:44
14025,81,1499,Attended,2024-08-01 16:19:44,2024-08-03 16:19:44
14026,81,760,Attended,2024-07-16 16:19:44,2024-08-03 16:19:44
14027,81,2198,Attended,2024-06-25 16:19:44,2024-08-03 16:19:44
14028,81,493,Attended,2024-06-26 16:19:44,2024-08-03 16:19:44
14029,81,3000,Attended,2024-07-12 16:19:44,2024-08-03 16:19:44
14030,81,2382,Attended,2024-07-12 16:19:44,2024-08-03 16:19:44
14031,81,1256,Registered,2024-06-23 16:19:44,
14032,81,2457,Attended,2024-06-23 16:19:44,2024-08-03 16:19:44
14033,81,1325,No Show,2024-07-19 16:19:44,
14034,81,285,Attended,2024-07-06 16:19:44,2024-08-03 16:19:44
14035,81,105,Attended,2024-07-28 16:19:44,2024-08-03 16:19:44
14036,81,3065,Attended,2024-07-11 16:19:44,2024-08-03 16:19:44
14037,81,2753,Registered,2024-07-27 16:19:44,
14038,81,2741,Attended,2024-08-02 16:19:44,2024-08-03 16:19:44
14039,81,2672,Attended,2024-07-13 16:19:44,2024-08-03 16:19:44
14040,81,2530,Attended,2024-07-14 16:19:44,2024-08-03 16:19:44
14041,81,1302,Attended,2024-06-19 16:19:44,2024-08-03 16:19:44
14042,81,2835,Attended,2024-07-10 16:19:44,2024-08-03 16:19:44
14043,81,1152,Attended,2024-07-06 16:19:44,2024-08-03 16:19:44
14044,81,3125,Attended,2024-07-14 16:19:44,2024-08-03 16:19:44
14045,81,52,Registered,2024-07-28 16:19:44,
14046,81,1608,Attended,2024-06-27 16:19:44,2024-08-03 16:19:44
14047,81,2798,Attended,2024-07-26 16:19:44,2024-08-03 16:19:44
14048,81,59,Cancelled,2024-07-28 16:19:44,
14049,81,2769,Attended,2024-07-13 16:19:44,2024-08-03 16:19:44
14050,81,3245,Attended,2024-07-08 16:19:44,2024-08-03 16:19:44
14051,81,1517,Registered,2024-07-17 16:19:44,
14052,81,835,Attended,2024-07-05 16:19:44,2024-08-03 16:19:44
14053,81,445,Attended,2024-07-17 16:19:44,2024-08-03 16:19:44
14054,81,1508,Attended,2024-07-20 16:19:44,2024-08-03 16:19:44
14055,81,2493,Attended,2024-07-17 16:19:44,2024-08-03 16:19:44
14056,81,329,No Show,2024-07-28 16:19:44,
14057,81,517,Attended,2024-07-30 16:19:44,2024-08-03 16:19:44
14058,81,151,Attended,2024-07-24 16:19:44,2024-08-03 16:19:44
14059,81,2621,Registered,2024-07-08 16:19:44,
14060,81,1291,Attended,2024-06-23 16:19:44,2024-08-03 16:19:44
14061,81,370,Cancelled,2024-07-29 16:19:44,
14062,81,2745,Attended,2024-07-06 16:19:44,2024-08-03 16:19:44
14063,81,2354,Attended,2024-07-09 16:19:44,2024-08-03 16:19:44
14064,81,1297,Attended,2024-07-02 16:19:44,2024-08-03 16:19:44
14065,81,3152,Attended,2024-06-19 16:19:44,2024-08-03 16:19:44
14066,81,484,No Show,2024-07-07 16:19:44,
14067,81,3185,Attended,2024-07-04 16:19:44,2024-08-03 16:19:44
14068,81,2772,Registered,2024-07-16 16:19:44,
14069,81,1960,Attended,2024-06-25 16:19:44,2024-08-03 16:19:44
14070,81,537,Attended,2024-08-01 16:19:44,2024-08-03 16:19:44
14071,81,2335,Attended,2024-07-28 16:19:44,2024-08-03 16:19:44
14072,81,363,Attended,2024-06-24 16:19:44,2024-08-03 16:19:44
14073,81,2200,Attended,2024-07-01 16:19:44,2024-08-03 16:19:44
14074,81,1215,Attended,2024-07-24 16:19:44,2024-08-03 16:19:44
14075,81,3040,Attended,2024-06-20 16:19:44,2024-08-03 16:19:44
14076,81,2494,Attended,2024-07-05 16:19:44,2024-08-03 16:19:44
14077,81,2028,Cancelled,2024-07-16 16:19:44,
14078,81,2125,Attended,2024-07-20 16:19:44,2024-08-03 16:19:44
14079,81,290,Attended,2024-06-22 16:19:44,2024-08-03 16:19:44
14080,81,466,Attended,2024-07-28 16:19:44,2024-08-03 16:19:44
14081,81,650,Attended,2024-07-18 16:19:44,2024-08-03 16:19:44
14082,81,338,No Show,2024-07-22 16:19:44,
14083,81,114,No Show,2024-06-25 16:19:44,
14084,81,1323,Attended,2024-07-20 16:19:44,2024-08-03 16:19:44
14085,81,2529,Attended,2024-07-07 16:19:44,2024-08-03 16:19:44
14086,81,2521,Attended,2024-06-30 16:19:44,2024-08-03 16:19:44
14087,81,1848,Cancelled,2024-07-05 16:19:44,
14088,81,411,Attended,2024-06-30 16:19:44,2024-08-03 16:19:44
14089,81,443,Attended,2024-07-19 16:19:44,2024-08-03 16:19:44
14090,81,902,Attended,2024-07-24 16:19:44,2024-08-03 16:19:44
14091,81,2392,Cancelled,2024-06-25 16:19:44,
14092,81,2271,Attended,2024-06-27 16:19:44,2024-08-03 16:19:44
14093,81,2355,Attended,2024-07-17 16:19:44,2024-08-03 16:19:44
14094,81,3231,Cancelled,2024-06-20 16:19:44,
14095,81,566,Attended,2024-07-23 16:19:44,2024-08-03 16:19:44
14096,81,1993,Cancelled,2024-07-22 16:19:44,
14097,81,1682,Registered,2024-07-12 16:19:44,
14098,81,1112,Registered,2024-07-01 16:19:44,
14099,81,1368,Attended,2024-07-24 16:19:44,2024-08-03 16:19:44
14100,81,3030,Attended,2024-07-27 16:19:44,2024-08-03 16:19:44
14101,81,1663,Attended,2024-07-18 16:19:44,2024-08-03 16:19:44
14102,81,1177,Cancelled,2024-07-18 16:19:44,
14103,81,1125,Registered,2024-07-19 16:19:44,
14104,81,1081,No Show,2024-06-30 16:19:44,
14105,81,1086,Attended,2024-07-19 16:19:44,2024-08-03 16:19:44
14106,81,308,Registered,2024-07-23 16:19:44,
14107,81,1237,Attended,2024-06-21 16:19:44,2024-08-03 16:19:44
14108,81,2928,Attended,2024-06-30 16:19:44,2024-08-03 16:19:44
14109,81,2743,Attended,2024-07-21 16:19:44,2024-08-03 16:19:44
14110,81,1445,Attended,2024-07-15 16:19:44,2024-08-03 16:19:44
14111,81,174,Registered,2024-07-02 16:19:44,
14112,81,1120,Attended,2024-07-27 16:19:44,2024-08-03 16:19:44
14113,81,2597,Registered,2024-07-23 16:19:44,
14114,81,2736,Cancelled,2024-06-22 16:19:44,
14115,81,1136,Attended,2024-07-02 16:19:44,2024-08-03 16:19:44
14116,82,2541,Cancelled,2021-10-23 09:38:40,
14117,82,878,Attended,2021-10-27 09:38:40,2021-12-03 09:38:40
14118,82,189,Attended,2021-11-29 09:38:40,2021-12-03 09:38:40
14119,82,632,Registered,2021-11-12 09:38:40,
14120,82,1226,Cancelled,2021-11-07 09:38:40,
14121,82,298,Attended,2021-10-26 09:38:40,2021-12-03 09:38:40
14122,82,1584,Registered,2021-11-14 09:38:40,
14123,82,3244,Registered,2021-11-04 09:38:40,
14124,82,2198,Attended,2021-11-01 09:38:40,2021-12-03 09:38:40
14125,82,2995,Cancelled,2021-11-12 09:38:40,
14126,82,900,Attended,2021-11-14 09:38:40,2021-12-03 09:38:40
14127,82,3093,Cancelled,2021-11-24 09:38:40,
14128,82,3171,No Show,2021-11-07 09:38:40,
14129,82,947,Attended,2021-11-22 09:38:40,2021-12-03 09:38:40
14130,82,2244,Cancelled,2021-10-24 09:38:40,
14131,82,284,Attended,2021-11-17 09:38:40,2021-12-03 09:38:40
14132,82,2744,Attended,2021-12-01 09:38:40,2021-12-03 09:38:40
14133,82,2275,Attended,2021-11-19 09:38:40,2021-12-03 09:38:40
14134,82,1818,Attended,2021-10-22 09:38:40,2021-12-03 09:38:40
14135,82,2320,Attended,2021-11-25 09:38:40,2021-12-03 09:38:40
14136,82,497,Attended,2021-11-21 09:38:40,2021-12-03 09:38:40
14137,82,2882,Attended,2021-11-24 09:38:40,2021-12-03 09:38:40
14138,82,1268,Attended,2021-10-23 09:38:40,2021-12-03 09:38:40
14139,82,2326,Cancelled,2021-11-20 09:38:40,
14140,82,1842,Attended,2021-11-12 09:38:40,2021-12-03 09:38:40
14141,82,2871,Attended,2021-11-05 09:38:40,2021-12-03 09:38:40
14142,82,1841,Attended,2021-10-31 09:38:40,2021-12-03 09:38:40
14143,82,1199,Registered,2021-11-06 09:38:40,
14144,82,979,Attended,2021-11-10 09:38:40,2021-12-03 09:38:40
14145,82,1526,Attended,2021-11-14 09:38:40,2021-12-03 09:38:40
14146,82,2769,Attended,2021-11-07 09:38:40,2021-12-03 09:38:40
14147,82,1211,Attended,2021-10-20 09:38:40,2021-12-03 09:38:40
14148,82,581,Attended,2021-10-24 09:38:40,2021-12-03 09:38:40
14149,82,1923,No Show,2021-11-22 09:38:40,
14150,82,2235,Registered,2021-11-21 09:38:40,
14151,82,3124,Attended,2021-11-28 09:38:40,2021-12-03 09:38:40
14152,82,972,Attended,2021-11-11 09:38:40,2021-12-03 09:38:40
14153,82,637,No Show,2021-10-27 09:38:40,
14154,82,2559,Cancelled,2021-11-25 09:38:40,
14155,82,459,Registered,2021-11-14 09:38:40,
14156,82,800,Cancelled,2021-11-04 09:38:40,
14157,82,571,No Show,2021-10-28 09:38:40,
14158,82,976,Attended,2021-11-30 09:38:40,2021-12-03 09:38:40
14159,82,2080,No Show,2021-11-09 09:38:40,
14160,82,785,Attended,2021-11-04 09:38:40,2021-12-03 09:38:40
14161,82,414,Attended,2021-11-07 09:38:40,2021-12-03 09:38:40
14162,82,1820,Attended,2021-10-23 09:38:40,2021-12-03 09:38:40
14163,82,669,Registered,2021-11-25 09:38:40,
14164,82,1597,Registered,2021-11-17 09:38:40,
14165,82,1078,Registered,2021-10-26 09:38:40,
14166,82,633,Attended,2021-10-26 09:38:40,2021-12-03 09:38:40
14167,82,1875,Attended,2021-10-24 09:38:40,2021-12-03 09:38:40
14168,82,195,Attended,2021-11-21 09:38:40,2021-12-03 09:38:40
14169,82,277,No Show,2021-11-19 09:38:40,
14170,82,2429,Attended,2021-10-24 09:38:40,2021-12-03 09:38:40
14171,82,2874,Attended,2021-11-02 09:38:40,2021-12-03 09:38:40
14172,82,1071,Attended,2021-10-28 09:38:40,2021-12-03 09:38:40
14173,82,2330,Attended,2021-11-16 09:38:40,2021-12-03 09:38:40
14174,82,2947,Attended,2021-11-22 09:38:40,2021-12-03 09:38:40
14175,82,1419,Attended,2021-11-26 09:38:40,2021-12-03 09:38:40
14176,82,981,Attended,2021-11-06 09:38:40,2021-12-03 09:38:40
14177,82,30,Attended,2021-11-24 09:38:40,2021-12-03 09:38:40
14178,82,2750,No Show,2021-10-27 09:38:40,
14179,82,657,Attended,2021-12-02 09:38:40,2021-12-03 09:38:40
14180,82,409,Attended,2021-10-22 09:38:40,2021-12-03 09:38:40
14181,82,2822,Attended,2021-10-22 09:38:40,2021-12-03 09:38:40
14182,82,122,Attended,2021-11-12 09:38:40,2021-12-03 09:38:40
14183,82,148,Cancelled,2021-11-08 09:38:40,
14184,82,1262,Attended,2021-11-19 09:38:40,2021-12-03 09:38:40
14185,82,1423,Attended,2021-11-01 09:38:40,2021-12-03 09:38:40
14186,82,871,Registered,2021-11-25 09:38:40,
14187,82,2703,Attended,2021-11-28 09:38:40,2021-12-03 09:38:40
14188,82,1084,Attended,2021-11-08 09:38:40,2021-12-03 09:38:40
14189,82,718,Attended,2021-11-15 09:38:40,2021-12-03 09:38:40
14190,82,2095,Attended,2021-11-09 09:38:40,2021-12-03 09:38:40
14191,82,2817,Attended,2021-11-20 09:38:40,2021-12-03 09:38:40
14192,82,1741,No Show,2021-11-20 09:38:40,
14193,82,379,Attended,2021-10-29 09:38:40,2021-12-03 09:38:40
14194,82,1990,Attended,2021-10-30 09:38:40,2021-12-03 09:38:40
14195,82,1370,Attended,2021-10-29 09:38:40,2021-12-03 09:38:40
14196,82,1997,Registered,2021-10-29 09:38:40,
14197,82,3191,Attended,2021-11-12 09:38:40,2021-12-03 09:38:40
14198,82,3154,Attended,2021-10-24 09:38:40,2021-12-03 09:38:40
14199,82,415,No Show,2021-10-28 09:38:40,
14200,83,2456,No Show,2026-01-30 23:13:50,
14201,83,30,Cancelled,2026-03-04 23:13:50,
14202,83,262,Attended,2026-03-11 23:13:50,2026-03-16 23:13:50
14203,83,1768,Attended,2026-03-07 23:13:50,2026-03-16 23:13:50
14204,83,1639,No Show,2026-02-26 23:13:50,
14205,83,1135,Attended,2026-02-09 23:13:50,2026-03-16 23:13:50
14206,83,2093,Attended,2026-02-09 23:13:50,2026-03-16 23:13:50
14207,83,2934,Attended,2026-02-14 23:13:50,2026-03-16 23:13:50
14208,83,759,Cancelled,2026-03-06 23:13:50,
14209,83,2572,Attended,2026-03-07 23:13:50,2026-03-16 23:13:50
14210,83,2320,Attended,2026-02-15 23:13:50,2026-03-16 23:13:50
14211,83,1590,Attended,2026-02-11 23:13:50,2026-03-16 23:13:50
14212,83,595,Registered,2026-02-06 23:13:50,
14213,83,2245,Cancelled,2026-01-30 23:13:50,
14214,83,2797,Attended,2026-03-01 23:13:50,2026-03-16 23:13:50
14215,83,2699,Attended,2026-02-06 23:13:50,2026-03-16 23:13:50
14216,83,3210,Attended,2026-03-11 23:13:50,2026-03-16 23:13:50
14217,83,1979,Attended,2026-03-10 23:13:50,2026-03-16 23:13:50
14218,83,2506,Attended,2026-02-14 23:13:50,2026-03-16 23:13:50
14219,83,321,Registered,2026-01-30 23:13:50,
14220,83,297,No Show,2026-02-25 23:13:50,
14221,83,1225,No Show,2026-03-04 23:13:50,
14222,83,1725,Registered,2026-02-03 23:13:50,
14223,83,2349,Attended,2026-02-25 23:13:50,2026-03-16 23:13:50
14224,83,299,Attended,2026-02-08 23:13:50,2026-03-16 23:13:50
14225,83,1498,Attended,2026-02-14 23:13:50,2026-03-16 23:13:50
14226,83,2427,Cancelled,2026-03-10 23:13:50,
14227,83,1680,Attended,2026-02-03 23:13:50,2026-03-16 23:13:50
14228,83,2082,Registered,2026-02-06 23:13:50,
14229,83,3042,No Show,2026-03-08 23:13:50,
14230,83,131,Attended,2026-02-20 23:13:50,2026-03-16 23:13:50
14231,83,805,Attended,2026-02-23 23:13:50,2026-03-16 23:13:50
14232,83,2502,Registered,2026-03-13 23:13:50,
14233,83,1962,Attended,2026-03-15 23:13:50,2026-03-16 23:13:50
14234,83,1956,Attended,2026-03-14 23:13:50,2026-03-16 23:13:50
14235,83,2764,Attended,2026-02-18 23:13:50,2026-03-16 23:13:50
14236,83,2940,Registered,2026-02-28 23:13:50,
14237,83,697,Attended,2026-02-17 23:13:50,2026-03-16 23:13:50
14238,83,2428,Attended,2026-02-18 23:13:50,2026-03-16 23:13:50
14239,83,1657,Attended,2026-02-03 23:13:50,2026-03-16 23:13:50
14240,83,2148,No Show,2026-03-06 23:13:50,
14241,83,3142,Cancelled,2026-02-25 23:13:50,
14242,83,1233,Attended,2026-02-02 23:13:50,2026-03-16 23:13:50
14243,83,484,Cancelled,2026-02-27 23:13:50,
14244,83,1207,Attended,2026-03-09 23:13:50,2026-03-16 23:13:50
14245,83,81,No Show,2026-03-10 23:13:50,
14246,83,1900,Attended,2026-02-23 23:13:50,2026-03-16 23:13:50
14247,83,2255,Attended,2026-03-09 23:13:50,2026-03-16 23:13:50
14248,83,1009,Registered,2026-02-01 23:13:50,
14249,83,1414,Attended,2026-02-08 23:13:50,2026-03-16 23:13:50
14250,83,2028,Registered,2026-03-04 23:13:50,
14251,83,1533,Attended,2026-02-22 23:13:50,2026-03-16 23:13:50
14252,83,2778,Registered,2026-02-08 23:13:50,
14253,83,965,Attended,2026-02-27 23:13:50,2026-03-16 23:13:50
14254,83,2201,No Show,2026-02-18 23:13:50,
14255,83,840,Attended,2026-02-02 23:13:50,2026-03-16 23:13:50
14256,83,2486,Attended,2026-02-13 23:13:50,2026-03-16 23:13:50
14257,83,1479,No Show,2026-01-31 23:13:50,
14258,83,201,No Show,2026-03-09 23:13:50,
14259,83,776,Attended,2026-03-05 23:13:50,2026-03-16 23:13:50
14260,83,3031,Attended,2026-02-16 23:13:50,2026-03-16 23:13:50
14261,83,423,Attended,2026-03-15 23:13:50,2026-03-16 23:13:50
14262,83,2491,Attended,2026-02-27 23:13:50,2026-03-16 23:13:50
14263,83,1973,Registered,2026-01-30 23:13:50,
14264,83,865,Attended,2026-02-19 23:13:50,2026-03-16 23:13:50
14265,83,1913,Registered,2026-03-05 23:13:50,
14266,83,684,Attended,2026-03-02 23:13:50,2026-03-16 23:13:50
14267,83,1367,Attended,2026-02-11 23:13:50,2026-03-16 23:13:50
14268,83,3126,Attended,2026-02-16 23:13:50,2026-03-16 23:13:50
14269,83,2436,Attended,2026-03-09 23:13:50,2026-03-16 23:13:50
14270,83,884,No Show,2026-02-23 23:13:50,
14271,83,1865,Registered,2026-03-01 23:13:50,
14272,83,536,Attended,2026-02-18 23:13:50,2026-03-16 23:13:50
14273,83,2351,Cancelled,2026-03-01 23:13:50,
14274,83,1303,Attended,2026-03-04 23:13:50,2026-03-16 23:13:50
14275,83,2543,Registered,2026-01-31 23:13:50,
14276,83,2983,Attended,2026-02-20 23:13:50,2026-03-16 23:13:50
14277,83,409,Attended,2026-02-04 23:13:50,2026-03-16 23:13:50
14278,83,2235,Attended,2026-03-08 23:13:50,2026-03-16 23:13:50
14279,83,967,Attended,2026-03-08 23:13:50,2026-03-16 23:13:50
14280,83,1535,Attended,2026-03-01 23:13:50,2026-03-16 23:13:50
14281,83,2291,Registered,2026-02-28 23:13:50,
14282,83,457,Attended,2026-02-13 23:13:50,2026-03-16 23:13:50
14283,83,2640,Attended,2026-02-04 23:13:50,2026-03-16 23:13:50
14284,83,731,Registered,2026-02-08 23:13:50,
14285,83,1848,Attended,2026-02-20 23:13:50,2026-03-16 23:13:50
14286,83,2408,Registered,2026-02-15 23:13:50,
14287,83,1493,Attended,2026-02-10 23:13:50,2026-03-16 23:13:50
14288,83,3005,Attended,2026-02-06 23:13:50,2026-03-16 23:13:50
14289,83,765,Registered,2026-02-13 23:13:50,
14290,83,590,No Show,2026-02-09 23:13:50,
14291,83,2662,No Show,2026-03-13 23:13:50,
14292,83,1655,Attended,2026-02-02 23:13:50,2026-03-16 23:13:50
14293,83,614,Attended,2026-02-06 23:13:50,2026-03-16 23:13:50
14294,83,877,Attended,2026-03-02 23:13:50,2026-03-16 23:13:50
14295,83,2929,Cancelled,2026-02-27 23:13:50,
14296,83,1091,No Show,2026-03-08 23:13:50,
14297,83,841,No Show,2026-02-13 23:13:50,
14298,83,2991,Registered,2026-02-09 23:13:50,
14299,83,1758,Attended,2026-02-19 23:13:50,2026-03-16 23:13:50
14300,83,1266,Attended,2026-02-01 23:13:50,2026-03-16 23:13:50
14301,83,1601,Registered,2026-03-10 23:13:50,
14302,83,577,Attended,2026-02-19 23:13:50,2026-03-16 23:13:50
14303,83,701,Cancelled,2026-02-28 23:13:50,
14304,83,721,Attended,2026-03-08 23:13:50,2026-03-16 23:13:50
14305,83,2732,Attended,2026-02-17 23:13:50,2026-03-16 23:13:50
14306,83,2288,Attended,2026-03-12 23:13:50,2026-03-16 23:13:50
14307,83,2181,Attended,2026-03-13 23:13:50,2026-03-16 23:13:50
14308,83,1675,Registered,2026-03-05 23:13:50,
14309,83,2251,Registered,2026-02-03 23:13:50,
14310,83,2881,Attended,2026-03-14 23:13:50,2026-03-16 23:13:50
14311,83,3007,Registered,2026-02-13 23:13:50,
14312,83,1673,No Show,2026-02-26 23:13:50,
14313,83,1544,Attended,2026-03-03 23:13:50,2026-03-16 23:13:50
14314,83,2443,No Show,2026-02-18 23:13:50,
14315,83,796,Attended,2026-03-06 23:13:50,2026-03-16 23:13:50
14316,83,1143,Cancelled,2026-02-24 23:13:50,
14317,83,1320,Attended,2026-02-18 23:13:50,2026-03-16 23:13:50
14318,83,954,Cancelled,2026-02-05 23:13:50,
14319,83,2244,Attended,2026-02-14 23:13:50,2026-03-16 23:13:50
14320,83,3111,No Show,2026-01-30 23:13:50,
14321,83,605,Registered,2026-02-12 23:13:50,
14322,83,126,Attended,2026-03-04 23:13:50,2026-03-16 23:13:50
14323,83,745,Attended,2026-02-07 23:13:50,2026-03-16 23:13:50
14324,83,1757,Attended,2026-02-07 23:13:50,2026-03-16 23:13:50
14325,83,2094,Attended,2026-03-04 23:13:50,2026-03-16 23:13:50
14326,83,1811,Attended,2026-02-09 23:13:50,2026-03-16 23:13:50
14327,83,162,Attended,2026-02-27 23:13:50,2026-03-16 23:13:50
14328,83,393,Attended,2026-02-20 23:13:50,2026-03-16 23:13:50
14329,83,636,Attended,2026-03-07 23:13:50,2026-03-16 23:13:50
14330,83,2388,Attended,2026-02-28 23:13:50,2026-03-16 23:13:50
14331,83,1277,Attended,2026-02-24 23:13:50,2026-03-16 23:13:50
14332,83,395,Attended,2026-03-03 23:13:50,2026-03-16 23:13:50
14333,83,417,Attended,2026-02-22 23:13:50,2026-03-16 23:13:50
14334,83,1706,Attended,2026-03-09 23:13:50,2026-03-16 23:13:50
14335,83,222,Registered,2026-03-13 23:13:50,
14336,83,119,Attended,2026-03-12 23:13:50,2026-03-16 23:13:50
14337,83,135,No Show,2026-02-10 23:13:50,
14338,83,1737,Cancelled,2026-02-13 23:13:50,
14339,83,1241,Attended,2026-02-07 23:13:50,2026-03-16 23:13:50
14340,83,2958,Registered,2026-03-14 23:13:50,
14341,83,1597,Attended,2026-03-07 23:13:50,2026-03-16 23:13:50
14342,83,569,Attended,2026-02-28 23:13:50,2026-03-16 23:13:50
14343,83,1697,Registered,2026-03-02 23:13:50,
14344,83,3196,Registered,2026-03-08 23:13:50,
14345,83,3002,No Show,2026-02-24 23:13:50,
14346,83,2125,No Show,2026-02-15 23:13:50,
14347,83,1478,Attended,2026-02-12 23:13:50,2026-03-16 23:13:50
14348,83,1069,Attended,2026-03-10 23:13:50,2026-03-16 23:13:50
14349,83,1145,Attended,2026-02-18 23:13:50,2026-03-16 23:13:50
14350,83,1199,Attended,2026-02-06 23:13:50,2026-03-16 23:13:50
14351,83,2496,Attended,2026-02-04 23:13:50,2026-03-16 23:13:50
14352,83,1518,Attended,2026-03-15 23:13:50,2026-03-16 23:13:50
14353,83,1067,Attended,2026-02-12 23:13:50,2026-03-16 23:13:50
14354,83,1931,Attended,2026-03-01 23:13:50,2026-03-16 23:13:50
14355,83,1833,Attended,2026-02-11 23:13:50,2026-03-16 23:13:50
14356,83,1618,No Show,2026-03-08 23:13:50,
14357,83,842,Attended,2026-02-10 23:13:50,2026-03-16 23:13:50
14358,83,1619,Registered,2026-03-06 23:13:50,
14359,83,2657,Attended,2026-02-07 23:13:50,2026-03-16 23:13:50
14360,83,875,No Show,2026-01-31 23:13:50,
14361,83,2397,Attended,2026-03-05 23:13:50,2026-03-16 23:13:50
14362,83,3107,Attended,2026-03-04 23:13:50,2026-03-16 23:13:50
14363,83,199,Attended,2026-03-06 23:13:50,2026-03-16 23:13:50
14364,83,518,Cancelled,2026-03-10 23:13:50,
14365,83,2723,Attended,2026-03-07 23:13:50,2026-03-16 23:13:50
14366,83,232,No Show,2026-01-30 23:13:50,
14367,83,83,Attended,2026-01-30 23:13:50,2026-03-16 23:13:50
14368,83,2414,Attended,2026-03-03 23:13:50,2026-03-16 23:13:50
14369,83,1146,Cancelled,2026-02-17 23:13:50,
14370,83,2092,Attended,2026-03-01 23:13:50,2026-03-16 23:13:50
14371,83,2342,Attended,2026-02-18 23:13:50,2026-03-16 23:13:50
14372,83,2298,No Show,2026-02-19 23:13:50,
14373,83,2225,Registered,2026-02-10 23:13:50,
14374,83,905,Attended,2026-02-28 23:13:50,2026-03-16 23:13:50
14375,83,2384,Registered,2026-02-07 23:13:50,
14376,83,2192,Attended,2026-03-13 23:13:50,2026-03-16 23:13:50
14377,83,2709,No Show,2026-02-26 23:13:50,
14378,83,194,Registered,2026-02-11 23:13:50,
14379,83,2036,Attended,2026-02-26 23:13:50,2026-03-16 23:13:50
14380,83,1942,No Show,2026-02-04 23:13:50,
14381,83,440,Attended,2026-02-06 23:13:50,2026-03-16 23:13:50
14382,83,404,Attended,2026-02-22 23:13:50,2026-03-16 23:13:50
14383,83,923,Attended,2026-03-11 23:13:50,2026-03-16 23:13:50
14384,83,3251,Attended,2026-03-07 23:13:50,2026-03-16 23:13:50
14385,83,1713,Registered,2026-01-30 23:13:50,
14386,83,1622,Registered,2026-03-11 23:13:50,
14387,83,1515,Attended,2026-02-18 23:13:50,2026-03-16 23:13:50
14388,83,3248,No Show,2026-02-20 23:13:50,
14389,83,2540,Registered,2026-03-03 23:13:50,
14390,83,2422,Attended,2026-03-13 23:13:50,2026-03-16 23:13:50
14391,83,2104,Attended,2026-02-18 23:13:50,2026-03-16 23:13:50
14392,83,1272,Attended,2026-02-16 23:13:50,2026-03-16 23:13:50
14393,83,103,Cancelled,2026-03-09 23:13:50,
14394,83,2073,No Show,2026-02-07 23:13:50,
14395,83,1776,Registered,2026-03-12 23:13:50,
14396,83,579,Attended,2026-03-01 23:13:50,2026-03-16 23:13:50
14397,83,1643,Attended,2026-02-15 23:13:50,2026-03-16 23:13:50
14398,83,3232,Attended,2026-03-05 23:13:50,2026-03-16 23:13:50
14399,83,1314,No Show,2026-03-11 23:13:50,
14400,83,2209,Attended,2026-02-08 23:13:50,2026-03-16 23:13:50
14401,83,1203,Attended,2026-02-02 23:13:50,2026-03-16 23:13:50
14402,83,3051,No Show,2026-01-30 23:13:50,
14403,83,3237,Attended,2026-02-12 23:13:50,2026-03-16 23:13:50
14404,83,220,Cancelled,2026-02-02 23:13:50,
14405,83,2438,Attended,2026-02-20 23:13:50,2026-03-16 23:13:50
14406,83,2607,Attended,2026-02-01 23:13:50,2026-03-16 23:13:50
14407,83,1058,Attended,2026-02-16 23:13:50,2026-03-16 23:13:50
14408,83,2784,Attended,2026-01-30 23:13:50,2026-03-16 23:13:50
14409,83,1582,Attended,2026-01-31 23:13:50,2026-03-16 23:13:50
14410,83,2758,Attended,2026-02-05 23:13:50,2026-03-16 23:13:50
14411,83,2420,No Show,2026-02-04 23:13:50,
14412,83,1052,Attended,2026-02-11 23:13:50,2026-03-16 23:13:50
14413,83,429,Attended,2026-02-19 23:13:50,2026-03-16 23:13:50
14414,83,356,No Show,2026-02-27 23:13:50,
14415,83,2814,Attended,2026-02-07 23:13:50,2026-03-16 23:13:50
14416,83,989,Attended,2026-02-20 23:13:50,2026-03-16 23:13:50
14417,83,376,Cancelled,2026-02-01 23:13:50,
14418,83,633,No Show,2026-03-14 23:13:50,
14419,83,880,Attended,2026-02-01 23:13:50,2026-03-16 23:13:50
14420,83,2434,Attended,2026-02-01 23:13:50,2026-03-16 23:13:50
14421,83,932,Registered,2026-02-07 23:13:50,
14422,83,2800,Registered,2026-03-13 23:13:50,
14423,83,1231,Attended,2026-02-02 23:13:50,2026-03-16 23:13:50
14424,83,3228,Cancelled,2026-02-21 23:13:50,
14425,83,3163,No Show,2026-03-09 23:13:50,
14426,83,1864,No Show,2026-02-11 23:13:50,
14427,83,2920,Attended,2026-02-06 23:13:50,2026-03-16 23:13:50
14428,83,1235,Attended,2026-03-13 23:13:50,2026-03-16 23:13:50
14429,83,2575,No Show,2026-03-11 23:13:50,
14430,83,458,Attended,2026-03-02 23:13:50,2026-03-16 23:13:50
14431,83,86,Attended,2026-02-24 23:13:50,2026-03-16 23:13:50
14432,83,658,Registered,2026-02-17 23:13:50,
14433,83,157,Registered,2026-02-15 23:13:50,
14434,83,2311,Attended,2026-03-14 23:13:50,2026-03-16 23:13:50
14435,83,696,Attended,2026-02-02 23:13:50,2026-03-16 23:13:50
14436,83,374,Attended,2026-02-08 23:13:50,2026-03-16 23:13:50
14437,83,1438,Cancelled,2026-02-06 23:13:50,
14438,83,3035,Attended,2026-03-07 23:13:50,2026-03-16 23:13:50
14439,83,3189,Attended,2026-02-04 23:13:50,2026-03-16 23:13:50
14440,83,3028,Registered,2026-03-03 23:13:50,
14441,83,1537,Cancelled,2026-03-12 23:13:50,
14442,83,1123,Registered,2026-02-11 23:13:50,
14443,83,3103,Attended,2026-02-25 23:13:50,2026-03-16 23:13:50
14444,83,2205,Attended,2026-01-30 23:13:50,2026-03-16 23:13:50
14445,83,439,Attended,2026-02-15 23:13:50,2026-03-16 23:13:50
14446,83,2913,Attended,2026-02-22 23:13:50,2026-03-16 23:13:50
14447,83,3066,Attended,2026-03-09 23:13:50,2026-03-16 23:13:50
14448,83,317,Attended,2026-02-20 23:13:50,2026-03-16 23:13:50
14449,83,3131,Attended,2026-03-11 23:13:50,2026-03-16 23:13:50
14450,83,1881,Attended,2026-03-09 23:13:50,2026-03-16 23:13:50
14451,83,2656,Registered,2026-03-04 23:13:50,
14452,84,1488,Attended,2021-08-10 10:34:10,2021-09-12 10:34:10
14453,84,234,Attended,2021-08-14 10:34:10,2021-09-12 10:34:10
14454,84,2066,Attended,2021-07-31 10:34:10,2021-09-12 10:34:10
14455,84,261,Attended,2021-08-17 10:34:10,2021-09-12 10:34:10
14456,84,2336,Registered,2021-08-08 10:34:10,
14457,84,1457,Attended,2021-08-09 10:34:10,2021-09-12 10:34:10
14458,84,2345,Attended,2021-08-29 10:34:10,2021-09-12 10:34:10
14459,84,2767,Attended,2021-08-28 10:34:10,2021-09-12 10:34:10
14460,84,1237,Attended,2021-08-28 10:34:10,2021-09-12 10:34:10
14461,84,496,Attended,2021-07-29 10:34:10,2021-09-12 10:34:10
14462,84,54,No Show,2021-08-03 10:34:10,
14463,84,2845,Attended,2021-08-17 10:34:10,2021-09-12 10:34:10
14464,84,2532,Attended,2021-08-05 10:34:10,2021-09-12 10:34:10
14465,84,147,No Show,2021-08-23 10:34:10,
14466,84,70,Attended,2021-08-20 10:34:10,2021-09-12 10:34:10
14467,84,2362,Attended,2021-08-02 10:34:10,2021-09-12 10:34:10
14468,84,1525,Attended,2021-09-04 10:34:10,2021-09-12 10:34:10
14469,84,95,No Show,2021-08-25 10:34:10,
14470,84,2830,Attended,2021-08-02 10:34:10,2021-09-12 10:34:10
14471,84,407,Attended,2021-07-31 10:34:10,2021-09-12 10:34:10
14472,84,581,Cancelled,2021-09-04 10:34:10,
14473,84,128,Attended,2021-09-06 10:34:10,2021-09-12 10:34:10
14474,84,830,Attended,2021-08-28 10:34:10,2021-09-12 10:34:10
14475,84,1332,Attended,2021-08-04 10:34:10,2021-09-12 10:34:10
14476,84,94,Attended,2021-07-29 10:34:10,2021-09-12 10:34:10
14477,84,2409,No Show,2021-08-02 10:34:10,
14478,84,578,No Show,2021-08-28 10:34:10,
14479,84,3234,Registered,2021-07-29 10:34:10,
14480,84,624,Attended,2021-08-12 10:34:10,2021-09-12 10:34:10
14481,84,1765,Attended,2021-09-04 10:34:10,2021-09-12 10:34:10
14482,84,2556,Attended,2021-08-17 10:34:10,2021-09-12 10:34:10
14483,84,665,Attended,2021-09-05 10:34:10,2021-09-12 10:34:10
14484,84,865,No Show,2021-08-07 10:34:10,
14485,84,3080,Attended,2021-07-29 10:34:10,2021-09-12 10:34:10
14486,84,813,Attended,2021-08-10 10:34:10,2021-09-12 10:34:10
14487,84,694,Attended,2021-08-15 10:34:10,2021-09-12 10:34:10
14488,84,2379,Attended,2021-08-14 10:34:10,2021-09-12 10:34:10
14489,84,549,Registered,2021-08-25 10:34:10,
14490,84,2214,Registered,2021-08-30 10:34:10,
14491,84,1210,Attended,2021-08-21 10:34:10,2021-09-12 10:34:10
14492,84,2230,Cancelled,2021-08-03 10:34:10,
14493,84,643,Attended,2021-08-06 10:34:10,2021-09-12 10:34:10
14494,84,2021,Attended,2021-08-04 10:34:10,2021-09-12 10:34:10
14495,84,36,Cancelled,2021-09-04 10:34:10,
14496,84,256,Attended,2021-08-10 10:34:10,2021-09-12 10:34:10
14497,84,2617,Attended,2021-08-14 10:34:10,2021-09-12 10:34:10
14498,84,1248,Attended,2021-08-01 10:34:10,2021-09-12 10:34:10
14499,84,233,No Show,2021-09-06 10:34:10,
14500,84,2557,Attended,2021-08-29 10:34:10,2021-09-12 10:34:10
14501,84,1673,Registered,2021-07-30 10:34:10,
14502,84,2975,Attended,2021-09-05 10:34:10,2021-09-12 10:34:10
14503,84,1197,Attended,2021-09-11 10:34:10,2021-09-12 10:34:10
14504,84,1484,Attended,2021-08-15 10:34:10,2021-09-12 10:34:10
14505,84,51,Attended,2021-09-04 10:34:10,2021-09-12 10:34:10
14506,84,673,Attended,2021-09-08 10:34:10,2021-09-12 10:34:10
14507,84,2794,Attended,2021-08-01 10:34:10,2021-09-12 10:34:10
14508,84,1606,Registered,2021-08-10 10:34:10,
14509,84,932,Attended,2021-08-04 10:34:10,2021-09-12 10:34:10
14510,84,2521,Attended,2021-07-29 10:34:10,2021-09-12 10:34:10
14511,84,495,Attended,2021-08-17 10:34:10,2021-09-12 10:34:10
14512,84,772,Registered,2021-08-01 10:34:10,
14513,84,1800,Attended,2021-08-21 10:34:10,2021-09-12 10:34:10
14514,84,1712,Attended,2021-09-01 10:34:10,2021-09-12 10:34:10
14515,84,2511,Registered,2021-08-16 10:34:10,
14516,84,2892,Cancelled,2021-08-18 10:34:10,
14517,84,2550,Attended,2021-08-28 10:34:10,2021-09-12 10:34:10
14518,84,912,Attended,2021-08-16 10:34:10,2021-09-12 10:34:10
14519,84,2819,Attended,2021-09-10 10:34:10,2021-09-12 10:34:10
14520,84,1437,Attended,2021-08-02 10:34:10,2021-09-12 10:34:10
14521,84,535,Attended,2021-08-25 10:34:10,2021-09-12 10:34:10
14522,84,901,Attended,2021-09-07 10:34:10,2021-09-12 10:34:10
14523,84,2879,Attended,2021-09-06 10:34:10,2021-09-12 10:34:10
14524,84,2112,Attended,2021-09-09 10:34:10,2021-09-12 10:34:10
14525,84,345,Attended,2021-08-28 10:34:10,2021-09-12 10:34:10
14526,84,1225,Attended,2021-09-11 10:34:10,2021-09-12 10:34:10
14527,84,368,Attended,2021-08-30 10:34:10,2021-09-12 10:34:10
14528,84,1630,Attended,2021-09-06 10:34:10,2021-09-12 10:34:10
14529,84,2433,Cancelled,2021-09-05 10:34:10,
14530,84,1932,Attended,2021-08-04 10:34:10,2021-09-12 10:34:10
14531,84,627,Attended,2021-08-29 10:34:10,2021-09-12 10:34:10
14532,84,1231,Attended,2021-08-02 10:34:10,2021-09-12 10:34:10
14533,84,1199,Attended,2021-08-24 10:34:10,2021-09-12 10:34:10
14534,84,2493,Attended,2021-08-20 10:34:10,2021-09-12 10:34:10
14535,84,2320,Registered,2021-09-02 10:34:10,
14536,84,1659,Attended,2021-09-06 10:34:10,2021-09-12 10:34:10
14537,84,838,Registered,2021-09-04 10:34:10,
14538,84,2583,Attended,2021-09-05 10:34:10,2021-09-12 10:34:10
14539,84,846,Attended,2021-09-07 10:34:10,2021-09-12 10:34:10
14540,84,2910,Attended,2021-08-10 10:34:10,2021-09-12 10:34:10
14541,84,1898,No Show,2021-08-23 10:34:10,
14542,84,2627,Attended,2021-08-13 10:34:10,2021-09-12 10:34:10
14543,84,2824,Attended,2021-08-18 10:34:10,2021-09-12 10:34:10
14544,84,801,Cancelled,2021-08-14 10:34:10,
14545,84,997,Attended,2021-08-05 10:34:10,2021-09-12 10:34:10
14546,84,2725,Attended,2021-08-03 10:34:10,2021-09-12 10:34:10
14547,84,1694,Attended,2021-08-07 10:34:10,2021-09-12 10:34:10
14548,84,1000,No Show,2021-08-07 10:34:10,
14549,84,1637,Attended,2021-08-03 10:34:10,2021-09-12 10:34:10
14550,84,476,Attended,2021-08-20 10:34:10,2021-09-12 10:34:10
14551,84,2305,No Show,2021-08-18 10:34:10,
14552,84,2484,Cancelled,2021-08-18 10:34:10,
14553,84,460,Registered,2021-08-08 10:34:10,
14554,84,135,Registered,2021-08-27 10:34:10,
14555,84,1941,Attended,2021-08-26 10:34:10,2021-09-12 10:34:10
14556,84,240,Cancelled,2021-07-30 10:34:10,
14557,84,90,Cancelled,2021-08-03 10:34:10,
14558,84,1077,Attended,2021-08-13 10:34:10,2021-09-12 10:34:10
14559,84,796,Attended,2021-07-30 10:34:10,2021-09-12 10:34:10
14560,84,2623,Attended,2021-08-16 10:34:10,2021-09-12 10:34:10
14561,84,37,Attended,2021-08-05 10:34:10,2021-09-12 10:34:10
14562,84,464,Registered,2021-09-06 10:34:10,
14563,84,840,Registered,2021-08-26 10:34:10,
14564,84,2543,No Show,2021-08-04 10:34:10,
14565,84,1439,Cancelled,2021-08-24 10:34:10,
14566,84,2955,Attended,2021-08-18 10:34:10,2021-09-12 10:34:10
14567,84,667,Attended,2021-08-02 10:34:10,2021-09-12 10:34:10
14568,84,2673,Attended,2021-07-31 10:34:10,2021-09-12 10:34:10
14569,84,1282,Attended,2021-08-15 10:34:10,2021-09-12 10:34:10
14570,84,2894,Attended,2021-08-26 10:34:10,2021-09-12 10:34:10
14571,84,30,No Show,2021-08-07 10:34:10,
14572,84,721,No Show,2021-08-02 10:34:10,
14573,84,754,No Show,2021-08-28 10:34:10,
14574,84,677,Attended,2021-08-31 10:34:10,2021-09-12 10:34:10
14575,84,146,Registered,2021-07-31 10:34:10,
14576,84,2147,Registered,2021-08-24 10:34:10,
14577,84,1731,Attended,2021-08-21 10:34:10,2021-09-12 10:34:10
14578,84,2797,Attended,2021-08-06 10:34:10,2021-09-12 10:34:10
14579,84,1859,Attended,2021-08-17 10:34:10,2021-09-12 10:34:10
14580,84,2986,Attended,2021-09-03 10:34:10,2021-09-12 10:34:10
14581,84,1169,Registered,2021-08-08 10:34:10,
14582,84,1056,No Show,2021-09-01 10:34:10,
14583,84,3037,No Show,2021-08-26 10:34:10,
14584,84,2867,No Show,2021-07-29 10:34:10,
14585,84,2160,Attended,2021-08-29 10:34:10,2021-09-12 10:34:10
14586,84,2204,Attended,2021-08-24 10:34:10,2021-09-12 10:34:10
14587,84,3118,Attended,2021-07-29 10:34:10,2021-09-12 10:34:10
14588,84,248,Attended,2021-08-15 10:34:10,2021-09-12 10:34:10
14589,84,2105,Attended,2021-08-31 10:34:10,2021-09-12 10:34:10
14590,84,1876,Attended,2021-08-20 10:34:10,2021-09-12 10:34:10
14591,84,797,Attended,2021-08-27 10:34:10,2021-09-12 10:34:10
14592,84,1759,Attended,2021-07-30 10:34:10,2021-09-12 10:34:10
14593,84,3151,No Show,2021-09-06 10:34:10,
14594,84,621,Attended,2021-08-30 10:34:10,2021-09-12 10:34:10
14595,84,2374,Attended,2021-08-28 10:34:10,2021-09-12 10:34:10
14596,84,2793,Attended,2021-09-02 10:34:10,2021-09-12 10:34:10
14597,84,332,Attended,2021-08-28 10:34:10,2021-09-12 10:34:10
14598,84,2383,No Show,2021-09-10 10:34:10,
14599,84,1675,Registered,2021-08-25 10:34:10,
14600,84,436,Attended,2021-08-11 10:34:10,2021-09-12 10:34:10
14601,84,656,Attended,2021-09-04 10:34:10,2021-09-12 10:34:10
14602,84,539,Attended,2021-08-02 10:34:10,2021-09-12 10:34:10
14603,84,2796,Registered,2021-08-11 10:34:10,
14604,84,2961,Attended,2021-09-11 10:34:10,2021-09-12 10:34:10
14605,84,91,No Show,2021-09-08 10:34:10,
14606,84,1419,Attended,2021-08-09 10:34:10,2021-09-12 10:34:10
14607,84,2650,Attended,2021-08-17 10:34:10,2021-09-12 10:34:10
14608,84,2209,Attended,2021-09-02 10:34:10,2021-09-12 10:34:10
14609,84,1029,Attended,2021-07-31 10:34:10,2021-09-12 10:34:10
14610,84,526,Attended,2021-09-11 10:34:10,2021-09-12 10:34:10
14611,84,1267,Cancelled,2021-08-31 10:34:10,
14612,84,209,Attended,2021-08-19 10:34:10,2021-09-12 10:34:10
14613,84,1464,Attended,2021-09-04 10:34:10,2021-09-12 10:34:10
14614,84,2896,Registered,2021-08-23 10:34:10,
14615,84,2042,Registered,2021-08-14 10:34:10,
14616,84,2422,Attended,2021-08-28 10:34:10,2021-09-12 10:34:10
14617,84,106,No Show,2021-08-09 10:34:10,
14618,84,1661,Registered,2021-08-22 10:34:10,
14619,84,642,Attended,2021-09-10 10:34:10,2021-09-12 10:34:10
14620,84,2017,No Show,2021-09-02 10:34:10,
14621,84,1236,Attended,2021-09-07 10:34:10,2021-09-12 10:34:10
14622,84,2322,Attended,2021-09-09 10:34:10,2021-09-12 10:34:10
14623,84,127,Attended,2021-08-30 10:34:10,2021-09-12 10:34:10
14624,84,2005,Cancelled,2021-07-30 10:34:10,
14625,84,1292,Cancelled,2021-08-16 10:34:10,
14626,84,2760,No Show,2021-08-24 10:34:10,
14627,84,2967,Attended,2021-09-10 10:34:10,2021-09-12 10:34:10
14628,84,366,No Show,2021-08-05 10:34:10,
14629,84,2758,No Show,2021-08-16 10:34:10,
14630,84,1344,No Show,2021-08-06 10:34:10,
14631,84,1265,Attended,2021-08-21 10:34:10,2021-09-12 10:34:10
14632,84,1209,Attended,2021-08-26 10:34:10,2021-09-12 10:34:10
14633,84,3136,Cancelled,2021-09-11 10:34:10,
14634,84,595,Attended,2021-09-09 10:34:10,2021-09-12 10:34:10
14635,84,260,Cancelled,2021-09-08 10:34:10,
14636,84,1704,Attended,2021-08-04 10:34:10,2021-09-12 10:34:10
14637,84,674,Attended,2021-08-05 10:34:10,2021-09-12 10:34:10
14638,84,268,No Show,2021-08-10 10:34:10,
14639,84,2807,Attended,2021-08-23 10:34:10,2021-09-12 10:34:10
14640,84,1790,Attended,2021-08-21 10:34:10,2021-09-12 10:34:10
14641,84,2295,No Show,2021-08-08 10:34:10,
14642,84,2695,Attended,2021-08-13 10:34:10,2021-09-12 10:34:10
14643,84,2626,Attended,2021-08-04 10:34:10,2021-09-12 10:34:10
14644,84,1399,Attended,2021-08-24 10:34:10,2021-09-12 10:34:10
14645,84,1897,Attended,2021-09-11 10:34:10,2021-09-12 10:34:10
14646,84,1219,Attended,2021-08-11 10:34:10,2021-09-12 10:34:10
14647,84,1567,Attended,2021-09-06 10:34:10,2021-09-12 10:34:10
14648,84,742,No Show,2021-08-17 10:34:10,
14649,84,2883,Cancelled,2021-07-30 10:34:10,
14650,84,1657,Attended,2021-08-27 10:34:10,2021-09-12 10:34:10
14651,84,927,Attended,2021-07-30 10:34:10,2021-09-12 10:34:10
14652,84,2274,Attended,2021-08-24 10:34:10,2021-09-12 10:34:10
14653,84,118,Cancelled,2021-08-18 10:34:10,
14654,84,1653,Registered,2021-09-03 10:34:10,
14655,84,1010,Attended,2021-09-09 10:34:10,2021-09-12 10:34:10
14656,84,3247,Attended,2021-09-05 10:34:10,2021-09-12 10:34:10
14657,84,1742,Attended,2021-08-12 10:34:10,2021-09-12 10:34:10
14658,84,1829,Attended,2021-09-04 10:34:10,2021-09-12 10:34:10
14659,84,1283,Attended,2021-08-20 10:34:10,2021-09-12 10:34:10
14660,84,516,No Show,2021-08-01 10:34:10,
14661,84,2745,Attended,2021-08-30 10:34:10,2021-09-12 10:34:10
14662,84,1987,Attended,2021-08-20 10:34:10,2021-09-12 10:34:10
14663,84,542,Attended,2021-09-02 10:34:10,2021-09-12 10:34:10
14664,84,1559,Attended,2021-09-01 10:34:10,2021-09-12 10:34:10
14665,84,1575,Attended,2021-08-16 10:34:10,2021-09-12 10:34:10
14666,84,2558,No Show,2021-08-26 10:34:10,
14667,84,2613,No Show,2021-08-20 10:34:10,
14668,84,1240,Attended,2021-09-01 10:34:10,2021-09-12 10:34:10
14669,84,2963,Attended,2021-08-04 10:34:10,2021-09-12 10:34:10
14670,84,2239,Registered,2021-08-15 10:34:10,
14671,84,697,Attended,2021-08-17 10:34:10,2021-09-12 10:34:10
14672,84,2436,Registered,2021-08-02 10:34:10,
14673,84,2423,Cancelled,2021-07-30 10:34:10,
14674,84,3133,Attended,2021-08-04 10:34:10,2021-09-12 10:34:10
14675,84,425,Attended,2021-08-27 10:34:10,2021-09-12 10:34:10
14676,84,485,Attended,2021-08-18 10:34:10,2021-09-12 10:34:10
14677,84,1990,Registered,2021-09-07 10:34:10,
14678,84,2324,Attended,2021-08-08 10:34:10,2021-09-12 10:34:10
14679,84,2099,Attended,2021-08-04 10:34:10,2021-09-12 10:34:10
14680,84,3226,Attended,2021-09-03 10:34:10,2021-09-12 10:34:10
14681,84,307,Attended,2021-08-15 10:34:10,2021-09-12 10:34:10
14682,84,121,Cancelled,2021-08-30 10:34:10,
14683,84,1893,Attended,2021-08-10 10:34:10,2021-09-12 10:34:10
14684,84,737,Registered,2021-08-17 10:34:10,
14685,84,1264,Registered,2021-08-10 10:34:10,
14686,84,1992,Attended,2021-09-06 10:34:10,2021-09-12 10:34:10
14687,84,1201,Attended,2021-08-03 10:34:10,2021-09-12 10:34:10
14688,84,430,Attended,2021-08-30 10:34:10,2021-09-12 10:34:10
14689,84,330,Registered,2021-08-30 10:34:10,
14690,84,1041,Attended,2021-08-10 10:34:10,2021-09-12 10:34:10
14691,84,3025,Registered,2021-09-06 10:34:10,
14692,84,681,Attended,2021-08-28 10:34:10,2021-09-12 10:34:10
14693,84,2632,Registered,2021-08-27 10:34:10,
14694,84,2355,No Show,2021-08-17 10:34:10,
14695,84,3148,Attended,2021-08-28 10:34:10,2021-09-12 10:34:10
14696,84,103,Cancelled,2021-08-26 10:34:10,
14697,84,1997,Cancelled,2021-08-06 10:34:10,
14698,84,2513,Cancelled,2021-08-04 10:34:10,
14699,84,2244,Attended,2021-08-04 10:34:10,2021-09-12 10:34:10
14700,84,1361,Attended,2021-09-04 10:34:10,2021-09-12 10:34:10
14701,84,536,Attended,2021-08-14 10:34:10,2021-09-12 10:34:10
14702,84,2804,Attended,2021-08-23 10:34:10,2021-09-12 10:34:10
14703,84,1133,No Show,2021-08-24 10:34:10,
14704,84,224,Cancelled,2021-08-24 10:34:10,
14705,84,1047,Attended,2021-09-07 10:34:10,2021-09-12 10:34:10
14706,84,171,Attended,2021-07-30 10:34:10,2021-09-12 10:34:10
14707,84,3103,Cancelled,2021-08-16 10:34:10,
14708,84,1245,Attended,2021-08-26 10:34:10,2021-09-12 10:34:10
14709,84,2644,Attended,2021-09-04 10:34:10,2021-09-12 10:34:10
14710,84,433,Registered,2021-08-09 10:34:10,
14711,84,2754,No Show,2021-08-15 10:34:10,
14712,84,165,Attended,2021-08-10 10:34:10,2021-09-12 10:34:10
14713,84,2933,Attended,2021-08-04 10:34:10,2021-09-12 10:34:10
14714,84,2224,Attended,2021-08-27 10:34:10,2021-09-12 10:34:10
14715,84,2180,Attended,2021-08-19 10:34:10,2021-09-12 10:34:10
14716,84,2656,Attended,2021-08-03 10:34:10,2021-09-12 10:34:10
14717,84,2693,Attended,2021-09-08 10:34:10,2021-09-12 10:34:10
14718,84,2507,Attended,2021-08-06 10:34:10,2021-09-12 10:34:10
14719,84,1745,Attended,2021-08-29 10:34:10,2021-09-12 10:34:10
14720,84,1679,Attended,2021-09-09 10:34:10,2021-09-12 10:34:10
14721,84,2689,Registered,2021-09-06 10:34:10,
14722,84,1135,Attended,2021-09-05 10:34:10,2021-09-12 10:34:10
14723,84,1619,No Show,2021-08-11 10:34:10,
14724,84,1770,Attended,2021-08-01 10:34:10,2021-09-12 10:34:10
14725,84,537,Cancelled,2021-08-17 10:34:10,
14726,84,1120,No Show,2021-08-28 10:34:10,
14727,84,867,Attended,2021-08-12 10:34:10,2021-09-12 10:34:10
14728,84,1612,Attended,2021-08-11 10:34:10,2021-09-12 10:34:10
14729,84,1622,Cancelled,2021-08-12 10:34:10,
14730,84,1831,Attended,2021-08-15 10:34:10,2021-09-12 10:34:10
14731,84,1961,Cancelled,2021-09-05 10:34:10,
14732,84,1867,Attended,2021-08-23 10:34:10,2021-09-12 10:34:10
14733,84,2232,Attended,2021-09-08 10:34:10,2021-09-12 10:34:10
14734,84,2084,Attended,2021-09-10 10:34:10,2021-09-12 10:34:10
14735,84,2456,Attended,2021-08-31 10:34:10,2021-09-12 10:34:10
14736,84,402,Attended,2021-08-26 10:34:10,2021-09-12 10:34:10
14737,84,173,Attended,2021-09-10 10:34:10,2021-09-12 10:34:10
14738,84,1341,Attended,2021-08-21 10:34:10,2021-09-12 10:34:10
14739,84,2307,Attended,2021-09-04 10:34:10,2021-09-12 10:34:10
14740,84,2205,Attended,2021-08-06 10:34:10,2021-09-12 10:34:10
14741,84,1658,Attended,2021-08-06 10:34:10,2021-09-12 10:34:10
14742,84,1337,Attended,2021-08-09 10:34:10,2021-09-12 10:34:10
14743,84,3042,Attended,2021-08-28 10:34:10,2021-09-12 10:34:10
14744,84,518,Cancelled,2021-08-10 10:34:10,
14745,85,1064,Attended,2024-09-29 12:05:12,2024-10-28 12:05:12
14746,85,902,Attended,2024-10-17 12:05:12,2024-10-28 12:05:12
14747,85,2995,Attended,2024-10-24 12:05:12,2024-10-28 12:05:12
14748,85,1161,Attended,2024-10-14 12:05:12,2024-10-28 12:05:12
14749,85,665,Registered,2024-09-28 12:05:12,
14750,85,717,Attended,2024-10-13 12:05:12,2024-10-28 12:05:12
14751,85,2148,Attended,2024-10-23 12:05:12,2024-10-28 12:05:12
14752,85,1746,Attended,2024-10-15 12:05:12,2024-10-28 12:05:12
14753,85,281,Attended,2024-09-20 12:05:12,2024-10-28 12:05:12
14754,85,2909,Attended,2024-10-24 12:05:12,2024-10-28 12:05:12
14755,85,959,No Show,2024-09-16 12:05:12,
14756,85,2986,Attended,2024-09-24 12:05:12,2024-10-28 12:05:12
14757,85,2474,Cancelled,2024-09-15 12:05:12,
14758,85,1658,Attended,2024-10-16 12:05:12,2024-10-28 12:05:12
14759,85,1335,No Show,2024-09-13 12:05:12,
14760,85,3107,Attended,2024-10-07 12:05:12,2024-10-28 12:05:12
14761,85,2606,No Show,2024-10-26 12:05:12,
14762,85,2685,Attended,2024-09-13 12:05:12,2024-10-28 12:05:12
14763,85,3005,Attended,2024-10-16 12:05:12,2024-10-28 12:05:12
14764,85,3208,Attended,2024-09-22 12:05:12,2024-10-28 12:05:12
14765,85,353,No Show,2024-10-14 12:05:12,
14766,85,1264,Attended,2024-10-18 12:05:12,2024-10-28 12:05:12
14767,85,1952,Cancelled,2024-10-20 12:05:12,
14768,85,2592,Attended,2024-10-23 12:05:12,2024-10-28 12:05:12
14769,85,231,Attended,2024-10-13 12:05:12,2024-10-28 12:05:12
14770,85,831,No Show,2024-10-23 12:05:12,
14771,85,2858,No Show,2024-09-24 12:05:12,
14772,85,2776,Attended,2024-10-04 12:05:12,2024-10-28 12:05:12
14773,85,1546,No Show,2024-10-07 12:05:12,
14774,85,492,No Show,2024-09-15 12:05:12,
14775,85,1457,No Show,2024-10-18 12:05:12,
14776,85,1074,No Show,2024-10-14 12:05:12,
14777,85,3067,Attended,2024-09-15 12:05:12,2024-10-28 12:05:12
14778,85,278,Attended,2024-10-22 12:05:12,2024-10-28 12:05:12
14779,85,2356,Attended,2024-10-10 12:05:12,2024-10-28 12:05:12
14780,85,371,Attended,2024-10-14 12:05:12,2024-10-28 12:05:12
14781,85,1108,No Show,2024-10-25 12:05:12,
14782,85,1066,No Show,2024-10-19 12:05:12,
14783,85,2973,Attended,2024-10-13 12:05:12,2024-10-28 12:05:12
14784,85,1388,Attended,2024-10-22 12:05:12,2024-10-28 12:05:12
14785,85,344,Attended,2024-10-15 12:05:12,2024-10-28 12:05:12
14786,85,2780,Attended,2024-10-27 12:05:12,2024-10-28 12:05:12
14787,85,1918,Attended,2024-10-07 12:05:12,2024-10-28 12:05:12
14788,85,1653,Attended,2024-10-15 12:05:12,2024-10-28 12:05:12
14789,85,2783,Attended,2024-10-14 12:05:12,2024-10-28 12:05:12
14790,85,2983,Attended,2024-10-12 12:05:12,2024-10-28 12:05:12
14791,85,667,Attended,2024-09-15 12:05:12,2024-10-28 12:05:12
14792,85,743,Attended,2024-10-12 12:05:12,2024-10-28 12:05:12
14793,85,2189,Attended,2024-10-06 12:05:12,2024-10-28 12:05:12
14794,85,157,Attended,2024-09-27 12:05:12,2024-10-28 12:05:12
14795,85,786,Registered,2024-09-13 12:05:12,
14796,85,1818,Attended,2024-09-18 12:05:12,2024-10-28 12:05:12
14797,85,622,Registered,2024-09-23 12:05:12,
14798,85,771,Registered,2024-10-22 12:05:12,
14799,85,1825,No Show,2024-10-15 12:05:12,
14800,85,2860,Registered,2024-10-23 12:05:12,
14801,85,935,Cancelled,2024-09-21 12:05:12,
14802,85,399,Cancelled,2024-10-16 12:05:12,
14803,85,2584,Attended,2024-10-05 12:05:12,2024-10-28 12:05:12
14804,85,790,Attended,2024-10-03 12:05:12,2024-10-28 12:05:12
14805,85,2453,Attended,2024-10-19 12:05:12,2024-10-28 12:05:12
14806,85,2633,Attended,2024-09-14 12:05:12,2024-10-28 12:05:12
14807,85,2249,Cancelled,2024-10-12 12:05:12,
14808,85,601,Registered,2024-09-16 12:05:12,
14809,85,1133,Attended,2024-09-13 12:05:12,2024-10-28 12:05:12
14810,85,3202,Attended,2024-09-23 12:05:12,2024-10-28 12:05:12
14811,85,1383,Attended,2024-10-02 12:05:12,2024-10-28 12:05:12
14812,85,1301,Attended,2024-10-05 12:05:12,2024-10-28 12:05:12
14813,85,2600,Attended,2024-10-18 12:05:12,2024-10-28 12:05:12
14814,85,2220,Attended,2024-09-24 12:05:12,2024-10-28 12:05:12
14815,85,2899,Cancelled,2024-09-24 12:05:12,
14816,85,2943,No Show,2024-10-25 12:05:12,
14817,85,811,Attended,2024-10-09 12:05:12,2024-10-28 12:05:12
14818,85,2314,Registered,2024-09-14 12:05:12,
14819,85,2360,Attended,2024-09-24 12:05:12,2024-10-28 12:05:12
14820,85,1602,Attended,2024-09-17 12:05:12,2024-10-28 12:05:12
14821,85,3031,Attended,2024-10-11 12:05:12,2024-10-28 12:05:12
14822,85,381,Attended,2024-10-08 12:05:12,2024-10-28 12:05:12
14823,85,2025,Cancelled,2024-09-30 12:05:12,
14824,85,1051,Registered,2024-09-16 12:05:12,
14825,85,3169,Attended,2024-10-13 12:05:12,2024-10-28 12:05:12
14826,85,401,Attended,2024-10-03 12:05:12,2024-10-28 12:05:12
14827,85,1136,Attended,2024-09-26 12:05:12,2024-10-28 12:05:12
14828,85,2107,Attended,2024-09-24 12:05:12,2024-10-28 12:05:12
14829,85,451,Attended,2024-10-02 12:05:12,2024-10-28 12:05:12
14830,85,518,Attended,2024-09-28 12:05:12,2024-10-28 12:05:12
14831,85,438,Attended,2024-10-12 12:05:12,2024-10-28 12:05:12
14832,85,413,Attended,2024-10-26 12:05:12,2024-10-28 12:05:12
14833,85,3133,Attended,2024-09-22 12:05:12,2024-10-28 12:05:12
14834,85,345,Attended,2024-10-27 12:05:12,2024-10-28 12:05:12
14835,85,885,Registered,2024-10-03 12:05:12,
14836,85,904,No Show,2024-09-20 12:05:12,
14837,85,2697,Attended,2024-10-27 12:05:12,2024-10-28 12:05:12
14838,85,1666,Attended,2024-09-19 12:05:12,2024-10-28 12:05:12
14839,85,95,Attended,2024-10-18 12:05:12,2024-10-28 12:05:12
14840,85,1686,Attended,2024-10-17 12:05:12,2024-10-28 12:05:12
14841,85,2884,Cancelled,2024-10-25 12:05:12,
14842,85,1291,No Show,2024-10-25 12:05:12,
14843,85,1309,Attended,2024-10-12 12:05:12,2024-10-28 12:05:12
14844,85,2655,Registered,2024-09-27 12:05:12,
14845,85,2764,Registered,2024-09-23 12:05:12,
14846,85,212,Registered,2024-10-12 12:05:12,
14847,85,1791,Attended,2024-09-16 12:05:12,2024-10-28 12:05:12
14848,85,760,Attended,2024-09-15 12:05:12,2024-10-28 12:05:12
14849,85,770,Registered,2024-10-10 12:05:12,
14850,85,2807,Attended,2024-09-25 12:05:12,2024-10-28 12:05:12
14851,85,707,Attended,2024-09-28 12:05:12,2024-10-28 12:05:12
14852,85,1978,Attended,2024-09-18 12:05:12,2024-10-28 12:05:12
14853,85,1919,No Show,2024-09-13 12:05:12,
14854,85,1909,Attended,2024-09-30 12:05:12,2024-10-28 12:05:12
14855,85,2678,Attended,2024-10-20 12:05:12,2024-10-28 12:05:12
14856,85,2683,Attended,2024-10-03 12:05:12,2024-10-28 12:05:12
14857,85,673,Attended,2024-09-27 12:05:12,2024-10-28 12:05:12
14858,85,1650,Registered,2024-09-28 12:05:12,
14859,85,2717,Attended,2024-09-30 12:05:12,2024-10-28 12:05:12
14860,85,261,Cancelled,2024-09-13 12:05:12,
14861,86,264,Attended,2023-09-14 20:24:55,2023-10-24 20:24:55
14862,86,236,Attended,2023-10-13 20:24:55,2023-10-24 20:24:55
14863,86,1413,Cancelled,2023-10-18 20:24:55,
14864,86,764,No Show,2023-09-28 20:24:55,
14865,86,394,Registered,2023-09-16 20:24:55,
14866,86,2195,No Show,2023-10-12 20:24:55,
14867,86,165,Registered,2023-10-05 20:24:55,
14868,86,1024,Attended,2023-10-16 20:24:55,2023-10-24 20:24:55
14869,86,2763,Cancelled,2023-09-16 20:24:55,
14870,86,2711,No Show,2023-10-10 20:24:55,
14871,86,1238,Registered,2023-10-23 20:24:55,
14872,86,584,Attended,2023-10-11 20:24:55,2023-10-24 20:24:55
14873,86,388,Attended,2023-09-12 20:24:55,2023-10-24 20:24:55
14874,86,1392,Cancelled,2023-10-12 20:24:55,
14875,86,2954,Registered,2023-09-25 20:24:55,
14876,86,2490,Registered,2023-09-17 20:24:55,
14877,86,2459,Registered,2023-10-06 20:24:55,
14878,86,2646,Attended,2023-10-02 20:24:55,2023-10-24 20:24:55
14879,86,2065,Registered,2023-09-21 20:24:55,
14880,86,1131,Attended,2023-10-10 20:24:55,2023-10-24 20:24:55
14881,86,155,Attended,2023-10-09 20:24:55,2023-10-24 20:24:55
14882,86,1180,Attended,2023-09-30 20:24:55,2023-10-24 20:24:55
14883,86,1086,Attended,2023-10-05 20:24:55,2023-10-24 20:24:55
14884,86,1768,Attended,2023-10-18 20:24:55,2023-10-24 20:24:55
14885,86,433,Registered,2023-09-23 20:24:55,
14886,86,269,Attended,2023-10-08 20:24:55,2023-10-24 20:24:55
14887,86,2246,Attended,2023-09-12 20:24:55,2023-10-24 20:24:55
14888,86,1027,No Show,2023-10-02 20:24:55,
14889,86,2039,Attended,2023-09-11 20:24:55,2023-10-24 20:24:55
14890,86,2386,Attended,2023-09-24 20:24:55,2023-10-24 20:24:55
14891,86,300,Attended,2023-10-12 20:24:55,2023-10-24 20:24:55
14892,86,1555,Attended,2023-10-23 20:24:55,2023-10-24 20:24:55
14893,86,72,No Show,2023-09-20 20:24:55,
14894,86,819,Attended,2023-10-17 20:24:55,2023-10-24 20:24:55
14895,86,1304,Attended,2023-10-19 20:24:55,2023-10-24 20:24:55
14896,86,2352,Registered,2023-10-21 20:24:55,
14897,86,331,Attended,2023-09-24 20:24:55,2023-10-24 20:24:55
14898,86,2137,Attended,2023-10-12 20:24:55,2023-10-24 20:24:55
14899,86,145,No Show,2023-10-12 20:24:55,
14900,86,1251,Attended,2023-10-20 20:24:55,2023-10-24 20:24:55
14901,86,1185,Attended,2023-10-08 20:24:55,2023-10-24 20:24:55
14902,86,1276,Attended,2023-09-13 20:24:55,2023-10-24 20:24:55
14903,86,71,Cancelled,2023-09-18 20:24:55,
14904,86,2207,Attended,2023-10-07 20:24:55,2023-10-24 20:24:55
14905,86,1719,Attended,2023-10-12 20:24:55,2023-10-24 20:24:55
14906,86,207,Registered,2023-10-19 20:24:55,
14907,86,2460,Attended,2023-10-17 20:24:55,2023-10-24 20:24:55
14908,86,1278,Attended,2023-09-19 20:24:55,2023-10-24 20:24:55
14909,86,3208,Cancelled,2023-09-17 20:24:55,
14910,86,2408,Attended,2023-10-15 20:24:55,2023-10-24 20:24:55
14911,86,632,No Show,2023-10-22 20:24:55,
14912,86,3023,Attended,2023-09-20 20:24:55,2023-10-24 20:24:55
14913,86,543,Registered,2023-10-09 20:24:55,
14914,86,2139,Attended,2023-10-11 20:24:55,2023-10-24 20:24:55
14915,86,512,Cancelled,2023-10-08 20:24:55,
14916,86,1200,Attended,2023-09-11 20:24:55,2023-10-24 20:24:55
14917,86,546,No Show,2023-10-19 20:24:55,
14918,86,1990,Attended,2023-09-25 20:24:55,2023-10-24 20:24:55
14919,86,488,Attended,2023-09-26 20:24:55,2023-10-24 20:24:55
14920,86,2389,Attended,2023-09-30 20:24:55,2023-10-24 20:24:55
14921,87,2319,Attended,2021-08-08 11:13:15,2021-09-08 11:13:15
14922,87,99,No Show,2021-08-04 11:13:15,
14923,87,800,Cancelled,2021-08-19 11:13:15,
14924,87,553,Registered,2021-08-30 11:13:15,
14925,87,1924,Registered,2021-08-13 11:13:15,
14926,87,194,No Show,2021-08-26 11:13:15,
14927,87,2446,Attended,2021-08-28 11:13:15,2021-09-08 11:13:15
14928,87,153,Attended,2021-08-16 11:13:15,2021-09-08 11:13:15
14929,87,3064,No Show,2021-08-21 11:13:15,
14930,87,2417,Attended,2021-08-08 11:13:15,2021-09-08 11:13:15
14931,87,2885,Attended,2021-07-25 11:13:15,2021-09-08 11:13:15
14932,87,3220,Attended,2021-08-31 11:13:15,2021-09-08 11:13:15
14933,87,1227,Attended,2021-07-29 11:13:15,2021-09-08 11:13:15
14934,87,1916,Attended,2021-08-08 11:13:15,2021-09-08 11:13:15
14935,87,3047,Attended,2021-08-11 11:13:15,2021-09-08 11:13:15
14936,87,2582,Attended,2021-08-04 11:13:15,2021-09-08 11:13:15
14937,87,2743,No Show,2021-07-25 11:13:15,
14938,87,532,Registered,2021-08-12 11:13:15,
14939,87,1516,Attended,2021-07-29 11:13:15,2021-09-08 11:13:15
14940,87,934,Registered,2021-09-02 11:13:15,
14941,87,3100,Attended,2021-09-04 11:13:15,2021-09-08 11:13:15
14942,87,1231,No Show,2021-08-31 11:13:15,
14943,87,274,Cancelled,2021-08-18 11:13:15,
14944,87,2693,Attended,2021-08-23 11:13:15,2021-09-08 11:13:15
14945,87,1572,Attended,2021-08-27 11:13:15,2021-09-08 11:13:15
14946,87,1865,No Show,2021-08-09 11:13:15,
14947,87,1083,Attended,2021-07-27 11:13:15,2021-09-08 11:13:15
14948,87,1619,Registered,2021-08-01 11:13:15,
14949,87,3092,Attended,2021-08-04 11:13:15,2021-09-08 11:13:15
14950,87,2543,Registered,2021-07-25 11:13:15,
14951,87,2390,Attended,2021-08-16 11:13:15,2021-09-08 11:13:15
14952,87,2159,Registered,2021-08-21 11:13:15,
14953,87,1584,Registered,2021-08-11 11:13:15,
14954,87,2583,Attended,2021-08-01 11:13:15,2021-09-08 11:13:15
14955,87,871,No Show,2021-08-12 11:13:15,
14956,87,2038,Attended,2021-08-09 11:13:15,2021-09-08 11:13:15
14957,87,1177,Attended,2021-07-29 11:13:15,2021-09-08 11:13:15
14958,87,1226,Attended,2021-09-05 11:13:15,2021-09-08 11:13:15
14959,87,1674,Attended,2021-09-03 11:13:15,2021-09-08 11:13:15
14960,87,2592,Attended,2021-08-02 11:13:15,2021-09-08 11:13:15
14961,87,701,Attended,2021-08-10 11:13:15,2021-09-08 11:13:15
14962,87,2429,Attended,2021-08-18 11:13:15,2021-09-08 11:13:15
14963,87,2569,Registered,2021-08-20 11:13:15,
14964,87,2256,Cancelled,2021-08-28 11:13:15,
14965,87,2715,Cancelled,2021-08-14 11:13:15,
14966,87,2025,Attended,2021-08-21 11:13:15,2021-09-08 11:13:15
14967,87,2658,Cancelled,2021-07-30 11:13:15,
14968,87,533,Attended,2021-08-10 11:13:15,2021-09-08 11:13:15
14969,87,714,No Show,2021-08-01 11:13:15,
14970,87,1249,Attended,2021-08-20 11:13:15,2021-09-08 11:13:15
14971,87,2643,Attended,2021-08-01 11:13:15,2021-09-08 11:13:15
14972,87,1327,Registered,2021-08-15 11:13:15,
14973,87,1225,Attended,2021-08-14 11:13:15,2021-09-08 11:13:15
14974,87,1887,No Show,2021-07-31 11:13:15,
14975,87,2106,Registered,2021-08-12 11:13:15,
14976,87,2989,Attended,2021-09-01 11:13:15,2021-09-08 11:13:15
14977,87,562,Attended,2021-08-19 11:13:15,2021-09-08 11:13:15
14978,87,655,Attended,2021-08-01 11:13:15,2021-09-08 11:13:15
14979,87,2826,Attended,2021-08-27 11:13:15,2021-09-08 11:13:15
14980,87,1804,Registered,2021-08-25 11:13:15,
14981,87,1706,No Show,2021-08-11 11:13:15,
14982,87,1352,Attended,2021-08-24 11:13:15,2021-09-08 11:13:15
14983,87,970,Attended,2021-08-05 11:13:15,2021-09-08 11:13:15
14984,87,2310,Attended,2021-09-07 11:13:15,2021-09-08 11:13:15
14985,87,1235,No Show,2021-08-31 11:13:15,
14986,87,1541,Attended,2021-08-12 11:13:15,2021-09-08 11:13:15
14987,87,1569,Attended,2021-08-12 11:13:15,2021-09-08 11:13:15
14988,87,1410,Attended,2021-08-25 11:13:15,2021-09-08 11:13:15
14989,87,2784,Attended,2021-08-01 11:13:15,2021-09-08 11:13:15
14990,87,2508,Registered,2021-08-21 11:13:15,
14991,87,761,Attended,2021-08-15 11:13:15,2021-09-08 11:13:15
14992,87,1392,Attended,2021-08-24 11:13:15,2021-09-08 11:13:15
14993,87,1436,Attended,2021-08-28 11:13:15,2021-09-08 11:13:15
14994,87,1963,Attended,2021-08-18 11:13:15,2021-09-08 11:13:15
14995,87,1972,Registered,2021-08-26 11:13:15,
14996,87,2878,Attended,2021-08-27 11:13:15,2021-09-08 11:13:15
14997,87,2649,Attended,2021-08-22 11:13:15,2021-09-08 11:13:15
14998,87,937,Attended,2021-08-18 11:13:15,2021-09-08 11:13:15
14999,87,259,Attended,2021-08-03 11:13:15,2021-09-08 11:13:15
15000,87,1264,Registered,2021-08-05 11:13:15,
15001,87,1466,Registered,2021-07-25 11:13:15,
15002,87,1439,Attended,2021-08-15 11:13:15,2021-09-08 11:13:15
15003,87,578,Attended,2021-08-03 11:13:15,2021-09-08 11:13:15
15004,87,288,No Show,2021-08-04 11:13:15,
15005,87,628,Registered,2021-08-30 11:13:15,
15006,87,3197,Attended,2021-08-24 11:13:15,2021-09-08 11:13:15
15007,87,1163,Attended,2021-07-29 11:13:15,2021-09-08 11:13:15
15008,87,1086,Attended,2021-08-21 11:13:15,2021-09-08 11:13:15
15009,87,2747,Attended,2021-08-13 11:13:15,2021-09-08 11:13:15
15010,87,3146,Attended,2021-08-05 11:13:15,2021-09-08 11:13:15
15011,87,3175,Attended,2021-09-03 11:13:15,2021-09-08 11:13:15
15012,87,2766,Attended,2021-09-06 11:13:15,2021-09-08 11:13:15
15013,87,664,Attended,2021-08-10 11:13:15,2021-09-08 11:13:15
15014,87,172,No Show,2021-08-14 11:13:15,
15015,87,1130,Attended,2021-08-13 11:13:15,2021-09-08 11:13:15
15016,87,136,Attended,2021-08-06 11:13:15,2021-09-08 11:13:15
15017,87,630,Cancelled,2021-08-18 11:13:15,
15018,87,1441,Cancelled,2021-08-11 11:13:15,
15019,87,3078,Attended,2021-09-01 11:13:15,2021-09-08 11:13:15
15020,87,878,Attended,2021-08-30 11:13:15,2021-09-08 11:13:15
15021,87,3011,Attended,2021-08-18 11:13:15,2021-09-08 11:13:15
15022,87,1825,Attended,2021-09-01 11:13:15,2021-09-08 11:13:15
15023,87,501,Attended,2021-08-27 11:13:15,2021-09-08 11:13:15
15024,87,1770,Attended,2021-08-19 11:13:15,2021-09-08 11:13:15
15025,87,3015,Cancelled,2021-08-04 11:13:15,
15026,87,2692,Attended,2021-09-03 11:13:15,2021-09-08 11:13:15
15027,87,1490,No Show,2021-08-11 11:13:15,
15028,87,3250,Cancelled,2021-09-04 11:13:15,
15029,87,3008,Attended,2021-08-02 11:13:15,2021-09-08 11:13:15
15030,87,2186,Attended,2021-08-18 11:13:15,2021-09-08 11:13:15
15031,87,335,Attended,2021-08-20 11:13:15,2021-09-08 11:13:15
15032,87,1751,Attended,2021-08-04 11:13:15,2021-09-08 11:13:15
15033,87,1915,Attended,2021-08-03 11:13:15,2021-09-08 11:13:15
15034,87,2894,Cancelled,2021-08-19 11:13:15,
15035,87,279,Attended,2021-08-08 11:13:15,2021-09-08 11:13:15
15036,87,1216,Attended,2021-08-30 11:13:15,2021-09-08 11:13:15
15037,87,2790,Attended,2021-08-17 11:13:15,2021-09-08 11:13:15
15038,87,1404,Attended,2021-08-28 11:13:15,2021-09-08 11:13:15
15039,87,3201,Attended,2021-08-07 11:13:15,2021-09-08 11:13:15
15040,87,56,No Show,2021-07-26 11:13:15,
15041,87,295,Attended,2021-08-10 11:13:15,2021-09-08 11:13:15
15042,87,598,Attended,2021-08-26 11:13:15,2021-09-08 11:13:15
15043,87,1349,Attended,2021-08-08 11:13:15,2021-09-08 11:13:15
15044,87,928,Registered,2021-08-09 11:13:15,
15045,87,730,Attended,2021-09-04 11:13:15,2021-09-08 11:13:15
15046,87,484,Attended,2021-09-07 11:13:15,2021-09-08 11:13:15
15047,87,534,Attended,2021-07-26 11:13:15,2021-09-08 11:13:15
15048,87,2981,Attended,2021-07-28 11:13:15,2021-09-08 11:13:15
15049,87,1978,Attended,2021-08-01 11:13:15,2021-09-08 11:13:15
15050,87,1827,Attended,2021-08-13 11:13:15,2021-09-08 11:13:15
15051,87,1947,Attended,2021-08-14 11:13:15,2021-09-08 11:13:15
15052,87,2795,Attended,2021-08-19 11:13:15,2021-09-08 11:13:15
15053,87,1722,Attended,2021-09-02 11:13:15,2021-09-08 11:13:15
15054,87,3153,Attended,2021-08-13 11:13:15,2021-09-08 11:13:15
15055,87,1401,Attended,2021-07-30 11:13:15,2021-09-08 11:13:15
15056,87,1422,No Show,2021-08-29 11:13:15,
15057,87,3007,Cancelled,2021-08-04 11:13:15,
15058,87,2055,Attended,2021-08-12 11:13:15,2021-09-08 11:13:15
15059,87,2092,Attended,2021-08-26 11:13:15,2021-09-08 11:13:15
15060,87,1624,Registered,2021-08-27 11:13:15,
15061,87,2504,Registered,2021-07-28 11:13:15,
15062,87,2394,Attended,2021-08-06 11:13:15,2021-09-08 11:13:15
15063,87,972,Registered,2021-08-24 11:13:15,
15064,87,2962,No Show,2021-08-25 11:13:15,
15065,87,3002,Attended,2021-08-12 11:13:15,2021-09-08 11:13:15
15066,87,2478,Registered,2021-07-26 11:13:15,
15067,87,1923,Attended,2021-07-27 11:13:15,2021-09-08 11:13:15
15068,87,342,Attended,2021-08-29 11:13:15,2021-09-08 11:13:15
15069,87,3207,Cancelled,2021-07-25 11:13:15,
15070,87,2122,Attended,2021-08-19 11:13:15,2021-09-08 11:13:15
15071,87,2749,Attended,2021-08-23 11:13:15,2021-09-08 11:13:15
15072,88,511,Attended,2025-03-02 00:13:18,2025-04-08 00:13:18
15073,88,1567,Attended,2025-03-15 00:13:18,2025-04-08 00:13:18
15074,88,2645,Cancelled,2025-04-07 00:13:18,
15075,88,266,No Show,2025-03-18 00:13:18,
15076,88,1826,Attended,2025-04-01 00:13:18,2025-04-08 00:13:18
15077,88,2534,Attended,2025-02-25 00:13:18,2025-04-08 00:13:18
15078,88,1551,Attended,2025-04-02 00:13:18,2025-04-08 00:13:18
15079,88,1143,No Show,2025-03-14 00:13:18,
15080,88,1796,No Show,2025-03-13 00:13:18,
15081,88,2138,Attended,2025-04-07 00:13:18,2025-04-08 00:13:18
15082,88,846,Attended,2025-02-24 00:13:18,2025-04-08 00:13:18
15083,88,890,Attended,2025-03-31 00:13:18,2025-04-08 00:13:18
15084,88,726,Attended,2025-03-10 00:13:18,2025-04-08 00:13:18
15085,88,2995,Attended,2025-03-09 00:13:18,2025-04-08 00:13:18
15086,88,2430,Registered,2025-03-02 00:13:18,
15087,88,101,Attended,2025-03-03 00:13:18,2025-04-08 00:13:18
15088,88,1247,Registered,2025-03-17 00:13:18,
15089,88,1039,Registered,2025-04-01 00:13:18,
15090,88,1058,Attended,2025-03-11 00:13:18,2025-04-08 00:13:18
15091,88,151,Attended,2025-04-02 00:13:18,2025-04-08 00:13:18
15092,88,38,Registered,2025-03-09 00:13:18,
15093,88,2531,Attended,2025-03-18 00:13:18,2025-04-08 00:13:18
15094,88,10,Attended,2025-03-17 00:13:18,2025-04-08 00:13:18
15095,89,6,No Show,2026-04-07 16:48:32,
15096,89,3134,Attended,2026-03-28 16:48:32,2026-04-15 16:48:32
15097,89,2211,Attended,2026-03-27 16:48:32,2026-04-15 16:48:32
15098,89,2968,Attended,2026-04-07 16:48:32,2026-04-15 16:48:32
15099,89,1983,Registered,2026-04-03 16:48:32,
15100,89,2388,Attended,2026-04-04 16:48:32,2026-04-15 16:48:32
15101,89,539,Attended,2026-04-03 16:48:32,2026-04-15 16:48:32
15102,89,1326,Attended,2026-03-07 16:48:32,2026-04-15 16:48:32
15103,89,1269,Attended,2026-04-02 16:48:32,2026-04-15 16:48:32
15104,89,1420,Attended,2026-03-11 16:48:32,2026-04-15 16:48:32
15105,89,753,Attended,2026-04-08 16:48:32,2026-04-15 16:48:32
15106,89,1558,Attended,2026-04-12 16:48:32,2026-04-15 16:48:32
15107,89,3094,Attended,2026-03-17 16:48:32,2026-04-15 16:48:32
15108,89,2368,Attended,2026-03-23 16:48:32,2026-04-15 16:48:32
15109,89,117,Attended,2026-03-28 16:48:32,2026-04-15 16:48:32
15110,89,1976,Attended,2026-03-25 16:48:32,2026-04-15 16:48:32
15111,89,1052,No Show,2026-03-08 16:48:32,
15112,89,37,Attended,2026-03-13 16:48:32,2026-04-15 16:48:32
15113,89,1726,No Show,2026-04-01 16:48:32,
15114,89,464,No Show,2026-03-29 16:48:32,
15115,89,890,Cancelled,2026-03-04 16:48:32,
15116,89,854,Attended,2026-04-11 16:48:32,2026-04-15 16:48:32
15117,89,2564,Attended,2026-03-12 16:48:32,2026-04-15 16:48:32
15118,89,1012,Attended,2026-03-13 16:48:32,2026-04-15 16:48:32
15119,89,2987,Attended,2026-04-01 16:48:32,2026-04-15 16:48:32
15120,89,552,Attended,2026-03-02 16:48:32,2026-04-15 16:48:32
15121,89,1612,Registered,2026-03-07 16:48:32,
15122,89,3233,Cancelled,2026-03-26 16:48:32,
15123,89,2367,Attended,2026-03-18 16:48:32,2026-04-15 16:48:32
15124,89,116,Attended,2026-04-11 16:48:32,2026-04-15 16:48:32
15125,89,1303,No Show,2026-03-18 16:48:32,
15126,89,69,Attended,2026-04-08 16:48:32,2026-04-15 16:48:32
15127,89,2209,Attended,2026-03-30 16:48:32,2026-04-15 16:48:32
15128,89,1931,Attended,2026-03-12 16:48:32,2026-04-15 16:48:32
15129,89,814,Attended,2026-03-11 16:48:32,2026-04-15 16:48:32
15130,89,2302,Attended,2026-04-09 16:48:32,2026-04-15 16:48:32
15131,89,1086,Registered,2026-03-01 16:48:32,
15132,89,12,Attended,2026-03-24 16:48:32,2026-04-15 16:48:32
15133,89,2594,Attended,2026-04-12 16:48:32,2026-04-15 16:48:32
15134,89,1446,No Show,2026-03-02 16:48:32,
15135,89,2850,Registered,2026-03-23 16:48:32,
15136,89,1586,Registered,2026-03-18 16:48:32,
15137,89,2495,Attended,2026-04-04 16:48:32,2026-04-15 16:48:32
15138,89,2981,Attended,2026-04-11 16:48:32,2026-04-15 16:48:32
15139,89,128,Attended,2026-03-01 16:48:32,2026-04-15 16:48:32
15140,89,2207,Attended,2026-03-27 16:48:32,2026-04-15 16:48:32
15141,89,554,No Show,2026-04-03 16:48:32,
15142,89,2414,Attended,2026-03-31 16:48:32,2026-04-15 16:48:32
15143,89,114,Registered,2026-03-31 16:48:32,
15144,89,2415,Attended,2026-03-16 16:48:32,2026-04-15 16:48:32
15145,89,1526,Registered,2026-03-29 16:48:32,
15146,89,1996,Registered,2026-03-17 16:48:32,
15147,89,285,Attended,2026-04-07 16:48:32,2026-04-15 16:48:32
15148,89,1097,Attended,2026-03-06 16:48:32,2026-04-15 16:48:32
15149,89,2698,Attended,2026-03-19 16:48:32,2026-04-15 16:48:32
15150,89,667,No Show,2026-03-02 16:48:32,
15151,89,3092,Attended,2026-04-11 16:48:32,2026-04-15 16:48:32
15152,89,1240,Attended,2026-04-01 16:48:32,2026-04-15 16:48:32
15153,89,1917,Attended,2026-03-15 16:48:32,2026-04-15 16:48:32
15154,89,1008,Attended,2026-04-12 16:48:32,2026-04-15 16:48:32
15155,89,135,Attended,2026-04-13 16:48:32,2026-04-15 16:48:32
15156,89,1514,Attended,2026-04-10 16:48:32,2026-04-15 16:48:32
15157,89,930,Registered,2026-04-13 16:48:32,
15158,89,2599,No Show,2026-03-16 16:48:32,
15159,89,186,Attended,2026-04-07 16:48:32,2026-04-15 16:48:32
15160,89,1354,Attended,2026-04-14 16:48:32,2026-04-15 16:48:32
15161,89,1492,Registered,2026-03-09 16:48:32,
15162,89,906,Attended,2026-03-11 16:48:32,2026-04-15 16:48:32
15163,89,1377,Attended,2026-04-07 16:48:32,2026-04-15 16:48:32
15164,89,935,Registered,2026-03-15 16:48:32,
15165,89,1085,Attended,2026-03-10 16:48:32,2026-04-15 16:48:32
15166,89,741,Attended,2026-03-03 16:48:32,2026-04-15 16:48:32
15167,89,822,Attended,2026-03-16 16:48:32,2026-04-15 16:48:32
15168,89,1403,Registered,2026-04-13 16:48:32,
15169,89,361,Attended,2026-04-05 16:48:32,2026-04-15 16:48:32
15170,89,748,Cancelled,2026-03-02 16:48:32,
15171,89,1184,Attended,2026-04-09 16:48:32,2026-04-15 16:48:32
15172,89,2795,Attended,2026-03-25 16:48:32,2026-04-15 16:48:32
15173,89,1103,Attended,2026-04-05 16:48:32,2026-04-15 16:48:32
15174,89,378,Attended,2026-03-22 16:48:32,2026-04-15 16:48:32
15175,89,1937,Attended,2026-04-03 16:48:32,2026-04-15 16:48:32
15176,89,646,Attended,2026-04-11 16:48:32,2026-04-15 16:48:32
15177,89,507,Attended,2026-03-01 16:48:32,2026-04-15 16:48:32
15178,89,2706,Attended,2026-04-07 16:48:32,2026-04-15 16:48:32
15179,89,2053,Attended,2026-03-10 16:48:32,2026-04-15 16:48:32
15180,89,3119,Attended,2026-03-21 16:48:32,2026-04-15 16:48:32
15181,89,491,Attended,2026-03-28 16:48:32,2026-04-15 16:48:32
15182,89,311,No Show,2026-03-17 16:48:32,
15183,89,2206,Attended,2026-04-10 16:48:32,2026-04-15 16:48:32
15184,89,389,Attended,2026-04-02 16:48:32,2026-04-15 16:48:32
15185,89,2620,Attended,2026-03-11 16:48:32,2026-04-15 16:48:32
15186,89,551,Attended,2026-03-05 16:48:32,2026-04-15 16:48:32
15187,89,1742,No Show,2026-03-15 16:48:32,
15188,89,2970,Attended,2026-04-07 16:48:32,2026-04-15 16:48:32
15189,89,1441,No Show,2026-03-26 16:48:32,
15190,89,1066,Registered,2026-03-01 16:48:32,
15191,89,501,Attended,2026-04-13 16:48:32,2026-04-15 16:48:32
15192,89,1075,Attended,2026-04-13 16:48:32,2026-04-15 16:48:32
15193,89,1707,Attended,2026-04-04 16:48:32,2026-04-15 16:48:32
15194,89,2921,No Show,2026-03-22 16:48:32,
15195,89,1331,Attended,2026-03-14 16:48:32,2026-04-15 16:48:32
15196,89,1550,Attended,2026-03-16 16:48:32,2026-04-15 16:48:32
15197,89,2950,Attended,2026-04-04 16:48:32,2026-04-15 16:48:32
15198,89,1869,Registered,2026-03-13 16:48:32,
15199,89,2165,Attended,2026-03-22 16:48:32,2026-04-15 16:48:32
15200,89,1767,Attended,2026-03-20 16:48:32,2026-04-15 16:48:32
15201,89,1812,Attended,2026-04-14 16:48:32,2026-04-15 16:48:32
15202,89,1224,Attended,2026-04-08 16:48:32,2026-04-15 16:48:32
15203,89,1568,Attended,2026-03-07 16:48:32,2026-04-15 16:48:32
15204,89,478,Attended,2026-03-22 16:48:32,2026-04-15 16:48:32
15205,89,2716,Registered,2026-03-12 16:48:32,
15206,89,568,Attended,2026-04-08 16:48:32,2026-04-15 16:48:32
15207,89,1896,Attended,2026-04-07 16:48:32,2026-04-15 16:48:32
15208,89,952,Attended,2026-03-10 16:48:32,2026-04-15 16:48:32
15209,89,2722,Attended,2026-03-27 16:48:32,2026-04-15 16:48:32
15210,89,1327,Attended,2026-03-20 16:48:32,2026-04-15 16:48:32
15211,89,2699,Registered,2026-03-21 16:48:32,
15212,89,2744,Attended,2026-03-27 16:48:32,2026-04-15 16:48:32
15213,89,783,Attended,2026-03-27 16:48:32,2026-04-15 16:48:32
15214,89,737,Attended,2026-03-10 16:48:32,2026-04-15 16:48:32
15215,89,165,Attended,2026-03-06 16:48:32,2026-04-15 16:48:32
15216,89,968,No Show,2026-03-26 16:48:32,
15217,89,3055,Cancelled,2026-04-09 16:48:32,
15218,89,846,Registered,2026-03-10 16:48:32,
15219,89,2026,Cancelled,2026-03-15 16:48:32,
15220,89,466,No Show,2026-04-04 16:48:32,
15221,89,1737,Attended,2026-03-20 16:48:32,2026-04-15 16:48:32
15222,89,1136,Cancelled,2026-03-14 16:48:32,
15223,89,2395,Cancelled,2026-04-06 16:48:32,
15224,89,2954,Attended,2026-04-14 16:48:32,2026-04-15 16:48:32
15225,89,2278,Attended,2026-03-07 16:48:32,2026-04-15 16:48:32
15226,89,64,Registered,2026-03-22 16:48:32,
15227,89,452,Cancelled,2026-03-19 16:48:32,
15228,89,1608,Attended,2026-03-09 16:48:32,2026-04-15 16:48:32
15229,89,1356,Attended,2026-03-15 16:48:32,2026-04-15 16:48:32
15230,89,374,Attended,2026-04-14 16:48:32,2026-04-15 16:48:32
15231,89,2607,Attended,2026-03-15 16:48:32,2026-04-15 16:48:32
15232,89,1687,Attended,2026-04-04 16:48:32,2026-04-15 16:48:32
15233,89,2677,Attended,2026-04-13 16:48:32,2026-04-15 16:48:32
15234,89,966,Registered,2026-04-07 16:48:32,
15235,89,3046,No Show,2026-04-01 16:48:32,
15236,89,576,Attended,2026-03-26 16:48:32,2026-04-15 16:48:32
15237,89,1638,Attended,2026-03-30 16:48:32,2026-04-15 16:48:32
15238,89,1002,Attended,2026-04-08 16:48:32,2026-04-15 16:48:32
15239,89,1927,Attended,2026-04-11 16:48:32,2026-04-15 16:48:32
15240,89,1524,Attended,2026-03-18 16:48:32,2026-04-15 16:48:32
15241,89,1912,Registered,2026-03-08 16:48:32,
15242,89,1686,Attended,2026-04-12 16:48:32,2026-04-15 16:48:32
15243,89,442,Attended,2026-03-01 16:48:32,2026-04-15 16:48:32
15244,89,2753,Registered,2026-03-24 16:48:32,
15245,89,1322,No Show,2026-03-25 16:48:32,
15246,89,3056,Registered,2026-03-08 16:48:32,
15247,89,1834,Attended,2026-03-11 16:48:32,2026-04-15 16:48:32
15248,89,1506,Attended,2026-04-14 16:48:32,2026-04-15 16:48:32
15249,89,2447,Attended,2026-04-11 16:48:32,2026-04-15 16:48:32
15250,89,1706,Registered,2026-03-15 16:48:32,
15251,89,2840,Attended,2026-04-06 16:48:32,2026-04-15 16:48:32
15252,89,2727,Registered,2026-03-16 16:48:32,
15253,89,2125,Registered,2026-04-01 16:48:32,
15254,89,1977,Attended,2026-03-31 16:48:32,2026-04-15 16:48:32
15255,89,80,No Show,2026-03-18 16:48:32,
15256,89,1827,Attended,2026-03-04 16:48:32,2026-04-15 16:48:32
15257,89,2036,Cancelled,2026-03-16 16:48:32,
15258,89,2962,Attended,2026-04-11 16:48:32,2026-04-15 16:48:32
15259,89,286,Registered,2026-04-12 16:48:32,
15260,89,2273,Attended,2026-04-04 16:48:32,2026-04-15 16:48:32
15261,89,857,Attended,2026-03-25 16:48:32,2026-04-15 16:48:32
15262,89,2655,No Show,2026-03-23 16:48:32,
15263,89,335,Attended,2026-04-07 16:48:32,2026-04-15 16:48:32
15264,89,931,No Show,2026-03-12 16:48:32,
15265,89,2449,Attended,2026-03-24 16:48:32,2026-04-15 16:48:32
15266,89,877,No Show,2026-03-30 16:48:32,
15267,89,1777,Attended,2026-03-28 16:48:32,2026-04-15 16:48:32
15268,89,1581,Attended,2026-04-06 16:48:32,2026-04-15 16:48:32
15269,89,100,No Show,2026-04-11 16:48:32,
15270,89,2375,Attended,2026-04-06 16:48:32,2026-04-15 16:48:32
15271,89,1995,Attended,2026-04-10 16:48:32,2026-04-15 16:48:32
15272,89,1708,Attended,2026-04-09 16:48:32,2026-04-15 16:48:32
15273,89,1722,Attended,2026-04-05 16:48:32,2026-04-15 16:48:32
15274,89,3065,Attended,2026-03-06 16:48:32,2026-04-15 16:48:32
15275,89,1570,Attended,2026-03-20 16:48:32,2026-04-15 16:48:32
15276,89,2243,Registered,2026-03-01 16:48:32,
15277,89,204,Registered,2026-03-14 16:48:32,
15278,89,2201,Registered,2026-04-13 16:48:32,
15279,89,2063,Attended,2026-04-06 16:48:32,2026-04-15 16:48:32
15280,89,1106,Registered,2026-03-08 16:48:32,
15281,89,2098,Registered,2026-03-27 16:48:32,
15282,89,2791,Cancelled,2026-04-07 16:48:32,
15283,89,227,Attended,2026-03-13 16:48:32,2026-04-15 16:48:32
15284,89,469,Attended,2026-03-26 16:48:32,2026-04-15 16:48:32
15285,89,422,Cancelled,2026-04-07 16:48:32,
15286,89,1699,Registered,2026-04-13 16:48:32,
15287,89,104,Attended,2026-03-22 16:48:32,2026-04-15 16:48:32
15288,89,2609,Registered,2026-03-24 16:48:32,
15289,89,1531,Attended,2026-03-23 16:48:32,2026-04-15 16:48:32
15290,89,158,Attended,2026-03-22 16:48:32,2026-04-15 16:48:32
15291,89,1172,Attended,2026-04-10 16:48:32,2026-04-15 16:48:32
15292,89,2015,Attended,2026-03-21 16:48:32,2026-04-15 16:48:32
15293,89,579,Attended,2026-03-09 16:48:32,2026-04-15 16:48:32
15294,89,1598,Registered,2026-03-30 16:48:32,
15295,89,1567,Cancelled,2026-04-07 16:48:32,
15296,89,2690,Attended,2026-03-12 16:48:32,2026-04-15 16:48:32
15297,89,1970,Attended,2026-03-09 16:48:32,2026-04-15 16:48:32
15298,89,2373,Attended,2026-04-08 16:48:32,2026-04-15 16:48:32
15299,89,98,Attended,2026-03-17 16:48:32,2026-04-15 16:48:32
15300,89,2736,Attended,2026-03-06 16:48:32,2026-04-15 16:48:32
15301,89,2386,Attended,2026-04-04 16:48:32,2026-04-15 16:48:32
15302,89,1164,Attended,2026-03-08 16:48:32,2026-04-15 16:48:32
15303,89,2555,Cancelled,2026-03-27 16:48:32,
15304,89,1663,Attended,2026-04-04 16:48:32,2026-04-15 16:48:32
15305,89,2523,Attended,2026-04-11 16:48:32,2026-04-15 16:48:32
15306,89,1921,Attended,2026-04-10 16:48:32,2026-04-15 16:48:32
15307,89,47,Attended,2026-04-01 16:48:32,2026-04-15 16:48:32
15308,89,1268,Cancelled,2026-03-13 16:48:32,
15309,89,1603,Attended,2026-03-01 16:48:32,2026-04-15 16:48:32
15310,89,2737,Attended,2026-04-14 16:48:32,2026-04-15 16:48:32
15311,89,1433,No Show,2026-03-25 16:48:32,
15312,89,3000,Registered,2026-04-02 16:48:32,
15313,89,249,Registered,2026-03-11 16:48:32,
15314,89,2731,Attended,2026-04-04 16:48:32,2026-04-15 16:48:32
15315,89,1391,Attended,2026-04-01 16:48:32,2026-04-15 16:48:32
15316,89,2355,No Show,2026-04-01 16:48:32,
15317,89,3007,Attended,2026-04-01 16:48:32,2026-04-15 16:48:32
15318,89,556,Registered,2026-03-20 16:48:32,
15319,89,10,Registered,2026-04-06 16:48:32,
15320,89,1501,Registered,2026-03-12 16:48:32,
15321,89,40,Attended,2026-04-02 16:48:32,2026-04-15 16:48:32
15322,89,472,Attended,2026-03-28 16:48:32,2026-04-15 16:48:32
15323,89,2998,Registered,2026-03-10 16:48:32,
15324,89,3196,Attended,2026-04-05 16:48:32,2026-04-15 16:48:32
15325,89,2184,Cancelled,2026-03-17 16:48:32,
15326,89,2748,Attended,2026-03-31 16:48:32,2026-04-15 16:48:32
15327,89,2308,Attended,2026-04-13 16:48:32,2026-04-15 16:48:32
15328,89,784,Cancelled,2026-03-03 16:48:32,
15329,89,3131,Cancelled,2026-04-06 16:48:32,
15330,89,2231,Attended,2026-03-06 16:48:32,2026-04-15 16:48:32
15331,89,2758,Attended,2026-03-13 16:48:32,2026-04-15 16:48:32
15332,89,845,No Show,2026-03-12 16:48:32,
15333,89,1500,Registered,2026-03-29 16:48:32,
15334,89,3018,Attended,2026-03-12 16:48:32,2026-04-15 16:48:32
15335,89,34,Attended,2026-03-21 16:48:32,2026-04-15 16:48:32
15336,89,2756,Attended,2026-03-13 16:48:32,2026-04-15 16:48:32
15337,89,2433,Registered,2026-03-28 16:48:32,
15338,89,1102,Cancelled,2026-03-27 16:48:32,
15339,89,1417,Attended,2026-03-07 16:48:32,2026-04-15 16:48:32
15340,89,689,Registered,2026-03-05 16:48:32,
15341,89,1407,Cancelled,2026-04-01 16:48:32,
15342,89,2072,Attended,2026-03-12 16:48:32,2026-04-15 16:48:32
15343,89,269,Attended,2026-03-21 16:48:32,2026-04-15 16:48:32
15344,89,2996,Attended,2026-03-10 16:48:32,2026-04-15 16:48:32
15345,89,2851,Attended,2026-03-26 16:48:32,2026-04-15 16:48:32
15346,89,2023,Registered,2026-03-02 16:48:32,
15347,89,3205,Attended,2026-04-09 16:48:32,2026-04-15 16:48:32
15348,89,1316,Attended,2026-03-02 16:48:32,2026-04-15 16:48:32
15349,89,181,Attended,2026-03-04 16:48:32,2026-04-15 16:48:32
15350,89,2171,Attended,2026-04-11 16:48:32,2026-04-15 16:48:32
15351,89,1467,Attended,2026-03-20 16:48:32,2026-04-15 16:48:32
15352,89,3003,Cancelled,2026-04-08 16:48:32,
15353,89,1089,No Show,2026-03-02 16:48:32,
15354,89,883,Cancelled,2026-03-31 16:48:32,
15355,89,1452,No Show,2026-04-13 16:48:32,
15356,89,2188,Attended,2026-03-21 16:48:32,2026-04-15 16:48:32
15357,89,2387,Attended,2026-03-19 16:48:32,2026-04-15 16:48:32
15358,89,693,Attended,2026-03-09 16:48:32,2026-04-15 16:48:32
15359,89,163,No Show,2026-03-17 16:48:32,
15360,89,2721,Registered,2026-03-11 16:48:32,
15361,89,524,Attended,2026-03-04 16:48:32,2026-04-15 16:48:32
15362,89,3210,Cancelled,2026-03-20 16:48:32,
15363,89,1063,Attended,2026-03-11 16:48:32,2026-04-15 16:48:32
15364,89,222,Attended,2026-04-13 16:48:32,2026-04-15 16:48:32
15365,89,208,Attended,2026-03-12 16:48:32,2026-04-15 16:48:32
15366,89,1649,Registered,2026-03-21 16:48:32,
15367,89,401,Attended,2026-03-18 16:48:32,2026-04-15 16:48:32
15368,89,653,Attended,2026-04-04 16:48:32,2026-04-15 16:48:32
15369,89,225,Registered,2026-03-03 16:48:32,
15370,89,1652,Registered,2026-04-09 16:48:32,
15371,89,1451,Registered,2026-04-08 16:48:32,
15372,89,1149,Registered,2026-04-09 16:48:32,
15373,89,2028,Attended,2026-03-02 16:48:32,2026-04-15 16:48:32
15374,89,936,Attended,2026-03-28 16:48:32,2026-04-15 16:48:32
15375,89,48,Attended,2026-04-04 16:48:32,2026-04-15 16:48:32
15376,89,2574,Attended,2026-04-08 16:48:32,2026-04-15 16:48:32
15377,89,1284,Attended,2026-03-18 16:48:32,2026-04-15 16:48:32
15378,89,1315,Attended,2026-03-26 16:48:32,2026-04-15 16:48:32
15379,89,108,Cancelled,2026-03-19 16:48:32,
15380,89,772,Attended,2026-03-25 16:48:32,2026-04-15 16:48:32
15381,89,1211,Registered,2026-03-09 16:48:32,
15382,89,809,Registered,2026-03-25 16:48:32,
15383,89,2329,Attended,2026-03-14 16:48:32,2026-04-15 16:48:32
15384,89,3103,Attended,2026-04-03 16:48:32,2026-04-15 16:48:32
15385,89,2774,Registered,2026-03-30 16:48:32,
15386,89,2665,Attended,2026-03-10 16:48:32,2026-04-15 16:48:32
15387,89,1778,Attended,2026-03-13 16:48:32,2026-04-15 16:48:32
15388,89,1343,Attended,2026-03-05 16:48:32,2026-04-15 16:48:32
15389,89,2008,Attended,2026-04-08 16:48:32,2026-04-15 16:48:32
15390,89,1418,Attended,2026-04-09 16:48:32,2026-04-15 16:48:32
15391,89,2111,Attended,2026-03-03 16:48:32,2026-04-15 16:48:32
15392,89,314,Attended,2026-03-07 16:48:32,2026-04-15 16:48:32
15393,89,3058,Registered,2026-04-12 16:48:32,
15394,89,2144,Attended,2026-03-19 16:48:32,2026-04-15 16:48:32
15395,89,1095,No Show,2026-03-08 16:48:32,
15396,89,842,Attended,2026-03-21 16:48:32,2026-04-15 16:48:32
15397,89,198,Cancelled,2026-03-09 16:48:32,
15398,89,701,No Show,2026-03-01 16:48:32,
15399,89,1819,Attended,2026-04-10 16:48:32,2026-04-15 16:48:32
15400,89,300,Attended,2026-03-02 16:48:32,2026-04-15 16:48:32
15401,89,420,Attended,2026-03-03 16:48:32,2026-04-15 16:48:32
15402,89,159,Attended,2026-03-10 16:48:32,2026-04-15 16:48:32
15403,89,2370,Attended,2026-04-02 16:48:32,2026-04-15 16:48:32
15404,89,1720,Attended,2026-03-08 16:48:32,2026-04-15 16:48:32
15405,89,2630,Attended,2026-03-03 16:48:32,2026-04-15 16:48:32
15406,89,2491,No Show,2026-04-02 16:48:32,
15407,89,918,Attended,2026-03-31 16:48:32,2026-04-15 16:48:32
15408,89,184,Attended,2026-03-15 16:48:32,2026-04-15 16:48:32
15409,89,2153,Attended,2026-04-12 16:48:32,2026-04-15 16:48:32
15410,89,283,No Show,2026-03-16 16:48:32,
15411,89,1545,No Show,2026-03-20 16:48:32,
15412,89,1898,Attended,2026-04-09 16:48:32,2026-04-15 16:48:32
15413,89,830,Attended,2026-03-29 16:48:32,2026-04-15 16:48:32
15414,89,3245,Registered,2026-03-07 16:48:32,
15415,89,1128,No Show,2026-04-02 16:48:32,
15416,89,664,Attended,2026-03-21 16:48:32,2026-04-15 16:48:32
15417,89,54,Attended,2026-03-05 16:48:32,2026-04-15 16:48:32
15418,89,1157,Attended,2026-04-10 16:48:32,2026-04-15 16:48:32
15419,89,876,Registered,2026-03-27 16:48:32,
15420,89,3184,Attended,2026-03-22 16:48:32,2026-04-15 16:48:32
15421,89,1072,Cancelled,2026-03-04 16:48:32,
15422,89,2930,Attended,2026-03-14 16:48:32,2026-04-15 16:48:32
15423,89,1646,Attended,2026-04-07 16:48:32,2026-04-15 16:48:32
15424,89,1920,Attended,2026-03-12 16:48:32,2026-04-15 16:48:32
15425,89,953,Attended,2026-03-23 16:48:32,2026-04-15 16:48:32
15426,89,960,Attended,2026-03-22 16:48:32,2026-04-15 16:48:32
15427,89,2877,Attended,2026-03-29 16:48:32,2026-04-15 16:48:32
15428,89,1749,Registered,2026-03-11 16:48:32,
15429,89,1753,Attended,2026-03-22 16:48:32,2026-04-15 16:48:32
15430,89,31,Attended,2026-03-11 16:48:32,2026-04-15 16:48:32
15431,89,1705,Attended,2026-03-07 16:48:32,2026-04-15 16:48:32
15432,89,126,Registered,2026-04-01 16:48:32,
15433,89,658,Attended,2026-03-07 16:48:32,2026-04-15 16:48:32
15434,89,317,Attended,2026-03-20 16:48:32,2026-04-15 16:48:32
15435,89,3176,Attended,2026-03-02 16:48:32,2026-04-15 16:48:32
15436,89,852,Attended,2026-04-09 16:48:32,2026-04-15 16:48:32
15437,89,2407,Attended,2026-03-19 16:48:32,2026-04-15 16:48:32
15438,89,391,Registered,2026-03-10 16:48:32,
15439,89,729,Attended,2026-03-18 16:48:32,2026-04-15 16:48:32
15440,89,3181,No Show,2026-03-11 16:48:32,
15441,89,928,Attended,2026-03-25 16:48:32,2026-04-15 16:48:32
15442,90,2659,Cancelled,2025-05-30 05:49:55,
15443,90,1813,Attended,2025-05-15 05:49:55,2025-06-21 05:49:55
15444,90,2059,Attended,2025-05-27 05:49:55,2025-06-21 05:49:55
15445,90,282,Attended,2025-05-15 05:49:55,2025-06-21 05:49:55
15446,90,2386,Attended,2025-05-17 05:49:55,2025-06-21 05:49:55
15447,90,1804,No Show,2025-05-20 05:49:55,
15448,90,3025,Registered,2025-06-11 05:49:55,
15449,90,527,Attended,2025-06-04 05:49:55,2025-06-21 05:49:55
15450,90,3130,Attended,2025-06-06 05:49:55,2025-06-21 05:49:55
15451,90,2538,Attended,2025-05-23 05:49:55,2025-06-21 05:49:55
15452,90,1632,Attended,2025-06-09 05:49:55,2025-06-21 05:49:55
15453,90,2613,Registered,2025-05-16 05:49:55,
15454,90,1647,Attended,2025-05-15 05:49:55,2025-06-21 05:49:55
15455,90,936,Attended,2025-05-23 05:49:55,2025-06-21 05:49:55
15456,90,1274,Attended,2025-05-22 05:49:55,2025-06-21 05:49:55
15457,90,371,Cancelled,2025-06-20 05:49:55,
15458,90,919,Attended,2025-06-03 05:49:55,2025-06-21 05:49:55
15459,90,1170,Cancelled,2025-06-17 05:49:55,
15460,90,600,No Show,2025-06-14 05:49:55,
15461,90,324,No Show,2025-05-12 05:49:55,
15462,90,1831,Attended,2025-05-27 05:49:55,2025-06-21 05:49:55
15463,90,2804,Attended,2025-06-11 05:49:55,2025-06-21 05:49:55
15464,90,3135,Registered,2025-06-08 05:49:55,
15465,90,247,No Show,2025-05-14 05:49:55,
15466,90,2428,Attended,2025-05-23 05:49:55,2025-06-21 05:49:55
15467,90,349,Cancelled,2025-05-09 05:49:55,
15468,90,1748,Attended,2025-05-23 05:49:55,2025-06-21 05:49:55
15469,90,1153,Attended,2025-05-14 05:49:55,2025-06-21 05:49:55
15470,90,2127,Attended,2025-05-13 05:49:55,2025-06-21 05:49:55
15471,90,1231,Cancelled,2025-05-29 05:49:55,
15472,90,1008,Attended,2025-06-04 05:49:55,2025-06-21 05:49:55
15473,90,2626,Registered,2025-05-07 05:49:55,
15474,90,3102,Attended,2025-06-01 05:49:55,2025-06-21 05:49:55
15475,90,467,No Show,2025-05-09 05:49:55,
15476,90,620,Attended,2025-06-04 05:49:55,2025-06-21 05:49:55
15477,90,499,Registered,2025-06-20 05:49:55,
15478,90,3212,No Show,2025-06-09 05:49:55,
15479,90,1489,Registered,2025-06-19 05:49:55,
15480,90,602,Cancelled,2025-06-19 05:49:55,
15481,90,1271,Attended,2025-05-19 05:49:55,2025-06-21 05:49:55
15482,90,2200,Registered,2025-06-19 05:49:55,
15483,90,3047,Attended,2025-05-13 05:49:55,2025-06-21 05:49:55
15484,90,2496,No Show,2025-06-02 05:49:55,
15485,90,1468,Attended,2025-05-15 05:49:55,2025-06-21 05:49:55
15486,90,2752,Attended,2025-06-19 05:49:55,2025-06-21 05:49:55
15487,90,3094,Registered,2025-06-19 05:49:55,
15488,90,2182,Attended,2025-06-06 05:49:55,2025-06-21 05:49:55
15489,90,2490,Attended,2025-05-12 05:49:55,2025-06-21 05:49:55
15490,90,592,Attended,2025-05-09 05:49:55,2025-06-21 05:49:55
15491,90,2473,Attended,2025-06-04 05:49:55,2025-06-21 05:49:55
15492,90,991,Attended,2025-06-06 05:49:55,2025-06-21 05:49:55
15493,90,2723,Attended,2025-05-24 05:49:55,2025-06-21 05:49:55
15494,90,1041,Attended,2025-06-07 05:49:55,2025-06-21 05:49:55
15495,90,489,Attended,2025-06-07 05:49:55,2025-06-21 05:49:55
15496,90,400,Attended,2025-06-17 05:49:55,2025-06-21 05:49:55
15497,90,403,Attended,2025-05-12 05:49:55,2025-06-21 05:49:55
15498,90,2853,Attended,2025-05-07 05:49:55,2025-06-21 05:49:55
15499,90,1919,Attended,2025-06-04 05:49:55,2025-06-21 05:49:55
15500,90,2146,Attended,2025-06-02 05:49:55,2025-06-21 05:49:55
15501,90,1854,Attended,2025-05-09 05:49:55,2025-06-21 05:49:55
15502,90,1420,Attended,2025-05-07 05:49:55,2025-06-21 05:49:55
15503,90,2251,Attended,2025-05-14 05:49:55,2025-06-21 05:49:55
15504,90,2170,Attended,2025-06-19 05:49:55,2025-06-21 05:49:55
15505,90,1607,Attended,2025-05-16 05:49:55,2025-06-21 05:49:55
15506,90,1286,Registered,2025-05-14 05:49:55,
15507,90,124,Attended,2025-05-27 05:49:55,2025-06-21 05:49:55
15508,90,3088,Attended,2025-05-25 05:49:55,2025-06-21 05:49:55
15509,90,2749,Registered,2025-05-26 05:49:55,
15510,90,488,Attended,2025-06-12 05:49:55,2025-06-21 05:49:55
15511,90,2068,Attended,2025-06-01 05:49:55,2025-06-21 05:49:55
15512,90,898,Attended,2025-06-20 05:49:55,2025-06-21 05:49:55
15513,90,1503,Attended,2025-05-17 05:49:55,2025-06-21 05:49:55
15514,90,1983,Attended,2025-06-20 05:49:55,2025-06-21 05:49:55
15515,90,1845,Attended,2025-05-26 05:49:55,2025-06-21 05:49:55
15516,90,824,Attended,2025-05-28 05:49:55,2025-06-21 05:49:55
15517,90,2375,Attended,2025-05-28 05:49:55,2025-06-21 05:49:55
15518,90,1826,Attended,2025-05-12 05:49:55,2025-06-21 05:49:55
15519,90,536,Attended,2025-06-13 05:49:55,2025-06-21 05:49:55
15520,90,1510,Registered,2025-05-25 05:49:55,
15521,90,2927,Registered,2025-05-08 05:49:55,
15522,90,2018,Attended,2025-06-17 05:49:55,2025-06-21 05:49:55
15523,90,746,Attended,2025-05-27 05:49:55,2025-06-21 05:49:55
15524,90,1963,Attended,2025-06-11 05:49:55,2025-06-21 05:49:55
15525,90,2350,Attended,2025-05-15 05:49:55,2025-06-21 05:49:55
15526,90,755,Attended,2025-06-08 05:49:55,2025-06-21 05:49:55
15527,90,1511,Attended,2025-06-12 05:49:55,2025-06-21 05:49:55
15528,90,3110,Attended,2025-06-15 05:49:55,2025-06-21 05:49:55
15529,90,1180,No Show,2025-06-03 05:49:55,
15530,90,801,Attended,2025-06-06 05:49:55,2025-06-21 05:49:55
15531,90,3195,Attended,2025-06-04 05:49:55,2025-06-21 05:49:55
15532,90,1595,Registered,2025-05-26 05:49:55,
15533,90,187,Attended,2025-05-31 05:49:55,2025-06-21 05:49:55
15534,90,1876,Attended,2025-06-03 05:49:55,2025-06-21 05:49:55
15535,90,2600,Attended,2025-05-24 05:49:55,2025-06-21 05:49:55
15536,90,1432,Attended,2025-06-02 05:49:55,2025-06-21 05:49:55
15537,90,1776,Attended,2025-05-11 05:49:55,2025-06-21 05:49:55
15538,90,3245,Attended,2025-05-14 05:49:55,2025-06-21 05:49:55
15539,90,567,No Show,2025-06-20 05:49:55,
15540,90,102,Attended,2025-05-16 05:49:55,2025-06-21 05:49:55
15541,90,1542,Registered,2025-05-28 05:49:55,
15542,90,1649,Attended,2025-05-17 05:49:55,2025-06-21 05:49:55
15543,90,1937,Attended,2025-06-16 05:49:55,2025-06-21 05:49:55
15544,90,1840,Attended,2025-05-16 05:49:55,2025-06-21 05:49:55
15545,90,43,Attended,2025-05-29 05:49:55,2025-06-21 05:49:55
15546,90,1253,Registered,2025-05-09 05:49:55,
15547,90,1058,Cancelled,2025-06-15 05:49:55,
15548,91,1817,Attended,2023-03-11 05:37:37,2023-04-09 05:37:37
15549,91,3163,Attended,2023-02-25 05:37:37,2023-04-09 05:37:37
15550,91,2619,Registered,2023-03-26 05:37:37,
15551,91,2527,Registered,2023-03-12 05:37:37,
15552,91,2992,Attended,2023-03-27 05:37:37,2023-04-09 05:37:37
15553,91,998,Attended,2023-04-03 05:37:37,2023-04-09 05:37:37
15554,91,1517,Registered,2023-04-03 05:37:37,
15555,91,515,No Show,2023-03-11 05:37:37,
15556,91,2187,Attended,2023-03-19 05:37:37,2023-04-09 05:37:37
15557,91,2474,Attended,2023-03-21 05:37:37,2023-04-09 05:37:37
15558,91,72,Attended,2023-04-05 05:37:37,2023-04-09 05:37:37
15559,91,1246,Attended,2023-03-03 05:37:37,2023-04-09 05:37:37
15560,91,356,Attended,2023-03-05 05:37:37,2023-04-09 05:37:37
15561,91,1458,Registered,2023-03-15 05:37:37,
15562,91,1207,No Show,2023-02-23 05:37:37,
15563,91,555,No Show,2023-03-01 05:37:37,
15564,91,2433,Attended,2023-03-07 05:37:37,2023-04-09 05:37:37
15565,91,2652,Attended,2023-03-18 05:37:37,2023-04-09 05:37:37
15566,91,556,Attended,2023-03-21 05:37:37,2023-04-09 05:37:37
15567,91,1360,Attended,2023-03-08 05:37:37,2023-04-09 05:37:37
15568,91,2066,No Show,2023-03-28 05:37:37,
15569,91,1663,Attended,2023-03-13 05:37:37,2023-04-09 05:37:37
15570,91,438,Attended,2023-02-25 05:37:37,2023-04-09 05:37:37
15571,91,150,Attended,2023-03-16 05:37:37,2023-04-09 05:37:37
15572,91,566,Attended,2023-03-29 05:37:37,2023-04-09 05:37:37
15573,91,522,Attended,2023-02-25 05:37:37,2023-04-09 05:37:37
15574,91,2319,No Show,2023-04-01 05:37:37,
15575,91,1886,Attended,2023-04-07 05:37:37,2023-04-09 05:37:37
15576,91,243,Attended,2023-03-03 05:37:37,2023-04-09 05:37:37
15577,91,1233,Registered,2023-03-22 05:37:37,
15578,91,1280,Attended,2023-02-25 05:37:37,2023-04-09 05:37:37
15579,91,204,Attended,2023-03-05 05:37:37,2023-04-09 05:37:37
15580,91,1751,Attended,2023-04-06 05:37:37,2023-04-09 05:37:37
15581,92,1799,Attended,2026-04-10 18:08:54,2026-04-14 18:08:54
15582,92,3130,Cancelled,2026-03-24 18:08:54,
15583,92,1851,Registered,2026-04-04 18:08:54,
15584,92,728,Cancelled,2026-04-13 18:08:54,
15585,92,2280,Attended,2026-04-06 18:08:54,2026-04-14 18:08:54
15586,92,2807,Cancelled,2026-03-18 18:08:54,
15587,92,241,Attended,2026-03-14 18:08:54,2026-04-14 18:08:54
15588,92,2978,Attended,2026-04-07 18:08:54,2026-04-14 18:08:54
15589,92,444,Cancelled,2026-03-14 18:08:54,
15590,92,471,Attended,2026-03-22 18:08:54,2026-04-14 18:08:54
15591,92,1898,Attended,2026-03-06 18:08:54,2026-04-14 18:08:54
15592,92,1952,No Show,2026-04-09 18:08:54,
15593,92,1403,Attended,2026-03-16 18:08:54,2026-04-14 18:08:54
15594,92,1597,Cancelled,2026-04-01 18:08:54,
15595,92,2746,Attended,2026-04-12 18:08:54,2026-04-14 18:08:54
15596,92,2648,Attended,2026-04-05 18:08:54,2026-04-14 18:08:54
15597,92,412,Attended,2026-03-12 18:08:54,2026-04-14 18:08:54
15598,92,1199,Attended,2026-03-11 18:08:54,2026-04-14 18:08:54
15599,92,2955,No Show,2026-03-27 18:08:54,
15600,92,2522,Attended,2026-03-18 18:08:54,2026-04-14 18:08:54
15601,92,429,Attended,2026-04-02 18:08:54,2026-04-14 18:08:54
15602,92,2826,Attended,2026-03-24 18:08:54,2026-04-14 18:08:54
15603,92,2146,Attended,2026-04-07 18:08:54,2026-04-14 18:08:54
15604,92,581,Attended,2026-03-19 18:08:54,2026-04-14 18:08:54
15605,92,2314,Attended,2026-03-26 18:08:54,2026-04-14 18:08:54
15606,92,2265,Attended,2026-04-02 18:08:54,2026-04-14 18:08:54
15607,92,1307,Registered,2026-03-05 18:08:54,
15608,92,1549,Attended,2026-04-02 18:08:54,2026-04-14 18:08:54
15609,92,1809,No Show,2026-04-09 18:08:54,
15610,92,2513,Cancelled,2026-02-28 18:08:54,
15611,92,3013,Attended,2026-03-06 18:08:54,2026-04-14 18:08:54
15612,92,483,No Show,2026-03-09 18:08:54,
15613,92,1109,Cancelled,2026-03-12 18:08:54,
15614,92,365,No Show,2026-04-02 18:08:54,
15615,92,1827,Registered,2026-03-18 18:08:54,
15616,92,2762,Attended,2026-03-10 18:08:54,2026-04-14 18:08:54
15617,92,1124,Attended,2026-04-03 18:08:54,2026-04-14 18:08:54
15618,92,2307,Registered,2026-03-18 18:08:54,
15619,92,1567,Attended,2026-03-29 18:08:54,2026-04-14 18:08:54
15620,92,202,Attended,2026-03-28 18:08:54,2026-04-14 18:08:54
15621,92,1769,Attended,2026-04-03 18:08:54,2026-04-14 18:08:54
15622,92,845,No Show,2026-03-07 18:08:54,
15623,92,2866,Attended,2026-04-06 18:08:54,2026-04-14 18:08:54
15624,92,797,Attended,2026-03-01 18:08:54,2026-04-14 18:08:54
15625,92,1324,Attended,2026-03-07 18:08:54,2026-04-14 18:08:54
15626,92,2240,Attended,2026-04-08 18:08:54,2026-04-14 18:08:54
15627,92,1135,No Show,2026-03-29 18:08:54,
15628,92,2059,Attended,2026-03-16 18:08:54,2026-04-14 18:08:54
15629,92,3027,Registered,2026-03-04 18:08:54,
15630,92,255,Attended,2026-03-17 18:08:54,2026-04-14 18:08:54
15631,92,3237,Attended,2026-02-28 18:08:54,2026-04-14 18:08:54
15632,92,21,Registered,2026-04-01 18:08:54,
15633,92,2492,Cancelled,2026-03-27 18:08:54,
15634,92,1826,Attended,2026-03-13 18:08:54,2026-04-14 18:08:54
15635,92,304,Attended,2026-04-11 18:08:54,2026-04-14 18:08:54
15636,93,1177,Attended,2025-09-12 18:29:08,2025-10-07 18:29:08
15637,93,1573,Attended,2025-09-02 18:29:08,2025-10-07 18:29:08
15638,93,1402,Registered,2025-09-20 18:29:08,
15639,93,3098,Cancelled,2025-08-28 18:29:08,
15640,93,3086,Registered,2025-09-02 18:29:08,
15641,93,2195,Cancelled,2025-09-29 18:29:08,
15642,93,1543,Cancelled,2025-09-04 18:29:08,
15643,93,3028,Attended,2025-08-23 18:29:08,2025-10-07 18:29:08
15644,93,1418,Attended,2025-10-04 18:29:08,2025-10-07 18:29:08
15645,93,505,Attended,2025-08-26 18:29:08,2025-10-07 18:29:08
15646,93,2986,Attended,2025-08-26 18:29:08,2025-10-07 18:29:08
15647,93,3079,Attended,2025-09-21 18:29:08,2025-10-07 18:29:08
15648,93,1611,Registered,2025-09-10 18:29:08,
15649,93,1642,Attended,2025-09-05 18:29:08,2025-10-07 18:29:08
15650,93,2357,Attended,2025-10-05 18:29:08,2025-10-07 18:29:08
15651,93,2281,Attended,2025-10-03 18:29:08,2025-10-07 18:29:08
15652,93,1697,Attended,2025-09-07 18:29:08,2025-10-07 18:29:08
15653,93,3099,Attended,2025-09-07 18:29:08,2025-10-07 18:29:08
15654,93,57,Attended,2025-09-29 18:29:08,2025-10-07 18:29:08
15655,93,1247,Attended,2025-09-01 18:29:08,2025-10-07 18:29:08
15656,93,2042,Attended,2025-08-24 18:29:08,2025-10-07 18:29:08
15657,93,160,Attended,2025-09-06 18:29:08,2025-10-07 18:29:08
15658,93,2183,Attended,2025-09-26 18:29:08,2025-10-07 18:29:08
15659,93,2775,Registered,2025-08-29 18:29:08,
15660,93,1678,Registered,2025-10-04 18:29:08,
15661,93,2943,Attended,2025-08-24 18:29:08,2025-10-07 18:29:08
15662,93,2999,Attended,2025-09-22 18:29:08,2025-10-07 18:29:08
15663,93,1026,Attended,2025-09-03 18:29:08,2025-10-07 18:29:08
15664,93,1649,Attended,2025-09-24 18:29:08,2025-10-07 18:29:08
15665,93,3123,Attended,2025-09-11 18:29:08,2025-10-07 18:29:08
15666,93,2046,No Show,2025-10-02 18:29:08,
15667,93,363,Cancelled,2025-09-12 18:29:08,
15668,93,2891,Attended,2025-08-24 18:29:08,2025-10-07 18:29:08
15669,93,1229,Attended,2025-09-06 18:29:08,2025-10-07 18:29:08
15670,93,1809,Registered,2025-08-25 18:29:08,
15671,93,1451,Attended,2025-09-24 18:29:08,2025-10-07 18:29:08
15672,93,994,Attended,2025-09-23 18:29:08,2025-10-07 18:29:08
15673,93,153,Registered,2025-09-22 18:29:08,
15674,93,3080,No Show,2025-09-27 18:29:08,
15675,93,2031,Attended,2025-09-12 18:29:08,2025-10-07 18:29:08
15676,93,3083,Attended,2025-09-30 18:29:08,2025-10-07 18:29:08
15677,93,1476,Attended,2025-09-14 18:29:08,2025-10-07 18:29:08
15678,93,2025,Attended,2025-09-15 18:29:08,2025-10-07 18:29:08
15679,93,2709,Registered,2025-10-04 18:29:08,
15680,93,1407,Attended,2025-09-17 18:29:08,2025-10-07 18:29:08
15681,93,2887,Attended,2025-09-10 18:29:08,2025-10-07 18:29:08
15682,93,469,Attended,2025-08-26 18:29:08,2025-10-07 18:29:08
15683,93,2485,Attended,2025-08-24 18:29:08,2025-10-07 18:29:08
15684,93,3148,Registered,2025-09-10 18:29:08,
15685,93,974,Attended,2025-08-30 18:29:08,2025-10-07 18:29:08
15686,93,1187,Attended,2025-10-04 18:29:08,2025-10-07 18:29:08
15687,93,3087,Attended,2025-09-25 18:29:08,2025-10-07 18:29:08
15688,93,1372,Cancelled,2025-10-03 18:29:08,
15689,93,1403,Attended,2025-10-04 18:29:08,2025-10-07 18:29:08
15690,93,1405,Attended,2025-09-23 18:29:08,2025-10-07 18:29:08
15691,93,1039,Attended,2025-09-04 18:29:08,2025-10-07 18:29:08
15692,93,1558,Registered,2025-08-24 18:29:08,
15693,93,1932,Attended,2025-08-27 18:29:08,2025-10-07 18:29:08
15694,93,1780,Attended,2025-09-18 18:29:08,2025-10-07 18:29:08
15695,93,1787,Attended,2025-09-21 18:29:08,2025-10-07 18:29:08
15696,93,391,Attended,2025-09-24 18:29:08,2025-10-07 18:29:08
15697,93,1695,Registered,2025-09-23 18:29:08,
15698,93,1680,Attended,2025-09-18 18:29:08,2025-10-07 18:29:08
15699,93,805,Attended,2025-09-09 18:29:08,2025-10-07 18:29:08
15700,93,2647,Registered,2025-09-23 18:29:08,
15701,93,909,Attended,2025-08-24 18:29:08,2025-10-07 18:29:08
15702,93,312,Attended,2025-10-06 18:29:08,2025-10-07 18:29:08
15703,93,1399,Attended,2025-08-31 18:29:08,2025-10-07 18:29:08
15704,93,3121,Cancelled,2025-09-30 18:29:08,
15705,93,478,Attended,2025-09-18 18:29:08,2025-10-07 18:29:08
15706,93,2106,Attended,2025-09-08 18:29:08,2025-10-07 18:29:08
15707,93,2656,Registered,2025-09-16 18:29:08,
15708,93,2626,Registered,2025-09-06 18:29:08,
15709,93,663,Attended,2025-09-13 18:29:08,2025-10-07 18:29:08
15710,93,3186,No Show,2025-09-07 18:29:08,
15711,93,3022,Registered,2025-09-18 18:29:08,
15712,93,2252,Attended,2025-09-13 18:29:08,2025-10-07 18:29:08
15713,93,3233,Registered,2025-09-12 18:29:08,
15714,93,841,Attended,2025-09-16 18:29:08,2025-10-07 18:29:08
15715,93,1347,Attended,2025-09-12 18:29:08,2025-10-07 18:29:08
15716,93,1657,Registered,2025-10-05 18:29:08,
15717,93,1190,Attended,2025-09-27 18:29:08,2025-10-07 18:29:08
15718,93,2984,No Show,2025-09-02 18:29:08,
15719,93,2064,Attended,2025-10-02 18:29:08,2025-10-07 18:29:08
15720,93,2455,Registered,2025-10-01 18:29:08,
15721,93,743,Attended,2025-10-03 18:29:08,2025-10-07 18:29:08
15722,93,2172,Registered,2025-08-23 18:29:08,
15723,93,809,Attended,2025-10-01 18:29:08,2025-10-07 18:29:08
15724,93,1969,Registered,2025-09-26 18:29:08,
15725,93,1204,Cancelled,2025-09-22 18:29:08,
15726,93,1635,Attended,2025-10-06 18:29:08,2025-10-07 18:29:08
15727,93,1630,No Show,2025-09-12 18:29:08,
15728,93,1895,Attended,2025-10-02 18:29:08,2025-10-07 18:29:08
15729,93,1421,Attended,2025-08-24 18:29:08,2025-10-07 18:29:08
15730,93,1312,Registered,2025-10-03 18:29:08,
15731,93,2087,Attended,2025-09-27 18:29:08,2025-10-07 18:29:08
15732,93,2293,Registered,2025-08-26 18:29:08,
15733,93,2591,Attended,2025-08-30 18:29:08,2025-10-07 18:29:08
15734,93,665,Cancelled,2025-09-28 18:29:08,
15735,93,1760,Attended,2025-08-23 18:29:08,2025-10-07 18:29:08
15736,93,2142,Attended,2025-08-24 18:29:08,2025-10-07 18:29:08
15737,93,1855,Attended,2025-09-08 18:29:08,2025-10-07 18:29:08
15738,93,144,Attended,2025-09-28 18:29:08,2025-10-07 18:29:08
15739,93,3104,Registered,2025-09-12 18:29:08,
15740,93,2181,Attended,2025-09-14 18:29:08,2025-10-07 18:29:08
15741,93,1685,Attended,2025-09-16 18:29:08,2025-10-07 18:29:08
15742,93,177,Attended,2025-09-18 18:29:08,2025-10-07 18:29:08
15743,93,2235,No Show,2025-09-03 18:29:08,
15744,93,817,Attended,2025-08-26 18:29:08,2025-10-07 18:29:08
15745,93,2781,Attended,2025-09-05 18:29:08,2025-10-07 18:29:08
15746,93,258,Registered,2025-10-02 18:29:08,
15747,93,7,Attended,2025-09-17 18:29:08,2025-10-07 18:29:08
15748,93,1928,Attended,2025-10-01 18:29:08,2025-10-07 18:29:08
15749,93,1942,Attended,2025-09-13 18:29:08,2025-10-07 18:29:08
15750,93,2872,Attended,2025-10-06 18:29:08,2025-10-07 18:29:08
15751,93,854,Attended,2025-09-28 18:29:08,2025-10-07 18:29:08
15752,93,2109,Attended,2025-09-03 18:29:08,2025-10-07 18:29:08
15753,93,1841,Attended,2025-09-06 18:29:08,2025-10-07 18:29:08
15754,93,60,Cancelled,2025-09-01 18:29:08,
15755,93,52,Registered,2025-09-25 18:29:08,
15756,93,630,Attended,2025-09-23 18:29:08,2025-10-07 18:29:08
15757,93,346,No Show,2025-09-16 18:29:08,
15758,93,1397,Attended,2025-09-18 18:29:08,2025-10-07 18:29:08
15759,93,1414,Attended,2025-09-22 18:29:08,2025-10-07 18:29:08
15760,93,2196,Attended,2025-09-09 18:29:08,2025-10-07 18:29:08
15761,93,1165,Registered,2025-09-05 18:29:08,
15762,93,157,Attended,2025-08-29 18:29:08,2025-10-07 18:29:08
15763,93,666,Attended,2025-09-22 18:29:08,2025-10-07 18:29:08
15764,93,2842,Attended,2025-08-26 18:29:08,2025-10-07 18:29:08
15765,93,1556,Attended,2025-09-07 18:29:08,2025-10-07 18:29:08
15766,93,2617,Attended,2025-08-28 18:29:08,2025-10-07 18:29:08
15767,93,1428,Attended,2025-09-11 18:29:08,2025-10-07 18:29:08
15768,93,676,Attended,2025-09-21 18:29:08,2025-10-07 18:29:08
15769,93,2894,Attended,2025-10-01 18:29:08,2025-10-07 18:29:08
15770,93,133,Attended,2025-08-27 18:29:08,2025-10-07 18:29:08
15771,93,1060,Attended,2025-09-04 18:29:08,2025-10-07 18:29:08
15772,93,1547,Attended,2025-08-23 18:29:08,2025-10-07 18:29:08
15773,93,3241,Attended,2025-09-03 18:29:08,2025-10-07 18:29:08
15774,93,2314,Registered,2025-08-24 18:29:08,
15775,93,1761,Attended,2025-09-25 18:29:08,2025-10-07 18:29:08
15776,93,2801,No Show,2025-10-05 18:29:08,
15777,93,2482,Attended,2025-10-03 18:29:08,2025-10-07 18:29:08
15778,93,1334,Attended,2025-09-01 18:29:08,2025-10-07 18:29:08
15779,93,1639,Registered,2025-09-27 18:29:08,
15780,93,102,Attended,2025-08-31 18:29:08,2025-10-07 18:29:08
15781,93,253,No Show,2025-09-02 18:29:08,
15782,93,8,Attended,2025-09-03 18:29:08,2025-10-07 18:29:08
15783,93,1445,Attended,2025-08-24 18:29:08,2025-10-07 18:29:08
15784,93,425,Attended,2025-09-19 18:29:08,2025-10-07 18:29:08
15785,93,3253,Attended,2025-10-04 18:29:08,2025-10-07 18:29:08
15786,93,37,Attended,2025-09-27 18:29:08,2025-10-07 18:29:08
15787,93,1065,Attended,2025-08-25 18:29:08,2025-10-07 18:29:08
15788,93,2506,Attended,2025-08-29 18:29:08,2025-10-07 18:29:08
15789,93,186,Attended,2025-09-02 18:29:08,2025-10-07 18:29:08
15790,93,2839,Registered,2025-09-19 18:29:08,
15791,93,999,Attended,2025-09-09 18:29:08,2025-10-07 18:29:08
15792,93,1205,Attended,2025-09-12 18:29:08,2025-10-07 18:29:08
15793,93,1874,No Show,2025-09-16 18:29:08,
15794,93,1007,Registered,2025-09-17 18:29:08,
15795,93,1352,Registered,2025-09-20 18:29:08,
15796,93,1633,Attended,2025-09-07 18:29:08,2025-10-07 18:29:08
15797,93,3075,Registered,2025-09-25 18:29:08,
15798,93,1879,No Show,2025-08-24 18:29:08,
15799,93,2627,Attended,2025-09-14 18:29:08,2025-10-07 18:29:08
15800,93,1191,Attended,2025-09-14 18:29:08,2025-10-07 18:29:08
15801,93,1212,Attended,2025-09-28 18:29:08,2025-10-07 18:29:08
15802,93,1054,No Show,2025-09-18 18:29:08,
15803,93,2980,Attended,2025-09-27 18:29:08,2025-10-07 18:29:08
15804,93,2827,Registered,2025-08-30 18:29:08,
15805,93,1492,No Show,2025-09-20 18:29:08,
15806,93,832,Attended,2025-09-24 18:29:08,2025-10-07 18:29:08
15807,93,2900,Registered,2025-10-01 18:29:08,
15808,93,300,Cancelled,2025-09-14 18:29:08,
15809,93,1508,Attended,2025-09-06 18:29:08,2025-10-07 18:29:08
15810,93,1467,Attended,2025-09-02 18:29:08,2025-10-07 18:29:08
15811,93,2111,Attended,2025-09-18 18:29:08,2025-10-07 18:29:08
15812,93,730,Attended,2025-09-18 18:29:08,2025-10-07 18:29:08
15813,93,1775,Attended,2025-08-26 18:29:08,2025-10-07 18:29:08
15814,93,249,No Show,2025-08-27 18:29:08,
15815,93,1954,Attended,2025-10-01 18:29:08,2025-10-07 18:29:08
15816,93,2236,Attended,2025-09-16 18:29:08,2025-10-07 18:29:08
15817,93,782,No Show,2025-09-14 18:29:08,
15818,93,2498,Attended,2025-09-08 18:29:08,2025-10-07 18:29:08
15819,93,446,Registered,2025-09-30 18:29:08,
15820,93,986,Attended,2025-09-02 18:29:08,2025-10-07 18:29:08
15821,93,1332,Registered,2025-09-02 18:29:08,
15822,93,984,Registered,2025-09-12 18:29:08,
15823,93,555,Cancelled,2025-09-22 18:29:08,
15824,93,246,Attended,2025-09-01 18:29:08,2025-10-07 18:29:08
15825,93,2796,Attended,2025-08-25 18:29:08,2025-10-07 18:29:08
15826,93,2881,Attended,2025-09-01 18:29:08,2025-10-07 18:29:08
15827,93,1592,Registered,2025-10-01 18:29:08,
15828,93,1178,Attended,2025-09-03 18:29:08,2025-10-07 18:29:08
15829,93,563,Cancelled,2025-09-11 18:29:08,
15830,93,267,Attended,2025-09-22 18:29:08,2025-10-07 18:29:08
15831,93,2170,Registered,2025-08-25 18:29:08,
15832,93,1532,Attended,2025-08-25 18:29:08,2025-10-07 18:29:08
15833,93,2271,Attended,2025-09-02 18:29:08,2025-10-07 18:29:08
15834,93,97,Attended,2025-08-29 18:29:08,2025-10-07 18:29:08
15835,93,1539,Registered,2025-10-02 18:29:08,
15836,93,1900,Attended,2025-10-02 18:29:08,2025-10-07 18:29:08
15837,93,2248,Attended,2025-09-01 18:29:08,2025-10-07 18:29:08
15838,93,452,No Show,2025-09-24 18:29:08,
15839,93,3008,Attended,2025-09-16 18:29:08,2025-10-07 18:29:08
15840,93,1967,Attended,2025-08-26 18:29:08,2025-10-07 18:29:08
15841,93,248,Attended,2025-09-02 18:29:08,2025-10-07 18:29:08
15842,93,2672,Attended,2025-10-04 18:29:08,2025-10-07 18:29:08
15843,93,237,Attended,2025-08-24 18:29:08,2025-10-07 18:29:08
15844,93,3025,Registered,2025-09-25 18:29:08,
15845,93,558,Cancelled,2025-09-15 18:29:08,
15846,93,1333,Attended,2025-08-25 18:29:08,2025-10-07 18:29:08
15847,93,429,Attended,2025-09-10 18:29:08,2025-10-07 18:29:08
15848,93,439,Attended,2025-09-12 18:29:08,2025-10-07 18:29:08
15849,93,2914,Attended,2025-09-13 18:29:08,2025-10-07 18:29:08
15850,93,3199,Attended,2025-09-06 18:29:08,2025-10-07 18:29:08
15851,93,1606,Attended,2025-08-24 18:29:08,2025-10-07 18:29:08
15852,93,2766,Attended,2025-09-06 18:29:08,2025-10-07 18:29:08
15853,93,2634,Attended,2025-10-05 18:29:08,2025-10-07 18:29:08
15854,93,1210,Attended,2025-09-22 18:29:08,2025-10-07 18:29:08
15855,93,2033,Registered,2025-09-02 18:29:08,
15856,93,1687,Registered,2025-09-20 18:29:08,
15857,93,2050,Attended,2025-09-29 18:29:08,2025-10-07 18:29:08
15858,93,2156,Registered,2025-08-25 18:29:08,
15859,93,2501,Attended,2025-09-16 18:29:08,2025-10-07 18:29:08
15860,93,75,Attended,2025-08-26 18:29:08,2025-10-07 18:29:08
15861,93,2222,Attended,2025-08-31 18:29:08,2025-10-07 18:29:08
15862,93,390,Registered,2025-08-29 18:29:08,
15863,93,2927,Attended,2025-09-27 18:29:08,2025-10-07 18:29:08
15864,93,1175,Attended,2025-08-27 18:29:08,2025-10-07 18:29:08
15865,93,1161,Attended,2025-08-30 18:29:08,2025-10-07 18:29:08
15866,93,518,Attended,2025-09-21 18:29:08,2025-10-07 18:29:08
15867,93,1269,Attended,2025-08-26 18:29:08,2025-10-07 18:29:08
15868,93,2682,Registered,2025-09-04 18:29:08,
15869,93,2513,Attended,2025-09-19 18:29:08,2025-10-07 18:29:08
15870,93,2369,Cancelled,2025-10-05 18:29:08,
15871,93,2397,No Show,2025-08-26 18:29:08,
15872,93,849,Attended,2025-08-29 18:29:08,2025-10-07 18:29:08
15873,93,1599,Attended,2025-09-04 18:29:08,2025-10-07 18:29:08
15874,93,2274,Attended,2025-09-30 18:29:08,2025-10-07 18:29:08
15875,93,1764,Attended,2025-10-05 18:29:08,2025-10-07 18:29:08
15876,93,1419,Attended,2025-09-22 18:29:08,2025-10-07 18:29:08
15877,93,2365,Attended,2025-09-25 18:29:08,2025-10-07 18:29:08
15878,93,2341,Attended,2025-09-03 18:29:08,2025-10-07 18:29:08
15879,93,1557,Attended,2025-09-28 18:29:08,2025-10-07 18:29:08
15880,93,1582,Attended,2025-09-09 18:29:08,2025-10-07 18:29:08
15881,93,1811,Attended,2025-09-22 18:29:08,2025-10-07 18:29:08
15882,93,2707,Attended,2025-09-29 18:29:08,2025-10-07 18:29:08
15883,93,615,Attended,2025-09-04 18:29:08,2025-10-07 18:29:08
15884,93,771,Registered,2025-09-26 18:29:08,
15885,93,2447,Attended,2025-08-29 18:29:08,2025-10-07 18:29:08
15886,93,2275,Attended,2025-09-18 18:29:08,2025-10-07 18:29:08
15887,93,1051,Attended,2025-09-30 18:29:08,2025-10-07 18:29:08
15888,93,117,No Show,2025-09-10 18:29:08,
15889,93,1638,Attended,2025-09-26 18:29:08,2025-10-07 18:29:08
15890,93,483,Registered,2025-09-09 18:29:08,
15891,93,2734,No Show,2025-09-08 18:29:08,
15892,93,2410,Cancelled,2025-09-30 18:29:08,
15893,93,3209,Attended,2025-09-18 18:29:08,2025-10-07 18:29:08
15894,93,2699,Attended,2025-09-21 18:29:08,2025-10-07 18:29:08
15895,93,2917,No Show,2025-08-27 18:29:08,
15896,93,732,No Show,2025-09-06 18:29:08,
15897,93,2776,Registered,2025-09-12 18:29:08,
15898,93,1758,Attended,2025-09-15 18:29:08,2025-10-07 18:29:08
15899,93,2168,Attended,2025-09-11 18:29:08,2025-10-07 18:29:08
15900,93,1224,Registered,2025-09-30 18:29:08,
15901,93,718,Registered,2025-09-07 18:29:08,
15902,93,1941,Attended,2025-10-03 18:29:08,2025-10-07 18:29:08
15903,93,2512,Attended,2025-09-03 18:29:08,2025-10-07 18:29:08
15904,93,1684,Attended,2025-09-24 18:29:08,2025-10-07 18:29:08
15905,93,3227,No Show,2025-09-08 18:29:08,
15906,93,2901,Attended,2025-08-25 18:29:08,2025-10-07 18:29:08
15907,93,1306,Attended,2025-10-02 18:29:08,2025-10-07 18:29:08
15908,93,2983,No Show,2025-09-10 18:29:08,
15909,93,2884,Attended,2025-09-27 18:29:08,2025-10-07 18:29:08
15910,93,2769,Attended,2025-09-17 18:29:08,2025-10-07 18:29:08
15911,93,1240,No Show,2025-09-08 18:29:08,
15912,93,1871,Cancelled,2025-09-18 18:29:08,
15913,93,3058,No Show,2025-09-17 18:29:08,
15914,93,2852,Registered,2025-08-26 18:29:08,
15915,93,1827,Registered,2025-09-13 18:29:08,
15916,93,383,Attended,2025-09-09 18:29:08,2025-10-07 18:29:08
15917,93,1668,Attended,2025-10-01 18:29:08,2025-10-07 18:29:08
15918,93,2666,Cancelled,2025-09-22 18:29:08,
15919,93,119,Attended,2025-09-25 18:29:08,2025-10-07 18:29:08
15920,93,697,Attended,2025-10-06 18:29:08,2025-10-07 18:29:08
15921,93,35,Attended,2025-10-04 18:29:08,2025-10-07 18:29:08
15922,93,1298,Registered,2025-08-26 18:29:08,
15923,93,463,Attended,2025-09-10 18:29:08,2025-10-07 18:29:08
15924,93,162,No Show,2025-09-28 18:29:08,
15925,93,766,Attended,2025-09-25 18:29:08,2025-10-07 18:29:08
15926,93,516,Attended,2025-09-08 18:29:08,2025-10-07 18:29:08
15927,93,189,Attended,2025-08-24 18:29:08,2025-10-07 18:29:08
15928,93,2382,Registered,2025-08-23 18:29:08,
15929,93,2568,No Show,2025-09-16 18:29:08,
15930,93,632,Attended,2025-09-29 18:29:08,2025-10-07 18:29:08
15931,93,1283,Attended,2025-09-26 18:29:08,2025-10-07 18:29:08
15932,93,2495,Attended,2025-08-26 18:29:08,2025-10-07 18:29:08
15933,93,328,Attended,2025-09-11 18:29:08,2025-10-07 18:29:08
15934,93,2167,Attended,2025-09-29 18:29:08,2025-10-07 18:29:08
15935,93,2188,Attended,2025-09-09 18:29:08,2025-10-07 18:29:08
15936,93,1166,Registered,2025-08-24 18:29:08,
15937,93,2124,Registered,2025-10-01 18:29:08,
15938,93,232,Attended,2025-09-01 18:29:08,2025-10-07 18:29:08
15939,93,2379,Attended,2025-08-26 18:29:08,2025-10-07 18:29:08
15940,93,1510,Cancelled,2025-09-24 18:29:08,
15941,93,2316,Attended,2025-09-21 18:29:08,2025-10-07 18:29:08
15942,93,531,Attended,2025-08-29 18:29:08,2025-10-07 18:29:08
15943,93,1369,Attended,2025-08-29 18:29:08,2025-10-07 18:29:08
15944,93,1321,Attended,2025-08-25 18:29:08,2025-10-07 18:29:08
15945,93,3005,No Show,2025-09-20 18:29:08,
15946,93,2964,Attended,2025-10-03 18:29:08,2025-10-07 18:29:08
15947,93,1133,Attended,2025-08-29 18:29:08,2025-10-07 18:29:08
15948,93,2362,Attended,2025-10-05 18:29:08,2025-10-07 18:29:08
15949,93,737,Cancelled,2025-09-22 18:29:08,
15950,93,764,Attended,2025-09-23 18:29:08,2025-10-07 18:29:08
15951,93,1679,Attended,2025-09-21 18:29:08,2025-10-07 18:29:08
15952,93,2453,No Show,2025-09-28 18:29:08,
15953,94,88,Attended,2022-04-19 13:02:37,2022-05-10 13:02:37
15954,94,439,Attended,2022-05-08 13:02:37,2022-05-10 13:02:37
15955,94,3044,No Show,2022-03-27 13:02:37,
15956,94,3066,Attended,2022-04-03 13:02:37,2022-05-10 13:02:37
15957,94,2203,No Show,2022-04-02 13:02:37,
15958,94,770,Attended,2022-04-25 13:02:37,2022-05-10 13:02:37
15959,94,2704,Attended,2022-04-01 13:02:37,2022-05-10 13:02:37
15960,94,2257,Attended,2022-04-07 13:02:37,2022-05-10 13:02:37
15961,94,1615,Attended,2022-04-03 13:02:37,2022-05-10 13:02:37
15962,94,2550,Attended,2022-04-23 13:02:37,2022-05-10 13:02:37
15963,94,2069,Attended,2022-04-29 13:02:37,2022-05-10 13:02:37
15964,94,2976,Attended,2022-04-28 13:02:37,2022-05-10 13:02:37
15965,94,2187,Attended,2022-03-29 13:02:37,2022-05-10 13:02:37
15966,94,35,Registered,2022-04-01 13:02:37,
15967,94,133,Registered,2022-04-11 13:02:37,
15968,94,544,Registered,2022-05-04 13:02:37,
15969,94,104,Attended,2022-05-05 13:02:37,2022-05-10 13:02:37
15970,94,2024,Attended,2022-04-12 13:02:37,2022-05-10 13:02:37
15971,94,2688,Attended,2022-04-01 13:02:37,2022-05-10 13:02:37
15972,94,1129,No Show,2022-04-22 13:02:37,
15973,94,1373,Attended,2022-05-09 13:02:37,2022-05-10 13:02:37
15974,94,2350,Attended,2022-03-31 13:02:37,2022-05-10 13:02:37
15975,94,2426,Attended,2022-03-30 13:02:37,2022-05-10 13:02:37
15976,94,192,Attended,2022-04-04 13:02:37,2022-05-10 13:02:37
15977,94,764,No Show,2022-04-05 13:02:37,
15978,94,316,No Show,2022-05-02 13:02:37,
15979,94,2364,Attended,2022-04-26 13:02:37,2022-05-10 13:02:37
15980,94,784,Registered,2022-04-26 13:02:37,
15981,94,266,Attended,2022-04-24 13:02:37,2022-05-10 13:02:37
15982,94,2805,Attended,2022-04-02 13:02:37,2022-05-10 13:02:37
15983,94,2484,Attended,2022-04-13 13:02:37,2022-05-10 13:02:37
15984,94,944,Attended,2022-05-07 13:02:37,2022-05-10 13:02:37
15985,94,749,Attended,2022-04-22 13:02:37,2022-05-10 13:02:37
15986,94,1016,Attended,2022-04-28 13:02:37,2022-05-10 13:02:37
15987,94,2754,Attended,2022-05-08 13:02:37,2022-05-10 13:02:37
15988,94,3110,Attended,2022-04-27 13:02:37,2022-05-10 13:02:37
15989,94,1733,Attended,2022-05-05 13:02:37,2022-05-10 13:02:37
15990,94,1265,Attended,2022-04-09 13:02:37,2022-05-10 13:02:37
15991,94,1040,No Show,2022-05-05 13:02:37,
15992,94,396,Attended,2022-04-10 13:02:37,2022-05-10 13:02:37
15993,94,2413,No Show,2022-03-27 13:02:37,
15994,94,599,Attended,2022-04-07 13:02:37,2022-05-10 13:02:37
15995,94,947,Registered,2022-04-25 13:02:37,
15996,94,164,No Show,2022-04-15 13:02:37,
15997,94,1960,Attended,2022-04-26 13:02:37,2022-05-10 13:02:37
15998,94,1359,Registered,2022-04-25 13:02:37,
15999,94,459,Attended,2022-03-30 13:02:37,2022-05-10 13:02:37
16000,94,3101,Registered,2022-03-26 13:02:37,
16001,94,1623,Registered,2022-04-09 13:02:37,
16002,94,1418,Attended,2022-04-12 13:02:37,2022-05-10 13:02:37
16003,94,2143,Attended,2022-05-08 13:02:37,2022-05-10 13:02:37
16004,94,1022,Attended,2022-05-05 13:02:37,2022-05-10 13:02:37
16005,94,2864,Attended,2022-03-30 13:02:37,2022-05-10 13:02:37
16006,94,1587,No Show,2022-05-09 13:02:37,
16007,94,1826,Attended,2022-04-25 13:02:37,2022-05-10 13:02:37
16008,94,1345,Registered,2022-04-01 13:02:37,
16009,94,140,Attended,2022-03-30 13:02:37,2022-05-10 13:02:37
16010,94,1690,Attended,2022-04-01 13:02:37,2022-05-10 13:02:37
16011,94,49,Attended,2022-04-26 13:02:37,2022-05-10 13:02:37
16012,94,3187,Attended,2022-04-06 13:02:37,2022-05-10 13:02:37
16013,94,669,Attended,2022-04-10 13:02:37,2022-05-10 13:02:37
16014,94,2916,No Show,2022-04-23 13:02:37,
16015,94,2253,Attended,2022-04-21 13:02:37,2022-05-10 13:02:37
16016,94,1236,Cancelled,2022-04-28 13:02:37,
16017,94,786,Registered,2022-05-05 13:02:37,
16018,94,2552,Cancelled,2022-03-27 13:02:37,
16019,94,2902,No Show,2022-04-24 13:02:37,
16020,94,1929,Attended,2022-03-27 13:02:37,2022-05-10 13:02:37
16021,94,2875,Attended,2022-04-06 13:02:37,2022-05-10 13:02:37
16022,94,1258,Attended,2022-04-18 13:02:37,2022-05-10 13:02:37
16023,94,2904,Cancelled,2022-04-29 13:02:37,
16024,94,1012,Registered,2022-05-01 13:02:37,
16025,94,3089,Attended,2022-04-13 13:02:37,2022-05-10 13:02:37
16026,94,2334,Attended,2022-04-04 13:02:37,2022-05-10 13:02:37
16027,94,566,Attended,2022-04-11 13:02:37,2022-05-10 13:02:37
16028,94,446,Attended,2022-04-16 13:02:37,2022-05-10 13:02:37
16029,94,3237,Attended,2022-04-05 13:02:37,2022-05-10 13:02:37
16030,94,974,No Show,2022-04-10 13:02:37,
16031,94,484,Attended,2022-04-24 13:02:37,2022-05-10 13:02:37
16032,94,189,Attended,2022-05-03 13:02:37,2022-05-10 13:02:37
16033,94,1184,Registered,2022-04-03 13:02:37,
16034,94,1737,Registered,2022-04-11 13:02:37,
16035,94,2410,No Show,2022-04-06 13:02:37,
16036,94,3088,Attended,2022-03-28 13:02:37,2022-05-10 13:02:37
16037,94,828,Registered,2022-04-27 13:02:37,
16038,94,454,Attended,2022-04-09 13:02:37,2022-05-10 13:02:37
16039,94,428,Attended,2022-05-02 13:02:37,2022-05-10 13:02:37
16040,94,283,Attended,2022-04-08 13:02:37,2022-05-10 13:02:37
16041,94,2979,Registered,2022-04-01 13:02:37,
16042,94,2601,Attended,2022-04-07 13:02:37,2022-05-10 13:02:37
16043,94,170,Attended,2022-04-28 13:02:37,2022-05-10 13:02:37
16044,94,2649,Attended,2022-04-10 13:02:37,2022-05-10 13:02:37
16045,94,3221,Attended,2022-05-04 13:02:37,2022-05-10 13:02:37
16046,94,2945,No Show,2022-04-23 13:02:37,
16047,94,1157,Attended,2022-04-11 13:02:37,2022-05-10 13:02:37
16048,94,421,Attended,2022-04-02 13:02:37,2022-05-10 13:02:37
16049,94,635,Attended,2022-05-06 13:02:37,2022-05-10 13:02:37
16050,94,2019,Attended,2022-05-06 13:02:37,2022-05-10 13:02:37
16051,94,433,Attended,2022-04-20 13:02:37,2022-05-10 13:02:37
16052,94,492,Attended,2022-04-08 13:02:37,2022-05-10 13:02:37
16053,94,1312,Registered,2022-04-29 13:02:37,
16054,94,199,Attended,2022-05-04 13:02:37,2022-05-10 13:02:37
16055,94,3165,Attended,2022-04-07 13:02:37,2022-05-10 13:02:37
16056,94,1335,Attended,2022-03-31 13:02:37,2022-05-10 13:02:37
16057,94,275,Attended,2022-04-10 13:02:37,2022-05-10 13:02:37
16058,94,1116,Attended,2022-04-09 13:02:37,2022-05-10 13:02:37
16059,94,1011,Attended,2022-04-13 13:02:37,2022-05-10 13:02:37
16060,94,1060,Attended,2022-04-13 13:02:37,2022-05-10 13:02:37
16061,94,1285,Attended,2022-04-01 13:02:37,2022-05-10 13:02:37
16062,94,2569,Attended,2022-04-07 13:02:37,2022-05-10 13:02:37
16063,94,1946,Attended,2022-04-22 13:02:37,2022-05-10 13:02:37
16064,94,542,Attended,2022-04-24 13:02:37,2022-05-10 13:02:37
16065,94,861,No Show,2022-05-05 13:02:37,
16066,94,93,Attended,2022-04-10 13:02:37,2022-05-10 13:02:37
16067,94,2653,Attended,2022-04-15 13:02:37,2022-05-10 13:02:37
16068,94,444,Attended,2022-05-05 13:02:37,2022-05-10 13:02:37
16069,94,2753,Attended,2022-04-02 13:02:37,2022-05-10 13:02:37
16070,94,3182,Registered,2022-04-08 13:02:37,
16071,94,3169,Attended,2022-04-26 13:02:37,2022-05-10 13:02:37
16072,94,632,Attended,2022-05-03 13:02:37,2022-05-10 13:02:37
16073,94,2749,Attended,2022-04-24 13:02:37,2022-05-10 13:02:37
16074,94,3117,Attended,2022-04-17 13:02:37,2022-05-10 13:02:37
16075,94,611,Attended,2022-04-02 13:02:37,2022-05-10 13:02:37
16076,94,721,Attended,2022-03-26 13:02:37,2022-05-10 13:02:37
16077,94,2528,Attended,2022-04-10 13:02:37,2022-05-10 13:02:37
16078,94,1298,Attended,2022-04-27 13:02:37,2022-05-10 13:02:37
16079,94,2962,Registered,2022-04-22 13:02:37,
16080,94,2341,Attended,2022-04-29 13:02:37,2022-05-10 13:02:37
16081,94,343,No Show,2022-05-04 13:02:37,
16082,94,1852,Attended,2022-04-27 13:02:37,2022-05-10 13:02:37
16083,94,570,Cancelled,2022-04-02 13:02:37,
16084,94,2415,Registered,2022-04-30 13:02:37,
16085,94,835,Registered,2022-04-23 13:02:37,
16086,94,1798,Attended,2022-04-12 13:02:37,2022-05-10 13:02:37
16087,94,1640,Attended,2022-05-07 13:02:37,2022-05-10 13:02:37
16088,94,434,Attended,2022-03-27 13:02:37,2022-05-10 13:02:37
16089,94,2718,Attended,2022-04-14 13:02:37,2022-05-10 13:02:37
16090,94,1364,No Show,2022-04-06 13:02:37,
16091,94,1259,Attended,2022-05-08 13:02:37,2022-05-10 13:02:37
16092,94,2347,Attended,2022-05-06 13:02:37,2022-05-10 13:02:37
16093,94,292,Attended,2022-04-10 13:02:37,2022-05-10 13:02:37
16094,94,2818,Attended,2022-04-19 13:02:37,2022-05-10 13:02:37
16095,94,741,Attended,2022-05-08 13:02:37,2022-05-10 13:02:37
16096,94,1760,Attended,2022-04-15 13:02:37,2022-05-10 13:02:37
16097,94,2732,Registered,2022-04-20 13:02:37,
16098,94,1890,No Show,2022-04-21 13:02:37,
16099,94,2339,Attended,2022-03-27 13:02:37,2022-05-10 13:02:37
16100,94,1610,Attended,2022-04-06 13:02:37,2022-05-10 13:02:37
16101,94,2810,Attended,2022-04-25 13:02:37,2022-05-10 13:02:37
16102,94,109,Attended,2022-04-23 13:02:37,2022-05-10 13:02:37
16103,94,1721,Attended,2022-05-08 13:02:37,2022-05-10 13:02:37
16104,94,2794,Registered,2022-04-11 13:02:37,
16105,94,2157,Attended,2022-04-21 13:02:37,2022-05-10 13:02:37
16106,94,2060,No Show,2022-04-29 13:02:37,
16107,94,1223,Attended,2022-04-02 13:02:37,2022-05-10 13:02:37
16108,94,303,Attended,2022-04-11 13:02:37,2022-05-10 13:02:37
16109,94,2903,Registered,2022-04-05 13:02:37,
16110,94,2846,Attended,2022-05-03 13:02:37,2022-05-10 13:02:37
16111,94,1694,Attended,2022-04-17 13:02:37,2022-05-10 13:02:37
16112,94,2360,Attended,2022-05-07 13:02:37,2022-05-10 13:02:37
16113,94,2855,Registered,2022-04-02 13:02:37,
16114,94,1044,Registered,2022-03-26 13:02:37,
16115,94,3240,No Show,2022-05-09 13:02:37,
16116,94,2441,Attended,2022-04-22 13:02:37,2022-05-10 13:02:37
16117,94,964,Attended,2022-04-03 13:02:37,2022-05-10 13:02:37
16118,94,1413,Attended,2022-04-14 13:02:37,2022-05-10 13:02:37
16119,94,106,Attended,2022-04-22 13:02:37,2022-05-10 13:02:37
16120,94,1338,Attended,2022-04-09 13:02:37,2022-05-10 13:02:37
16121,94,3025,No Show,2022-04-21 13:02:37,
16122,94,2121,No Show,2022-04-07 13:02:37,
16123,94,187,No Show,2022-03-27 13:02:37,
16124,94,1112,Attended,2022-04-25 13:02:37,2022-05-10 13:02:37
16125,94,2867,Attended,2022-03-30 13:02:37,2022-05-10 13:02:37
16126,94,324,Attended,2022-05-06 13:02:37,2022-05-10 13:02:37
16127,94,1603,Cancelled,2022-04-14 13:02:37,
16128,94,2381,Attended,2022-04-14 13:02:37,2022-05-10 13:02:37
16129,94,2448,Attended,2022-05-03 13:02:37,2022-05-10 13:02:37
16130,94,1925,Attended,2022-05-05 13:02:37,2022-05-10 13:02:37
16131,94,2620,Attended,2022-04-06 13:02:37,2022-05-10 13:02:37
16132,94,1800,Attended,2022-04-22 13:02:37,2022-05-10 13:02:37
16133,94,1205,Attended,2022-04-04 13:02:37,2022-05-10 13:02:37
16134,95,696,Cancelled,2026-01-17 04:59:21,
16135,95,2337,Attended,2025-12-23 04:59:21,2026-02-02 04:59:21
16136,95,2435,Attended,2026-01-11 04:59:21,2026-02-02 04:59:21
16137,95,2823,Attended,2026-01-08 04:59:21,2026-02-02 04:59:21
16138,95,1754,Attended,2025-12-20 04:59:21,2026-02-02 04:59:21
16139,95,1706,Registered,2026-01-23 04:59:21,
16140,95,1867,Attended,2026-01-19 04:59:21,2026-02-02 04:59:21
16141,95,1383,Attended,2025-12-23 04:59:21,2026-02-02 04:59:21
16142,95,188,Attended,2026-01-27 04:59:21,2026-02-02 04:59:21
16143,95,2995,Attended,2026-01-31 04:59:21,2026-02-02 04:59:21
16144,95,630,No Show,2026-01-02 04:59:21,
16145,95,650,Attended,2026-01-20 04:59:21,2026-02-02 04:59:21
16146,95,3151,Attended,2025-12-24 04:59:21,2026-02-02 04:59:21
16147,95,321,Attended,2025-12-29 04:59:21,2026-02-02 04:59:21
16148,95,1511,Attended,2026-01-30 04:59:21,2026-02-02 04:59:21
16149,95,2353,No Show,2025-12-28 04:59:21,
16150,95,2735,No Show,2026-01-21 04:59:21,
16151,95,2601,Attended,2025-12-31 04:59:21,2026-02-02 04:59:21
16152,95,1819,No Show,2026-01-07 04:59:21,
16153,95,2361,Attended,2026-01-27 04:59:21,2026-02-02 04:59:21
16154,95,1339,Registered,2026-01-19 04:59:21,
16155,95,196,Attended,2026-01-22 04:59:21,2026-02-02 04:59:21
16156,95,1520,No Show,2026-01-23 04:59:21,
16157,95,1292,Attended,2025-12-22 04:59:21,2026-02-02 04:59:21
16158,95,460,Registered,2025-12-25 04:59:21,
16159,95,1241,Registered,2025-12-22 04:59:21,
16160,95,1419,No Show,2025-12-23 04:59:21,
16161,95,1409,Cancelled,2026-01-28 04:59:21,
16162,95,427,Registered,2026-01-13 04:59:21,
16163,95,1448,Registered,2025-12-24 04:59:21,
16164,95,2346,Attended,2025-12-24 04:59:21,2026-02-02 04:59:21
16165,95,3252,Registered,2026-01-13 04:59:21,
16166,95,2754,Attended,2026-01-18 04:59:21,2026-02-02 04:59:21
16167,95,2540,Attended,2026-01-28 04:59:21,2026-02-02 04:59:21
16168,95,2611,Registered,2025-12-26 04:59:21,
16169,95,332,Attended,2026-01-19 04:59:21,2026-02-02 04:59:21
16170,95,1762,No Show,2025-12-21 04:59:21,
16171,95,438,Attended,2026-01-10 04:59:21,2026-02-02 04:59:21
16172,95,1086,Registered,2025-12-22 04:59:21,
16173,95,2255,Attended,2026-01-11 04:59:21,2026-02-02 04:59:21
16174,95,65,No Show,2026-01-23 04:59:21,
16175,95,1384,Attended,2026-01-07 04:59:21,2026-02-02 04:59:21
16176,95,3146,Attended,2025-12-25 04:59:21,2026-02-02 04:59:21
16177,95,2556,Attended,2026-01-14 04:59:21,2026-02-02 04:59:21
16178,95,238,Cancelled,2025-12-19 04:59:21,
16179,95,244,Attended,2026-01-06 04:59:21,2026-02-02 04:59:21
16180,95,2373,Attended,2026-01-02 04:59:21,2026-02-02 04:59:21
16181,95,1934,Registered,2026-01-18 04:59:21,
16182,95,1238,Attended,2026-01-22 04:59:21,2026-02-02 04:59:21
16183,95,2528,Attended,2026-01-24 04:59:21,2026-02-02 04:59:21
16184,95,2731,Attended,2025-12-20 04:59:21,2026-02-02 04:59:21
16185,95,2311,Attended,2026-01-15 04:59:21,2026-02-02 04:59:21
16186,95,2977,No Show,2026-01-14 04:59:21,
16187,95,983,No Show,2026-01-30 04:59:21,
16188,95,2740,Attended,2025-12-25 04:59:21,2026-02-02 04:59:21
16189,95,2165,Attended,2025-12-19 04:59:21,2026-02-02 04:59:21
16190,95,2607,Registered,2026-01-03 04:59:21,
16191,95,791,Attended,2026-01-07 04:59:21,2026-02-02 04:59:21
16192,95,533,Attended,2026-01-26 04:59:21,2026-02-02 04:59:21
16193,95,2452,No Show,2025-12-26 04:59:21,
16194,95,2410,Attended,2026-01-05 04:59:21,2026-02-02 04:59:21
16195,95,1070,No Show,2026-01-31 04:59:21,
16196,95,2476,Attended,2026-01-12 04:59:21,2026-02-02 04:59:21
16197,95,1037,Attended,2026-01-31 04:59:21,2026-02-02 04:59:21
16198,95,2924,No Show,2026-01-04 04:59:21,
16199,95,2893,No Show,2026-01-31 04:59:21,
16200,95,2596,Attended,2026-01-27 04:59:21,2026-02-02 04:59:21
16201,95,2564,Attended,2026-01-13 04:59:21,2026-02-02 04:59:21
16202,95,29,No Show,2026-01-24 04:59:21,
16203,95,809,Attended,2026-01-06 04:59:21,2026-02-02 04:59:21
16204,95,1985,No Show,2025-12-30 04:59:21,
16205,95,1650,Attended,2026-01-07 04:59:21,2026-02-02 04:59:21
16206,95,2719,Attended,2026-01-10 04:59:21,2026-02-02 04:59:21
16207,95,2451,Attended,2026-01-06 04:59:21,2026-02-02 04:59:21
16208,95,1435,Attended,2026-01-24 04:59:21,2026-02-02 04:59:21
16209,95,443,Attended,2026-01-26 04:59:21,2026-02-02 04:59:21
16210,95,239,Attended,2026-01-17 04:59:21,2026-02-02 04:59:21
16211,95,311,Attended,2025-12-31 04:59:21,2026-02-02 04:59:21
16212,95,717,Attended,2026-01-23 04:59:21,2026-02-02 04:59:21
16213,95,347,Attended,2026-01-21 04:59:21,2026-02-02 04:59:21
16214,95,1386,Attended,2025-12-29 04:59:21,2026-02-02 04:59:21
16215,95,277,Registered,2026-01-27 04:59:21,
16216,95,2026,Attended,2026-01-17 04:59:21,2026-02-02 04:59:21
16217,95,216,Attended,2026-01-28 04:59:21,2026-02-02 04:59:21
16218,95,81,Attended,2026-01-02 04:59:21,2026-02-02 04:59:21
16219,95,2007,Registered,2025-12-22 04:59:21,
16220,95,2116,Registered,2026-01-16 04:59:21,
16221,95,937,Registered,2026-01-22 04:59:21,
16222,95,3063,Attended,2026-01-19 04:59:21,2026-02-02 04:59:21
16223,95,1968,Cancelled,2026-01-14 04:59:21,
16224,95,733,No Show,2025-12-23 04:59:21,
16225,95,1575,Attended,2026-01-03 04:59:21,2026-02-02 04:59:21
16226,95,2088,No Show,2026-01-19 04:59:21,
16227,95,797,No Show,2025-12-29 04:59:21,
16228,95,2701,Registered,2026-01-15 04:59:21,
16229,95,151,Attended,2026-01-06 04:59:21,2026-02-02 04:59:21
16230,95,468,Attended,2026-01-29 04:59:21,2026-02-02 04:59:21
16231,95,2395,Attended,2026-01-25 04:59:21,2026-02-02 04:59:21
16232,95,2964,Attended,2026-01-07 04:59:21,2026-02-02 04:59:21
16233,95,341,Attended,2026-01-25 04:59:21,2026-02-02 04:59:21
16234,95,749,Attended,2026-01-13 04:59:21,2026-02-02 04:59:21
16235,95,1348,Attended,2026-01-09 04:59:21,2026-02-02 04:59:21
16236,95,2636,Attended,2025-12-28 04:59:21,2026-02-02 04:59:21
16237,95,977,Attended,2025-12-30 04:59:21,2026-02-02 04:59:21
16238,95,1865,No Show,2026-01-08 04:59:21,
16239,95,958,Registered,2026-01-29 04:59:21,
16240,95,2777,Attended,2026-01-21 04:59:21,2026-02-02 04:59:21
16241,95,2203,No Show,2025-12-30 04:59:21,
16242,95,2727,Cancelled,2025-12-30 04:59:21,
16243,95,282,Cancelled,2026-01-28 04:59:21,
16244,95,242,Attended,2026-01-04 04:59:21,2026-02-02 04:59:21
16245,95,374,Attended,2026-01-03 04:59:21,2026-02-02 04:59:21
16246,95,546,Registered,2026-01-13 04:59:21,
16247,95,1132,No Show,2026-01-30 04:59:21,
16248,95,2224,Attended,2026-01-30 04:59:21,2026-02-02 04:59:21
16249,95,191,Attended,2026-01-02 04:59:21,2026-02-02 04:59:21
16250,95,636,Registered,2026-01-31 04:59:21,
16251,95,2527,Registered,2026-01-22 04:59:21,
16252,95,802,Registered,2026-01-01 04:59:21,
16253,95,2253,Attended,2025-12-26 04:59:21,2026-02-02 04:59:21
16254,95,322,No Show,2026-01-20 04:59:21,
16255,95,3251,Attended,2026-01-30 04:59:21,2026-02-02 04:59:21
16256,95,495,Cancelled,2026-01-25 04:59:21,
16257,95,1724,Attended,2026-01-10 04:59:21,2026-02-02 04:59:21
16258,95,1784,Attended,2026-01-01 04:59:21,2026-02-02 04:59:21
16259,95,1117,No Show,2026-02-01 04:59:21,
16260,95,2629,Attended,2025-12-25 04:59:21,2026-02-02 04:59:21
16261,95,2535,No Show,2025-12-24 04:59:21,
16262,95,368,Attended,2025-12-21 04:59:21,2026-02-02 04:59:21
16263,95,1366,Attended,2026-01-17 04:59:21,2026-02-02 04:59:21
16264,95,2303,Attended,2026-01-22 04:59:21,2026-02-02 04:59:21
16265,95,2243,Registered,2025-12-21 04:59:21,
16266,95,2546,Attended,2025-12-24 04:59:21,2026-02-02 04:59:21
16267,95,2377,Attended,2026-01-21 04:59:21,2026-02-02 04:59:21
16268,95,819,Attended,2026-01-07 04:59:21,2026-02-02 04:59:21
16269,95,1871,Attended,2025-12-20 04:59:21,2026-02-02 04:59:21
16270,95,512,Attended,2025-12-26 04:59:21,2026-02-02 04:59:21
16271,95,898,No Show,2025-12-24 04:59:21,
16272,95,1460,Registered,2026-01-28 04:59:21,
16273,95,3008,Attended,2026-01-16 04:59:21,2026-02-02 04:59:21
16274,95,751,Attended,2025-12-20 04:59:21,2026-02-02 04:59:21
16275,95,2720,Attended,2026-01-10 04:59:21,2026-02-02 04:59:21
16276,95,353,Attended,2026-01-08 04:59:21,2026-02-02 04:59:21
16277,95,1772,No Show,2026-01-15 04:59:21,
16278,95,497,Registered,2026-01-25 04:59:21,
16279,95,3104,No Show,2025-12-31 04:59:21,
16280,95,2537,Attended,2025-12-26 04:59:21,2026-02-02 04:59:21
16281,95,716,Attended,2026-01-19 04:59:21,2026-02-02 04:59:21
16282,95,966,Attended,2026-01-04 04:59:21,2026-02-02 04:59:21
16283,95,2897,Attended,2026-01-17 04:59:21,2026-02-02 04:59:21
16284,95,790,Attended,2025-12-20 04:59:21,2026-02-02 04:59:21
16285,95,978,Attended,2026-01-19 04:59:21,2026-02-02 04:59:21
16286,96,2271,Registered,2023-03-04 03:20:50,
16287,96,2551,Attended,2023-02-14 03:20:50,2023-03-27 03:20:50
16288,96,1229,Attended,2023-02-26 03:20:50,2023-03-27 03:20:50
16289,96,3134,Attended,2023-02-21 03:20:50,2023-03-27 03:20:50
16290,96,1089,Attended,2023-03-20 03:20:50,2023-03-27 03:20:50
16291,96,974,Cancelled,2023-03-20 03:20:50,
16292,96,466,Registered,2023-03-13 03:20:50,
16293,96,712,No Show,2023-02-14 03:20:50,
16294,96,2997,Attended,2023-02-13 03:20:50,2023-03-27 03:20:50
16295,96,721,Attended,2023-03-20 03:20:50,2023-03-27 03:20:50
16296,96,1574,Attended,2023-03-04 03:20:50,2023-03-27 03:20:50
16297,96,2242,Registered,2023-03-18 03:20:50,
16298,96,2184,No Show,2023-03-12 03:20:50,
16299,96,2944,Registered,2023-03-07 03:20:50,
16300,96,227,Cancelled,2023-03-25 03:20:50,
16301,96,1249,Attended,2023-03-14 03:20:50,2023-03-27 03:20:50
16302,96,2025,Registered,2023-03-02 03:20:50,
16303,96,1121,Attended,2023-02-16 03:20:50,2023-03-27 03:20:50
16304,96,95,Cancelled,2023-03-05 03:20:50,
16305,96,2847,Attended,2023-03-23 03:20:50,2023-03-27 03:20:50
16306,96,769,Attended,2023-02-28 03:20:50,2023-03-27 03:20:50
16307,96,307,Attended,2023-03-15 03:20:50,2023-03-27 03:20:50
16308,96,2431,Attended,2023-02-10 03:20:50,2023-03-27 03:20:50
16309,96,783,Registered,2023-03-09 03:20:50,
16310,96,3136,Attended,2023-02-25 03:20:50,2023-03-27 03:20:50
16311,96,1114,No Show,2023-03-01 03:20:50,
16312,96,2300,Attended,2023-02-26 03:20:50,2023-03-27 03:20:50
16313,96,2026,Attended,2023-02-15 03:20:50,2023-03-27 03:20:50
16314,96,961,Registered,2023-02-11 03:20:50,
16315,96,2185,Attended,2023-03-18 03:20:50,2023-03-27 03:20:50
16316,96,28,Attended,2023-03-02 03:20:50,2023-03-27 03:20:50
16317,96,2008,Attended,2023-02-22 03:20:50,2023-03-27 03:20:50
16318,96,186,Attended,2023-02-24 03:20:50,2023-03-27 03:20:50
16319,96,2135,Attended,2023-02-27 03:20:50,2023-03-27 03:20:50
16320,96,703,Attended,2023-03-01 03:20:50,2023-03-27 03:20:50
16321,96,2160,Attended,2023-03-23 03:20:50,2023-03-27 03:20:50
16322,96,913,Registered,2023-03-05 03:20:50,
16323,96,142,Attended,2023-02-23 03:20:50,2023-03-27 03:20:50
16324,96,151,Attended,2023-02-28 03:20:50,2023-03-27 03:20:50
16325,96,1138,Attended,2023-02-16 03:20:50,2023-03-27 03:20:50
16326,96,1852,Attended,2023-03-13 03:20:50,2023-03-27 03:20:50
16327,96,987,Registered,2023-03-21 03:20:50,
16328,96,306,Registered,2023-03-02 03:20:50,
16329,96,2750,Attended,2023-02-25 03:20:50,2023-03-27 03:20:50
16330,96,2429,No Show,2023-03-14 03:20:50,
16331,96,338,Attended,2023-02-25 03:20:50,2023-03-27 03:20:50
16332,96,188,Attended,2023-02-15 03:20:50,2023-03-27 03:20:50
16333,96,2170,Cancelled,2023-02-25 03:20:50,
16334,96,1104,Attended,2023-03-23 03:20:50,2023-03-27 03:20:50
16335,96,2088,Attended,2023-03-13 03:20:50,2023-03-27 03:20:50
16336,96,866,Attended,2023-02-18 03:20:50,2023-03-27 03:20:50
16337,96,2441,Attended,2023-03-06 03:20:50,2023-03-27 03:20:50
16338,96,350,Registered,2023-03-18 03:20:50,
16339,96,2571,Registered,2023-03-17 03:20:50,
16340,96,1522,Attended,2023-02-28 03:20:50,2023-03-27 03:20:50
16341,96,2687,Attended,2023-03-16 03:20:50,2023-03-27 03:20:50
16342,96,2788,Attended,2023-02-12 03:20:50,2023-03-27 03:20:50
16343,96,1425,Registered,2023-02-17 03:20:50,
16344,96,1491,No Show,2023-03-14 03:20:50,
16345,96,1422,Attended,2023-02-12 03:20:50,2023-03-27 03:20:50
16346,96,1373,Registered,2023-03-23 03:20:50,
16347,96,256,Registered,2023-02-17 03:20:50,
16348,96,2918,Attended,2023-02-25 03:20:50,2023-03-27 03:20:50
16349,96,109,Attended,2023-03-01 03:20:50,2023-03-27 03:20:50
16350,96,1622,Attended,2023-02-21 03:20:50,2023-03-27 03:20:50
16351,96,1961,Attended,2023-02-23 03:20:50,2023-03-27 03:20:50
16352,96,1745,Attended,2023-03-07 03:20:50,2023-03-27 03:20:50
16353,96,1211,Cancelled,2023-03-26 03:20:50,
16354,96,2502,No Show,2023-03-12 03:20:50,
16355,96,1959,Attended,2023-02-16 03:20:50,2023-03-27 03:20:50
16356,96,812,Attended,2023-02-14 03:20:50,2023-03-27 03:20:50
16357,96,2460,Attended,2023-02-10 03:20:50,2023-03-27 03:20:50
16358,96,1134,Attended,2023-03-25 03:20:50,2023-03-27 03:20:50
16359,96,514,Attended,2023-03-14 03:20:50,2023-03-27 03:20:50
16360,96,2461,No Show,2023-03-13 03:20:50,
16361,96,433,Attended,2023-02-16 03:20:50,2023-03-27 03:20:50
16362,96,387,Attended,2023-03-19 03:20:50,2023-03-27 03:20:50
16363,96,1754,Attended,2023-03-23 03:20:50,2023-03-27 03:20:50
16364,96,1630,No Show,2023-02-19 03:20:50,
16365,96,2568,Attended,2023-02-27 03:20:50,2023-03-27 03:20:50
16366,96,358,Attended,2023-02-11 03:20:50,2023-03-27 03:20:50
16367,96,172,Attended,2023-03-03 03:20:50,2023-03-27 03:20:50
16368,96,2062,Attended,2023-03-15 03:20:50,2023-03-27 03:20:50
16369,96,2221,Attended,2023-02-27 03:20:50,2023-03-27 03:20:50
16370,96,405,Registered,2023-03-14 03:20:50,
16371,96,510,Registered,2023-02-24 03:20:50,
16372,96,456,No Show,2023-02-26 03:20:50,
16373,96,2328,No Show,2023-03-13 03:20:50,
16374,96,1528,Attended,2023-03-16 03:20:50,2023-03-27 03:20:50
16375,96,2243,Attended,2023-02-14 03:20:50,2023-03-27 03:20:50
16376,96,2978,Registered,2023-03-23 03:20:50,
16377,96,953,No Show,2023-03-15 03:20:50,
16378,96,406,Attended,2023-02-10 03:20:50,2023-03-27 03:20:50
16379,96,1291,Attended,2023-02-16 03:20:50,2023-03-27 03:20:50
16380,96,2968,No Show,2023-03-11 03:20:50,
16381,96,869,Attended,2023-02-28 03:20:50,2023-03-27 03:20:50
16382,96,1573,Cancelled,2023-02-20 03:20:50,
16383,96,2518,Attended,2023-03-15 03:20:50,2023-03-27 03:20:50
16384,96,2417,Attended,2023-02-26 03:20:50,2023-03-27 03:20:50
16385,96,591,No Show,2023-03-18 03:20:50,
16386,96,2244,Attended,2023-03-05 03:20:50,2023-03-27 03:20:50
16387,96,804,Attended,2023-02-22 03:20:50,2023-03-27 03:20:50
16388,96,816,Attended,2023-03-08 03:20:50,2023-03-27 03:20:50
16389,96,40,Attended,2023-03-13 03:20:50,2023-03-27 03:20:50
16390,96,2605,Attended,2023-02-10 03:20:50,2023-03-27 03:20:50
16391,96,162,Attended,2023-02-22 03:20:50,2023-03-27 03:20:50
16392,96,2001,Registered,2023-03-03 03:20:50,
16393,96,2020,Cancelled,2023-03-16 03:20:50,
16394,96,1306,Attended,2023-02-17 03:20:50,2023-03-27 03:20:50
16395,96,534,Attended,2023-03-08 03:20:50,2023-03-27 03:20:50
16396,96,94,Attended,2023-02-27 03:20:50,2023-03-27 03:20:50
16397,96,1824,Attended,2023-03-07 03:20:50,2023-03-27 03:20:50
16398,96,3114,Cancelled,2023-02-12 03:20:50,
16399,96,2443,Attended,2023-03-18 03:20:50,2023-03-27 03:20:50
16400,96,1993,Registered,2023-03-12 03:20:50,
16401,96,3135,Attended,2023-03-09 03:20:50,2023-03-27 03:20:50
16402,96,1757,No Show,2023-03-12 03:20:50,
16403,96,480,Attended,2023-03-05 03:20:50,2023-03-27 03:20:50
16404,96,1886,Attended,2023-02-20 03:20:50,2023-03-27 03:20:50
16405,96,1152,Registered,2023-02-26 03:20:50,
16406,96,2176,Registered,2023-03-20 03:20:50,
16407,96,1530,Attended,2023-02-22 03:20:50,2023-03-27 03:20:50
16408,96,2164,Cancelled,2023-02-20 03:20:50,
16409,96,364,Attended,2023-02-17 03:20:50,2023-03-27 03:20:50
16410,96,1638,No Show,2023-03-10 03:20:50,
16411,96,146,Attended,2023-03-09 03:20:50,2023-03-27 03:20:50
16412,96,2852,Attended,2023-02-17 03:20:50,2023-03-27 03:20:50
16413,96,2418,Registered,2023-03-24 03:20:50,
16414,96,1140,Cancelled,2023-02-24 03:20:50,
16415,96,2604,Attended,2023-02-11 03:20:50,2023-03-27 03:20:50
16416,96,2761,Attended,2023-02-25 03:20:50,2023-03-27 03:20:50
16417,96,2577,Attended,2023-03-23 03:20:50,2023-03-27 03:20:50
16418,96,2067,Attended,2023-02-27 03:20:50,2023-03-27 03:20:50
16419,96,319,Attended,2023-03-26 03:20:50,2023-03-27 03:20:50
16420,96,1755,No Show,2023-03-12 03:20:50,
16421,96,1350,Registered,2023-03-05 03:20:50,
16422,96,1253,No Show,2023-03-07 03:20:50,
16423,96,1892,No Show,2023-03-13 03:20:50,
16424,96,605,No Show,2023-03-02 03:20:50,
16425,96,3196,No Show,2023-02-21 03:20:50,
16426,96,3238,Attended,2023-02-22 03:20:50,2023-03-27 03:20:50
16427,96,1787,Attended,2023-03-02 03:20:50,2023-03-27 03:20:50
16428,96,2976,Attended,2023-03-20 03:20:50,2023-03-27 03:20:50
16429,96,1765,Registered,2023-03-18 03:20:50,
16430,96,704,Attended,2023-02-24 03:20:50,2023-03-27 03:20:50
16431,96,2516,Registered,2023-03-20 03:20:50,
16432,96,2863,Attended,2023-03-20 03:20:50,2023-03-27 03:20:50
16433,96,986,Registered,2023-02-26 03:20:50,
16434,96,2253,Cancelled,2023-02-14 03:20:50,
16435,96,1962,Attended,2023-03-23 03:20:50,2023-03-27 03:20:50
16436,96,1048,Attended,2023-03-21 03:20:50,2023-03-27 03:20:50
16437,96,1902,No Show,2023-03-23 03:20:50,
16438,96,3252,Attended,2023-02-28 03:20:50,2023-03-27 03:20:50
16439,96,46,Registered,2023-03-16 03:20:50,
16440,96,292,Attended,2023-03-16 03:20:50,2023-03-27 03:20:50
16441,96,1710,Attended,2023-02-21 03:20:50,2023-03-27 03:20:50
16442,96,282,Registered,2023-03-13 03:20:50,
16443,96,1182,Attended,2023-03-12 03:20:50,2023-03-27 03:20:50
16444,96,3125,Attended,2023-02-24 03:20:50,2023-03-27 03:20:50
16445,96,3000,Attended,2023-03-08 03:20:50,2023-03-27 03:20:50
16446,96,977,Attended,2023-03-07 03:20:50,2023-03-27 03:20:50
16447,96,1453,No Show,2023-02-13 03:20:50,
16448,96,1307,Attended,2023-03-05 03:20:50,2023-03-27 03:20:50
16449,96,1099,Attended,2023-02-11 03:20:50,2023-03-27 03:20:50
16450,96,1234,Attended,2023-03-22 03:20:50,2023-03-27 03:20:50
16451,96,1023,Attended,2023-02-27 03:20:50,2023-03-27 03:20:50
16452,96,585,Registered,2023-02-27 03:20:50,
16453,96,937,Attended,2023-03-22 03:20:50,2023-03-27 03:20:50
16454,96,955,Attended,2023-02-23 03:20:50,2023-03-27 03:20:50
16455,96,1434,Attended,2023-03-05 03:20:50,2023-03-27 03:20:50
16456,96,1932,No Show,2023-02-17 03:20:50,
16457,96,853,Attended,2023-03-23 03:20:50,2023-03-27 03:20:50
16458,96,2422,Cancelled,2023-03-12 03:20:50,
16459,96,768,Attended,2023-03-07 03:20:50,2023-03-27 03:20:50
16460,96,1005,Attended,2023-02-12 03:20:50,2023-03-27 03:20:50
16461,96,354,Attended,2023-03-25 03:20:50,2023-03-27 03:20:50
16462,96,971,Registered,2023-02-23 03:20:50,
16463,96,873,Cancelled,2023-02-17 03:20:50,
16464,96,340,Registered,2023-03-18 03:20:50,
16465,96,2179,Attended,2023-03-06 03:20:50,2023-03-27 03:20:50
16466,96,2586,Registered,2023-03-07 03:20:50,
16467,96,1690,Registered,2023-03-03 03:20:50,
16468,96,418,Attended,2023-03-18 03:20:50,2023-03-27 03:20:50
16469,96,2247,Registered,2023-03-06 03:20:50,
16470,96,2675,Attended,2023-02-21 03:20:50,2023-03-27 03:20:50
16471,96,1032,Cancelled,2023-03-10 03:20:50,
16472,97,1311,No Show,2023-12-03 17:43:56,
16473,97,1057,Attended,2023-11-29 17:43:56,2023-12-23 17:43:56
16474,97,1278,Attended,2023-12-02 17:43:56,2023-12-23 17:43:56
16475,97,2519,Attended,2023-12-07 17:43:56,2023-12-23 17:43:56
16476,97,917,Attended,2023-12-16 17:43:56,2023-12-23 17:43:56
16477,97,2058,Attended,2023-12-20 17:43:56,2023-12-23 17:43:56
16478,97,2012,Attended,2023-12-16 17:43:56,2023-12-23 17:43:56
16479,97,2416,Cancelled,2023-11-23 17:43:56,
16480,97,3065,Attended,2023-12-06 17:43:56,2023-12-23 17:43:56
16481,97,305,Attended,2023-12-17 17:43:56,2023-12-23 17:43:56
16482,97,413,Registered,2023-11-11 17:43:56,
16483,97,868,Attended,2023-11-30 17:43:56,2023-12-23 17:43:56
16484,97,2686,Registered,2023-12-21 17:43:56,
16485,97,283,No Show,2023-11-08 17:43:56,
16486,97,126,Attended,2023-12-06 17:43:56,2023-12-23 17:43:56
16487,97,2971,Registered,2023-11-10 17:43:56,
16488,97,2374,Attended,2023-12-09 17:43:56,2023-12-23 17:43:56
16489,97,3160,Cancelled,2023-11-20 17:43:56,
16490,97,3013,Attended,2023-11-14 17:43:56,2023-12-23 17:43:56
16491,97,2751,No Show,2023-12-14 17:43:56,
16492,97,2926,Attended,2023-11-23 17:43:56,2023-12-23 17:43:56
16493,97,3158,Attended,2023-12-08 17:43:56,2023-12-23 17:43:56
16494,97,891,Cancelled,2023-12-15 17:43:56,
16495,97,1427,Cancelled,2023-11-21 17:43:56,
16496,97,2765,Attended,2023-11-23 17:43:56,2023-12-23 17:43:56
16497,97,2138,Attended,2023-12-12 17:43:56,2023-12-23 17:43:56
16498,97,2722,Attended,2023-11-13 17:43:56,2023-12-23 17:43:56
16499,97,1869,Registered,2023-11-20 17:43:56,
16500,97,2515,No Show,2023-11-24 17:43:56,
16501,97,1836,No Show,2023-12-21 17:43:56,
16502,97,1198,Attended,2023-12-08 17:43:56,2023-12-23 17:43:56
16503,97,156,Registered,2023-11-23 17:43:56,
16504,97,642,No Show,2023-11-30 17:43:56,
16505,97,317,No Show,2023-12-04 17:43:56,
16506,97,2521,Cancelled,2023-12-16 17:43:56,
16507,97,2867,Attended,2023-11-19 17:43:56,2023-12-23 17:43:56
16508,97,2064,Attended,2023-12-15 17:43:56,2023-12-23 17:43:56
16509,97,2444,Attended,2023-12-14 17:43:56,2023-12-23 17:43:56
16510,97,350,Attended,2023-12-17 17:43:56,2023-12-23 17:43:56
16511,97,2002,Attended,2023-11-22 17:43:56,2023-12-23 17:43:56
16512,97,1399,Attended,2023-12-12 17:43:56,2023-12-23 17:43:56
16513,97,2715,Attended,2023-11-24 17:43:56,2023-12-23 17:43:56
16514,97,3108,Attended,2023-12-08 17:43:56,2023-12-23 17:43:56
16515,97,2448,Attended,2023-11-13 17:43:56,2023-12-23 17:43:56
16516,97,254,No Show,2023-11-20 17:43:56,
16517,97,1609,Attended,2023-11-24 17:43:56,2023-12-23 17:43:56
16518,97,226,Attended,2023-11-12 17:43:56,2023-12-23 17:43:56
16519,97,1279,Attended,2023-11-17 17:43:56,2023-12-23 17:43:56
16520,97,1761,Attended,2023-12-07 17:43:56,2023-12-23 17:43:56
16521,97,197,Attended,2023-12-03 17:43:56,2023-12-23 17:43:56
16522,97,2150,Attended,2023-12-18 17:43:56,2023-12-23 17:43:56
16523,97,2160,Registered,2023-12-16 17:43:56,
16524,97,2148,Attended,2023-11-19 17:43:56,2023-12-23 17:43:56
16525,97,313,No Show,2023-11-19 17:43:56,
16526,97,3047,Attended,2023-11-22 17:43:56,2023-12-23 17:43:56
16527,97,119,Attended,2023-11-18 17:43:56,2023-12-23 17:43:56
16528,97,2756,Attended,2023-11-14 17:43:56,2023-12-23 17:43:56
16529,97,2171,Attended,2023-12-10 17:43:56,2023-12-23 17:43:56
16530,97,1044,Attended,2023-12-09 17:43:56,2023-12-23 17:43:56
16531,97,2203,No Show,2023-11-30 17:43:56,
16532,97,91,Attended,2023-12-21 17:43:56,2023-12-23 17:43:56
16533,97,614,Attended,2023-11-14 17:43:56,2023-12-23 17:43:56
16534,97,1377,Attended,2023-12-16 17:43:56,2023-12-23 17:43:56
16535,97,656,Attended,2023-12-09 17:43:56,2023-12-23 17:43:56
16536,97,2514,Attended,2023-11-16 17:43:56,2023-12-23 17:43:56
16537,97,952,Attended,2023-12-12 17:43:56,2023-12-23 17:43:56
16538,97,3104,Attended,2023-12-07 17:43:56,2023-12-23 17:43:56
16539,97,227,Attended,2023-11-28 17:43:56,2023-12-23 17:43:56
16540,97,3175,Attended,2023-12-13 17:43:56,2023-12-23 17:43:56
16541,97,1209,Attended,2023-12-03 17:43:56,2023-12-23 17:43:56
16542,97,411,Attended,2023-11-22 17:43:56,2023-12-23 17:43:56
16543,97,2535,Registered,2023-11-13 17:43:56,
16544,97,1486,Attended,2023-11-24 17:43:56,2023-12-23 17:43:56
16545,97,2856,Registered,2023-11-26 17:43:56,
16546,97,1098,Attended,2023-11-16 17:43:56,2023-12-23 17:43:56
16547,97,1095,Attended,2023-12-18 17:43:56,2023-12-23 17:43:56
16548,98,2196,Attended,2022-06-15 19:23:08,2022-07-12 19:23:08
16549,98,304,Cancelled,2022-07-08 19:23:08,
16550,98,2619,Attended,2022-06-08 19:23:08,2022-07-12 19:23:08
16551,98,2570,Registered,2022-06-14 19:23:08,
16552,98,2927,Registered,2022-06-23 19:23:08,
16553,98,320,Registered,2022-06-15 19:23:08,
16554,98,1490,Registered,2022-07-02 19:23:08,
16555,98,1782,Registered,2022-06-27 19:23:08,
16556,98,2636,Attended,2022-06-06 19:23:08,2022-07-12 19:23:08
16557,98,959,Attended,2022-06-01 19:23:08,2022-07-12 19:23:08
16558,98,1982,No Show,2022-07-01 19:23:08,
16559,98,2913,No Show,2022-06-21 19:23:08,
16560,98,2761,Registered,2022-06-21 19:23:08,
16561,98,1956,No Show,2022-06-15 19:23:08,
16562,98,1298,Attended,2022-06-20 19:23:08,2022-07-12 19:23:08
16563,98,2685,Registered,2022-06-20 19:23:08,
16564,98,1253,Cancelled,2022-06-22 19:23:08,
16565,98,2223,Attended,2022-07-11 19:23:08,2022-07-12 19:23:08
16566,98,715,Attended,2022-06-16 19:23:08,2022-07-12 19:23:08
16567,98,1791,Attended,2022-06-06 19:23:08,2022-07-12 19:23:08
16568,98,581,Attended,2022-05-29 19:23:08,2022-07-12 19:23:08
16569,98,2011,Attended,2022-06-03 19:23:08,2022-07-12 19:23:08
16570,98,2364,Registered,2022-06-09 19:23:08,
16571,98,2510,Attended,2022-05-31 19:23:08,2022-07-12 19:23:08
16572,98,2031,Attended,2022-06-15 19:23:08,2022-07-12 19:23:08
16573,99,2550,Attended,2021-11-19 05:48:50,2022-01-03 05:48:50
16574,99,2637,Attended,2021-12-15 05:48:50,2022-01-03 05:48:50
16575,99,2007,Attended,2021-12-15 05:48:50,2022-01-03 05:48:50
16576,99,2554,Attended,2021-12-17 05:48:50,2022-01-03 05:48:50
16577,99,1832,No Show,2021-11-21 05:48:50,
16578,99,901,Registered,2021-12-01 05:48:50,
16579,99,3119,Registered,2021-11-30 05:48:50,
16580,99,1254,Registered,2021-12-20 05:48:50,
16581,99,485,Attended,2021-12-12 05:48:50,2022-01-03 05:48:50
16582,99,3014,Attended,2021-12-12 05:48:50,2022-01-03 05:48:50
16583,99,1704,Attended,2021-12-02 05:48:50,2022-01-03 05:48:50
16584,99,633,Cancelled,2021-12-14 05:48:50,
16585,99,2800,No Show,2021-12-05 05:48:50,
16586,99,659,Attended,2021-11-28 05:48:50,2022-01-03 05:48:50
16587,99,2273,Attended,2021-12-30 05:48:50,2022-01-03 05:48:50
16588,99,280,Registered,2021-12-10 05:48:50,
16589,99,2604,Attended,2021-12-11 05:48:50,2022-01-03 05:48:50
16590,99,1044,Attended,2021-12-12 05:48:50,2022-01-03 05:48:50
16591,99,273,Attended,2021-12-24 05:48:50,2022-01-03 05:48:50
16592,99,348,Attended,2021-12-30 05:48:50,2022-01-03 05:48:50
16593,99,60,Attended,2021-12-05 05:48:50,2022-01-03 05:48:50
16594,99,829,Attended,2021-12-19 05:48:50,2022-01-03 05:48:50
16595,99,1169,Registered,2021-11-26 05:48:50,
16596,99,2075,Attended,2021-11-24 05:48:50,2022-01-03 05:48:50
16597,99,1284,No Show,2021-11-25 05:48:50,
16598,99,2483,Attended,2021-12-23 05:48:50,2022-01-03 05:48:50
16599,99,1879,Attended,2021-12-30 05:48:50,2022-01-03 05:48:50
16600,99,1229,Attended,2021-12-26 05:48:50,2022-01-03 05:48:50
16601,99,1899,Attended,2021-11-20 05:48:50,2022-01-03 05:48:50
16602,99,19,Attended,2021-11-27 05:48:50,2022-01-03 05:48:50
16603,99,450,Attended,2021-11-21 05:48:50,2022-01-03 05:48:50
16604,99,499,No Show,2021-11-28 05:48:50,
16605,99,1967,Attended,2021-12-04 05:48:50,2022-01-03 05:48:50
16606,99,752,Attended,2021-12-25 05:48:50,2022-01-03 05:48:50
16607,99,2200,No Show,2021-12-22 05:48:50,
16608,99,1400,Registered,2021-12-13 05:48:50,
16609,99,3180,Attended,2021-12-31 05:48:50,2022-01-03 05:48:50
16610,99,750,Attended,2021-12-15 05:48:50,2022-01-03 05:48:50
16611,99,720,Attended,2021-12-05 05:48:50,2022-01-03 05:48:50
16612,99,1075,Attended,2021-12-05 05:48:50,2022-01-03 05:48:50
16613,99,2732,Attended,2021-12-24 05:48:50,2022-01-03 05:48:50
16614,99,1652,Attended,2021-11-19 05:48:50,2022-01-03 05:48:50
16615,99,2803,Attended,2021-12-16 05:48:50,2022-01-03 05:48:50
16616,99,233,Attended,2021-12-09 05:48:50,2022-01-03 05:48:50
16617,99,156,Attended,2021-11-30 05:48:50,2022-01-03 05:48:50
16618,99,2755,Attended,2021-12-23 05:48:50,2022-01-03 05:48:50
16619,99,123,Attended,2021-12-14 05:48:50,2022-01-03 05:48:50
16620,99,754,Cancelled,2021-12-24 05:48:50,
16621,99,3135,Cancelled,2021-12-19 05:48:50,
16622,99,455,Attended,2021-12-12 05:48:50,2022-01-03 05:48:50
16623,99,1278,Registered,2021-12-24 05:48:50,
16624,99,3179,Cancelled,2021-12-09 05:48:50,
16625,99,3197,No Show,2021-12-11 05:48:50,
16626,99,906,Cancelled,2021-12-28 05:48:50,
16627,100,196,Attended,2021-12-02 14:29:55,2021-12-18 14:29:55
16628,100,1002,Attended,2021-12-13 14:29:55,2021-12-18 14:29:55
16629,100,2309,Registered,2021-12-06 14:29:55,
16630,100,1756,No Show,2021-12-06 14:29:55,
16631,100,585,Attended,2021-11-03 14:29:55,2021-12-18 14:29:55
16632,100,690,Attended,2021-11-19 14:29:55,2021-12-18 14:29:55
16633,100,3126,Attended,2021-11-08 14:29:55,2021-12-18 14:29:55
16634,100,1096,Attended,2021-12-15 14:29:55,2021-12-18 14:29:55
16635,100,1430,Registered,2021-12-12 14:29:55,
16636,100,2290,Attended,2021-11-05 14:29:55,2021-12-18 14:29:55
16637,100,2124,Cancelled,2021-11-10 14:29:55,
16638,100,995,Attended,2021-11-05 14:29:55,2021-12-18 14:29:55
16639,100,1223,Attended,2021-12-12 14:29:55,2021-12-18 14:29:55
16640,100,342,Attended,2021-11-27 14:29:55,2021-12-18 14:29:55
16641,100,2044,Attended,2021-11-12 14:29:55,2021-12-18 14:29:55
16642,100,364,Attended,2021-11-07 14:29:55,2021-12-18 14:29:55
16643,100,94,Cancelled,2021-12-11 14:29:55,
16644,100,3027,Attended,2021-11-10 14:29:55,2021-12-18 14:29:55
16645,100,1635,Attended,2021-11-18 14:29:55,2021-12-18 14:29:55
16646,100,1571,Attended,2021-12-08 14:29:55,2021-12-18 14:29:55
16647,100,3101,Registered,2021-11-11 14:29:55,
16648,100,1646,Attended,2021-11-23 14:29:55,2021-12-18 14:29:55
16649,100,397,Attended,2021-11-10 14:29:55,2021-12-18 14:29:55
16650,100,2598,No Show,2021-11-07 14:29:55,
16651,100,720,Registered,2021-11-13 14:29:55,
16652,100,1537,Attended,2021-11-12 14:29:55,2021-12-18 14:29:55
16653,100,2359,Registered,2021-12-08 14:29:55,
16654,100,516,Attended,2021-12-05 14:29:55,2021-12-18 14:29:55
16655,100,630,Attended,2021-12-08 14:29:55,2021-12-18 14:29:55
16656,100,2539,Attended,2021-11-16 14:29:55,2021-12-18 14:29:55
16657,100,697,Attended,2021-12-13 14:29:55,2021-12-18 14:29:55
16658,100,813,No Show,2021-11-27 14:29:55,
16659,100,765,Attended,2021-12-11 14:29:55,2021-12-18 14:29:55
16660,100,1718,Registered,2021-11-11 14:29:55,
16661,100,2305,Registered,2021-11-18 14:29:55,
16662,100,1108,Attended,2021-11-12 14:29:55,2021-12-18 14:29:55
16663,100,2516,Attended,2021-12-09 14:29:55,2021-12-18 14:29:55
16664,100,1882,Attended,2021-12-11 14:29:55,2021-12-18 14:29:55
16665,100,957,Registered,2021-12-02 14:29:55,
16666,100,1949,Registered,2021-11-27 14:29:55,
16667,100,1196,No Show,2021-12-06 14:29:55,
16668,100,1477,Attended,2021-11-08 14:29:55,2021-12-18 14:29:55
16669,100,1370,No Show,2021-12-15 14:29:55,
16670,100,2172,No Show,2021-11-18 14:29:55,
16671,100,3155,Attended,2021-11-16 14:29:55,2021-12-18 14:29:55
16672,100,3004,Attended,2021-12-06 14:29:55,2021-12-18 14:29:55
16673,100,322,Attended,2021-12-16 14:29:55,2021-12-18 14:29:55
16674,100,2597,No Show,2021-11-18 14:29:55,
16675,100,1517,Attended,2021-11-18 14:29:55,2021-12-18 14:29:55
16676,100,2568,Registered,2021-11-30 14:29:55,
16677,100,2166,Attended,2021-11-21 14:29:55,2021-12-18 14:29:55
16678,100,1063,No Show,2021-11-19 14:29:55,
16679,100,772,Attended,2021-11-27 14:29:55,2021-12-18 14:29:55
16680,100,520,Registered,2021-12-03 14:29:55,
16681,100,1670,Attended,2021-11-14 14:29:55,2021-12-18 14:29:55
16682,100,982,Attended,2021-11-18 14:29:55,2021-12-18 14:29:55
16683,100,227,Attended,2021-11-24 14:29:55,2021-12-18 14:29:55
16684,100,152,Cancelled,2021-11-30 14:29:55,
16685,100,1112,Attended,2021-12-05 14:29:55,2021-12-18 14:29:55
16686,100,583,Attended,2021-12-01 14:29:55,2021-12-18 14:29:55
16687,100,314,Attended,2021-11-22 14:29:55,2021-12-18 14:29:55
16688,100,2414,Attended,2021-12-03 14:29:55,2021-12-18 14:29:55
16689,100,1394,Attended,2021-12-06 14:29:55,2021-12-18 14:29:55
16690,100,532,Attended,2021-11-29 14:29:55,2021-12-18 14:29:55
16691,100,1566,Attended,2021-11-30 14:29:55,2021-12-18 14:29:55
16692,100,1863,Attended,2021-12-14 14:29:55,2021-12-18 14:29:55
16693,100,2835,Attended,2021-11-16 14:29:55,2021-12-18 14:29:55
16694,100,33,Attended,2021-11-12 14:29:55,2021-12-18 14:29:55
16695,100,914,Attended,2021-11-25 14:29:55,2021-12-18 14:29:55
16696,100,803,Attended,2021-11-14 14:29:55,2021-12-18 14:29:55
16697,100,334,No Show,2021-12-11 14:29:55,
16698,100,2636,Registered,2021-11-19 14:29:55,
16699,100,2247,Attended,2021-12-16 14:29:55,2021-12-18 14:29:55
16700,100,2517,Registered,2021-12-04 14:29:55,
16701,100,2151,No Show,2021-11-19 14:29:55,
16702,100,89,Attended,2021-11-12 14:29:55,2021-12-18 14:29:55
16703,100,929,Attended,2021-12-16 14:29:55,2021-12-18 14:29:55
16704,100,781,Attended,2021-11-17 14:29:55,2021-12-18 14:29:55
16705,100,2878,Attended,2021-11-15 14:29:55,2021-12-18 14:29:55
16706,100,1305,Attended,2021-11-23 14:29:55,2021-12-18 14:29:55
16707,100,1555,Attended,2021-12-07 14:29:55,2021-12-18 14:29:55
16708,100,650,Cancelled,2021-11-08 14:29:55,
16709,100,140,No Show,2021-11-13 14:29:55,
16710,100,2709,Attended,2021-11-27 14:29:55,2021-12-18 14:29:55
16711,100,374,No Show,2021-12-07 14:29:55,
16712,100,1648,Attended,2021-11-18 14:29:55,2021-12-18 14:29:55
16713,100,387,No Show,2021-11-03 14:29:55,
16714,100,814,No Show,2021-11-11 14:29:55,
16715,100,2268,No Show,2021-11-23 14:29:55,
16716,100,2549,Attended,2021-12-01 14:29:55,2021-12-18 14:29:55
16717,100,1367,Registered,2021-11-18 14:29:55,
16718,100,1945,No Show,2021-12-09 14:29:55,
16719,100,939,No Show,2021-12-16 14:29:55,
16720,100,54,Attended,2021-12-10 14:29:55,2021-12-18 14:29:55
16721,100,442,Cancelled,2021-11-12 14:29:55,
16722,100,2669,Attended,2021-12-06 14:29:55,2021-12-18 14:29:55
16723,100,2100,Registered,2021-11-26 14:29:55,
16724,100,416,Registered,2021-11-13 14:29:55,
16725,100,2917,Attended,2021-12-15 14:29:55,2021-12-18 14:29:55
16726,100,1349,Attended,2021-11-11 14:29:55,2021-12-18 14:29:55
16727,100,142,No Show,2021-11-09 14:29:55,
16728,100,2448,Cancelled,2021-12-15 14:29:55,
16729,100,160,Attended,2021-11-30 14:29:55,2021-12-18 14:29:55
16730,100,1809,Attended,2021-11-04 14:29:55,2021-12-18 14:29:55
16731,100,2870,No Show,2021-11-12 14:29:55,
16732,100,3002,Attended,2021-11-20 14:29:55,2021-12-18 14:29:55
16733,100,2445,Attended,2021-11-08 14:29:55,2021-12-18 14:29:55
16734,100,1684,Registered,2021-11-12 14:29:55,
16735,100,425,Registered,2021-12-10 14:29:55,
16736,100,1834,Attended,2021-11-27 14:29:55,2021-12-18 14:29:55
16737,100,525,Registered,2021-12-11 14:29:55,
16738,100,2356,Registered,2021-11-13 14:29:55,
16739,100,1263,Attended,2021-11-24 14:29:55,2021-12-18 14:29:55
16740,100,775,Attended,2021-12-12 14:29:55,2021-12-18 14:29:55
16741,100,976,Attended,2021-11-19 14:29:55,2021-12-18 14:29:55
16742,100,1413,Attended,2021-11-14 14:29:55,2021-12-18 14:29:55
16743,100,2803,No Show,2021-11-22 14:29:55,
16744,100,2230,Attended,2021-12-09 14:29:55,2021-12-18 14:29:55
16745,100,3223,No Show,2021-12-12 14:29:55,
16746,100,3077,No Show,2021-12-09 14:29:55,
16747,100,2733,Attended,2021-11-25 14:29:55,2021-12-18 14:29:55
16748,100,2737,Registered,2021-11-17 14:29:55,
16749,100,1942,Attended,2021-11-06 14:29:55,2021-12-18 14:29:55
16750,100,204,Attended,2021-11-07 14:29:55,2021-12-18 14:29:55
16751,100,2481,Attended,2021-11-20 14:29:55,2021-12-18 14:29:55
16752,100,1291,Attended,2021-12-14 14:29:55,2021-12-18 14:29:55
16753,100,2589,Registered,2021-11-10 14:29:55,
16754,100,594,Attended,2021-11-03 14:29:55,2021-12-18 14:29:55
16755,100,1157,Attended,2021-11-08 14:29:55,2021-12-18 14:29:55
16756,100,101,Registered,2021-11-03 14:29:55,
16757,100,2273,Attended,2021-12-03 14:29:55,2021-12-18 14:29:55
16758,100,1371,No Show,2021-11-13 14:29:55,
16759,100,3078,Attended,2021-12-08 14:29:55,2021-12-18 14:29:55
16760,100,1958,No Show,2021-12-17 14:29:55,
16761,100,1693,Attended,2021-12-17 14:29:55,2021-12-18 14:29:55
16762,100,3192,Attended,2021-12-07 14:29:55,2021-12-18 14:29:55
16763,100,437,Attended,2021-12-02 14:29:55,2021-12-18 14:29:55
16764,100,1297,Attended,2021-11-28 14:29:55,2021-12-18 14:29:55
16765,100,2529,Cancelled,2021-12-13 14:29:55,
16766,100,1500,Registered,2021-11-17 14:29:55,
16767,100,757,Registered,2021-11-13 14:29:55,
16768,100,2139,Attended,2021-11-14 14:29:55,2021-12-18 14:29:55
16769,100,420,Attended,2021-11-09 14:29:55,2021-12-18 14:29:55
16770,100,618,No Show,2021-12-05 14:29:55,
16771,100,880,No Show,2021-11-20 14:29:55,
16772,100,1908,Registered,2021-12-07 14:29:55,
16773,100,312,Attended,2021-12-16 14:29:55,2021-12-18 14:29:55
16774,100,382,Attended,2021-12-04 14:29:55,2021-12-18 14:29:55
16775,100,628,Attended,2021-11-16 14:29:55,2021-12-18 14:29:55
16776,100,877,No Show,2021-11-30 14:29:55,
16777,100,1675,Registered,2021-12-15 14:29:55,
16778,100,470,Registered,2021-12-04 14:29:55,
16779,100,679,Attended,2021-11-17 14:29:55,2021-12-18 14:29:55
16780,100,1853,Attended,2021-11-22 14:29:55,2021-12-18 14:29:55
16781,100,84,Attended,2021-11-17 14:29:55,2021-12-18 14:29:55
16782,100,668,Attended,2021-11-10 14:29:55,2021-12-18 14:29:55
16783,100,1290,Registered,2021-11-11 14:29:55,
16784,100,881,Attended,2021-12-09 14:29:55,2021-12-18 14:29:55
16785,100,1427,Cancelled,2021-11-03 14:29:55,
16786,100,2306,Cancelled,2021-11-16 14:29:55,
16787,100,2361,Attended,2021-12-17 14:29:55,2021-12-18 14:29:55
16788,100,2133,Attended,2021-12-16 14:29:55,2021-12-18 14:29:55
16789,100,1368,Attended,2021-11-10 14:29:55,2021-12-18 14:29:55
16790,100,2746,Attended,2021-11-06 14:29:55,2021-12-18 14:29:55
16791,100,2831,Attended,2021-12-01 14:29:55,2021-12-18 14:29:55
16792,100,2715,Attended,2021-12-12 14:29:55,2021-12-18 14:29:55
16793,100,3106,Attended,2021-11-25 14:29:55,2021-12-18 14:29:55
16794,100,1325,Attended,2021-11-09 14:29:55,2021-12-18 14:29:55
16795,100,421,Attended,2021-11-11 14:29:55,2021-12-18 14:29:55
16796,100,617,Cancelled,2021-12-14 14:29:55,
16797,100,2390,Registered,2021-11-24 14:29:55,
16798,100,827,Cancelled,2021-12-06 14:29:55,
16799,100,63,Attended,2021-12-17 14:29:55,2021-12-18 14:29:55
16800,100,2463,Attended,2021-12-09 14:29:55,2021-12-18 14:29:55
16801,100,1145,No Show,2021-12-14 14:29:55,
16802,100,574,Attended,2021-12-10 14:29:55,2021-12-18 14:29:55
16803,100,1423,Registered,2021-11-30 14:29:55,
16804,100,2877,Attended,2021-11-22 14:29:55,2021-12-18 14:29:55
16805,100,780,Attended,2021-11-16 14:29:55,2021-12-18 14:29:55
16806,100,1204,Attended,2021-11-22 14:29:55,2021-12-18 14:29:55
16807,100,1740,Attended,2021-11-30 14:29:55,2021-12-18 14:29:55
16808,100,534,Attended,2021-11-20 14:29:55,2021-12-18 14:29:55
16809,100,1446,Attended,2021-11-10 14:29:55,2021-12-18 14:29:55
16810,100,2039,Attended,2021-11-11 14:29:55,2021-12-18 14:29:55
16811,100,87,Attended,2021-11-29 14:29:55,2021-12-18 14:29:55
16812,100,1442,No Show,2021-12-07 14:29:55,
16813,100,756,Attended,2021-11-07 14:29:55,2021-12-18 14:29:55
16814,100,796,Attended,2021-12-14 14:29:55,2021-12-18 14:29:55
16815,100,1758,Attended,2021-12-11 14:29:55,2021-12-18 14:29:55
16816,100,2231,Attended,2021-12-01 14:29:55,2021-12-18 14:29:55
16817,100,2421,Attended,2021-11-21 14:29:55,2021-12-18 14:29:55
16818,100,2037,Attended,2021-11-03 14:29:55,2021-12-18 14:29:55
16819,100,1886,Attended,2021-12-15 14:29:55,2021-12-18 14:29:55
16820,100,1248,Attended,2021-12-06 14:29:55,2021-12-18 14:29:55
