member_id,application_id,name,email,gender,birth_date,country,city,profession,company_id,membership_type,current_status,registered_at,approved_at
1,0,Cleto Galván,penaelisa@example.net,F,2008-04-06,Dominican Republic,La Romana,Accountant,289,Honorary,Active,2023-10-17 09:44:42,2023-12-06 09:44:42
2,1,Amalia Sáenz,elisabet65@example.com,F,1998-09-23,Dominican Republic,San Pedro de Macorís,Software Engineer,140,Honorary,Active,2024-06-13 09:17:59,2024-07-18 09:17:59
3,4,Amancio Casado,juana35@example.com,F,1996-07-26,Dominican Republic,San Pedro de Macorís,Architect,45,Student,Active,2025-07-28 21:01:44,2025-09-04 21:01:44
4,5,Aránzazu Reyes,abrahammontserrat@example.org,M,1997-02-03,Dominican Republic,Puerto Plata,Financial Analyst,74,Student,Active,2024-08-05 14:28:06,2024-09-23 14:28:06
5,7,Mamen Bertrán,tiburcio71@example.net,F,1988-08-15,Dominican Republic,Puerto Plata,Architect,168,Student,Active,2024-01-12 11:36:09,2024-02-10 11:36:09
6,8,Elvira Ferrero,ruthvina@example.net,F,2002-03-26,Dominican Republic,San Francisco de Macorís,Project Manager,203,Honorary,Active,2025-10-28 08:01:30,2025-12-28 08:01:30
7,10,Florentino Salmerón,toledogloria@example.net,F,1983-09-22,Dominican Republic,Punta Cana,Accountant,11,Honorary,Active,2023-08-08 13:31:48,2023-10-06 13:31:48
8,12,Úrsula Morera,olozano@example.net,F,1984-04-17,Dominican Republic,Punta Cana,Software Engineer,56,Corporate,Active,2025-08-01 07:15:57,2025-08-26 07:15:57
9,13,Tomasa Casal,agatatellez@example.org,F,2002-08-06,Dominican Republic,San Pedro de Macorís,Business Consultant,170,Corporate,Active,2024-05-12 11:02:28,2024-07-27 11:02:28
10,14,Salomé Goicoechea,novoarene@example.net,M,2000-10-22,Dominican Republic,Puerto Plata,Accountant,178,Honorary,Active,2024-10-11 05:30:56,2024-11-25 05:30:56
11,15,Francisca Rueda,jacintojove@example.org,F,1985-06-06,Dominican Republic,Santo Domingo,Software Engineer,14,Corporate,Active,2022-04-11 21:30:41,2022-05-14 21:30:41
12,16,Dani Borrell,manu93@example.net,M,2007-07-31,Dominican Republic,La Romana,Lawyer,96,Corporate,Active,2022-07-09 05:05:56,2022-09-03 05:05:56
13,17,Constanza Pedro,reynamillan@example.com,F,1995-02-27,Dominican Republic,San Pedro de Macorís,Software Engineer,93,Individual,Active,2021-07-18 16:44:56,2021-09-23 16:44:56
14,18,María Barrio,rebecapons@example.com,F,1986-05-28,Dominican Republic,Santo Domingo,Data Analyst,147,Student,Active,2024-08-20 13:44:30,2024-10-07 13:44:30
15,19,Nayara Cases,custodioprats@example.org,F,1993-11-04,Dominican Republic,Punta Cana,Accountant,42,Individual,Active,2025-06-13 12:37:23,2025-08-16 12:37:23
16,21,Eliana Luque,margaritaaramburu@example.net,M,1986-06-03,Dominican Republic,Santiago,Software Engineer,117,Corporate,Active,2024-02-28 04:12:20,2024-04-07 04:12:20
17,22,Ani Casal,regina97@example.net,F,2003-09-22,Dominican Republic,La Romana,Data Analyst,242,Corporate,Active,2023-05-14 15:43:36,2023-07-07 15:43:36
18,23,Ana Belén Manuel,zbarral@example.com,M,1980-09-21,Dominican Republic,Santiago,Civil Engineer,205,Corporate,Active,2023-04-28 20:02:28,2023-06-28 20:02:28
19,24,Regina Gomila,escamillarocio@example.com,F,2000-04-11,Dominican Republic,Santiago,Accountant,254,Individual,Active,2024-11-11 18:54:11,2025-01-13 18:54:11
20,27,Josefina Ferrero,icabanillas@example.com,M,2001-02-14,Dominican Republic,La Romana,Data Analyst,197,Individual,Active,2021-12-28 15:19:02,2022-01-17 15:19:02
21,28,Remedios Mateu,kcespedes@example.org,M,1990-07-25,Dominican Republic,Santiago,Civil Engineer,178,Honorary,Active,2025-08-20 09:03:11,2025-09-23 09:03:11
22,29,Lupe Coca,isaiasferran@example.net,M,1997-09-08,Dominican Republic,Punta Cana,Architect,147,Individual,Active,2021-08-10 20:33:39,2021-09-08 20:33:39
23,30,Porfirio Cal,renatoroldan@example.net,M,2004-03-01,Dominican Republic,San Pedro de Macorís,Project Manager,242,Individual,Active,2022-12-18 03:12:03,2023-02-10 03:12:03
24,31,Ángeles Barbero,pagesainoa@example.org,F,2007-09-07,Dominican Republic,La Romana,Architect,48,Corporate,Active,2021-12-23 12:11:46,2022-02-04 12:11:46
25,32,Desiderio Villalba,dorita62@example.net,F,2000-02-11,Dominican Republic,La Romana,Civil Engineer,221,Student,Active,2024-12-19 15:34:02,2025-01-28 15:34:02
26,33,Jose Ignacio Aragón,hernandoregulo@example.com,F,1985-10-29,Dominican Republic,San Pedro de Macorís,Marketing Specialist,67,Individual,Active,2022-12-31 09:09:16,2023-01-29 09:09:16
27,34,Fortunata Perez,silvarosaura@example.net,F,1988-07-12,Dominican Republic,San Pedro de Macorís,Project Manager,127,Student,Active,2023-11-15 13:11:11,2023-12-26 13:11:11
28,37,Narcisa Escrivá,ptome@example.net,M,1990-04-14,Dominican Republic,San Francisco de Macorís,Software Engineer,89,Individual,Active,2024-01-26 11:10:29,2024-03-08 11:10:29
29,38,Concha Casares,morellbernardo@example.net,M,2006-06-15,Dominican Republic,San Pedro de Macorís,Accountant,254,Individual,Active,2026-02-07 11:19:17,2026-04-01 11:19:17
30,39,Gil Ramirez,pradacayetana@example.net,M,2002-03-09,Dominican Republic,Santiago,Data Analyst,58,Student,Active,2026-01-15 09:47:31,2026-03-11 09:47:31
31,40,Amaya Bartolomé,galangenoveva@example.org,M,1981-09-04,Dominican Republic,San Francisco de Macorís,Marketing Specialist,78,Honorary,Active,2023-01-23 12:42:30,2023-03-16 12:42:30
32,41,Adelardo Salvador,donato02@example.net,F,1982-07-18,Dominican Republic,San Pedro de Macorís,Project Manager,147,Honorary,Active,2022-11-26 08:18:00,2022-12-29 08:18:00
33,43,Candelas Duarte,pabad@example.com,M,1977-02-05,Dominican Republic,San Francisco de Macorís,Financial Analyst,208,Corporate,Active,2025-12-13 08:04:25,2026-01-11 08:04:25
34,44,Verónica Marcos,kchaves@example.com,F,1999-03-07,Dominican Republic,Santiago,Data Analyst,231,Honorary,Active,2024-03-11 17:47:39,2024-05-02 17:47:39
35,47,Eligia Garzón,leopoldo29@example.com,M,1978-01-22,Dominican Republic,San Pedro de Macorís,Software Engineer,166,Individual,Active,2026-03-17 19:16:32,2026-04-21 19:16:32
36,50,Evita Fernández,cintia89@example.org,M,1989-10-22,Dominican Republic,Punta Cana,Civil Engineer,46,Honorary,Active,2022-11-02 08:44:26,2022-12-24 08:44:26
37,54,Iván Pinedo,casalgabino@example.net,M,2000-04-23,Dominican Republic,Punta Cana,Data Analyst,25,Individual,Active,2024-02-20 21:34:58,2024-05-09 21:34:58
38,55,Dionisia Tovar,angelpaco@example.net,M,1994-12-30,Dominican Republic,Puerto Plata,Financial Analyst,231,Corporate,Active,2023-12-06 14:47:28,2024-02-03 14:47:28
39,56,Carmen Linares,asensiofrancisco@example.com,M,2007-09-25,Dominican Republic,Puerto Plata,Software Engineer,225,Corporate,Active,2024-11-04 19:32:20,2024-11-25 19:32:20
40,57,Gerardo Ochoa,ltapia@example.org,M,1984-05-05,Dominican Republic,Punta Cana,Civil Engineer,169,Honorary,Active,2021-08-11 23:46:26,2021-11-01 23:46:26
41,58,Jacinta Vilanova,gemacases@example.org,M,1988-06-01,Dominican Republic,San Francisco de Macorís,Project Manager,31,Student,Active,2026-05-11 19:59:24,2026-06-22 19:59:24
42,60,Lara Seco,valentinotero@example.com,M,1992-08-13,Dominican Republic,Santo Domingo,Software Engineer,24,Student,Active,2023-12-21 14:24:55,2024-01-29 14:24:55
43,61,Leoncio Roman,marcosbonet@example.com,M,1989-05-11,Dominican Republic,Puerto Plata,Architect,254,Student,Active,2024-03-11 02:56:44,2024-04-13 02:56:44
44,62,Ramona Bosch,benitezluna@example.org,F,2007-09-05,Dominican Republic,La Romana,Business Consultant,153,Honorary,Active,2022-04-30 09:25:10,2022-06-08 09:25:10
45,63,Fito Barceló,maciascasandra@example.com,M,2003-01-12,Dominican Republic,San Pedro de Macorís,Project Manager,197,Honorary,Active,2021-08-15 17:02:39,2021-10-15 17:02:39
46,64,Teobaldo Verdugo,alexandravalenciano@example.net,M,1998-11-03,Dominican Republic,Punta Cana,Marketing Specialist,177,Student,Active,2026-01-22 14:54:33,2026-03-03 14:54:33
47,66,Lidia Rodríguez,jose-ignacio89@example.org,F,1996-03-12,Dominican Republic,Santiago,Lawyer,10,Corporate,Active,2025-05-07 09:30:43,2025-06-17 09:30:43
48,67,Florentino Zabaleta,gabinobenavides@example.com,M,2004-02-02,Dominican Republic,La Romana,Software Engineer,214,Individual,Active,2022-08-31 16:33:42,2022-09-17 16:33:42
49,68,Aroa Osuna,rocamoraana-sofia@example.com,F,1981-04-30,Dominican Republic,San Pedro de Macorís,Accountant,244,Honorary,Active,2024-09-15 05:38:28,2024-10-26 05:38:28
50,69,Daniel Neira,pazcarranza@example.com,F,1985-09-16,Dominican Republic,San Pedro de Macorís,Business Consultant,31,Honorary,Active,2025-08-22 11:58:44,2025-11-06 11:58:44
51,70,Lázaro Landa,abilioprada@example.org,F,2006-12-08,Dominican Republic,San Pedro de Macorís,Marketing Specialist,254,Corporate,Active,2024-02-15 12:36:09,2024-04-04 12:36:09
52,76,Adoración Prats,marcelino56@example.org,F,1993-10-12,Dominican Republic,Santo Domingo,Software Engineer,118,Corporate,Active,2023-10-28 17:36:06,2023-12-04 17:36:06
53,77,César Ródenas,icaceres@example.com,M,2000-12-12,Dominican Republic,Santiago,Software Engineer,200,Corporate,Active,2025-03-22 18:00:21,2025-04-19 18:00:21
54,78,Adelardo Palomar,danfalco@example.com,M,1976-11-24,Dominican Republic,Puerto Plata,Civil Engineer,96,Individual,Active,2022-09-01 19:31:09,2022-11-07 19:31:09
55,79,Ruperto Robledo,valentina02@example.net,F,1982-04-19,Dominican Republic,Puerto Plata,Civil Engineer,133,Honorary,Active,2025-08-10 14:24:56,2025-09-06 14:24:56
56,80,Graciela Larrañaga,robledoamaya@example.net,F,1992-05-22,Dominican Republic,La Romana,Project Manager,122,Honorary,Active,2022-08-13 09:45:30,2022-09-11 09:45:30
57,81,Moreno Pulido,hcatala@example.org,M,2002-07-02,Dominican Republic,Punta Cana,Data Analyst,174,Individual,Active,2021-09-17 04:48:51,2021-11-17 04:48:51
58,83,Timoteo Aguiló,stenorio@example.com,M,1992-01-23,Dominican Republic,Punta Cana,Civil Engineer,89,Student,Active,2022-03-27 03:48:15,2022-04-17 03:48:15
59,84,María Romeu,esmeraldacorominas@example.net,F,1992-12-03,Dominican Republic,La Romana,Architect,105,Student,Active,2023-02-14 00:54:02,2023-04-17 00:54:02
60,85,Josep Lucas,lagojuanita@example.org,F,1998-03-14,Dominican Republic,Santiago,Financial Analyst,135,Honorary,Active,2025-03-07 20:00:01,2025-05-04 20:00:01
61,87,Jenaro Carreño,salvadorarenas@example.com,F,1982-01-25,Dominican Republic,Puerto Plata,Architect,70,Honorary,Active,2022-10-10 17:44:04,2022-11-25 17:44:04
62,88,Teodosio Alemán,ciriacoazcona@example.com,M,1989-05-21,Dominican Republic,Santiago,Financial Analyst,161,Honorary,Active,2025-12-30 12:16:47,2026-02-11 12:16:47
63,89,Mariano Guardia,nicodemorojas@example.com,F,1977-08-13,Dominican Republic,Punta Cana,Architect,155,Individual,Active,2025-11-13 13:47:01,2025-12-22 13:47:01
64,91,Leonor Ripoll,miguelasenjo@example.org,M,1976-12-02,Dominican Republic,La Romana,Accountant,61,Individual,Active,2021-07-15 03:33:12,2021-09-17 03:33:12
65,93,Tomás Esteban,amparo55@example.com,M,1979-04-29,Dominican Republic,Santiago,Data Analyst,177,Student,Active,2022-05-10 12:01:33,2022-07-18 12:01:33
66,95,Manuelita Ángel,jordan43@example.net,M,1988-08-05,Dominican Republic,La Romana,Architect,93,Individual,Active,2022-04-10 12:01:08,2022-05-20 12:01:08
67,96,Susana Camino,evacarreno@example.org,F,1995-06-27,Dominican Republic,Santiago,Architect,104,Corporate,Active,2023-02-25 03:20:59,2023-03-25 03:20:59
68,97,Guadalupe Salinas,benavidescarina@example.net,M,1987-03-13,Dominican Republic,Santo Domingo,Architect,32,Student,Active,2024-02-05 03:18:08,2024-04-04 03:18:08
69,99,Silvio Iriarte,teresa57@example.net,F,1999-12-08,Dominican Republic,San Pedro de Macorís,Civil Engineer,100,Corporate,Active,2022-07-13 07:43:38,2022-09-12 07:43:38
70,100,Visitación Rubio,tolosasimon@example.net,F,2007-03-21,Dominican Republic,San Pedro de Macorís,Lawyer,212,Student,Active,2025-10-25 22:49:08,2025-12-21 22:49:08
71,101,Morena Almeida,elenalledo@example.net,F,2008-06-12,Dominican Republic,Santo Domingo,Data Analyst,71,Student,Active,2022-08-18 01:37:30,2022-10-04 01:37:30
72,102,Luis Miguel Arroyo,falconmanu@example.com,M,1992-05-15,Dominican Republic,San Pedro de Macorís,Lawyer,155,Individual,Active,2026-01-22 19:25:15,2026-02-23 19:25:15
73,105,Concha Gibert,vilaltaxavier@example.net,F,1999-08-11,Dominican Republic,Punta Cana,Accountant,41,Corporate,Active,2025-12-30 19:53:14,2026-02-07 19:53:14
74,106,Juan Antonio Mateos,manuledesma@example.net,M,1979-08-01,Dominican Republic,San Pedro de Macorís,Lawyer,74,Student,Active,2022-12-27 02:24:37,2023-02-28 02:24:37
75,107,Jacobo Arroyo,lupeariza@example.net,F,1980-07-27,Dominican Republic,La Romana,Data Analyst,24,Student,Active,2023-11-23 10:37:01,2023-12-20 10:37:01
76,108,Áurea Cañas,samanta03@example.org,M,1993-09-19,Dominican Republic,Punta Cana,Architect,185,Honorary,Active,2022-07-09 10:57:40,2022-08-12 10:57:40
77,109,Abel Olivera,moreno18@example.com,F,2000-02-05,Dominican Republic,Punta Cana,Marketing Specialist,9,Corporate,Active,2022-09-01 14:23:39,2022-09-30 14:23:39
78,113,Herminio Prats,victor-manuelguardiola@example.net,F,2000-03-28,Dominican Republic,La Romana,Lawyer,55,Individual,Active,2025-03-22 13:47:09,2025-05-02 13:47:09
79,114,Rafa Colomer,fbueno@example.org,F,1991-02-28,Dominican Republic,La Romana,Project Manager,145,Honorary,Active,2023-02-08 08:16:50,2023-03-16 08:16:50
80,116,Alfonso Menéndez,soniaelias@example.com,F,1998-12-01,Dominican Republic,Santo Domingo,Architect,172,Student,Active,2023-02-17 02:33:17,2023-04-11 02:33:17
81,117,Buenaventura Clemente,roldanjose-luis@example.com,M,2006-06-18,Dominican Republic,Santo Domingo,Civil Engineer,58,Corporate,Active,2024-12-15 00:29:13,2025-02-09 00:29:13
82,118,Cornelio Zurita,luciaalbero@example.net,F,1978-12-03,Dominican Republic,San Francisco de Macorís,Marketing Specialist,145,Student,Active,2024-09-29 12:00:12,2024-11-09 12:00:12
83,119,Rodrigo Almansa,alcaldemaria-carmen@example.net,M,2007-05-01,Dominican Republic,Punta Cana,Accountant,93,Corporate,Active,2021-11-26 09:05:07,2022-02-03 09:05:07
84,120,Eligio Hurtado,lealeric@example.net,F,1995-12-07,Dominican Republic,San Pedro de Macorís,Civil Engineer,249,Corporate,Active,2021-08-24 09:59:35,2021-10-09 09:59:35
85,121,Mónica Agustí,nevadoreyna@example.net,M,1978-06-02,Dominican Republic,Punta Cana,Project Manager,131,Corporate,Active,2023-04-03 01:47:11,2023-05-05 01:47:11
86,122,Emilio Tenorio,tcardenas@example.com,M,1991-10-28,Dominican Republic,Puerto Plata,Project Manager,85,Honorary,Active,2022-11-05 12:56:23,2023-01-05 12:56:23
87,123,Jose Francisco Barba,eulalia81@example.org,F,2003-08-06,Dominican Republic,Puerto Plata,Architect,216,Student,Active,2021-11-28 19:40:45,2021-12-18 19:40:45
88,124,Cristian Martin,vidalsoraya@example.com,M,1980-05-09,Dominican Republic,San Francisco de Macorís,Financial Analyst,234,Corporate,Active,2021-07-17 05:50:47,2021-09-25 05:50:47
89,126,Gabriela Madrid,africaplanas@example.net,F,2005-08-12,Dominican Republic,San Francisco de Macorís,Financial Analyst,81,Individual,Active,2022-06-27 17:23:21,2022-08-06 17:23:21
90,127,Amparo Doménech,gomezcristian@example.com,F,1987-09-08,Dominican Republic,San Francisco de Macorís,Accountant,87,Corporate,Active,2022-03-07 12:10:54,2022-04-15 12:10:54
91,130,Eutimio Mata,pablo14@example.com,F,1998-01-16,Dominican Republic,Puerto Plata,Civil Engineer,195,Honorary,Active,2024-09-02 06:36:50,2024-10-19 06:36:50
92,131,Juan Manuel Benito,comasmayte@example.net,F,1980-07-07,Dominican Republic,Santo Domingo,Financial Analyst,262,Honorary,Active,2024-04-03 11:36:35,2024-06-09 11:36:35
93,132,Eusebio Portero,etejera@example.org,F,1995-03-11,Dominican Republic,Santo Domingo,Accountant,124,Corporate,Active,2025-03-02 12:48:31,2025-04-23 12:48:31
94,133,Lucía Lopez,ciprianomoraleda@example.org,F,1981-09-19,Dominican Republic,San Pedro de Macorís,Civil Engineer,285,Corporate,Active,2024-10-21 16:34:10,2024-12-07 16:34:10
95,135,Emiliano Hoyos,jriquelme@example.com,F,1993-11-10,Dominican Republic,Puerto Plata,Civil Engineer,182,Corporate,Active,2026-01-26 20:24:55,2026-03-02 20:24:55
96,138,Primitivo Sáez,africacanet@example.org,M,2006-07-16,Dominican Republic,Punta Cana,Business Consultant,112,Individual,Active,2024-07-02 20:49:54,2024-08-29 20:49:54
97,139,Poncio Chaparro,edgar28@example.com,M,1983-10-12,Dominican Republic,La Romana,Project Manager,85,Individual,Active,2023-04-29 05:18:30,2023-07-12 05:18:30
98,142,Albina Cruz,colladopio@example.org,F,1978-03-20,Dominican Republic,Santo Domingo,Marketing Specialist,177,Corporate,Active,2023-08-13 19:31:52,2023-10-24 19:31:52
99,145,Luciano Cantero,benitoanton@example.net,F,2001-01-31,Dominican Republic,San Pedro de Macorís,Financial Analyst,271,Honorary,Active,2023-01-03 18:40:09,2023-02-11 18:40:09
100,146,Anita Cueto,prietopepita@example.com,M,1998-08-30,Dominican Republic,San Pedro de Macorís,Marketing Specialist,167,Student,Active,2025-05-24 22:23:39,2025-07-18 22:23:39
101,151,Guiomar Lerma,calvetcasemiro@example.com,M,1996-01-20,Dominican Republic,La Romana,Software Engineer,90,Honorary,Active,2024-05-20 18:10:17,2024-06-12 18:10:17
102,152,Amaro Heras,fermin81@example.org,M,1982-09-27,Dominican Republic,Santiago,Financial Analyst,299,Student,Active,2021-08-16 14:05:47,2021-10-12 14:05:47
103,154,Jose Angel Leon,arribascintia@example.com,M,1977-01-30,Dominican Republic,San Pedro de Macorís,Financial Analyst,62,Individual,Active,2021-12-09 18:22:38,2022-01-27 18:22:38
104,156,Maxi Portillo,efrain15@example.com,M,2006-01-12,Dominican Republic,San Pedro de Macorís,Lawyer,212,Individual,Active,2025-10-25 01:07:07,2025-12-22 01:07:07
105,158,Luis Ángel Cuéllar,isabelsierra@example.org,M,2005-08-24,Dominican Republic,La Romana,Project Manager,96,Corporate,Active,2022-04-29 07:51:44,2022-06-10 07:51:44
106,159,Lina Guardiola,noemichico@example.net,M,1981-01-03,Dominican Republic,Santiago,Accountant,272,Student,Active,2025-10-18 23:04:59,2025-12-01 23:04:59
107,161,Aníbal Ponce,horaciobenavides@example.org,M,1994-10-26,Dominican Republic,San Pedro de Macorís,Software Engineer,242,Student,Active,2025-10-06 05:34:56,2025-11-18 05:34:56
108,163,Andrea Burgos,kmir@example.com,F,1981-01-08,Dominican Republic,San Francisco de Macorís,Business Consultant,111,Honorary,Active,2022-02-10 06:06:24,2022-03-06 06:06:24
109,164,Lino Parra,chuy12@example.net,F,2001-10-17,Dominican Republic,Puerto Plata,Accountant,152,Student,Active,2025-06-13 22:56:29,2025-08-27 22:56:29
110,165,Juan Sáenz,maria-carmen72@example.org,M,1994-11-17,Dominican Republic,San Pedro de Macorís,Lawyer,92,Student,Active,2025-09-07 10:49:16,2025-11-03 10:49:16
111,167,Quique Vila,raul16@example.net,M,1990-11-04,Dominican Republic,San Pedro de Macorís,Lawyer,191,Corporate,Active,2023-10-08 01:25:29,2023-12-09 01:25:29
112,169,Reyna Calzada,remigio29@example.com,F,2004-07-31,Dominican Republic,La Romana,Civil Engineer,17,Corporate,Active,2022-02-25 05:16:33,2022-04-02 05:16:33
113,173,Elisabet Torre,juliatamayo@example.org,M,1984-12-31,Dominican Republic,Puerto Plata,Software Engineer,98,Honorary,Active,2025-05-25 19:25:56,2025-06-29 19:25:56
114,174,Antonio Cortés,ocoello@example.org,M,1986-06-04,Dominican Republic,Santo Domingo,Lawyer,232,Individual,Active,2026-05-13 20:08:39,2026-06-25 20:08:39
115,176,Baltasar Galán,rochajulian@example.com,M,1997-02-27,Dominican Republic,Punta Cana,Accountant,172,Corporate,Active,2023-01-11 14:58:41,2023-03-02 14:58:41
116,178,Salomé Rivas,haydeejover@example.org,F,2003-10-15,Dominican Republic,La Romana,Lawyer,27,Honorary,Active,2021-12-27 10:54:24,2022-01-26 10:54:24
117,179,Cirino Romero,marisa42@example.org,M,1987-05-31,Dominican Republic,La Romana,Architect,126,Student,Active,2025-02-04 14:01:57,2025-04-05 14:01:57
118,180,Alma Talavera,josefinarueda@example.com,M,2006-07-31,Dominican Republic,Santiago,Civil Engineer,17,Corporate,Active,2026-05-20 09:29:58,2026-08-06 09:29:58
119,181,Roque Agustín,casemirococa@example.com,F,1998-02-14,Dominican Republic,San Pedro de Macorís,Data Analyst,41,Student,Active,2024-03-22 20:40:55,2024-05-07 20:40:55
120,183,Juan José Viñas,sanjuanpepita@example.org,F,1997-02-09,Dominican Republic,Punta Cana,Architect,268,Corporate,Active,2025-05-09 11:57:50,2025-06-23 11:57:50
121,185,María Ángeles Delgado,wgarzon@example.org,M,2007-12-07,Dominican Republic,San Pedro de Macorís,Data Analyst,102,Corporate,Active,2023-02-27 09:26:22,2023-05-10 09:26:22
122,187,Ani Casanovas,asarmiento@example.com,M,1987-07-01,Dominican Republic,San Pedro de Macorís,Marketing Specialist,97,Student,Active,2024-07-11 18:21:48,2024-08-19 18:21:48
123,188,Patricia Rojas,danilo27@example.com,M,1988-03-22,Dominican Republic,San Francisco de Macorís,Project Manager,234,Honorary,Active,2023-01-14 01:51:02,2023-03-20 01:51:02
124,189,Carolina Cánovas,spizarro@example.net,F,1998-12-16,Dominican Republic,Santiago,Project Manager,211,Student,Active,2025-04-02 17:29:01,2025-05-06 17:29:01
125,191,Encarnita Reina,valderramamaribel@example.net,M,2007-01-29,Dominican Republic,San Pedro de Macorís,Civil Engineer,149,Student,Active,2026-03-01 21:52:59,2026-05-13 21:52:59
126,192,Cornelio Saldaña,manjonreyes@example.com,F,1982-09-27,Dominican Republic,Santiago,Business Consultant,270,Student,Active,2023-06-05 22:40:54,2023-07-26 22:40:54
127,193,Maxi Sanz,mcarbo@example.com,F,2007-11-15,Dominican Republic,Puerto Plata,Project Manager,223,Individual,Active,2022-08-04 02:33:08,2022-10-16 02:33:08
128,194,Pascual Simó,apriego@example.com,M,2002-02-21,Dominican Republic,Santiago,Data Analyst,34,Student,Active,2023-06-09 05:30:52,2023-07-26 05:30:52
129,195,Anunciación Luque,serafina44@example.com,M,1998-06-09,Dominican Republic,Santo Domingo,Data Analyst,234,Corporate,Active,2023-08-02 23:11:46,2023-09-28 23:11:46
130,198,Rosendo Fernández,zaznar@example.net,M,1990-02-16,Dominican Republic,San Francisco de Macorís,Project Manager,148,Individual,Active,2022-08-17 20:52:09,2022-09-25 20:52:09
131,199,Fanny Portero,samuelmonreal@example.net,F,1980-12-02,Dominican Republic,Punta Cana,Architect,251,Corporate,Active,2025-04-02 10:37:04,2025-04-28 10:37:04
132,200,Jerónimo Cabezas,annacarrasco@example.net,M,1995-02-27,Dominican Republic,San Pedro de Macorís,Business Consultant,130,Student,Active,2024-11-12 10:08:15,2024-12-26 10:08:15
133,203,Manuelita Castrillo,lpalma@example.org,M,1997-09-24,Dominican Republic,San Francisco de Macorís,Financial Analyst,14,Student,Active,2023-06-02 10:51:33,2023-07-09 10:51:33
134,204,Manuel Ferrer,lucilapineda@example.com,M,1997-12-16,Dominican Republic,Santo Domingo,Business Consultant,268,Student,Active,2021-12-21 06:15:59,2022-02-13 06:15:59
135,208,Natalia Almeida,fbeltran@example.net,M,1978-02-15,Dominican Republic,Santiago,Business Consultant,113,Student,Active,2023-04-27 20:23:43,2023-05-23 20:23:43
136,209,Jacinta Rivas,omir@example.com,M,2003-01-15,Dominican Republic,Santo Domingo,Project Manager,136,Corporate,Active,2022-11-26 00:21:00,2022-12-25 00:21:00
137,211,Desiderio Novoa,alondra99@example.net,F,1975-09-13,Dominican Republic,San Francisco de Macorís,Business Consultant,188,Honorary,Active,2022-11-17 13:52:35,2022-12-04 13:52:35
138,213,Aura Vigil,inocenciopatino@example.org,F,2006-02-07,Dominican Republic,Santiago,Accountant,32,Individual,Active,2023-05-18 13:08:11,2023-06-25 13:08:11
139,214,Amor Morán,isidroblanco@example.net,F,1999-01-22,Dominican Republic,Santiago,Financial Analyst,178,Individual,Active,2022-08-10 18:05:55,2022-09-30 18:05:55
140,215,Julio Llanos,fflores@example.com,F,1999-08-15,Dominican Republic,La Romana,Project Manager,9,Honorary,Active,2026-03-22 22:11:47,2026-05-12 22:11:47
141,216,Florinda Mariscal,bvalcarcel@example.net,M,2007-09-23,Dominican Republic,Santiago,Project Manager,139,Student,Active,2024-12-07 01:26:22,2025-01-24 01:26:22
142,217,Ágata Ferrando,fulgencio34@example.com,F,1979-01-11,Dominican Republic,La Romana,Accountant,294,Corporate,Active,2024-03-07 13:03:45,2024-04-30 13:03:45
143,218,Fito Fuster,crossello@example.com,F,1995-10-26,Dominican Republic,San Pedro de Macorís,Accountant,294,Corporate,Active,2023-11-04 13:04:01,2023-12-29 13:04:01
144,219,Olalla Montalbán,pinoltimoteo@example.org,M,1994-10-29,Dominican Republic,San Pedro de Macorís,Software Engineer,191,Individual,Active,2024-07-13 22:52:44,2024-08-19 22:52:44
145,220,Raúl Baró,cdiego@example.net,M,1984-02-20,Dominican Republic,Santiago,Civil Engineer,282,Honorary,Active,2025-01-06 17:06:38,2025-02-24 17:06:38
146,221,Lázaro Ortuño,handres@example.org,F,2003-01-21,Dominican Republic,Punta Cana,Financial Analyst,290,Honorary,Active,2024-04-11 00:26:34,2024-06-21 00:26:34
147,224,Ignacio Solana,trini38@example.org,F,1988-08-24,Dominican Republic,Santo Domingo,Business Consultant,259,Student,Active,2023-12-11 15:24:10,2024-01-04 15:24:10
148,225,Eligia Garay,cristianlobo@example.net,M,1996-03-18,Dominican Republic,San Francisco de Macorís,Project Manager,149,Individual,Active,2022-03-02 22:53:16,2022-04-09 22:53:16
149,226,Consuela Robles,umoll@example.org,M,1982-03-27,Dominican Republic,Punta Cana,Software Engineer,286,Student,Active,2021-12-14 18:29:23,2022-01-27 18:29:23
150,227,Nidia Uribe,rartigas@example.com,F,1979-08-03,Dominican Republic,Punta Cana,Lawyer,197,Individual,Active,2022-08-03 00:36:44,2022-09-22 00:36:44
151,228,Víctor Donoso,domitila63@example.net,M,1976-04-02,Dominican Republic,Punta Cana,Architect,2,Corporate,Active,2023-12-16 01:29:04,2024-01-31 01:29:04
152,229,Alejandro Acuña,iluis@example.com,M,1976-10-14,Dominican Republic,Punta Cana,Lawyer,154,Corporate,Active,2026-01-25 21:46:27,2026-03-09 21:46:27
153,230,Zaida Álamo,navasfilomena@example.org,M,1977-11-22,Dominican Republic,Puerto Plata,Marketing Specialist,6,Corporate,Active,2025-07-12 09:22:45,2025-09-21 09:22:45
154,231,Claudio Ribes,leonardo55@example.com,M,1978-03-30,Dominican Republic,Santo Domingo,Lawyer,122,Individual,Active,2026-04-07 07:31:31,2026-05-15 07:31:31
155,232,Matilde Millán,zarevalo@example.com,M,1999-03-24,Dominican Republic,Puerto Plata,Marketing Specialist,191,Honorary,Active,2025-05-25 19:39:45,2025-07-16 19:39:45
156,233,Ana Carrión,esmeralda10@example.org,M,1977-02-26,Dominican Republic,Puerto Plata,Financial Analyst,37,Honorary,Active,2021-08-14 18:46:31,2021-09-12 18:46:31
157,235,Lourdes Peinado,badiajuan-antonio@example.org,F,1979-04-20,Dominican Republic,La Romana,Marketing Specialist,207,Student,Active,2021-12-09 14:59:00,2022-01-20 14:59:00
158,240,Leonor Blanch,celestina33@example.net,M,1978-03-08,Dominican Republic,Santiago,Business Consultant,138,Honorary,Active,2022-03-03 22:45:49,2022-04-14 22:45:49
159,241,Ana Belén Barrena,albertgarzon@example.com,M,2003-05-19,Dominican Republic,Punta Cana,Civil Engineer,121,Individual,Active,2024-10-21 19:45:45,2024-11-30 19:45:45
160,242,Godofredo Torrent,ninohoracio@example.net,F,2001-06-10,Dominican Republic,La Romana,Data Analyst,232,Student,Active,2026-01-07 19:37:38,2026-02-18 19:37:38
161,244,Isidoro Parra,nsantamaria@example.net,M,1982-06-09,Dominican Republic,San Francisco de Macorís,Marketing Specialist,210,Corporate,Active,2024-12-07 21:01:55,2025-02-07 21:01:55
162,246,Eugenio Serra,canetjose-angel@example.org,M,2005-12-13,Dominican Republic,La Romana,Financial Analyst,222,Honorary,Active,2025-06-14 06:49:16,2025-08-05 06:49:16
163,252,Flavia Ibarra,gimenezdario@example.org,M,2005-12-25,Dominican Republic,Santiago,Accountant,206,Honorary,Active,2021-11-01 08:40:41,2021-12-30 08:40:41
164,253,Coral Larrea,blascabrero@example.com,F,1983-03-27,Dominican Republic,San Francisco de Macorís,Project Manager,226,Honorary,Active,2024-12-21 09:43:35,2025-02-18 09:43:35
165,254,Ruben Pozo,gimenomacarena@example.net,F,1984-08-27,Dominican Republic,San Francisco de Macorís,Architect,166,Student,Active,2025-09-28 22:15:59,2025-10-08 22:15:59
166,255,Hernán Donoso,ovidiomaestre@example.net,M,1995-10-26,Dominican Republic,Santo Domingo,Software Engineer,248,Corporate,Active,2023-12-25 04:50:04,2023-12-30 04:50:04
167,257,Mamen Mayoral,franciscomiro@example.net,M,1977-11-22,Dominican Republic,Santiago,Software Engineer,108,Individual,Active,2022-12-13 05:34:38,2023-02-16 05:34:38
168,261,Artemio Alemany,petrona38@example.net,M,1981-03-22,Dominican Republic,Santo Domingo,Accountant,241,Individual,Active,2022-10-11 21:36:31,2022-12-03 21:36:31
169,262,Matilde Burgos,mayonilda@example.net,F,1986-12-13,Dominican Republic,Puerto Plata,Accountant,40,Corporate,Active,2025-05-19 17:06:46,2025-07-26 17:06:46
170,265,Daniel Lerma,colomasegismundo@example.org,F,1997-12-18,Dominican Republic,Puerto Plata,Project Manager,268,Honorary,Active,2022-09-26 12:31:22,2022-11-30 12:31:22
171,267,Plácido Fábregas,ferrerzoraida@example.com,M,1997-04-05,Dominican Republic,La Romana,Civil Engineer,233,Corporate,Active,2022-06-13 19:33:32,2022-08-12 19:33:32
172,268,Leocadio Sancho,juan-manueloller@example.com,F,1988-10-31,Dominican Republic,Puerto Plata,Civil Engineer,160,Corporate,Active,2025-01-29 23:18:29,2025-03-09 23:18:29
173,269,Leoncio Mendoza,arielvina@example.net,M,1987-03-18,Dominican Republic,Santo Domingo,Business Consultant,104,Honorary,Active,2022-07-30 12:14:51,2022-09-12 12:14:51
174,271,Adelaida Conesa,estrella82@example.com,M,1992-02-04,Dominican Republic,Santo Domingo,Business Consultant,246,Individual,Active,2023-12-26 01:48:42,2024-02-15 01:48:42
175,272,Berto Mariño,santiagoapolinar@example.org,F,1985-02-27,Dominican Republic,Puerto Plata,Data Analyst,23,Student,Active,2022-07-31 23:37:45,2022-08-20 23:37:45
176,274,Aureliano Iglesias,pancholuque@example.net,M,1998-03-02,Dominican Republic,Puerto Plata,Business Consultant,67,Honorary,Active,2026-04-20 16:04:33,2026-06-22 16:04:33
177,275,Fabián Boix,eric36@example.net,M,2006-10-09,Dominican Republic,Santiago,Accountant,248,Honorary,Active,2022-03-21 06:21:26,2022-05-25 06:21:26
178,276,Luis Ángel Gilabert,saenzpedro@example.org,F,2003-02-23,Dominican Republic,San Francisco de Macorís,Data Analyst,53,Corporate,Active,2024-10-25 11:47:44,2024-12-11 11:47:44
179,279,Josué Cerdá,tflores@example.com,F,1978-06-10,Dominican Republic,San Francisco de Macorís,Software Engineer,231,Honorary,Active,2024-01-23 06:25:55,2024-04-03 06:25:55
180,281,Vasco Millán,adelina56@example.com,M,1989-11-01,Dominican Republic,San Francisco de Macorís,Business Consultant,5,Individual,Active,2025-01-08 02:41:29,2025-01-20 02:41:29
181,282,Íñigo Amorós,robledochus@example.org,M,1996-06-17,Dominican Republic,San Pedro de Macorís,Marketing Specialist,101,Corporate,Active,2024-02-07 23:25:22,2024-04-07 23:25:22
182,283,Miriam Herrera,edu98@example.net,M,2005-05-24,Dominican Republic,San Francisco de Macorís,Lawyer,1,Student,Active,2024-01-10 20:50:41,2024-02-10 20:50:41
183,286,Dorotea Cabanillas,clarisa75@example.org,M,1979-08-30,Dominican Republic,Puerto Plata,Project Manager,281,Individual,Active,2025-11-16 13:09:21,2025-12-20 13:09:21
184,287,Manola Baena,ascensioncobos@example.net,F,2000-09-20,Dominican Republic,San Pedro de Macorís,Accountant,286,Corporate,Active,2025-09-29 08:10:59,2025-11-11 08:10:59
185,288,Elías Godoy,marcialmercader@example.net,F,2007-05-24,Dominican Republic,Santo Domingo,Accountant,298,Honorary,Active,2021-08-02 12:35:51,2021-09-20 12:35:51
186,290,Aurora Caballero,hernandocalleja@example.com,F,1976-05-14,Dominican Republic,Santiago,Project Manager,136,Student,Active,2025-10-31 23:06:32,2025-12-18 23:06:32
187,292,Oriana Gutierrez,paca97@example.net,F,1996-07-11,Dominican Republic,La Romana,Accountant,175,Honorary,Active,2022-07-31 05:47:25,2022-09-17 05:47:25
188,293,Toni Coll,estebanerasmo@example.net,M,1997-11-24,Dominican Republic,Santo Domingo,Financial Analyst,161,Corporate,Active,2023-07-31 06:08:03,2023-09-21 06:08:03
189,295,Dionisia Ureña,guadalupe46@example.com,F,1999-04-08,Dominican Republic,La Romana,Lawyer,74,Individual,Active,2022-06-11 23:07:54,2022-07-10 23:07:54
190,296,Abril Riera,bcolomer@example.com,F,1991-01-30,Dominican Republic,Puerto Plata,Data Analyst,77,Corporate,Active,2022-07-21 16:52:20,2022-08-31 16:52:20
191,298,Aristides Pacheco,adelinasedano@example.com,M,1975-11-03,Dominican Republic,La Romana,Project Manager,247,Honorary,Active,2022-11-17 08:22:41,2023-01-05 08:22:41
192,299,Pepito Valle,pacozapata@example.com,M,1992-12-25,Dominican Republic,Santiago,Accountant,128,Student,Active,2022-01-24 11:44:48,2022-03-07 11:44:48
193,300,Félix Cordero,gabriela95@example.com,F,1999-11-11,Dominican Republic,San Francisco de Macorís,Architect,28,Corporate,Active,2022-09-21 13:40:42,2022-11-14 13:40:42
194,301,León Mateo,pbayo@example.com,M,1988-05-04,Dominican Republic,Punta Cana,Project Manager,147,Individual,Active,2025-07-18 03:59:36,2025-08-18 03:59:36
195,302,Eloísa Escribano,efrain59@example.net,M,1987-05-16,Dominican Republic,Santiago,Lawyer,23,Student,Active,2024-12-18 23:09:08,2025-01-20 23:09:08
196,303,Borja Arrieta,cuencajesus@example.org,M,1998-03-01,Dominican Republic,Santiago,Lawyer,206,Individual,Active,2022-06-08 11:57:39,2022-07-26 11:57:39
197,305,Luisa Plana,dbaro@example.net,F,1984-01-19,Dominican Republic,Punta Cana,Project Manager,226,Student,Active,2022-07-04 03:22:32,2022-08-11 03:22:32
198,307,Águeda Dávila,candido76@example.org,F,1997-03-20,Dominican Republic,La Romana,Lawyer,258,Individual,Active,2026-05-31 03:42:13,2026-06-27 03:42:13
199,308,Cayetana Folch,jose-antoniotudela@example.com,F,1998-08-17,Dominican Republic,San Francisco de Macorís,Accountant,237,Student,Active,2023-12-19 07:57:30,2024-01-27 07:57:30
200,309,Jafet Fortuny,tonoalvaro@example.org,F,1978-06-15,Dominican Republic,Santiago,Financial Analyst,45,Individual,Active,2021-09-26 19:17:04,2021-11-05 19:17:04
201,310,Eva Bárcena,anastasiocheca@example.org,F,1987-10-06,Dominican Republic,San Francisco de Macorís,Marketing Specialist,276,Corporate,Active,2025-01-01 04:19:01,2025-03-04 04:19:01
202,311,Clementina Bello,gil87@example.org,F,2003-11-07,Dominican Republic,Santo Domingo,Marketing Specialist,71,Student,Active,2023-04-19 02:01:56,2023-05-31 02:01:56
203,312,Concepción Sáez,pepe98@example.org,M,2002-10-20,Dominican Republic,Santiago,Business Consultant,207,Honorary,Active,2022-02-07 03:00:25,2022-04-11 03:00:25
204,313,Valentín Roma,kbelda@example.org,F,1979-11-09,Dominican Republic,Puerto Plata,Civil Engineer,248,Individual,Active,2025-12-06 12:18:48,2025-12-31 12:18:48
205,315,Natalio Alsina,pacamanjon@example.com,M,1988-10-24,Dominican Republic,Santo Domingo,Marketing Specialist,165,Individual,Active,2024-07-29 10:56:14,2024-09-05 10:56:14
206,317,Emiliana Vall,sabas90@example.net,F,1999-04-06,Dominican Republic,San Francisco de Macorís,Data Analyst,72,Individual,Active,2022-06-22 22:59:28,2022-07-24 22:59:28
207,318,Dafne Sotelo,fortunata00@example.com,F,1989-11-13,Dominican Republic,Santiago,Civil Engineer,167,Honorary,Active,2023-10-02 00:17:47,2023-11-08 00:17:47
208,319,Herberto Nadal,chaparrohernando@example.net,M,2003-04-27,Dominican Republic,San Pedro de Macorís,Architect,69,Student,Active,2024-05-02 13:01:56,2024-06-24 13:01:56
209,320,Ámbar Barrios,anabeltran@example.net,M,2006-04-19,Dominican Republic,San Pedro de Macorís,Marketing Specialist,103,Corporate,Active,2021-10-31 08:22:43,2021-12-06 08:22:43
210,322,Kike Arnaiz,arandaanabel@example.net,M,1983-03-12,Dominican Republic,San Francisco de Macorís,Civil Engineer,163,Honorary,Active,2024-07-05 16:41:50,2024-09-04 16:41:50
211,327,Cirino Agustín,sevearroyo@example.org,F,2005-03-29,Dominican Republic,Puerto Plata,Software Engineer,128,Individual,Active,2023-08-28 23:09:22,2023-10-29 23:09:22
212,329,Armando Miralles,eligia34@example.org,F,1996-02-25,Dominican Republic,Punta Cana,Lawyer,29,Corporate,Active,2024-11-30 11:05:59,2024-12-30 11:05:59
213,330,Alejandra Carvajal,benitojosue@example.net,F,1982-07-14,Dominican Republic,Santiago,Architect,218,Individual,Active,2025-09-28 04:11:28,2025-11-19 04:11:28
214,331,Julieta Palau,vicentemate@example.com,F,2002-01-28,Dominican Republic,San Pedro de Macorís,Architect,161,Individual,Active,2026-03-22 15:23:28,2026-04-16 15:23:28
215,332,Luís Hidalgo,melchor88@example.org,M,1977-05-14,Dominican Republic,San Francisco de Macorís,Project Manager,83,Corporate,Active,2024-06-24 10:36:14,2024-08-22 10:36:14
216,337,Ana Sofía Alfonso,cplanas@example.org,F,1983-03-02,Dominican Republic,La Romana,Architect,41,Honorary,Active,2023-04-13 15:56:28,2023-05-25 15:56:28
217,338,Reynaldo Espinosa,qbadia@example.com,M,1976-08-05,Dominican Republic,Santo Domingo,Accountant,216,Corporate,Active,2026-02-20 00:25:26,2026-03-28 00:25:26
218,339,María Carmen Oliveras,navarreteagata@example.com,F,2003-02-05,Dominican Republic,San Pedro de Macorís,Lawyer,52,Individual,Active,2023-05-17 06:17:36,2023-07-10 06:17:36
219,340,Marita Amorós,lucila96@example.com,F,2002-02-26,Dominican Republic,La Romana,Accountant,244,Individual,Active,2022-01-06 22:39:44,2022-02-23 22:39:44
220,341,Noemí Canales,imadrigal@example.com,M,1989-12-13,Dominican Republic,San Pedro de Macorís,Project Manager,83,Individual,Active,2026-05-27 11:55:56,2026-06-22 11:55:56
221,342,Loida Villena,fermin67@example.net,M,2006-12-28,Dominican Republic,Puerto Plata,Software Engineer,232,Corporate,Active,2023-07-23 15:04:38,2023-09-14 15:04:38
222,343,Eligio Alcántara,nerea41@example.org,F,2001-10-09,Dominican Republic,Puerto Plata,Software Engineer,72,Corporate,Active,2026-02-23 22:01:57,2026-03-24 22:01:57
223,344,Manolo Nebot,narias@example.com,F,1987-11-01,Dominican Republic,La Romana,Accountant,59,Honorary,Active,2023-10-26 10:50:46,2023-12-27 10:50:46
224,345,Georgina Iglesia,casanovamarino@example.net,F,1998-01-04,Dominican Republic,Santo Domingo,Data Analyst,155,Student,Active,2024-04-05 18:17:41,2024-05-29 18:17:41
225,346,Piedad Lamas,vicentesevillano@example.org,F,1990-07-01,Dominican Republic,Santiago,Business Consultant,78,Student,Active,2021-08-10 01:02:19,2021-10-18 01:02:19
226,347,Adelaida Arco,alexandra83@example.com,M,1977-07-10,Dominican Republic,Punta Cana,Data Analyst,178,Student,Active,2022-03-17 15:02:16,2022-06-07 15:02:16
227,348,Leonel Miralles,saezgeraldo@example.com,M,2001-08-04,Dominican Republic,La Romana,Civil Engineer,160,Individual,Active,2023-11-18 10:24:21,2024-01-15 10:24:21
228,351,Cruz Molins,gonibenjamin@example.net,F,1984-05-05,Dominican Republic,Santiago,Software Engineer,51,Individual,Active,2023-09-21 08:05:16,2023-10-28 08:05:16
229,352,Alcides Osuna,guitartpancho@example.org,M,1978-03-01,Dominican Republic,Puerto Plata,Software Engineer,102,Student,Active,2025-11-04 11:37:25,2026-01-02 11:37:25
230,354,Paula Ricart,roldansara@example.com,F,1980-05-25,Dominican Republic,La Romana,Financial Analyst,131,Corporate,Active,2021-09-28 04:57:15,2021-11-25 04:57:15
231,357,Emelina Galán,ariadna89@example.net,M,1987-03-27,Dominican Republic,Puerto Plata,Architect,125,Honorary,Active,2023-05-12 01:21:52,2023-06-26 01:21:52
232,358,Reyes Antúnez,ricobermudez@example.org,F,2008-02-23,Dominican Republic,San Pedro de Macorís,Software Engineer,109,Corporate,Active,2023-06-11 05:33:54,2023-08-09 05:33:54
233,360,Georgina Zamorano,rmolins@example.org,F,2003-12-22,Dominican Republic,Santiago,Accountant,248,Corporate,Active,2024-01-10 00:07:27,2024-02-28 00:07:27
234,362,Jimena Hernando,xredondo@example.org,M,1987-07-04,Dominican Republic,Santo Domingo,Architect,257,Individual,Active,2026-04-19 18:18:13,2026-06-02 18:18:13
235,364,Jeremías Casares,maxiramon@example.net,M,1995-06-05,Dominican Republic,Santo Domingo,Business Consultant,253,Corporate,Active,2022-09-15 16:04:03,2022-11-03 16:04:03
236,367,Dionisio Riquelme,maria-del-carmen87@example.net,F,1978-12-19,Dominican Republic,La Romana,Architect,61,Honorary,Active,2022-08-10 04:30:20,2022-10-05 04:30:20
237,368,Ruth Aragón,samador@example.org,M,1978-01-05,Dominican Republic,Puerto Plata,Architect,275,Student,Active,2022-08-28 18:23:32,2022-10-01 18:23:32
238,369,Aránzazu Ávila,wroca@example.org,M,1989-03-20,Dominican Republic,San Pedro de Macorís,Data Analyst,249,Individual,Active,2026-04-08 20:06:22,2026-06-01 20:06:22
239,370,Jose Antonio Marcos,navarroteofila@example.com,F,1995-08-27,Dominican Republic,La Romana,Civil Engineer,247,Individual,Active,2022-06-13 07:38:17,2022-08-11 07:38:17
240,371,Lorenza Arrieta,pachecovidal@example.com,F,1996-12-28,Dominican Republic,Punta Cana,Civil Engineer,196,Individual,Active,2025-05-10 19:39:31,2025-07-08 19:39:31
241,372,Manu Ruano,marita72@example.net,M,1981-10-08,Dominican Republic,Santiago,Lawyer,48,Individual,Active,2025-11-12 01:16:08,2026-01-17 01:16:08
242,373,Celso Cornejo,pelayoileana@example.net,M,1990-12-17,Dominican Republic,Santo Domingo,Accountant,145,Student,Active,2024-10-04 03:48:38,2024-11-18 03:48:38
243,376,Rafaela Roldan,mohamed65@example.org,M,2007-12-21,Dominican Republic,Punta Cana,Financial Analyst,208,Student,Active,2022-10-01 09:06:03,2022-11-24 09:06:03
244,379,Jacobo Dominguez,yessica49@example.org,F,2006-12-26,Dominican Republic,Santo Domingo,Project Manager,73,Student,Active,2023-07-03 06:30:01,2023-08-12 06:30:01
245,380,Griselda Lopez,clementegabaldon@example.net,F,2004-01-26,Dominican Republic,La Romana,Lawyer,267,Honorary,Active,2025-11-09 22:52:34,2025-12-27 22:52:34
246,382,Adolfo Torres,peiroherminio@example.com,M,2007-07-29,Dominican Republic,Punta Cana,Civil Engineer,160,Student,Active,2026-05-23 00:45:09,2026-06-09 00:45:09
247,384,Lilia Carretero,frosell@example.com,F,1978-06-26,Dominican Republic,Puerto Plata,Architect,224,Honorary,Active,2022-09-11 13:28:59,2022-11-15 13:28:59
248,387,Lara Miranda,rossellocornelio@example.net,M,2002-07-20,Dominican Republic,San Francisco de Macorís,Data Analyst,205,Corporate,Active,2025-12-19 02:17:54,2026-01-23 02:17:54
249,388,Maximino Falcón,aguilojose-luis@example.org,M,1995-06-24,Dominican Republic,Puerto Plata,Financial Analyst,253,Corporate,Active,2024-09-24 07:46:17,2024-11-08 07:46:17
250,389,Salud Gimeno,juan-manuelsoriano@example.org,M,1992-01-06,Dominican Republic,Santiago,Civil Engineer,65,Corporate,Active,2023-02-14 19:08:25,2023-03-27 19:08:25
251,392,Antonio Ripoll,encarna69@example.org,F,1997-03-24,Dominican Republic,Punta Cana,Financial Analyst,229,Corporate,Active,2024-06-30 20:49:46,2024-08-06 20:49:46
252,393,Alondra Escolano,priscila34@example.net,M,1992-01-13,Dominican Republic,Punta Cana,Civil Engineer,276,Student,Active,2025-09-13 13:11:27,2025-11-13 13:11:27
253,394,Natividad Poza,candelaria74@example.org,M,1982-12-23,Dominican Republic,La Romana,Architect,152,Corporate,Active,2022-06-27 14:18:47,2022-08-03 14:18:47
254,396,David Echeverría,qmontana@example.org,M,1987-05-10,Dominican Republic,San Francisco de Macorís,Project Manager,40,Honorary,Active,2024-12-01 07:16:53,2024-12-28 07:16:53
255,397,Julie Castellanos,mtorrijos@example.com,F,1998-11-29,Dominican Republic,Santiago,Business Consultant,103,Student,Active,2023-07-13 04:01:31,2023-09-06 04:01:31
256,398,Ambrosio Manso,anunciacion36@example.org,M,1994-08-29,Dominican Republic,Puerto Plata,Civil Engineer,279,Corporate,Active,2024-04-12 14:32:05,2024-05-25 14:32:05
257,400,Juan Bautista Ballester,amalia35@example.net,M,2003-05-19,Dominican Republic,Santo Domingo,Software Engineer,157,Corporate,Active,2021-12-02 05:54:05,2021-12-31 05:54:05
258,402,Melisa Canet,efrain98@example.org,F,2007-11-11,Dominican Republic,Punta Cana,Architect,176,Student,Active,2021-09-17 02:14:26,2021-11-07 02:14:26
259,403,Nidia Pinilla,minguezximena@example.com,F,2001-08-14,Dominican Republic,Santiago,Business Consultant,297,Individual,Active,2026-03-27 06:22:14,2026-05-17 06:22:14
260,405,Ruy Grande,nicolasa25@example.com,F,1989-08-05,Dominican Republic,Puerto Plata,Business Consultant,123,Corporate,Active,2023-05-14 09:01:06,2023-07-01 09:01:06
261,406,Carolina Ibarra,araujoramona@example.org,F,2001-03-22,Dominican Republic,Santiago,Architect,275,Honorary,Active,2026-01-04 10:24:23,2026-03-14 10:24:23
262,407,Cristian Valls,ctoro@example.org,F,1985-02-28,Dominican Republic,Santiago,Lawyer,289,Individual,Active,2024-02-05 02:33:30,2024-03-07 02:33:30
263,410,Anna Ribes,alcoleamanuelita@example.net,M,1996-02-10,Dominican Republic,Santiago,Business Consultant,98,Student,Active,2022-10-28 06:09:58,2022-11-26 06:09:58
264,413,Renato Manuel,obuendia@example.com,M,1994-08-13,Dominican Republic,Santiago,Lawyer,207,Honorary,Active,2023-11-25 22:22:25,2023-12-26 22:22:25
265,415,Ramón Campoy,kgoicoechea@example.org,F,1989-01-18,Dominican Republic,San Francisco de Macorís,Accountant,211,Student,Active,2023-07-04 15:22:52,2023-07-09 15:22:52
266,416,Victoriano Pelayo,pcanales@example.com,M,1986-11-03,Dominican Republic,Santiago,Civil Engineer,100,Honorary,Active,2022-10-03 03:57:11,2022-11-25 03:57:11
267,417,Nélida Blanes,dominguezhipolito@example.com,F,1995-09-20,Dominican Republic,San Pedro de Macorís,Accountant,19,Individual,Active,2023-08-29 02:38:08,2023-09-28 02:38:08
268,418,Celso Cid,hsaenz@example.net,M,2004-02-05,Dominican Republic,San Francisco de Macorís,Data Analyst,197,Individual,Active,2026-05-08 23:16:22,2026-06-20 23:16:22
269,420,Perlita Contreras,montoyajennifer@example.net,F,1995-11-25,Dominican Republic,Punta Cana,Financial Analyst,198,Honorary,Active,2024-12-27 12:59:04,2025-03-05 12:59:04
270,422,Matías Gutiérrez,inigo78@example.net,M,2004-09-28,Dominican Republic,La Romana,Data Analyst,190,Corporate,Active,2022-03-23 11:46:23,2022-05-09 11:46:23
271,423,África Calzada,yberenguer@example.org,M,2001-04-13,Dominican Republic,Santiago,Lawyer,111,Individual,Active,2021-08-24 19:30:34,2021-09-11 19:30:34
272,425,Antonio Rodrigo,odonaire@example.net,M,1992-02-08,Dominican Republic,Punta Cana,Civil Engineer,3,Corporate,Active,2022-09-21 00:42:38,2022-11-24 00:42:38
273,426,Marianela Ripoll,sagullo@example.org,F,1990-05-06,Dominican Republic,San Pedro de Macorís,Project Manager,275,Individual,Active,2024-01-13 14:29:49,2024-03-02 14:29:49
274,427,Lola Linares,encarnacion59@example.net,F,1981-03-05,Dominican Republic,Punta Cana,Lawyer,41,Corporate,Active,2022-09-26 03:54:30,2022-12-02 03:54:30
275,428,Luis Ángel Zabala,nievespera@example.net,M,1996-02-05,Dominican Republic,San Pedro de Macorís,Lawyer,210,Corporate,Active,2023-09-02 01:21:22,2023-10-08 01:21:22
276,429,Agustina Sevillano,nataliocerda@example.org,F,1993-05-15,Dominican Republic,San Francisco de Macorís,Accountant,4,Individual,Active,2025-07-24 17:55:52,2025-08-28 17:55:52
277,430,Agustín Moll,jescobar@example.com,F,1977-10-23,Dominican Republic,San Francisco de Macorís,Marketing Specialist,122,Student,Active,2021-07-30 21:20:20,2021-09-01 21:20:20
278,431,Mateo Expósito,joaquinaburgos@example.net,F,1991-02-18,Dominican Republic,La Romana,Software Engineer,293,Honorary,Active,2024-05-06 23:21:35,2024-06-29 23:21:35
279,433,Sol Gonzalez,eusebia03@example.com,M,1985-03-13,Dominican Republic,Punta Cana,Financial Analyst,25,Corporate,Active,2025-02-26 12:48:19,2025-04-02 12:48:19
280,434,Daniela Maza,etelvina64@example.net,F,1993-12-08,Dominican Republic,Santiago,Lawyer,241,Student,Active,2023-04-03 21:39:22,2023-05-20 21:39:22
281,436,Cristian Castañeda,kmurillo@example.net,F,1996-02-08,Dominican Republic,Puerto Plata,Lawyer,259,Student,Active,2023-11-21 19:55:03,2024-01-21 19:55:03
282,437,Noemí Sáenz,florentinoacedo@example.org,F,1982-11-22,Dominican Republic,Santiago,Civil Engineer,9,Individual,Active,2022-04-23 06:15:57,2022-06-27 06:15:57
283,438,Úrsula Collado,fideltalavera@example.org,F,1986-07-13,Dominican Republic,Punta Cana,Marketing Specialist,87,Corporate,Active,2022-03-12 03:50:32,2022-04-07 03:50:32
284,439,Teresita Azorin,ariadnasabater@example.com,F,1998-02-24,Dominican Republic,Santiago,Data Analyst,231,Honorary,Active,2025-07-17 23:16:41,2025-08-24 23:16:41
285,440,Nacho Mate,hernandocharo@example.com,M,1988-05-14,Dominican Republic,Punta Cana,Accountant,256,Honorary,Active,2024-10-23 06:46:51,2024-12-11 06:46:51
286,444,Rosenda Pavón,uoliva@example.com,F,1982-10-20,Dominican Republic,Santo Domingo,Project Manager,98,Individual,Active,2026-04-17 16:51:31,2026-05-20 16:51:31
287,445,Sarita Feijoo,lperello@example.net,M,1975-11-22,Dominican Republic,Santiago,Marketing Specialist,77,Student,Active,2023-03-13 22:11:17,2023-05-19 22:11:17
288,447,Yolanda Izaguirre,llanoanastasio@example.net,F,1984-11-18,Dominican Republic,Santo Domingo,Civil Engineer,293,Student,Active,2025-08-08 20:39:02,2025-09-15 20:39:02
289,448,Rómulo Arranz,leocadio09@example.org,M,2004-11-24,Dominican Republic,San Francisco de Macorís,Architect,237,Honorary,Active,2025-07-15 05:40:33,2025-09-15 05:40:33
290,449,Ema Santos,eduran@example.net,M,2005-04-19,Dominican Republic,San Pedro de Macorís,Software Engineer,208,Individual,Active,2026-03-04 13:31:54,2026-04-17 13:31:54
291,453,Nazaret Moliner,vicentapazos@example.net,M,1976-01-05,Dominican Republic,La Romana,Project Manager,231,Honorary,Active,2024-12-17 02:21:19,2025-02-04 02:21:19
292,456,Sebastián Duran,merinoleocadio@example.net,M,1987-06-18,Dominican Republic,San Pedro de Macorís,Accountant,282,Individual,Active,2022-07-14 05:01:34,2022-09-06 05:01:34
293,460,Mariana Cazorla,balduino64@example.org,M,1985-01-07,Dominican Republic,Puerto Plata,Project Manager,281,Individual,Active,2022-09-22 18:31:05,2022-11-20 18:31:05
294,464,Angelino Pol,brigidagalvez@example.net,M,1990-04-16,Dominican Republic,Puerto Plata,Civil Engineer,52,Student,Active,2024-06-25 07:56:07,2024-07-20 07:56:07
295,465,Flavia Malo,octaviovara@example.net,M,2003-10-07,Dominican Republic,San Pedro de Macorís,Accountant,188,Student,Active,2023-10-27 01:57:55,2023-11-28 01:57:55
296,466,Cipriano Vilanova,juangibert@example.com,F,1984-05-27,Dominican Republic,Puerto Plata,Civil Engineer,267,Individual,Active,2021-10-19 04:31:39,2021-11-26 04:31:39
297,467,Ágata Carlos,aitanachaves@example.com,M,1995-06-30,Dominican Republic,San Pedro de Macorís,Financial Analyst,156,Student,Active,2024-04-11 23:32:34,2024-05-16 23:32:34
298,468,Ramón Pina,morajudith@example.org,F,1996-12-11,Dominican Republic,La Romana,Lawyer,186,Honorary,Active,2024-08-01 11:55:57,2024-09-13 11:55:57
299,469,Ruth Aguiló,tadeotalavera@example.com,F,1986-12-26,Dominican Republic,La Romana,Data Analyst,186,Corporate,Active,2022-05-20 19:37:06,2022-06-12 19:37:06
300,470,Glauco Palma,fermin78@example.org,F,2001-02-12,Dominican Republic,Punta Cana,Accountant,264,Honorary,Active,2021-09-19 01:23:11,2021-10-22 01:23:11
301,472,Eliana Nebot,tquero@example.org,M,2007-02-20,Dominican Republic,Santiago,Business Consultant,213,Corporate,Active,2023-07-11 10:29:34,2023-08-26 10:29:34
302,473,María Carmen Vendrell,robledoteodosio@example.com,F,2007-12-27,Dominican Republic,San Francisco de Macorís,Lawyer,240,Student,Active,2024-12-09 13:41:12,2024-12-27 13:41:12
303,474,Dorita Andrade,arieldelgado@example.com,M,2005-09-11,Dominican Republic,La Romana,Civil Engineer,204,Corporate,Active,2025-12-27 18:14:08,2026-02-04 18:14:08
304,476,Mónica Cid,alvaro62@example.com,M,1975-07-23,Dominican Republic,Santiago,Accountant,149,Honorary,Active,2022-10-14 17:19:06,2022-11-25 17:19:06
305,479,Omar Cabo,sprado@example.org,M,2006-08-03,Dominican Republic,La Romana,Architect,251,Student,Active,2025-07-19 21:16:31,2025-09-24 21:16:31
306,480,Guiomar Peñalver,wherrero@example.org,M,1988-09-18,Dominican Republic,Punta Cana,Architect,47,Honorary,Active,2022-08-16 17:25:27,2022-10-13 17:25:27
307,481,Maximino Cañellas,smorillo@example.net,F,2000-05-18,Dominican Republic,Santo Domingo,Project Manager,60,Honorary,Active,2025-02-21 15:29:53,2025-04-15 15:29:53
308,483,Iván Enríquez,rafaparedes@example.com,F,1992-08-03,Dominican Republic,La Romana,Data Analyst,96,Student,Active,2021-07-18 10:15:54,2021-09-13 10:15:54
309,484,Emiliana Puig,grauemiliano@example.com,M,1981-12-04,Dominican Republic,La Romana,Architect,95,Individual,Active,2021-11-27 22:57:19,2021-12-20 22:57:19
310,485,Héctor Matas,vbuendia@example.com,M,1997-10-13,Dominican Republic,San Francisco de Macorís,Marketing Specialist,172,Honorary,Active,2023-01-23 08:05:29,2023-03-09 08:05:29
311,487,Gastón Cárdenas,gvillar@example.com,M,2002-12-17,Dominican Republic,Santiago,Data Analyst,155,Honorary,Active,2022-03-27 05:42:41,2022-05-20 05:42:41
312,489,Rodrigo Sanz,torrefrancisca@example.net,M,1989-03-13,Dominican Republic,Santo Domingo,Architect,171,Student,Active,2025-02-15 00:16:24,2025-03-28 00:16:24
313,491,Ani Peralta,inaranjo@example.com,M,1979-04-30,Dominican Republic,San Francisco de Macorís,Business Consultant,46,Corporate,Active,2023-01-20 02:50:08,2023-03-06 02:50:08
314,492,Teobaldo Pla,conesaadrian@example.com,M,2007-10-16,Dominican Republic,La Romana,Lawyer,219,Honorary,Active,2023-09-22 13:16:41,2023-11-19 13:16:41
315,493,Hector Villa,droyo@example.com,F,1985-02-11,Dominican Republic,Santiago,Civil Engineer,121,Student,Active,2021-11-14 06:36:31,2021-12-29 06:36:31
316,495,José Antonio Roig,imelda40@example.net,F,1984-08-15,Dominican Republic,San Pedro de Macorís,Data Analyst,181,Student,Active,2023-01-19 18:31:49,2023-03-30 18:31:49
317,496,Lázaro Palacios,calemany@example.com,F,1985-08-28,Dominican Republic,La Romana,Lawyer,285,Honorary,Active,2021-11-01 03:14:38,2021-12-01 03:14:38
318,499,Tomás Llobet,alvaro93@example.net,F,2003-06-12,Dominican Republic,Puerto Plata,Lawyer,115,Corporate,Active,2025-12-26 02:57:39,2026-02-02 02:57:39
319,502,Telmo Pérez,espejomargarita@example.com,M,2000-01-30,Dominican Republic,Punta Cana,Architect,10,Individual,Active,2022-03-16 19:22:52,2022-04-12 19:22:52
320,504,Calista Hervás,perelloconsuela@example.com,F,1982-11-07,Dominican Republic,Santiago,Financial Analyst,265,Corporate,Active,2025-04-01 00:37:10,2025-05-16 00:37:10
321,506,Irene López,adelardo63@example.org,F,2002-02-19,Dominican Republic,San Francisco de Macorís,Data Analyst,147,Student,Active,2025-01-20 17:53:26,2025-03-16 17:53:26
322,507,Gala Castilla,juanito79@example.net,F,1986-05-09,Dominican Republic,La Romana,Accountant,129,Corporate,Active,2022-05-11 07:26:56,2022-07-01 07:26:56
323,508,Ismael Gomila,morataismael@example.org,M,1996-05-01,Dominican Republic,La Romana,Financial Analyst,117,Honorary,Active,2023-12-24 17:50:57,2024-03-07 17:50:57
324,509,Luisa Serna,imulet@example.com,M,1991-09-17,Dominican Republic,Punta Cana,Software Engineer,80,Student,Active,2026-04-11 01:31:13,2026-06-02 01:31:13
325,510,Albano Novoa,miguel57@example.org,M,1991-03-31,Dominican Republic,La Romana,Software Engineer,34,Individual,Active,2025-10-10 17:50:16,2025-11-13 17:50:16
326,513,Maricela Miró,bsolsona@example.org,M,1996-10-15,Dominican Republic,Puerto Plata,Accountant,164,Honorary,Active,2022-12-13 12:12:07,2023-01-20 12:12:07
327,518,Miguel Parejo,mollani@example.net,M,1993-08-24,Dominican Republic,Santo Domingo,Software Engineer,232,Corporate,Active,2024-11-12 22:09:25,2025-01-12 22:09:25
328,519,Jafet Quintero,ssimo@example.com,F,1980-11-13,Dominican Republic,Santiago,Data Analyst,150,Individual,Active,2023-01-16 08:23:33,2023-02-21 08:23:33
329,521,Isabela Cabello,aripoll@example.com,F,1981-12-15,Dominican Republic,La Romana,Data Analyst,256,Student,Active,2021-10-11 17:02:42,2021-12-13 17:02:42
330,525,Carmina Vidal,remedioscuellar@example.com,M,1988-02-01,Dominican Republic,Santo Domingo,Lawyer,72,Corporate,Active,2023-07-27 00:14:09,2023-08-27 00:14:09
331,526,Gabino Sureda,mohamedcazorla@example.com,M,1977-09-25,Dominican Republic,Punta Cana,Software Engineer,133,Individual,Active,2021-10-17 10:53:56,2021-12-08 10:53:56
332,527,Hilario Serra,rhierro@example.net,F,1990-08-16,Dominican Republic,La Romana,Financial Analyst,287,Individual,Active,2023-08-03 23:44:37,2023-10-13 23:44:37
333,529,Salud Cuervo,oscarbecerra@example.org,M,2000-12-31,Dominican Republic,Santo Domingo,Business Consultant,21,Individual,Active,2021-10-21 21:44:12,2021-11-08 21:44:12
334,530,Isabel Ramos,epol@example.com,M,2008-02-10,Dominican Republic,Santo Domingo,Business Consultant,209,Honorary,Active,2023-09-29 08:46:38,2023-11-18 08:46:38
335,531,Sol Carrillo,rodenasalicia@example.net,F,1977-07-24,Dominican Republic,Santiago,Financial Analyst,116,Individual,Active,2024-01-09 16:30:04,2024-02-08 16:30:04
336,532,Octavia Puig,parrasalomon@example.net,M,2007-01-31,Dominican Republic,Santo Domingo,Accountant,41,Corporate,Active,2025-11-18 20:14:51,2026-01-02 20:14:51
337,533,Eva Sacristán,gcasanova@example.org,M,2004-05-08,Dominican Republic,Puerto Plata,Architect,12,Corporate,Active,2023-10-07 00:56:34,2023-12-05 00:56:34
338,536,Álvaro Tur,maritajuan@example.com,F,1985-07-29,Dominican Republic,Santo Domingo,Project Manager,78,Corporate,Active,2025-04-25 00:44:38,2025-06-09 00:44:38
339,537,Natalio Sanjuan,clementina49@example.org,M,2001-06-07,Dominican Republic,San Francisco de Macorís,Marketing Specialist,160,Individual,Active,2022-09-21 12:18:46,2022-12-01 12:18:46
340,538,Eusebio Vélez,amancio35@example.net,M,1987-11-14,Dominican Republic,La Romana,Project Manager,98,Individual,Active,2024-01-04 06:24:07,2024-02-14 06:24:07
341,539,Marino Cuadrado,aitana74@example.org,M,2000-10-31,Dominican Republic,San Francisco de Macorís,Lawyer,209,Honorary,Active,2022-08-16 21:12:16,2022-10-08 21:12:16
342,540,Eugenio Manzano,ojimenez@example.org,M,1976-06-25,Dominican Republic,Punta Cana,Financial Analyst,130,Honorary,Active,2023-05-02 02:15:26,2023-07-04 02:15:26
343,541,Dalila Mateo,danielaalbero@example.com,F,1987-12-02,Dominican Republic,Santo Domingo,Business Consultant,211,Honorary,Active,2025-11-09 14:55:36,2025-11-28 14:55:36
344,542,Marcia Villanueva,ntapia@example.org,F,1987-03-29,Dominican Republic,San Pedro de Macorís,Business Consultant,168,Honorary,Active,2022-11-09 18:36:45,2022-12-26 18:36:45
345,543,Diana Vallejo,azeneth56@example.com,F,1997-08-03,Dominican Republic,San Francisco de Macorís,Business Consultant,109,Individual,Active,2022-12-20 22:09:29,2023-02-22 22:09:29
346,544,Sabina Zapata,eechevarria@example.com,F,1976-01-05,Dominican Republic,La Romana,Accountant,171,Individual,Active,2022-01-30 15:53:43,2022-03-20 15:53:43
347,546,Florentina Figueras,andrea79@example.net,M,2006-05-14,Dominican Republic,Santiago,Project Manager,121,Corporate,Active,2021-08-20 09:20:52,2021-11-02 09:20:52
348,548,Sabas Cabeza,anunciacion14@example.net,M,2008-04-01,Dominican Republic,San Pedro de Macorís,Software Engineer,152,Student,Active,2026-01-29 21:43:49,2026-03-10 21:43:49
349,549,Raquel Bernad,salomclaudia@example.net,F,1983-12-19,Dominican Republic,Santiago,Software Engineer,288,Corporate,Active,2023-08-12 17:10:05,2023-09-05 17:10:05
350,550,José María España,javiersastre@example.org,M,1976-11-23,Dominican Republic,Puerto Plata,Project Manager,160,Student,Active,2023-10-17 04:20:32,2023-11-07 04:20:32
351,553,Abril Cabello,montanamontserrat@example.net,F,1978-01-05,Dominican Republic,Puerto Plata,Project Manager,161,Individual,Active,2023-03-15 18:09:47,2023-04-20 18:09:47
352,554,Ale Carnero,eblanco@example.org,F,1978-12-05,Dominican Republic,La Romana,Data Analyst,200,Individual,Active,2026-02-22 13:32:34,2026-04-25 13:32:34
353,556,Rosalinda Cantón,lferreras@example.net,M,1996-06-07,Dominican Republic,Santo Domingo,Software Engineer,172,Corporate,Active,2025-05-31 00:23:17,2025-07-23 00:23:17
354,557,Aarón Infante,flillo@example.net,M,1981-07-14,Dominican Republic,Punta Cana,Marketing Specialist,228,Student,Active,2024-04-29 12:43:16,2024-07-08 12:43:16
355,558,Anunciación Tomas,filomena44@example.net,F,1984-01-01,Dominican Republic,San Francisco de Macorís,Software Engineer,191,Corporate,Active,2024-06-07 09:00:14,2024-07-11 09:00:14
356,559,Leonardo Vaquero,eufemia71@example.org,F,1992-02-13,Dominican Republic,San Pedro de Macorís,Architect,103,Honorary,Active,2021-08-02 17:33:21,2021-08-31 17:33:21
357,560,Melchor Vergara,kvalcarcel@example.org,F,1977-10-04,Dominican Republic,Santo Domingo,Marketing Specialist,123,Student,Active,2025-03-16 16:57:31,2025-05-07 16:57:31
358,562,Pacífica España,melaniacamps@example.org,F,1982-10-13,Dominican Republic,San Pedro de Macorís,Accountant,173,Student,Active,2024-02-22 22:06:33,2024-04-10 22:06:33
359,565,Mireia Duarte,emiliacrespo@example.com,F,2008-01-30,Dominican Republic,Santo Domingo,Marketing Specialist,179,Honorary,Active,2025-12-04 02:06:34,2026-01-14 02:06:34
360,566,Ainoa Riera,jenaro47@example.com,F,1988-02-23,Dominican Republic,Punta Cana,Marketing Specialist,169,Individual,Active,2022-10-06 22:34:14,2022-11-13 22:34:14
361,567,Mariano Múgica,paula57@example.com,M,1989-12-31,Dominican Republic,Santo Domingo,Accountant,211,Individual,Active,2026-04-28 13:16:13,2026-06-25 13:16:13
362,569,Yago Lledó,franciscohoracio@example.net,F,1999-11-30,Dominican Republic,San Pedro de Macorís,Financial Analyst,163,Honorary,Active,2023-09-16 15:03:56,2023-10-26 15:03:56
363,570,Macario Perea,montserratteofilo@example.com,M,1986-08-11,Dominican Republic,San Francisco de Macorís,Lawyer,226,Honorary,Active,2026-04-12 08:10:12,2026-05-23 08:10:12
364,571,Charo Flores,esmeraldavaquero@example.com,F,2004-09-01,Dominican Republic,San Francisco de Macorís,Civil Engineer,284,Honorary,Active,2023-11-11 15:45:18,2023-12-19 15:45:18
365,572,Custodio Benavente,felipemorell@example.net,F,1991-11-07,Dominican Republic,San Francisco de Macorís,Financial Analyst,220,Honorary,Active,2025-07-12 07:46:09,2025-08-11 07:46:09
366,573,Arturo Porta,riborra@example.net,F,1995-06-21,Dominican Republic,La Romana,Project Manager,130,Corporate,Active,2024-09-20 15:01:57,2024-11-23 15:01:57
367,575,Águeda Luís,suarezeloy@example.net,F,1978-01-17,Dominican Republic,San Francisco de Macorís,Software Engineer,291,Corporate,Active,2024-04-16 19:27:32,2024-06-06 19:27:32
368,576,Matilde Riba,samantacontreras@example.net,M,1985-09-12,Dominican Republic,Punta Cana,Data Analyst,246,Student,Active,2023-03-26 20:14:52,2023-05-19 20:14:52
369,577,Chita Borja,uhigueras@example.net,F,1994-02-15,Dominican Republic,Puerto Plata,Accountant,133,Corporate,Active,2023-10-01 12:13:09,2023-11-30 12:13:09
370,578,Cecilia Manuel,checamaria-pilar@example.org,M,2005-02-25,Dominican Republic,San Francisco de Macorís,Software Engineer,44,Individual,Active,2024-03-14 22:14:16,2024-04-16 22:14:16
371,584,Fabiana Bautista,brionescelestina@example.org,M,1993-08-15,Dominican Republic,Punta Cana,Civil Engineer,158,Honorary,Active,2022-11-17 01:37:19,2022-12-10 01:37:19
372,585,Nazaret Vilanova,solisemilia@example.net,M,1982-01-09,Dominican Republic,San Pedro de Macorís,Business Consultant,165,Honorary,Active,2022-02-25 13:05:48,2022-04-03 13:05:48
373,586,María Fernanda Rosa,adela72@example.net,M,1986-10-09,Dominican Republic,San Pedro de Macorís,Marketing Specialist,293,Student,Active,2022-02-25 08:47:21,2022-04-11 08:47:21
374,587,Germán Nicolás,xalamo@example.net,M,2000-09-08,Dominican Republic,Punta Cana,Software Engineer,267,Corporate,Active,2025-03-17 21:27:41,2025-05-16 21:27:41
375,592,Cosme Amo,castejoncalixta@example.com,F,2008-01-05,Dominican Republic,Santiago,Lawyer,163,Honorary,Active,2022-02-13 16:30:17,2022-04-04 16:30:17
376,593,Nacio Miró,gemagallardo@example.org,M,1985-11-01,Dominican Republic,Puerto Plata,Project Manager,42,Corporate,Active,2022-12-02 19:17:43,2023-01-02 19:17:43
377,596,Ricardo Avilés,zrodenas@example.org,F,1982-07-11,Dominican Republic,Punta Cana,Software Engineer,146,Individual,Active,2024-10-07 16:05:32,2024-12-04 16:05:32
378,597,Dominga Casanovas,diezantonia@example.net,F,2000-03-07,Dominican Republic,Santo Domingo,Data Analyst,98,Honorary,Active,2025-12-04 04:20:19,2026-01-19 04:20:19
379,599,Maribel Moliner,nfeijoo@example.org,M,2002-09-28,Dominican Republic,La Romana,Software Engineer,170,Honorary,Active,2025-11-04 09:33:16,2026-01-20 09:33:16
380,601,Nieves Rivera,wcabo@example.com,M,2007-09-16,Dominican Republic,Puerto Plata,Business Consultant,9,Corporate,Active,2024-03-02 13:30:14,2024-04-02 13:30:14
381,603,Sara Soto,llobetluna@example.net,M,2006-01-22,Dominican Republic,San Pedro de Macorís,Accountant,271,Honorary,Active,2024-04-12 20:25:11,2024-05-17 20:25:11
382,605,Enrique Soriano,barrigadebora@example.org,F,2005-01-02,Dominican Republic,Santiago,Marketing Specialist,176,Honorary,Active,2024-01-10 01:33:43,2024-02-24 01:33:43
383,606,Ramiro Ribera,simonduque@example.org,F,2007-05-21,Dominican Republic,Puerto Plata,Business Consultant,108,Corporate,Active,2025-12-10 17:11:10,2026-01-18 17:11:10
384,609,Natanael Andrade,varamburu@example.org,F,2006-08-12,Dominican Republic,San Pedro de Macorís,Data Analyst,289,Individual,Active,2024-12-31 00:30:00,2025-03-18 00:30:00
385,610,Arturo Pi,faustocabrera@example.org,F,1987-05-24,Dominican Republic,La Romana,Accountant,282,Corporate,Active,2023-06-05 09:17:00,2023-07-13 09:17:00
386,612,Valerio Cañizares,merinoalba@example.com,F,2006-02-19,Dominican Republic,La Romana,Civil Engineer,136,Student,Active,2023-09-19 12:34:56,2023-11-21 12:34:56
387,613,Eduardo Moraleda,encarna17@example.com,M,2001-01-01,Dominican Republic,San Francisco de Macorís,Data Analyst,220,Student,Active,2026-05-23 06:17:55,2026-07-13 06:17:55
388,615,Mar Bustamante,nlumbreras@example.org,M,1984-01-11,Dominican Republic,San Francisco de Macorís,Financial Analyst,98,Student,Active,2023-06-16 08:01:52,2023-07-13 08:01:52
389,616,Josué Esteban,nando79@example.net,M,1993-02-11,Dominican Republic,San Pedro de Macorís,Data Analyst,167,Honorary,Active,2023-10-20 04:06:51,2023-11-10 04:06:51
390,618,Mariana Plaza,figuerolagerman@example.org,F,1980-05-23,Dominican Republic,Santo Domingo,Lawyer,135,Student,Active,2021-10-27 11:19:07,2021-11-16 11:19:07
391,621,Ester Jódar,vcarranza@example.com,M,1997-10-30,Dominican Republic,Puerto Plata,Business Consultant,49,Corporate,Active,2025-11-27 22:48:50,2026-01-16 22:48:50
392,623,María Pilar Sastre,noriegamaria-carmen@example.net,M,1984-06-21,Dominican Republic,Santo Domingo,Lawyer,70,Corporate,Active,2022-01-25 13:59:37,2022-02-26 13:59:37
393,624,Merche Pavón,iamigo@example.org,M,1978-09-30,Dominican Republic,La Romana,Data Analyst,117,Honorary,Active,2023-06-19 03:15:47,2023-08-25 03:15:47
394,625,Zacarías Cantero,marquesedmundo@example.com,M,1985-12-22,Dominican Republic,Punta Cana,Marketing Specialist,273,Corporate,Active,2025-05-19 13:16:15,2025-07-18 13:16:15
395,627,Maura Alegria,macarenaotero@example.net,F,1995-12-23,Dominican Republic,San Pedro de Macorís,Financial Analyst,49,Corporate,Active,2022-10-28 00:28:19,2022-11-13 00:28:19
396,628,Chus Zapata,parejacalista@example.org,M,1999-02-17,Dominican Republic,San Francisco de Macorís,Financial Analyst,236,Corporate,Active,2026-01-17 20:08:00,2026-02-07 20:08:00
397,630,Pía Cornejo,rfrancisco@example.org,M,2008-02-28,Dominican Republic,Santiago,Business Consultant,80,Student,Active,2024-12-09 22:50:14,2025-02-12 22:50:14
398,632,Aarón Benavides,leandra84@example.org,F,2006-12-08,Dominican Republic,Santiago,Data Analyst,58,Corporate,Active,2022-02-06 01:39:53,2022-03-28 01:39:53
399,633,Benigno Reguera,ernestoterron@example.org,M,2001-07-18,Dominican Republic,La Romana,Architect,259,Honorary,Active,2023-08-05 18:56:52,2023-08-31 18:56:52
400,634,Rosendo Cuervo,lportillo@example.org,F,1983-12-27,Dominican Republic,San Francisco de Macorís,Financial Analyst,211,Individual,Active,2024-07-06 03:51:23,2024-08-11 03:51:23
401,635,Calisto Gonzalo,enrique61@example.net,F,2000-09-11,Dominican Republic,Santiago,Project Manager,36,Corporate,Active,2022-10-28 06:03:55,2022-12-19 06:03:55
402,637,Azahar Merino,sotelojesus@example.net,M,1990-06-10,Dominican Republic,Santiago,Project Manager,22,Honorary,Active,2024-01-27 21:23:27,2024-02-07 21:23:27
403,639,Apolinar Pizarro,daniel76@example.net,F,1981-04-05,Dominican Republic,San Pedro de Macorís,Data Analyst,242,Student,Active,2025-09-04 11:37:10,2025-10-29 11:37:10
404,640,Marta Manuel,azenethcalderon@example.org,M,2000-06-04,Dominican Republic,San Pedro de Macorís,Marketing Specialist,7,Honorary,Active,2024-08-12 21:13:58,2024-10-05 21:13:58
405,641,Jose Antonio Urrutia,drobles@example.net,M,1979-02-09,Dominican Republic,San Francisco de Macorís,Lawyer,4,Corporate,Active,2023-12-01 01:05:01,2024-01-11 01:05:01
406,642,Purificación Llorens,felicidad85@example.com,M,1998-03-22,Dominican Republic,Puerto Plata,Marketing Specialist,113,Corporate,Active,2023-09-02 02:04:47,2023-11-04 02:04:47
407,643,Pepe Blanco,cadenasleyre@example.com,F,1983-10-15,Dominican Republic,Santiago,Civil Engineer,160,Honorary,Active,2025-09-28 07:41:00,2025-11-03 07:41:00
408,645,Remigio Villena,marnal@example.org,M,1995-08-13,Dominican Republic,La Romana,Software Engineer,290,Honorary,Active,2022-05-15 18:00:19,2022-08-03 18:00:19
409,646,Coral Bustamante,gomezponcio@example.net,M,1998-05-31,Dominican Republic,Santo Domingo,Civil Engineer,270,Student,Active,2025-02-13 01:27:57,2025-04-11 01:27:57
410,647,Ofelia Prada,oliveraflor@example.com,F,2004-07-11,Dominican Republic,Santo Domingo,Project Manager,19,Corporate,Active,2025-06-13 23:04:39,2025-07-06 23:04:39
411,649,Haydée Amigó,claudiaescriva@example.org,M,1996-12-24,Dominican Republic,Puerto Plata,Civil Engineer,6,Corporate,Active,2024-04-30 12:47:41,2024-06-17 12:47:41
412,651,Plinio Núñez,jose-ramon47@example.org,F,1986-07-27,Dominican Republic,La Romana,Financial Analyst,286,Honorary,Active,2025-06-06 01:48:03,2025-07-19 01:48:03
413,652,Jovita Jódar,hugomontserrat@example.net,M,1989-03-08,Dominican Republic,Santiago,Marketing Specialist,118,Corporate,Active,2024-06-30 08:33:13,2024-08-06 08:33:13
414,654,Manola Goñi,patricia41@example.net,F,1978-08-09,Dominican Republic,Santiago,Project Manager,106,Individual,Active,2024-12-26 02:00:45,2025-01-18 02:00:45
415,655,Matías Valencia,maristelapineiro@example.org,F,1984-07-14,Dominican Republic,Santiago,Lawyer,6,Corporate,Active,2025-08-29 16:40:07,2025-10-04 16:40:07
416,656,Pascual Navas,wpardo@example.org,M,2008-03-02,Dominican Republic,La Romana,Civil Engineer,166,Individual,Active,2022-12-19 03:04:58,2023-03-01 03:04:58
417,657,Mohamed Alcázar,falcocandida@example.com,M,2006-06-14,Dominican Republic,Santiago,Lawyer,206,Corporate,Active,2025-11-01 22:34:48,2025-11-26 22:34:48
418,658,Juanita Marti,romulobenitez@example.org,F,1978-09-15,Dominican Republic,San Francisco de Macorís,Civil Engineer,187,Honorary,Active,2022-04-20 18:54:30,2022-06-19 18:54:30
419,659,Leonor Quiroga,esteban58@example.com,M,1989-01-10,Dominican Republic,Santiago,Business Consultant,21,Individual,Active,2022-08-30 19:11:50,2022-11-01 19:11:50
420,661,Jafet Salas,hoyoscarlota@example.org,M,1998-03-29,Dominican Republic,San Francisco de Macorís,Lawyer,221,Corporate,Active,2023-11-11 02:43:36,2023-12-27 02:43:36
421,662,Amancio Urrutia,perlagilabert@example.org,F,2005-04-21,Dominican Republic,La Romana,Lawyer,220,Corporate,Active,2023-06-15 02:53:40,2023-07-26 02:53:40
422,663,Valerio Garzón,albanomartin@example.org,M,2008-05-07,Dominican Republic,La Romana,Marketing Specialist,204,Corporate,Active,2021-09-16 00:36:34,2021-10-16 00:36:34
423,664,Rosa Tomas,jribas@example.net,F,1994-11-09,Dominican Republic,Santo Domingo,Business Consultant,195,Corporate,Active,2023-03-02 17:58:43,2023-05-04 17:58:43
424,667,Pepe Benítez,modestohuerta@example.net,M,1995-03-25,Dominican Republic,Punta Cana,Data Analyst,124,Corporate,Active,2022-08-17 12:58:55,2022-10-21 12:58:55
425,669,Liliana Goicoechea,kleon@example.org,M,1991-03-10,Dominican Republic,Santo Domingo,Accountant,38,Individual,Active,2025-04-03 21:36:59,2025-06-06 21:36:59
426,670,Anastasia Rubio,donosoalfredo@example.net,M,1990-10-15,Dominican Republic,Santiago,Civil Engineer,280,Honorary,Active,2026-04-15 05:21:26,2026-06-16 05:21:26
427,672,Loida Llorente,teofila09@example.com,F,1990-03-10,Dominican Republic,La Romana,Financial Analyst,288,Honorary,Active,2022-08-31 19:23:39,2022-10-10 19:23:39
428,673,Ruy Garrido,imenendez@example.net,M,1998-06-26,Dominican Republic,San Pedro de Macorís,Project Manager,238,Honorary,Active,2024-02-15 00:46:02,2024-04-07 00:46:02
429,674,Natalio Guerrero,xcobos@example.net,M,1998-09-17,Dominican Republic,San Pedro de Macorís,Accountant,99,Honorary,Active,2024-03-16 11:19:25,2024-05-08 11:19:25
430,676,Encarna Bartolomé,ucuellar@example.org,F,1983-12-29,Dominican Republic,Puerto Plata,Project Manager,28,Corporate,Active,2023-01-21 16:12:43,2023-03-05 16:12:43
431,677,Petrona Escudero,urialuisina@example.org,F,1986-10-26,Dominican Republic,San Pedro de Macorís,Financial Analyst,137,Honorary,Active,2022-04-16 07:47:47,2022-05-27 07:47:47
432,678,Ciríaco Quintanilla,yramon@example.net,M,1991-09-02,Dominican Republic,La Romana,Financial Analyst,100,Student,Active,2022-09-16 19:36:30,2022-10-22 19:36:30
433,679,Rebeca Nuñez,clementemerino@example.com,M,1981-07-25,Dominican Republic,Puerto Plata,Accountant,278,Student,Active,2025-03-11 13:37:31,2025-05-13 13:37:31
434,680,Serafina Iniesta,lbotella@example.com,M,1989-03-09,Dominican Republic,Santiago,Marketing Specialist,195,Individual,Active,2023-03-28 17:57:20,2023-05-22 17:57:20
435,681,Javi Ortega,nicolasvito@example.org,F,1993-05-09,Dominican Republic,San Francisco de Macorís,Financial Analyst,219,Corporate,Active,2023-09-22 08:09:14,2023-11-08 08:09:14
436,683,Albano Acuña,rodrigo40@example.net,M,1994-09-12,Dominican Republic,Puerto Plata,Financial Analyst,207,Student,Active,2024-09-20 01:23:26,2024-11-25 01:23:26
437,684,Rosa María Baños,gonzalovalentin@example.org,F,1993-09-27,Dominican Republic,La Romana,Architect,71,Individual,Active,2023-05-22 22:43:34,2023-07-06 22:43:34
438,685,Onofre Caballero,eliperello@example.net,M,1981-07-19,Dominican Republic,La Romana,Architect,58,Student,Active,2025-04-12 16:23:07,2025-05-30 16:23:07
439,686,Lara Elías,odalyssalgado@example.org,M,1996-09-10,Dominican Republic,Punta Cana,Architect,288,Individual,Active,2021-11-10 22:48:41,2021-12-29 22:48:41
440,687,Brígida Carreño,lupe15@example.net,F,1981-09-01,Dominican Republic,Santo Domingo,Project Manager,248,Student,Active,2025-12-10 08:55:21,2026-02-09 08:55:21
441,690,Jose Manuel Pavón,josetudela@example.org,F,2002-07-19,Dominican Republic,Santiago,Business Consultant,25,Corporate,Active,2024-12-20 13:14:37,2025-03-01 13:14:37
442,691,Ariel Palma,tenorioobdulia@example.net,F,1999-08-10,Dominican Republic,San Francisco de Macorís,Financial Analyst,172,Individual,Active,2022-05-16 09:11:22,2022-07-05 09:11:22
443,693,Azahara Prado,lorenzomontes@example.org,F,1990-10-08,Dominican Republic,Puerto Plata,Financial Analyst,239,Corporate,Active,2023-03-20 18:38:15,2023-05-23 18:38:15
444,694,Luís Roldan,yrozas@example.org,F,1992-03-20,Dominican Republic,San Francisco de Macorís,Financial Analyst,203,Individual,Active,2021-09-25 12:47:41,2021-11-18 12:47:41
445,695,Amparo Calvet,chelo79@example.com,M,1985-12-08,Dominican Republic,San Pedro de Macorís,Architect,121,Honorary,Active,2025-10-06 12:25:33,2025-12-17 12:25:33
446,696,Miriam Madrigal,alamopaz@example.org,M,1981-12-05,Dominican Republic,San Francisco de Macorís,Project Manager,81,Individual,Active,2022-04-16 13:53:37,2022-05-19 13:53:37
447,697,Marino Durán,mamen08@example.org,M,1977-02-18,Dominican Republic,San Francisco de Macorís,Marketing Specialist,281,Honorary,Active,2024-02-09 16:52:36,2024-04-03 16:52:36
448,698,Rogelio Fabra,brigida06@example.net,F,1992-10-28,Dominican Republic,Santiago,Financial Analyst,197,Honorary,Active,2025-12-27 10:42:11,2026-02-11 10:42:11
449,699,Reina Escalona,isa03@example.org,M,1991-02-01,Dominican Republic,La Romana,Software Engineer,111,Honorary,Active,2023-02-10 10:47:21,2023-03-21 10:47:21
450,700,Tecla Giralt,camilo37@example.org,F,1994-12-17,Dominican Republic,La Romana,Civil Engineer,94,Student,Active,2021-08-30 22:16:06,2021-09-29 22:16:06
451,701,Artemio Pizarro,trinidadcarnero@example.com,M,1975-09-09,Dominican Republic,San Pedro de Macorís,Architect,104,Individual,Active,2023-07-30 08:10:26,2023-08-26 08:10:26
452,703,Arsenio Costa,elenahoz@example.net,M,1998-04-11,Dominican Republic,La Romana,Financial Analyst,225,Honorary,Active,2023-09-23 15:16:56,2023-11-12 15:16:56
453,706,Eugenia Prats,sanchezeduardo@example.net,M,1998-12-27,Dominican Republic,San Pedro de Macorís,Business Consultant,156,Honorary,Active,2023-06-06 05:46:56,2023-08-09 05:46:56
454,707,Calisto Carbó,cuencavaleria@example.com,F,1977-10-16,Dominican Republic,Santo Domingo,Marketing Specialist,80,Honorary,Active,2023-02-03 03:47:49,2023-03-19 03:47:49
455,708,Brunilda Morán,manolajerez@example.net,F,1999-11-10,Dominican Republic,San Pedro de Macorís,Project Manager,0,Corporate,Active,2024-12-01 15:52:27,2025-01-15 15:52:27
456,709,Lucas Macías,roberta94@example.org,F,2001-06-03,Dominican Republic,San Pedro de Macorís,Architect,174,Honorary,Active,2022-07-19 10:45:13,2022-09-15 10:45:13
457,710,Ruperto Franch,valencianoherberto@example.org,F,1993-02-28,Dominican Republic,La Romana,Project Manager,114,Corporate,Active,2021-11-01 09:13:03,2021-12-10 09:13:03
458,713,Mamen Clavero,qarmengol@example.net,M,2001-08-14,Dominican Republic,San Pedro de Macorís,Accountant,296,Corporate,Active,2023-02-20 14:10:22,2023-03-24 14:10:22
459,714,María Jesús Gallo,armando90@example.org,F,1987-02-22,Dominican Republic,Santiago,Financial Analyst,53,Student,Active,2023-08-31 16:45:22,2023-11-02 16:45:22
460,715,África Echevarría,oscar30@example.com,M,1988-06-16,Dominican Republic,Puerto Plata,Business Consultant,152,Corporate,Active,2022-11-01 03:22:10,2023-01-14 03:22:10
461,716,Lupe Vega,gomisgeronimo@example.net,M,1982-02-21,Dominican Republic,La Romana,Accountant,211,Student,Active,2024-05-22 01:15:47,2024-06-15 01:15:47
462,717,Gema Ródenas,saezbuenaventura@example.org,M,1996-01-01,Dominican Republic,Santiago,Data Analyst,40,Corporate,Active,2026-01-10 15:37:43,2026-03-13 15:37:43
463,719,Sebastián Villaverde,domenechlourdes@example.com,M,1988-02-17,Dominican Republic,Puerto Plata,Software Engineer,151,Honorary,Active,2021-11-09 21:08:31,2021-12-14 21:08:31
464,720,Eric Calleja,adolfopiquer@example.org,F,1994-09-04,Dominican Republic,Santo Domingo,Accountant,71,Student,Active,2022-01-10 23:31:08,2022-01-29 23:31:08
465,721,Odalys Ponce,gomezmaria-belen@example.net,M,1976-09-22,Dominican Republic,Puerto Plata,Data Analyst,190,Individual,Active,2026-04-29 15:32:37,2026-06-15 15:32:37
466,722,Caridad Benavent,tamayoconcha@example.net,M,1988-08-30,Dominican Republic,San Francisco de Macorís,Architect,133,Individual,Active,2023-12-08 01:57:56,2024-01-27 01:57:56
467,723,Itziar Pombo,rgamez@example.com,M,1996-05-16,Dominican Republic,San Francisco de Macorís,Data Analyst,276,Honorary,Active,2023-08-29 08:05:52,2023-10-14 08:05:52
468,724,Onofre Sanz,dcoronado@example.net,F,2005-06-14,Dominican Republic,Santiago,Software Engineer,209,Honorary,Active,2024-08-05 09:12:52,2024-10-08 09:12:52
469,725,Jacobo Cobos,febe26@example.com,M,2005-07-15,Dominican Republic,San Francisco de Macorís,Civil Engineer,40,Corporate,Active,2022-11-23 13:40:02,2023-01-29 13:40:02
470,726,Quirino Almansa,jmarin@example.org,F,1991-03-06,Dominican Republic,Santiago,Architect,58,Individual,Active,2025-01-08 11:06:17,2025-01-24 11:06:17
471,727,Leocadia González,ocasares@example.com,M,1982-08-11,Dominican Republic,La Romana,Financial Analyst,18,Student,Active,2024-12-25 05:39:46,2025-02-08 05:39:46
472,728,Tadeo Rios,csantamaria@example.com,M,1991-04-20,Dominican Republic,Santiago,Lawyer,16,Corporate,Active,2024-08-16 00:36:34,2024-09-14 00:36:34
473,729,Nicolás Moreno,ucanas@example.net,F,1982-07-15,Dominican Republic,San Francisco de Macorís,Lawyer,175,Corporate,Active,2023-08-16 19:12:42,2023-09-26 19:12:42
474,732,Florinda Santamaria,veronica96@example.org,M,1982-04-25,Dominican Republic,San Francisco de Macorís,Accountant,72,Individual,Active,2023-05-19 05:34:02,2023-07-03 05:34:02
475,734,Amado Fábregas,rduenas@example.net,F,1998-09-08,Dominican Republic,San Francisco de Macorís,Data Analyst,5,Corporate,Active,2026-04-28 19:03:22,2026-06-01 19:03:22
476,735,María José Costa,jfiguerola@example.com,F,1986-04-19,Dominican Republic,Punta Cana,Lawyer,104,Honorary,Active,2025-07-08 07:25:53,2025-08-31 07:25:53
477,736,Jose Luis Castrillo,nmolina@example.net,M,1993-07-31,Dominican Republic,Santo Domingo,Financial Analyst,213,Corporate,Active,2021-10-31 03:52:18,2022-01-06 03:52:18
478,737,Inmaculada Caballero,boadaalfonso@example.org,M,2006-11-02,Dominican Republic,San Pedro de Macorís,Lawyer,159,Individual,Active,2021-12-24 09:07:07,2022-02-22 09:07:07
479,741,Fernando Ribes,redondofederico@example.net,M,1994-04-28,Dominican Republic,Santiago,Data Analyst,195,Corporate,Active,2025-07-11 09:05:43,2025-07-26 09:05:43
480,742,Juana Lucas,danilocollado@example.com,F,1978-10-31,Dominican Republic,Santiago,Business Consultant,67,Individual,Active,2021-11-12 19:51:14,2022-01-05 19:51:14
481,744,Delia Pareja,cespada@example.org,M,1992-04-05,Dominican Republic,Santo Domingo,Architect,228,Individual,Active,2026-05-09 09:59:44,2026-06-15 09:59:44
482,746,Inés Prada,danfigueras@example.net,M,1986-06-10,Dominican Republic,Santiago,Civil Engineer,63,Honorary,Active,2024-01-07 18:44:50,2024-02-17 18:44:50
483,747,Leonor Blanco,elisa70@example.net,F,2005-11-05,Dominican Republic,Santo Domingo,Civil Engineer,259,Individual,Active,2025-01-31 08:26:37,2025-02-14 08:26:37
484,748,Fortunato Patiño,gregorio84@example.net,M,2006-04-18,Dominican Republic,Santo Domingo,Project Manager,143,Honorary,Active,2021-09-24 07:43:42,2021-10-16 07:43:42
485,749,Amelia Montalbán,baldomeroharo@example.net,M,1985-12-17,Dominican Republic,Punta Cana,Data Analyst,151,Corporate,Active,2023-10-08 22:44:52,2023-11-20 22:44:52
486,751,Carmen Angulo,salomealarcon@example.net,F,1995-01-18,Dominican Republic,Santo Domingo,Project Manager,181,Honorary,Active,2021-09-11 04:09:15,2021-11-10 04:09:15
487,752,Marciano Pintor,veronicasoriano@example.com,M,1988-09-28,Dominican Republic,Puerto Plata,Financial Analyst,154,Student,Active,2021-11-02 06:41:24,2021-12-05 06:41:24
488,753,Jordana León,xnarvaez@example.net,F,2004-07-28,Dominican Republic,Santo Domingo,Financial Analyst,93,Honorary,Active,2025-02-21 09:39:59,2025-05-03 09:39:59
489,756,Rosalva Verdú,alvaradoobdulia@example.org,F,2002-12-17,Dominican Republic,La Romana,Software Engineer,282,Individual,Active,2022-06-11 01:47:20,2022-08-26 01:47:20
490,758,Melania Bonet,agustiloreto@example.org,M,2000-08-02,Dominican Republic,La Romana,Accountant,89,Honorary,Active,2024-06-07 08:26:46,2024-07-19 08:26:46
491,759,Sabina Bejarano,dafneserna@example.net,M,2005-03-31,Dominican Republic,Santiago,Marketing Specialist,47,Honorary,Active,2024-05-06 13:19:53,2024-07-06 13:19:53
492,760,Mireia Camacho,barberojulie@example.org,F,1982-04-26,Dominican Republic,San Pedro de Macorís,Software Engineer,74,Corporate,Active,2022-03-22 14:59:31,2022-04-06 14:59:31
493,762,Aureliano Bernad,omontes@example.net,F,1982-01-31,Dominican Republic,Santo Domingo,Project Manager,35,Corporate,Active,2025-07-31 12:00:46,2025-10-06 12:00:46
494,764,Venceslás Esteban,bernadgabriel@example.org,F,1984-06-26,Dominican Republic,La Romana,Financial Analyst,298,Corporate,Active,2022-10-03 13:00:51,2022-11-12 13:00:51
495,765,Selena Fajardo,benitezgodofredo@example.org,M,2004-05-27,Dominican Republic,San Francisco de Macorís,Data Analyst,61,Student,Active,2024-04-07 01:19:07,2024-04-26 01:19:07
496,766,Maristela Goñi,rupertomartin@example.net,M,1989-07-22,Dominican Republic,La Romana,Project Manager,262,Individual,Active,2025-11-03 14:29:09,2025-12-24 14:29:09
497,767,Felicidad Machado,teodosioiglesia@example.com,M,2000-07-20,Dominican Republic,San Francisco de Macorís,Financial Analyst,249,Student,Active,2023-07-31 12:45:20,2023-09-20 12:45:20
498,768,Bernarda Aguilar,lope21@example.org,F,1977-08-31,Dominican Republic,Santo Domingo,Lawyer,230,Individual,Active,2025-09-25 01:09:48,2025-11-08 01:09:48
499,770,Marcela Borja,dionisia59@example.net,F,2008-03-02,Dominican Republic,Santo Domingo,Architect,163,Student,Active,2022-02-03 03:52:18,2022-03-06 03:52:18
500,773,Jessica Osorio,dsola@example.com,F,2006-12-13,Dominican Republic,Punta Cana,Project Manager,270,Corporate,Active,2024-12-17 07:28:14,2025-02-13 07:28:14
501,774,Abigaíl Sobrino,jcorominas@example.net,M,2001-01-24,Dominican Republic,Santiago,Business Consultant,121,Honorary,Active,2024-10-23 09:20:23,2024-12-06 09:20:23
502,775,Simón Amat,modestamoliner@example.com,M,2005-02-20,Dominican Republic,San Francisco de Macorís,Accountant,274,Student,Active,2022-10-20 14:27:53,2022-12-28 14:27:53
503,776,Salomón Pavón,roviramaxima@example.net,F,2006-05-02,Dominican Republic,Santiago,Architect,206,Student,Active,2023-01-01 06:59:55,2023-02-08 06:59:55
504,777,Eutropio Espejo,claudioalegre@example.com,M,1991-08-07,Dominican Republic,Punta Cana,Financial Analyst,188,Honorary,Active,2022-10-22 04:55:58,2022-12-14 04:55:58
505,778,Kike Navas,alfredovalencia@example.com,F,1980-11-30,Dominican Republic,San Pedro de Macorís,Architect,61,Individual,Active,2024-02-11 11:50:30,2024-04-08 11:50:30
506,782,Nieves Gascón,atrujillo@example.com,M,1997-01-06,Dominican Republic,Santo Domingo,Marketing Specialist,97,Corporate,Active,2022-11-18 05:50:37,2022-12-22 05:50:37
507,784,Néstor Perea,rafaelsaenz@example.org,M,1976-02-18,Dominican Republic,Puerto Plata,Lawyer,128,Individual,Active,2025-05-02 12:09:32,2025-07-07 12:09:32
508,786,Fabiana Tamayo,catalina59@example.com,M,1999-04-16,Dominican Republic,Punta Cana,Accountant,105,Honorary,Active,2023-03-09 09:26:55,2023-05-17 09:26:55
509,787,Valeria Castejón,merche93@example.net,M,1995-09-13,Dominican Republic,Punta Cana,Data Analyst,85,Honorary,Active,2023-07-19 20:55:30,2023-09-19 20:55:30
510,789,Rodrigo Colomer,ceferino87@example.com,M,1996-01-12,Dominican Republic,San Pedro de Macorís,Data Analyst,75,Corporate,Active,2023-10-17 22:32:07,2023-12-09 22:32:07
511,790,Bonifacio Sancho,yferrando@example.com,M,1999-10-02,Dominican Republic,Santo Domingo,Business Consultant,21,Corporate,Active,2022-10-01 00:39:37,2022-11-06 00:39:37
512,792,Pelayo Tolosa,miguelallamas@example.com,F,1992-01-08,Dominican Republic,Santo Domingo,Project Manager,82,Honorary,Active,2024-03-15 13:40:35,2024-04-17 13:40:35
513,794,Magdalena Ferrero,jose-ramon66@example.net,F,2003-05-20,Dominican Republic,Santiago,Project Manager,230,Honorary,Active,2021-08-16 09:23:59,2021-09-22 09:23:59
514,796,Cayetano Pedrosa,ccoloma@example.net,F,1988-07-11,Dominican Republic,San Francisco de Macorís,Civil Engineer,191,Honorary,Active,2026-04-03 15:06:13,2026-05-26 15:06:13
515,798,Lucas Cánovas,mohamedalegria@example.org,F,1977-04-24,Dominican Republic,San Pedro de Macorís,Architect,101,Individual,Active,2024-04-23 00:01:57,2024-06-04 00:01:57
516,799,Carmina Tejada,erasmo56@example.net,M,1976-05-24,Dominican Republic,San Pedro de Macorís,Business Consultant,186,Student,Active,2025-03-23 16:20:09,2025-05-10 16:20:09
517,801,Fidela Luna,clarisa90@example.net,F,1977-06-06,Dominican Republic,Santo Domingo,Accountant,181,Student,Active,2022-08-27 04:17:23,2022-11-02 04:17:23
518,802,Anabel Bartolomé,chavesevaristo@example.org,M,1993-04-25,Dominican Republic,San Francisco de Macorís,Financial Analyst,172,Individual,Active,2022-12-03 02:12:59,2023-02-02 02:12:59
519,803,Leyre Gutierrez,palominopepe@example.com,F,1978-04-16,Dominican Republic,Puerto Plata,Marketing Specialist,224,Honorary,Active,2025-01-15 12:23:36,2025-02-15 12:23:36
520,804,Olegario Baños,iperez@example.org,M,1993-05-19,Dominican Republic,Punta Cana,Marketing Specialist,120,Corporate,Active,2025-01-27 01:06:54,2025-03-10 01:06:54
521,805,Felisa Priego,carlotaborras@example.org,M,1990-10-15,Dominican Republic,San Francisco de Macorís,Lawyer,251,Student,Active,2022-11-19 15:59:56,2022-12-30 15:59:56
522,806,David Julián,josebarbero@example.net,M,1998-10-14,Dominican Republic,La Romana,Software Engineer,79,Corporate,Active,2026-04-11 03:34:04,2026-04-14 03:34:04
523,810,Horacio Gras,waguilar@example.net,F,1978-04-10,Dominican Republic,San Pedro de Macorís,Software Engineer,293,Honorary,Active,2024-08-30 04:28:35,2024-11-02 04:28:35
524,812,Juan Pablo Perelló,mcuesta@example.net,M,1984-03-31,Dominican Republic,Santo Domingo,Architect,77,Individual,Active,2024-05-17 16:39:23,2024-07-07 16:39:23
525,813,Gustavo Morillo,ruben14@example.com,F,1976-07-05,Dominican Republic,Puerto Plata,Financial Analyst,11,Corporate,Active,2025-04-27 17:43:06,2025-06-26 17:43:06
526,814,Elisa Vigil,lfuentes@example.org,M,1976-12-11,Dominican Republic,Puerto Plata,Data Analyst,82,Corporate,Active,2024-10-29 06:06:40,2024-12-14 06:06:40
527,816,Soraya Mateos,abigail03@example.net,M,2005-10-26,Dominican Republic,San Francisco de Macorís,Software Engineer,147,Corporate,Active,2023-09-05 10:52:21,2023-10-11 10:52:21
528,817,Isaac Vicente,menendezalbano@example.org,M,2003-10-03,Dominican Republic,La Romana,Project Manager,171,Individual,Active,2023-01-26 13:54:02,2023-03-24 13:54:02
529,818,Rosalinda Múgica,angelinapont@example.net,F,1986-09-01,Dominican Republic,Santo Domingo,Accountant,31,Corporate,Active,2025-06-05 01:55:19,2025-08-04 01:55:19
530,820,Casemiro Campo,anguitaestefania@example.org,M,2004-09-10,Dominican Republic,Punta Cana,Software Engineer,260,Corporate,Active,2021-08-17 07:36:42,2021-10-20 07:36:42
531,821,Leocadio Abad,victor69@example.org,M,1978-11-02,Dominican Republic,San Pedro de Macorís,Accountant,55,Student,Active,2021-12-26 19:39:45,2022-03-17 19:39:45
532,822,Quirino Garrido,teoperalta@example.org,F,1985-01-20,Dominican Republic,Santiago,Software Engineer,272,Student,Active,2025-01-30 13:40:50,2025-03-22 13:40:50
533,823,Francisca Alonso,maria-luisa01@example.com,M,1980-05-09,Dominican Republic,Santo Domingo,Data Analyst,265,Corporate,Active,2023-10-07 17:50:10,2023-12-06 17:50:10
534,824,Yago Fuentes,angladasilvia@example.com,F,1981-06-20,Dominican Republic,Santo Domingo,Data Analyst,86,Individual,Active,2021-08-27 01:09:39,2021-10-08 01:09:39
535,825,Daniel Boix,xavierllano@example.com,M,1976-04-18,Dominican Republic,San Pedro de Macorís,Software Engineer,67,Corporate,Active,2026-04-28 09:06:46,2026-06-28 09:06:46
536,826,Alexandra Barroso,ildefonsobas@example.com,F,1998-08-07,Dominican Republic,San Pedro de Macorís,Software Engineer,259,Student,Active,2024-09-28 02:26:29,2024-11-03 02:26:29
537,827,Amor Arcos,drosell@example.com,F,1981-06-26,Dominican Republic,Puerto Plata,Data Analyst,201,Student,Active,2021-08-23 17:00:17,2021-10-05 17:00:17
538,828,Corona Arregui,lucasleire@example.com,M,1999-12-27,Dominican Republic,Santo Domingo,Civil Engineer,3,Corporate,Active,2025-08-10 05:11:05,2025-09-15 05:11:05
539,830,Nélida Abellán,rozascelia@example.net,M,1992-02-25,Dominican Republic,Santiago,Data Analyst,228,Student,Active,2023-07-02 19:02:23,2023-08-23 19:02:23
540,831,Ligia Arévalo,prudencio19@example.com,M,1991-01-20,Dominican Republic,Santo Domingo,Financial Analyst,264,Individual,Active,2025-07-20 09:53:41,2025-09-11 09:53:41
541,832,Candelas Céspedes,genoveva58@example.net,M,1980-06-26,Dominican Republic,Santo Domingo,Project Manager,114,Honorary,Active,2024-04-04 21:33:16,2024-04-28 21:33:16
542,833,Macaria Oliver,ldavila@example.com,M,1988-03-10,Dominican Republic,Puerto Plata,Architect,203,Student,Active,2025-07-04 21:44:17,2025-08-01 21:44:17
543,834,Ovidio Manzano,odalysurrutia@example.net,F,1993-12-24,Dominican Republic,Santiago,Lawyer,238,Individual,Active,2024-12-31 13:17:09,2025-01-30 13:17:09
544,836,Filomena Soler,ccordoba@example.com,F,1992-10-03,Dominican Republic,Santo Domingo,Business Consultant,38,Corporate,Active,2022-10-07 03:20:25,2022-11-24 03:20:25
545,838,Ceferino Rius,vallejocandelas@example.org,M,1993-03-16,Dominican Republic,San Pedro de Macorís,Accountant,115,Honorary,Active,2022-06-01 00:37:21,2022-07-12 00:37:21
546,839,Coral Acosta,carmelita23@example.net,M,1999-09-05,Dominican Republic,Santo Domingo,Project Manager,231,Individual,Active,2024-05-18 23:31:32,2024-06-15 23:31:32
547,840,Amaya Caro,lupita58@example.com,M,1993-04-30,Dominican Republic,San Pedro de Macorís,Business Consultant,224,Honorary,Active,2024-11-14 20:51:44,2024-12-27 20:51:44
548,843,Yolanda Bello,jose-antonio64@example.org,M,1993-12-20,Dominican Republic,Santiago,Marketing Specialist,294,Student,Active,2022-05-09 13:39:24,2022-07-22 13:39:24
549,844,Ofelia Feijoo,alegreamerico@example.com,F,1979-08-25,Dominican Republic,La Romana,Data Analyst,22,Student,Active,2023-04-17 21:08:50,2023-05-24 21:08:50
550,847,Marco Romero,rarnaiz@example.com,M,1976-08-07,Dominican Republic,San Pedro de Macorís,Financial Analyst,103,Individual,Active,2025-10-13 21:54:34,2025-11-29 21:54:34
551,849,Marina Cabañas,rorozco@example.com,F,1976-06-16,Dominican Republic,Punta Cana,Data Analyst,31,Individual,Active,2024-10-06 00:00:25,2024-11-29 00:00:25
552,850,Antonio Torrent,taboadajose-antonio@example.net,M,1978-08-29,Dominican Republic,Santiago,Architect,249,Student,Active,2022-03-28 05:53:12,2022-05-20 05:53:12
553,852,Andrés Moraleda,carmina73@example.net,M,1989-07-01,Dominican Republic,Santiago,Business Consultant,149,Student,Active,2022-05-04 11:51:27,2022-07-02 11:51:27
554,854,Abigaíl Llobet,qatienza@example.net,F,1979-07-14,Dominican Republic,Santiago,Architect,90,Honorary,Active,2025-12-04 22:14:40,2026-01-30 22:14:40
555,857,Josep Adán,xegea@example.com,M,1977-01-08,Dominican Republic,Santiago,Architect,168,Corporate,Active,2024-02-07 14:58:15,2024-04-02 14:58:15
556,859,Nuria Carmona,cordobaemilio@example.org,F,2000-09-19,Dominican Republic,Santo Domingo,Civil Engineer,59,Individual,Active,2026-04-26 22:49:15,2026-06-27 22:49:15
557,861,Leandra Zapata,fabiola81@example.com,F,1991-08-24,Dominican Republic,Santo Domingo,Project Manager,35,Corporate,Active,2021-10-25 16:16:53,2021-12-04 16:16:53
558,862,León Rubio,ebautista@example.org,M,1984-06-20,Dominican Republic,La Romana,Financial Analyst,108,Individual,Active,2024-07-28 15:21:21,2024-09-07 15:21:21
559,863,Aitana Quero,victoriacervantes@example.org,F,1976-05-07,Dominican Republic,San Pedro de Macorís,Business Consultant,152,Student,Active,2022-11-28 18:50:18,2023-01-25 18:50:18
560,865,Bonifacio Esteve,jcarmona@example.org,F,1983-06-07,Dominican Republic,Puerto Plata,Architect,215,Student,Active,2023-04-03 11:09:14,2023-05-25 11:09:14
561,867,Arcelia Albero,zamoranograciela@example.com,F,1995-06-15,Dominican Republic,Santiago,Financial Analyst,125,Individual,Active,2026-01-16 17:58:41,2026-03-23 17:58:41
562,868,Agapito Mateos,miguelhervas@example.com,M,2002-10-16,Dominican Republic,La Romana,Lawyer,158,Corporate,Active,2023-05-07 23:51:29,2023-07-05 23:51:29
563,869,Gonzalo Taboada,ntejero@example.org,M,1981-05-24,Dominican Republic,La Romana,Financial Analyst,39,Individual,Active,2024-10-30 12:20:44,2024-12-04 12:20:44
564,871,Ale Vilanova,cozarjose-manuel@example.net,M,2001-03-01,Dominican Republic,Punta Cana,Lawyer,93,Honorary,Active,2025-01-18 05:01:44,2025-03-12 05:01:44
565,872,Primitiva Pardo,pastorajauregui@example.com,F,1977-07-23,Dominican Republic,Santo Domingo,Business Consultant,279,Honorary,Active,2025-03-16 06:13:49,2025-05-08 06:13:49
566,875,Tamara Ramos,jose-antoniovazquez@example.com,F,1992-06-11,Dominican Republic,Santo Domingo,Civil Engineer,6,Corporate,Active,2022-03-03 16:07:43,2022-04-13 16:07:43
567,876,Toribio Anguita,jbatalla@example.org,F,1999-07-01,Dominican Republic,Santo Domingo,Software Engineer,96,Student,Active,2022-10-08 17:36:51,2022-11-23 17:36:51
568,878,Marcio Morillo,rita78@example.com,M,1988-08-31,Dominican Republic,San Pedro de Macorís,Lawyer,96,Student,Active,2026-04-18 22:12:44,2026-06-13 22:12:44
569,879,Águeda Cervantes,fnavas@example.net,M,1992-03-10,Dominican Republic,Santiago,Business Consultant,98,Corporate,Active,2024-06-11 07:32:00,2024-07-09 07:32:00
570,881,Sandra Malo,matiasmorante@example.org,M,1994-10-15,Dominican Republic,Punta Cana,Business Consultant,136,Individual,Active,2023-02-27 17:27:41,2023-04-06 17:27:41
571,884,Nidia Marquez,jacintapardo@example.net,M,1993-12-30,Dominican Republic,Santo Domingo,Data Analyst,245,Individual,Active,2026-03-27 07:02:31,2026-05-22 07:02:31
572,885,Miguel Ángel Fuente,lvina@example.org,M,2000-03-07,Dominican Republic,Punta Cana,Lawyer,68,Honorary,Active,2024-01-05 00:30:27,2024-03-06 00:30:27
573,886,Felicia Huerta,elbanavas@example.org,M,2005-09-19,Dominican Republic,Puerto Plata,Architect,86,Individual,Active,2025-10-04 11:17:36,2025-10-22 11:17:36
574,887,Reinaldo Hoyos,ttome@example.com,F,2007-04-04,Dominican Republic,La Romana,Lawyer,299,Student,Active,2026-05-13 18:51:46,2026-06-11 18:51:46
575,889,Odalis Pozuelo,batllegonzalo@example.com,M,2007-02-05,Dominican Republic,Santo Domingo,Lawyer,85,Student,Active,2025-09-28 13:36:47,2025-11-13 13:36:47
576,890,Wálter Lluch,rflor@example.org,M,1990-01-30,Dominican Republic,Puerto Plata,Civil Engineer,227,Honorary,Active,2025-09-11 11:48:02,2025-10-30 11:48:02
577,894,Hernando Ariño,agustindani@example.com,F,1996-10-09,Dominican Republic,La Romana,Civil Engineer,215,Student,Active,2023-11-21 15:10:06,2024-01-04 15:10:06
578,896,Maricruz Lasa,priscila32@example.org,M,1994-05-15,Dominican Republic,Puerto Plata,Lawyer,122,Student,Active,2024-03-23 11:46:54,2024-04-29 11:46:54
579,900,Abraham Haro,trinidad99@example.com,M,1990-09-16,Dominican Republic,La Romana,Project Manager,198,Student,Active,2023-05-07 10:56:25,2023-06-05 10:56:25
580,903,Ulises Zamora,modesto07@example.net,F,1996-06-22,Dominican Republic,La Romana,Lawyer,150,Individual,Active,2024-10-30 15:33:42,2025-01-09 15:33:42
581,905,Florentino Quintero,isaiasmiralles@example.com,M,1989-04-24,Dominican Republic,San Francisco de Macorís,Marketing Specialist,93,Student,Active,2023-11-12 05:05:00,2023-11-25 05:05:00
582,906,Jose Ramón Manso,reynaldosoria@example.org,F,1998-11-20,Dominican Republic,La Romana,Data Analyst,265,Student,Active,2026-04-28 14:57:49,2026-06-04 14:57:49
583,909,Chuy Ruiz,pablo34@example.com,F,2006-07-18,Dominican Republic,Puerto Plata,Data Analyst,90,Honorary,Active,2023-09-28 20:05:23,2023-11-07 20:05:23
584,911,Raquel Arce,dpastor@example.org,M,1978-08-04,Dominican Republic,Punta Cana,Civil Engineer,49,Individual,Active,2022-11-18 17:07:24,2023-02-02 17:07:24
585,912,Cirino Ayllón,cebrian84@example.com,M,1980-08-07,Dominican Republic,Punta Cana,Business Consultant,54,Student,Active,2024-01-10 06:38:58,2024-03-16 06:38:58
586,915,Fátima Echeverría,carlota76@example.org,F,1983-07-26,Dominican Republic,San Pedro de Macorís,Project Manager,45,Honorary,Active,2021-09-04 20:45:37,2021-09-28 20:45:37
587,917,Bibiana Casanova,upeinado@example.org,F,1980-09-21,Dominican Republic,San Francisco de Macorís,Business Consultant,62,Honorary,Active,2026-01-26 11:58:01,2026-03-20 11:58:01
588,918,Glauco Hoyos,morellrita@example.org,F,2001-08-08,Dominican Republic,La Romana,Software Engineer,31,Student,Active,2023-11-06 14:32:37,2024-01-02 14:32:37
589,919,Armida Almansa,pradaelpidio@example.org,M,1977-03-04,Dominican Republic,Puerto Plata,Business Consultant,251,Honorary,Active,2025-07-09 19:45:15,2025-08-19 19:45:15
590,921,Óscar Hoyos,tdiez@example.org,M,1999-10-21,Dominican Republic,San Pedro de Macorís,Project Manager,185,Student,Active,2023-08-23 15:49:43,2023-10-15 15:49:43
591,927,Ildefonso Rozas,viniciochaves@example.net,M,2002-07-15,Dominican Republic,Puerto Plata,Financial Analyst,91,Individual,Active,2024-02-06 16:15:59,2024-03-23 16:15:59
592,928,Ruy Hidalgo,alcidesgordillo@example.com,F,1984-02-19,Dominican Republic,Santiago,Architect,27,Student,Active,2025-09-02 20:13:43,2025-10-20 20:13:43
593,931,Pancho Sola,erossello@example.net,F,1985-07-13,Dominican Republic,La Romana,Lawyer,74,Corporate,Active,2024-07-19 17:29:13,2024-08-31 17:29:13
594,932,Otilia Vila,earjona@example.org,F,1987-07-10,Dominican Republic,Punta Cana,Data Analyst,85,Corporate,Active,2024-05-08 06:28:19,2024-07-16 06:28:19
595,933,Guillermo Menéndez,aitorcadenas@example.org,F,2000-11-08,Dominican Republic,Puerto Plata,Accountant,67,Corporate,Active,2026-04-23 06:47:07,2026-05-04 06:47:07
596,934,Julián Barreda,vergaraisaias@example.net,F,1993-04-04,Dominican Republic,Santiago,Business Consultant,34,Individual,Active,2024-09-08 23:13:25,2024-10-28 23:13:25
597,935,Amado Sanabria,zmuniz@example.net,F,1991-03-11,Dominican Republic,Punta Cana,Lawyer,203,Student,Active,2024-06-25 08:15:00,2024-08-16 08:15:00
598,936,Ester Morera,quirino08@example.net,F,1979-09-22,Dominican Republic,Santiago,Data Analyst,216,Corporate,Active,2025-04-05 12:54:14,2025-05-30 12:54:14
599,937,Marta Torrent,cvilaplana@example.net,M,2002-01-16,Dominican Republic,San Pedro de Macorís,Architect,255,Honorary,Active,2026-03-12 00:40:06,2026-03-25 00:40:06
600,938,Luisina Velasco,corralpaloma@example.com,M,1986-10-05,Dominican Republic,San Francisco de Macorís,Lawyer,52,Student,Active,2025-04-10 02:02:21,2025-05-28 02:02:21
601,939,Lupita Lastra,erasmoferrandiz@example.org,F,1996-07-08,Dominican Republic,San Pedro de Macorís,Architect,192,Individual,Active,2024-10-18 04:28:13,2024-11-19 04:28:13
602,941,Guiomar Ripoll,silvestrecordero@example.com,M,1994-02-21,Dominican Republic,Punta Cana,Financial Analyst,112,Honorary,Active,2026-05-13 18:40:21,2026-07-06 18:40:21
603,942,José Mari Galvez,batallafernando@example.org,F,1984-07-24,Dominican Republic,Punta Cana,Accountant,29,Corporate,Active,2025-08-21 01:40:14,2025-10-02 01:40:14
604,945,Carlota Muro,belen29@example.net,M,1998-10-03,Dominican Republic,Punta Cana,Software Engineer,241,Student,Active,2023-11-27 04:42:03,2024-02-04 04:42:03
605,946,Noelia Higueras,ofeliaalonso@example.com,M,1991-12-23,Dominican Republic,Santiago,Accountant,5,Student,Active,2023-11-06 03:26:23,2024-01-07 03:26:23
606,947,Nando Verdú,andrea60@example.net,M,1985-09-30,Dominican Republic,Santiago,Accountant,242,Student,Active,2023-09-21 22:47:33,2023-10-24 22:47:33
607,948,Custodio Colomer,rafaelagilabert@example.org,F,1991-04-30,Dominican Republic,Puerto Plata,Business Consultant,137,Individual,Active,2022-11-01 15:21:18,2022-12-18 15:21:18
608,949,Ángeles Cabello,seve66@example.net,M,1986-10-19,Dominican Republic,Punta Cana,Accountant,173,Student,Active,2024-01-28 16:57:02,2024-03-20 16:57:02
609,952,Américo Múgica,diego43@example.com,F,2005-06-10,Dominican Republic,Puerto Plata,Business Consultant,183,Honorary,Active,2025-09-18 15:23:21,2025-11-09 15:23:21
610,953,Íngrid Prieto,santiagoropero@example.org,F,1985-04-11,Dominican Republic,Punta Cana,Lawyer,115,Corporate,Active,2023-08-08 04:34:22,2023-09-04 04:34:22
611,955,Cosme Blanca,aguirreeutimio@example.net,F,1990-02-09,Dominican Republic,Santo Domingo,Lawyer,11,Corporate,Active,2025-09-21 02:07:27,2025-11-04 02:07:27
612,959,Paca Fernandez,teofilaportillo@example.com,M,1979-03-10,Dominican Republic,Puerto Plata,Marketing Specialist,85,Corporate,Active,2023-10-22 01:10:59,2023-12-24 01:10:59
613,961,Fausto Villa,valderramaelvira@example.org,F,1998-12-21,Dominican Republic,Puerto Plata,Software Engineer,71,Corporate,Active,2023-12-11 21:34:30,2024-01-21 21:34:30
614,962,Amílcar Pozuelo,graciana27@example.com,M,1987-09-26,Dominican Republic,La Romana,Lawyer,296,Individual,Active,2025-11-10 12:07:38,2025-12-16 12:07:38
615,965,Angelino Bernad,carranzaeusebio@example.org,F,1990-10-20,Dominican Republic,San Francisco de Macorís,Project Manager,0,Student,Active,2022-08-09 07:00:56,2022-09-20 07:00:56
616,966,Eustaquio Beltrán,maria-luisa55@example.net,F,1983-09-02,Dominican Republic,Santiago,Marketing Specialist,80,Honorary,Active,2025-08-17 18:02:57,2025-09-19 18:02:57
617,967,Trinidad Redondo,mateleire@example.org,M,2006-01-01,Dominican Republic,Santiago,Data Analyst,296,Corporate,Active,2025-07-22 18:02:58,2025-09-04 18:02:58
618,968,Gabriela Aragón,faustino63@example.com,F,1977-10-10,Dominican Republic,San Pedro de Macorís,Business Consultant,168,Student,Active,2021-12-12 10:44:55,2022-01-22 10:44:55
619,969,Amílcar Iniesta,festevez@example.com,M,1997-12-05,Dominican Republic,Santo Domingo,Civil Engineer,229,Student,Active,2024-11-29 10:34:00,2025-01-29 10:34:00
620,971,Genoveva Miranda,adriancordoba@example.com,F,1989-09-04,Dominican Republic,Santiago,Civil Engineer,81,Student,Active,2022-04-29 02:18:19,2022-07-03 02:18:19
621,973,Leopoldo Francisco,silvestrearenas@example.org,F,1997-01-06,Dominican Republic,Santiago,Marketing Specialist,100,Individual,Active,2024-08-07 05:23:09,2024-10-30 05:23:09
622,974,Leonor Novoa,nicolas01@example.com,M,2001-10-12,Dominican Republic,San Francisco de Macorís,Project Manager,113,Corporate,Active,2025-10-17 06:35:35,2025-12-23 06:35:35
623,975,Heriberto Galván,nazaretvazquez@example.com,M,1993-08-04,Dominican Republic,Santo Domingo,Civil Engineer,6,Student,Active,2024-11-08 07:33:48,2024-12-11 07:33:48
624,976,Tamara Álvaro,trinidadariza@example.com,F,2008-05-01,Dominican Republic,La Romana,Business Consultant,176,Honorary,Active,2026-03-09 08:03:11,2026-05-20 08:03:11
625,977,Luis Ángel Sastre,luisnazaret@example.org,M,1989-05-22,Dominican Republic,San Pedro de Macorís,Data Analyst,186,Student,Active,2022-01-24 14:11:05,2022-02-07 14:11:05
626,978,Ainoa Rincón,ugual@example.net,M,1983-02-11,Dominican Republic,Santo Domingo,Financial Analyst,82,Student,Active,2025-05-09 07:41:27,2025-05-18 07:41:27
627,981,Abilio Ropero,beniteznidia@example.com,F,1993-09-27,Dominican Republic,Puerto Plata,Business Consultant,184,Corporate,Active,2026-03-07 13:00:34,2026-05-09 13:00:34
628,982,Sigfrido Alegre,maria-jose90@example.com,F,1995-04-09,Dominican Republic,San Francisco de Macorís,Lawyer,199,Individual,Active,2023-05-07 12:56:02,2023-06-24 12:56:02
629,984,Galo Fonseca,romancebrian@example.com,F,1997-07-15,Dominican Republic,Santiago,Project Manager,179,Student,Active,2023-08-15 12:34:47,2023-09-20 12:34:47
630,985,Alexandra Almansa,castillamaribel@example.net,M,1984-04-24,Dominican Republic,La Romana,Data Analyst,267,Student,Active,2022-12-20 14:49:56,2023-01-23 14:49:56
631,988,Fabricio Carrión,herasblas@example.com,M,2008-05-14,Dominican Republic,La Romana,Accountant,107,Student,Active,2023-01-20 12:35:51,2023-02-06 12:35:51
632,989,Danilo Sanmiguel,domingo88@example.com,M,1992-11-27,Dominican Republic,Santo Domingo,Project Manager,120,Honorary,Active,2022-07-27 19:50:31,2022-09-11 19:50:31
633,990,Alicia Lobo,palaciomodesta@example.org,F,1987-07-19,Dominican Republic,Santo Domingo,Marketing Specialist,89,Student,Active,2023-01-12 12:49:12,2023-03-17 12:49:12
634,991,Román Fajardo,luciana09@example.org,M,1977-09-08,Dominican Republic,Puerto Plata,Software Engineer,85,Honorary,Active,2022-11-29 16:58:12,2022-12-29 16:58:12
635,992,Esteban Nogués,azaharaferrera@example.com,M,2006-12-28,Dominican Republic,Punta Cana,Accountant,275,Honorary,Active,2024-07-09 04:34:35,2024-08-12 04:34:35
636,993,Amor Nieto,grosell@example.net,F,2001-12-05,Dominican Republic,San Pedro de Macorís,Data Analyst,130,Honorary,Active,2024-12-14 21:08:20,2025-01-28 21:08:20
637,995,Marcela González,yseco@example.com,F,1997-05-23,Dominican Republic,Puerto Plata,Software Engineer,224,Honorary,Active,2024-09-01 12:35:32,2024-10-17 12:35:32
638,997,Ale Perales,severo05@example.com,F,1978-06-06,Dominican Republic,Santo Domingo,Data Analyst,279,Corporate,Active,2022-09-03 01:17:32,2022-10-31 01:17:32
639,998,Pía Báez,cerdanainara@example.com,F,1994-05-13,Dominican Republic,La Romana,Financial Analyst,191,Individual,Active,2026-03-23 06:12:34,2026-05-07 06:12:34
640,999,Lucila Niño,antunezmiriam@example.net,F,1986-04-26,Dominican Republic,La Romana,Data Analyst,44,Individual,Active,2023-08-16 21:28:59,2023-09-22 21:28:59
641,1000,Mateo Roig,antonio10@example.com,M,1998-02-24,Dominican Republic,Punta Cana,Accountant,137,Honorary,Active,2022-09-11 21:02:53,2022-11-09 21:02:53
642,1002,Carlito Pascual,valentinmario@example.net,F,1985-09-24,Dominican Republic,La Romana,Architect,120,Honorary,Active,2024-12-28 14:05:01,2025-03-12 14:05:01
643,1003,Alonso Amo,nacio21@example.org,M,2007-03-22,Dominican Republic,Santo Domingo,Marketing Specialist,41,Individual,Active,2025-12-30 11:01:28,2026-02-13 11:01:28
644,1004,Elisa Cabrera,danilo14@example.com,F,1986-05-11,Dominican Republic,Puerto Plata,Project Manager,185,Student,Active,2022-08-01 21:20:35,2022-08-25 21:20:35
645,1005,Gervasio Garay,guardiolaaugusto@example.com,M,1986-02-16,Dominican Republic,San Pedro de Macorís,Lawyer,57,Individual,Active,2026-03-18 22:06:08,2026-05-13 22:06:08
646,1006,Marisela Bernal,victoria84@example.org,F,2005-12-28,Dominican Republic,La Romana,Lawyer,197,Corporate,Active,2024-12-18 13:54:02,2025-02-04 13:54:02
647,1007,Marina Armas,zaida61@example.net,F,1986-11-13,Dominican Republic,Puerto Plata,Project Manager,159,Corporate,Active,2023-10-27 09:16:42,2023-12-25 09:16:42
648,1008,Manu Azorin,brunobusquets@example.net,M,1975-08-31,Dominican Republic,Santo Domingo,Architect,223,Corporate,Active,2022-06-10 09:18:58,2022-08-19 09:18:58
649,1009,Tatiana Tapia,somozanydia@example.com,M,1989-05-05,Dominican Republic,Santiago,Project Manager,250,Corporate,Active,2026-02-21 07:23:14,2026-03-24 07:23:14
650,1014,Guadalupe Álamo,omar26@example.net,M,1989-07-13,Dominican Republic,San Pedro de Macorís,Marketing Specialist,271,Individual,Active,2023-12-24 05:16:53,2024-02-14 05:16:53
651,1015,Julio César Ibañez,riverajose-mari@example.net,M,1996-02-14,Dominican Republic,Puerto Plata,Business Consultant,65,Corporate,Active,2025-10-06 17:05:46,2025-11-27 17:05:46
652,1016,Abel Carbó,vfeijoo@example.com,F,1999-01-19,Dominican Republic,Santo Domingo,Architect,209,Student,Active,2022-08-15 18:12:28,2022-10-02 18:12:28
653,1017,Corona Espinosa,ibarraeligio@example.net,F,1976-11-23,Dominican Republic,Puerto Plata,Business Consultant,230,Student,Active,2023-06-30 17:26:10,2023-08-01 17:26:10
654,1018,Josep Artigas,prateliseo@example.org,F,1984-12-08,Dominican Republic,San Francisco de Macorís,Civil Engineer,229,Student,Active,2022-06-28 08:40:01,2022-07-24 08:40:01
655,1019,Consuelo Acedo,lilianacano@example.net,F,1975-12-31,Dominican Republic,San Francisco de Macorís,Architect,34,Honorary,Active,2025-01-17 17:38:13,2025-02-20 17:38:13
656,1020,Custodio Noguera,victorianocobos@example.org,M,2000-03-04,Dominican Republic,Santo Domingo,Architect,250,Student,Active,2022-07-31 09:20:30,2022-08-31 09:20:30
657,1021,Ruperta Peinado,segismundo68@example.net,F,1984-11-20,Dominican Republic,San Pedro de Macorís,Software Engineer,140,Individual,Active,2025-04-21 02:46:10,2025-06-15 02:46:10
658,1024,Federico Barriga,segarraazucena@example.com,F,1982-06-19,Dominican Republic,Punta Cana,Lawyer,100,Honorary,Active,2025-01-17 21:15:14,2025-03-04 21:15:14
659,1025,Dan Madrigal,loretolosa@example.org,F,1990-01-11,Dominican Republic,Punta Cana,Lawyer,111,Corporate,Active,2021-08-25 06:10:46,2021-10-06 06:10:46
660,1026,Ainara Ávila,santospablo@example.com,M,1997-06-13,Dominican Republic,Punta Cana,Business Consultant,248,Corporate,Active,2023-06-10 09:47:07,2023-07-27 09:47:07
661,1027,Vinicio Font,primitiva76@example.com,F,1980-12-27,Dominican Republic,La Romana,Marketing Specialist,235,Student,Active,2025-08-13 21:06:19,2025-10-07 21:06:19
662,1028,Isidro Ríos,aleguitart@example.net,M,1992-01-23,Dominican Republic,Santiago,Data Analyst,74,Corporate,Active,2024-10-20 08:04:40,2024-12-18 08:04:40
663,1029,Isidoro Vergara,damianleal@example.net,F,1988-02-23,Dominican Republic,San Pedro de Macorís,Business Consultant,134,Individual,Active,2025-12-21 08:50:17,2026-02-21 08:50:17
664,1030,José Manuel Cabeza,rosalva84@example.net,F,1989-04-07,Dominican Republic,Santiago,Civil Engineer,218,Honorary,Active,2021-09-14 13:14:13,2021-11-19 13:14:13
665,1031,Bernardino Campo,triniluna@example.com,M,2003-01-29,Dominican Republic,Santiago,Civil Engineer,7,Corporate,Active,2023-08-11 11:29:13,2023-10-09 11:29:13
666,1033,Nacio Rivas,abel73@example.org,F,1979-03-21,Dominican Republic,La Romana,Accountant,114,Student,Active,2024-02-20 05:48:44,2024-04-07 05:48:44
667,1034,Lorena Rodríguez,josefa49@example.org,M,1996-12-04,Dominican Republic,La Romana,Data Analyst,137,Corporate,Active,2024-12-13 07:25:47,2025-01-24 07:25:47
668,1036,Moreno Arroyo,pepe73@example.net,F,1986-11-15,Dominican Republic,Punta Cana,Marketing Specialist,230,Student,Active,2025-09-22 15:33:42,2025-10-30 15:33:42
669,1041,Teodora Gallart,ninoagueda@example.org,F,1996-05-05,Dominican Republic,Santo Domingo,Software Engineer,291,Honorary,Active,2022-07-17 12:24:12,2022-09-11 12:24:12
670,1043,Florencio Agudo,ygascon@example.com,F,2005-09-22,Dominican Republic,Santo Domingo,Data Analyst,147,Corporate,Active,2024-05-06 01:39:37,2024-06-20 01:39:37
671,1044,Cornelio Borrego,angelalobato@example.org,F,1990-01-22,Dominican Republic,San Pedro de Macorís,Business Consultant,2,Honorary,Active,2024-07-01 15:50:46,2024-08-01 15:50:46
672,1047,Luz Escobar,pastoragallart@example.org,F,1980-01-16,Dominican Republic,Santiago,Lawyer,125,Honorary,Active,2024-01-16 00:23:00,2024-03-31 00:23:00
673,1048,Édgar Barriga,ngonzalez@example.org,F,1976-08-07,Dominican Republic,Puerto Plata,Architect,269,Corporate,Active,2022-07-14 17:04:49,2022-09-04 17:04:49
674,1049,Lucila Fuente,eulalia46@example.org,F,1998-12-08,Dominican Republic,Santo Domingo,Data Analyst,8,Individual,Active,2022-01-26 01:11:38,2022-03-12 01:11:38
675,1053,Juan Pablo Viña,soraya72@example.net,F,1993-08-29,Dominican Republic,Santiago,Software Engineer,52,Student,Active,2026-05-11 00:04:12,2026-07-02 00:04:12
676,1054,Ildefonso Sanchez,nduenas@example.com,M,1985-01-10,Dominican Republic,Santiago,Accountant,12,Honorary,Active,2024-03-20 10:08:31,2024-05-13 10:08:31
677,1055,Juan Bautista Gargallo,ferrandezsantiago@example.com,F,1988-04-21,Dominican Republic,Puerto Plata,Civil Engineer,149,Individual,Active,2026-02-01 01:28:06,2026-04-11 01:28:06
678,1056,Adela Bou,castanedavalentina@example.org,F,1983-05-07,Dominican Republic,San Pedro de Macorís,Accountant,93,Honorary,Active,2026-01-26 03:25:59,2026-03-15 03:25:59
679,1058,Balduino Villaverde,barbaraguardiola@example.org,M,1983-09-17,Dominican Republic,Santiago,Financial Analyst,168,Honorary,Active,2021-12-18 04:23:43,2022-02-09 04:23:43
680,1059,Apolonia Benavent,barbarablanes@example.com,M,1993-05-24,Dominican Republic,San Francisco de Macorís,Financial Analyst,20,Student,Active,2026-02-07 15:27:11,2026-03-05 15:27:11
681,1060,Ciro Jover,nazaret82@example.org,M,1977-01-10,Dominican Republic,San Francisco de Macorís,Architect,1,Honorary,Active,2025-03-03 08:45:32,2025-04-02 08:45:32
682,1061,Amor Fuertes,nievesgimenez@example.net,M,1997-03-06,Dominican Republic,San Pedro de Macorís,Software Engineer,176,Corporate,Active,2022-04-17 04:28:40,2022-06-14 04:28:40
683,1062,Aura Coloma,bbellido@example.net,M,1997-02-04,Dominican Republic,Santiago,Lawyer,277,Student,Active,2026-03-08 02:27:28,2026-04-27 02:27:28
684,1063,Cecilio Montserrat,rcozar@example.com,F,2004-05-09,Dominican Republic,San Pedro de Macorís,Financial Analyst,241,Individual,Active,2024-05-27 14:56:54,2024-06-18 14:56:54
685,1064,Amor Aparicio,amoresmatilde@example.net,M,1999-01-14,Dominican Republic,Santiago,Accountant,214,Honorary,Active,2021-09-26 16:36:42,2021-11-26 16:36:42
686,1065,Rosalía Anglada,morafidel@example.net,M,2003-01-08,Dominican Republic,Santiago,Accountant,149,Individual,Active,2022-03-22 08:06:07,2022-05-20 08:06:07
687,1067,Baudelio Amigó,patriciomilla@example.com,M,1998-05-26,Dominican Republic,San Francisco de Macorís,Software Engineer,3,Student,Active,2022-07-06 06:21:40,2022-08-09 06:21:40
688,1068,Narcisa Varela,marina44@example.org,F,1978-06-03,Dominican Republic,Puerto Plata,Lawyer,281,Student,Active,2026-03-05 03:32:32,2026-04-23 03:32:32
689,1069,Odalis Coloma,fmadrigal@example.net,M,2006-07-02,Dominican Republic,Santo Domingo,Lawyer,276,Honorary,Active,2022-03-08 11:35:27,2022-05-26 11:35:27
690,1070,Eutropio Echevarría,angelica90@example.com,M,1988-06-09,Dominican Republic,San Francisco de Macorís,Business Consultant,186,Honorary,Active,2025-07-09 05:24:01,2025-08-19 05:24:01
691,1071,Apolinar Vendrell,bsolsona@example.org,F,1995-12-01,Dominican Republic,La Romana,Data Analyst,57,Individual,Active,2021-12-12 06:20:46,2022-02-20 06:20:46
692,1072,Abilio Jurado,reneojeda@example.net,F,1987-02-23,Dominican Republic,San Francisco de Macorís,Financial Analyst,178,Student,Active,2022-04-15 00:41:22,2022-06-03 00:41:22
693,1073,Porfirio Villalobos,benita26@example.com,F,1994-09-07,Dominican Republic,Punta Cana,Data Analyst,201,Individual,Active,2022-07-30 10:50:10,2022-09-18 10:50:10
694,1075,Rafael Avilés,martin29@example.com,M,2000-05-09,Dominican Republic,Punta Cana,Architect,89,Student,Active,2021-11-20 13:52:48,2022-01-12 13:52:48
695,1076,Carmina Ariza,abaena@example.org,F,1983-09-16,Dominican Republic,Punta Cana,Marketing Specialist,119,Individual,Active,2025-01-07 21:05:14,2025-02-13 21:05:14
696,1077,Eligia Seguí,miriam09@example.net,M,2007-12-16,Dominican Republic,San Pedro de Macorís,Accountant,243,Individual,Active,2026-01-02 03:42:27,2026-02-22 03:42:27
697,1078,Gil Casas,barrerajulio@example.org,F,2007-02-09,Dominican Republic,Santiago,Lawyer,29,Honorary,Active,2022-07-28 19:10:36,2022-08-25 19:10:36
698,1079,Rosenda Pou,perlita81@example.net,M,2006-09-02,Dominican Republic,San Pedro de Macorís,Data Analyst,135,Individual,Active,2026-01-12 22:17:13,2026-03-30 22:17:13
699,1084,Alfonso Herrero,xcastrillo@example.net,M,2000-03-15,Dominican Republic,Puerto Plata,Civil Engineer,57,Individual,Active,2026-01-09 22:03:50,2026-02-08 22:03:50
700,1086,Samanta Armas,omanzanares@example.com,F,1980-11-10,Dominican Republic,Santo Domingo,Financial Analyst,288,Honorary,Active,2024-07-19 10:09:24,2024-08-13 10:09:24
701,1088,Lorena Peinado,candelaria24@example.org,M,2008-03-01,Dominican Republic,La Romana,Data Analyst,161,Individual,Active,2021-09-23 18:17:19,2021-10-27 18:17:19
702,1090,Rosalía Manso,gonzalezlupe@example.org,M,1988-01-23,Dominican Republic,Santiago,Civil Engineer,82,Student,Active,2023-08-02 14:54:56,2023-10-18 14:54:56
703,1091,Cayetana Valle,paulinallorens@example.com,F,2000-03-19,Dominican Republic,Santiago,Architect,256,Individual,Active,2022-09-03 14:17:02,2022-10-02 14:17:02
704,1092,Adela Barrio,anselmo40@example.com,F,1983-08-27,Dominican Republic,San Pedro de Macorís,Accountant,106,Corporate,Active,2023-04-10 06:38:47,2023-05-18 06:38:47
705,1093,Yésica Garzón,maria-del-carmenpadilla@example.org,M,2003-09-20,Dominican Republic,Santiago,Software Engineer,40,Student,Active,2026-01-03 08:50:30,2026-02-14 08:50:30
706,1097,América Gascón,sandaliomoraleda@example.org,F,1976-11-11,Dominican Republic,Punta Cana,Business Consultant,117,Honorary,Active,2024-12-27 21:23:03,2025-01-29 21:23:03
707,1098,Rita Arana,blaneszaida@example.net,F,2001-06-07,Dominican Republic,Punta Cana,Lawyer,146,Individual,Active,2025-10-29 02:39:12,2025-12-15 02:39:12
708,1099,Anabel Morán,dbustos@example.net,F,2004-09-25,Dominican Republic,San Pedro de Macorís,Software Engineer,133,Student,Active,2024-12-29 14:26:15,2025-02-06 14:26:15
709,1101,Obdulia Andreu,nadalmelania@example.com,M,1979-05-05,Dominican Republic,La Romana,Business Consultant,79,Individual,Active,2026-03-17 11:12:34,2026-05-11 11:12:34
710,1102,Edu Zabaleta,hidalgojaviera@example.com,M,1986-11-20,Dominican Republic,Puerto Plata,Civil Engineer,252,Student,Active,2025-07-19 18:49:11,2025-08-18 18:49:11
711,1103,Febe Valencia,luisina49@example.org,M,2008-03-16,Dominican Republic,Santo Domingo,Architect,191,Student,Active,2025-01-24 10:19:48,2025-04-15 10:19:48
712,1104,Yésica Acero,rubenpedro@example.net,M,2002-06-24,Dominican Republic,Santiago,Accountant,260,Corporate,Active,2024-06-21 19:45:16,2024-08-06 19:45:16
713,1105,Eloy Barco,merinoelisabet@example.org,F,2003-01-14,Dominican Republic,Puerto Plata,Business Consultant,57,Corporate,Active,2022-07-31 04:05:03,2022-09-04 04:05:03
714,1108,Guiomar Donaire,ildefonsovega@example.org,F,1978-01-11,Dominican Republic,San Pedro de Macorís,Marketing Specialist,237,Individual,Active,2023-07-29 13:54:21,2023-09-12 13:54:21
715,1109,Vito Llopis,nicolas61@example.org,F,1984-03-17,Dominican Republic,Puerto Plata,Civil Engineer,42,Corporate,Active,2021-11-03 19:57:04,2021-12-04 19:57:04
716,1113,Guadalupe Baquero,poncioportero@example.com,M,2005-08-16,Dominican Republic,San Pedro de Macorís,Lawyer,87,Honorary,Active,2022-04-14 01:39:47,2022-05-27 01:39:47
717,1114,Olimpia Amores,rcorrea@example.com,F,1978-01-01,Dominican Republic,Santo Domingo,Civil Engineer,58,Individual,Active,2024-04-03 20:43:21,2024-05-09 20:43:21
718,1115,Marcia Garcia,echevarriamaria-jesus@example.org,M,1984-03-03,Dominican Republic,La Romana,Civil Engineer,170,Individual,Active,2024-06-05 11:36:09,2024-07-11 11:36:09
719,1116,Pelayo Azorin,jverdu@example.org,M,1990-05-16,Dominican Republic,San Francisco de Macorís,Data Analyst,41,Honorary,Active,2026-05-25 18:05:52,2026-07-09 18:05:52
720,1117,César Torralba,wrodriguez@example.net,F,1997-06-12,Dominican Republic,Puerto Plata,Architect,261,Corporate,Active,2022-09-29 12:18:17,2022-11-02 12:18:17
721,1118,Ester Galvez,luis-angel01@example.org,M,1985-11-15,Dominican Republic,San Pedro de Macorís,Business Consultant,151,Honorary,Active,2026-04-01 08:23:56,2026-06-02 08:23:56
722,1119,Adelardo Álamo,vferrera@example.com,M,1983-08-10,Dominican Republic,San Francisco de Macorís,Architect,208,Student,Active,2025-08-03 02:51:16,2025-09-25 02:51:16
723,1120,Rosalía Álvaro,saturninoarteaga@example.org,M,1983-06-25,Dominican Republic,San Francisco de Macorís,Software Engineer,182,Corporate,Active,2024-09-18 09:36:59,2024-11-25 09:36:59
724,1122,Eloísa Asenjo,clara91@example.com,M,1985-04-02,Dominican Republic,San Pedro de Macorís,Accountant,12,Corporate,Active,2023-01-29 05:56:39,2023-03-30 05:56:39
725,1123,Alcides Santamaría,dafne26@example.net,F,1999-07-22,Dominican Republic,Santo Domingo,Lawyer,213,Honorary,Active,2026-05-28 01:42:51,2026-07-11 01:42:51
726,1124,Estrella Rivero,jmartin@example.net,F,1996-02-07,Dominican Republic,La Romana,Accountant,103,Individual,Active,2025-05-30 20:29:51,2025-07-06 20:29:51
727,1125,Chuy Yuste,espiridion85@example.net,F,1988-08-06,Dominican Republic,Santo Domingo,Accountant,185,Individual,Active,2026-05-15 13:30:03,2026-06-26 13:30:03
728,1126,Jose Ramón Collado,clara14@example.org,M,2001-10-21,Dominican Republic,San Francisco de Macorís,Accountant,86,Student,Active,2025-10-15 06:58:54,2025-10-29 06:58:54
729,1127,Susana Menendez,gabinofalcon@example.org,M,1981-10-27,Dominican Republic,San Francisco de Macorís,Software Engineer,112,Individual,Active,2023-06-06 09:45:29,2023-07-24 09:45:29
730,1128,Macario Cid,kquintero@example.net,F,2008-03-19,Dominican Republic,Santiago,Architect,17,Corporate,Active,2021-12-30 15:43:36,2022-02-05 15:43:36
731,1129,Saturnino Alvarado,zcortina@example.net,M,1979-07-14,Dominican Republic,Puerto Plata,Marketing Specialist,61,Student,Active,2025-06-02 21:30:53,2025-07-08 21:30:53
732,1130,María Cristina Rios,salamancafelix@example.net,F,1982-11-16,Dominican Republic,Santo Domingo,Marketing Specialist,73,Honorary,Active,2024-03-01 01:42:55,2024-04-11 01:42:55
733,1131,Chita Gracia,maximopardo@example.net,F,1983-10-30,Dominican Republic,San Francisco de Macorís,Civil Engineer,74,Individual,Active,2025-12-15 17:09:02,2026-02-12 17:09:02
734,1132,Emiliano Alemany,pastora05@example.com,M,2005-09-19,Dominican Republic,Santiago,Project Manager,245,Honorary,Active,2022-07-14 11:47:23,2022-08-21 11:47:23
735,1133,Erasmo Rovira,amor82@example.com,F,1995-08-15,Dominican Republic,San Francisco de Macorís,Accountant,36,Corporate,Active,2024-07-31 23:51:25,2024-10-16 23:51:25
736,1134,Candelas Collado,flarranaga@example.net,M,1988-07-16,Dominican Republic,Santiago,Business Consultant,9,Individual,Active,2026-05-28 11:06:07,2026-06-26 11:06:07
737,1135,Reyes Ocaña,nbeltran@example.org,F,1994-08-23,Dominican Republic,Punta Cana,Data Analyst,46,Individual,Active,2025-08-18 18:49:40,2025-10-25 18:49:40
738,1136,Nydia Rojas,coellomaria-dolores@example.org,M,2002-12-29,Dominican Republic,San Francisco de Macorís,Architect,144,Corporate,Active,2026-01-10 11:45:12,2026-02-21 11:45:12
739,1137,Mauricio Navarro,infantepia@example.org,F,2001-12-21,Dominican Republic,Santo Domingo,Civil Engineer,33,Honorary,Active,2023-10-21 04:03:49,2023-12-04 04:03:49
740,1140,Toño Portillo,dbarros@example.org,F,2003-11-23,Dominican Republic,La Romana,Business Consultant,148,Individual,Active,2024-10-28 10:22:44,2024-12-10 10:22:44
741,1142,Palmira Amigó,batallaremigio@example.net,F,1977-06-07,Dominican Republic,Puerto Plata,Financial Analyst,241,Individual,Active,2023-11-28 01:45:46,2024-01-26 01:45:46
742,1143,Cecilio Marcos,montoyabaltasar@example.com,M,1989-05-27,Dominican Republic,Santiago,Financial Analyst,111,Honorary,Active,2023-01-14 23:46:34,2023-02-21 23:46:34
743,1144,Rosalía Vélez,salomesalazar@example.net,M,1989-07-08,Dominican Republic,Puerto Plata,Software Engineer,42,Honorary,Active,2022-10-02 18:46:19,2022-11-12 18:46:19
744,1146,Valero Salas,rosendo20@example.net,F,2007-08-12,Dominican Republic,Santo Domingo,Lawyer,113,Honorary,Active,2025-05-08 13:19:43,2025-06-30 13:19:43
745,1147,Sonia Chaves,qrequena@example.org,M,1995-10-26,Dominican Republic,San Francisco de Macorís,Architect,292,Student,Active,2022-09-12 17:27:05,2022-11-10 17:27:05
746,1149,Ágata Planas,cuevasclara@example.net,F,2007-04-04,Dominican Republic,La Romana,Data Analyst,292,Corporate,Active,2022-02-06 00:07:16,2022-03-04 00:07:16
747,1150,María José Lago,puertaazucena@example.net,M,1993-09-06,Dominican Republic,Santo Domingo,Software Engineer,237,Honorary,Active,2023-10-07 23:18:40,2023-11-19 23:18:40
748,1151,Bonifacio Ferrero,hermenegildosantiago@example.org,M,1978-07-25,Dominican Republic,La Romana,Accountant,118,Individual,Active,2022-08-29 15:51:38,2022-11-10 15:51:38
749,1154,Cayetano Cárdenas,pinodaniel@example.org,F,2001-01-21,Dominican Republic,Punta Cana,Data Analyst,30,Honorary,Active,2025-02-13 06:42:10,2025-04-01 06:42:10
750,1157,Manu Melero,dora02@example.net,F,1986-07-09,Dominican Republic,San Pedro de Macorís,Software Engineer,179,Individual,Active,2021-12-08 22:44:47,2022-01-29 22:44:47
751,1158,Epifanio Priego,arcelia01@example.com,M,1984-11-24,Dominican Republic,San Francisco de Macorís,Data Analyst,9,Honorary,Active,2023-12-15 04:52:57,2024-01-29 04:52:57
752,1159,Balduino Guzmán,rfuentes@example.com,F,2003-11-02,Dominican Republic,San Pedro de Macorís,Accountant,35,Corporate,Active,2022-05-25 04:35:17,2022-07-22 04:35:17
753,1161,Guadalupe Vilanova,yolandaestevez@example.org,F,1976-01-03,Dominican Republic,Santo Domingo,Civil Engineer,26,Student,Active,2022-11-27 04:11:05,2023-01-14 04:11:05
754,1162,Feliciana Briones,gesparza@example.net,F,1982-02-09,Dominican Republic,Santo Domingo,Civil Engineer,14,Honorary,Active,2023-10-02 16:29:48,2023-12-15 16:29:48
755,1163,Aurelia Rivas,constanzanieto@example.net,M,2003-10-05,Dominican Republic,Santiago,Data Analyst,44,Student,Active,2025-09-16 22:00:39,2025-10-16 22:00:39
756,1164,Milagros Río,martarojas@example.org,M,2005-04-16,Dominican Republic,La Romana,Lawyer,219,Individual,Active,2026-02-13 05:10:50,2026-04-01 05:10:50
757,1165,Jose Carlos Cardona,candelariamontalban@example.com,F,1976-07-09,Dominican Republic,San Francisco de Macorís,Lawyer,136,Student,Active,2024-05-30 01:50:21,2024-06-26 01:50:21
758,1166,Jenaro Sancho,urenamireia@example.net,F,1995-07-23,Dominican Republic,Santo Domingo,Business Consultant,59,Student,Active,2026-03-01 11:47:18,2026-03-25 11:47:18
759,1167,Loida Romero,dcarrera@example.com,F,1999-05-08,Dominican Republic,San Francisco de Macorís,Software Engineer,203,Honorary,Active,2022-01-19 06:42:48,2022-02-18 06:42:48
760,1168,Samuel Valderrama,trinidadquiros@example.net,F,2002-01-24,Dominican Republic,Puerto Plata,Architect,50,Honorary,Active,2022-10-11 18:43:01,2022-12-16 18:43:01
761,1170,Genoveva Donoso,jacoboolmedo@example.com,M,1998-06-16,Dominican Republic,San Francisco de Macorís,Business Consultant,235,Corporate,Active,2022-11-20 03:40:59,2023-01-24 03:40:59
762,1176,Gloria Rosselló,anunciacion42@example.com,F,2005-07-22,Dominican Republic,Punta Cana,Lawyer,239,Student,Active,2024-05-27 17:53:29,2024-06-30 17:53:29
763,1179,Joel Querol,eportero@example.org,F,1993-11-16,Dominican Republic,Puerto Plata,Accountant,152,Student,Active,2023-02-13 17:30:14,2023-03-30 17:30:14
764,1181,Ana Belén Ugarte,nconesa@example.net,F,2006-09-03,Dominican Republic,Santiago,Business Consultant,133,Individual,Active,2025-03-30 12:44:56,2025-05-13 12:44:56
765,1183,Ana Arenas,isa80@example.com,M,1997-06-04,Dominican Republic,San Francisco de Macorís,Lawyer,160,Corporate,Active,2023-02-12 02:26:33,2023-03-16 02:26:33
766,1184,Isabel Gámez,baldomero40@example.net,F,2005-12-21,Dominican Republic,Puerto Plata,Lawyer,150,Corporate,Active,2024-08-06 01:46:36,2024-09-12 01:46:36
767,1188,Gustavo Checa,pascuala94@example.org,M,1997-03-31,Dominican Republic,San Pedro de Macorís,Project Manager,104,Student,Active,2023-08-18 17:16:09,2023-09-23 17:16:09
768,1189,Fabiana Cañas,montserrat63@example.org,F,1994-02-10,Dominican Republic,La Romana,Accountant,34,Corporate,Active,2026-05-27 11:19:47,2026-07-12 11:19:47
769,1190,Cristian Nieto,qcordoba@example.org,F,1998-10-26,Dominican Republic,Santo Domingo,Accountant,33,Individual,Active,2024-04-27 04:08:47,2024-06-20 04:08:47
770,1191,Glauco Nebot,venriquez@example.com,M,1981-03-26,Dominican Republic,Puerto Plata,Civil Engineer,241,Corporate,Active,2022-12-29 10:11:32,2023-01-18 10:11:32
771,1192,Sancho Giralt,olegarioavila@example.net,M,2002-02-15,Dominican Republic,Santo Domingo,Civil Engineer,97,Individual,Active,2024-09-05 04:39:37,2024-10-08 04:39:37
772,1193,Cristian Godoy,posadarafael@example.com,M,1976-05-26,Dominican Republic,San Pedro de Macorís,Project Manager,0,Student,Active,2025-09-11 17:12:28,2025-11-18 17:12:28
773,1196,Saturnina Vila,carbajoxiomara@example.com,M,1995-11-29,Dominican Republic,Santo Domingo,Civil Engineer,126,Corporate,Active,2025-08-25 23:49:15,2025-10-07 23:49:15
774,1198,Nadia Arellano,pascualhumberto@example.com,M,1985-12-29,Dominican Republic,Punta Cana,Project Manager,197,Individual,Active,2022-04-13 12:48:04,2022-06-17 12:48:04
775,1199,Máximo Marin,ucampos@example.com,M,1982-05-31,Dominican Republic,La Romana,Software Engineer,231,Student,Active,2022-06-11 14:39:36,2022-07-08 14:39:36
776,1201,Cleto Gárate,usalva@example.org,F,1976-01-28,Dominican Republic,La Romana,Accountant,178,Honorary,Active,2023-10-17 03:40:38,2023-12-23 03:40:38
777,1203,Galo Saura,hangel@example.net,M,1995-08-30,Dominican Republic,Santo Domingo,Software Engineer,237,Honorary,Active,2025-12-26 15:03:34,2026-01-14 15:03:34
778,1205,Efraín Gutierrez,samu22@example.com,F,1994-06-30,Dominican Republic,Santiago,Project Manager,247,Individual,Active,2025-03-04 16:54:04,2025-04-16 16:54:04
779,1208,Arcelia Navas,camila59@example.com,F,2008-05-06,Dominican Republic,Puerto Plata,Marketing Specialist,114,Corporate,Active,2024-08-16 11:45:25,2024-09-17 11:45:25
780,1209,Natividad Molins,gaspar82@example.com,M,2008-02-15,Dominican Republic,San Francisco de Macorís,Project Manager,192,Individual,Active,2022-07-17 03:21:23,2022-08-09 03:21:23
781,1210,Celestino Roman,amancio20@example.org,M,1976-12-26,Dominican Republic,San Pedro de Macorís,Software Engineer,287,Corporate,Active,2022-11-09 23:33:16,2022-12-27 23:33:16
782,1213,Bruno Galindo,morantenoe@example.com,M,1976-09-04,Dominican Republic,La Romana,Accountant,261,Honorary,Active,2025-12-20 14:50:36,2026-02-23 14:50:36
783,1214,Herminio Roig,isabelcabrera@example.com,F,1985-11-05,Dominican Republic,San Pedro de Macorís,Architect,267,Student,Active,2023-12-13 23:13:52,2024-02-15 23:13:52
784,1216,Ernesto Valero,teosanchez@example.net,F,2002-05-15,Dominican Republic,Punta Cana,Marketing Specialist,107,Honorary,Active,2025-04-13 19:41:38,2025-05-21 19:41:38
785,1219,Begoña Gil,lauracamacho@example.net,M,1980-01-29,Dominican Republic,Santo Domingo,Data Analyst,295,Student,Active,2023-02-25 02:36:47,2023-05-02 02:36:47
786,1220,Piedad Barros,heraclioclemente@example.net,M,1975-10-09,Dominican Republic,Puerto Plata,Marketing Specialist,93,Individual,Active,2024-02-15 16:18:18,2024-03-28 16:18:18
787,1222,Aurora Hierro,fjauregui@example.org,F,1982-06-20,Dominican Republic,San Pedro de Macorís,Accountant,226,Individual,Active,2026-03-26 19:19:13,2026-05-19 19:19:13
788,1223,Abigaíl Ochoa,dalmaumaria-fernanda@example.com,M,1989-04-11,Dominican Republic,Punta Cana,Project Manager,156,Corporate,Active,2025-12-10 23:16:20,2026-01-31 23:16:20
789,1224,Lara Bonet,yelorza@example.org,F,2006-02-22,Dominican Republic,La Romana,Architect,286,Honorary,Active,2024-07-05 04:01:22,2024-08-15 04:01:22
790,1225,Alexandra Simó,juan-bautista58@example.net,F,1984-07-26,Dominican Republic,San Pedro de Macorís,Data Analyst,160,Individual,Active,2025-08-24 16:49:16,2025-10-30 16:49:16
791,1226,Elpidio Pinilla,rosaliaantunez@example.com,F,1980-05-17,Dominican Republic,Punta Cana,Software Engineer,16,Student,Active,2022-04-19 19:55:50,2022-05-30 19:55:50
792,1227,Ariadna Santana,uhernando@example.org,M,1988-11-18,Dominican Republic,La Romana,Civil Engineer,299,Honorary,Active,2021-12-25 10:45:03,2022-02-20 10:45:03
793,1228,Carmela Espada,pcarrillo@example.com,M,1981-07-02,Dominican Republic,San Pedro de Macorís,Accountant,114,Honorary,Active,2022-01-26 05:13:03,2022-03-14 05:13:03
794,1230,Pilar Andres,german22@example.net,M,2008-01-11,Dominican Republic,Santiago,Financial Analyst,48,Honorary,Active,2026-05-09 16:49:34,2026-06-07 16:49:34
795,1231,Virginia Gargallo,gdonoso@example.net,F,1990-01-22,Dominican Republic,La Romana,Business Consultant,159,Corporate,Active,2024-04-24 07:06:04,2024-06-26 07:06:04
796,1233,Moreno Parra,montserratfrutos@example.com,F,1994-06-12,Dominican Republic,Santiago,Lawyer,119,Individual,Active,2024-02-25 14:18:57,2024-04-05 14:18:57
797,1234,Juanito Rios,torrijosluciana@example.net,F,1991-04-14,Dominican Republic,La Romana,Architect,227,Corporate,Active,2025-09-22 11:55:33,2025-12-03 11:55:33
798,1235,Isidoro Cuéllar,pmanjon@example.org,F,1994-12-16,Dominican Republic,San Francisco de Macorís,Civil Engineer,117,Individual,Active,2024-05-11 21:50:50,2024-06-24 21:50:50
799,1236,Juan Carlos Izaguirre,lcarnero@example.com,F,1996-01-25,Dominican Republic,Santo Domingo,Financial Analyst,105,Student,Active,2025-04-06 18:35:35,2025-05-15 18:35:35
800,1237,Abilio Estévez,valeriobecerra@example.org,F,1977-05-31,Dominican Republic,Punta Cana,Marketing Specialist,282,Student,Active,2024-05-07 04:55:20,2024-06-29 04:55:20
801,1239,Emiliano Villena,eladiocompany@example.org,M,2003-03-03,Dominican Republic,La Romana,Marketing Specialist,159,Individual,Active,2022-05-15 16:29:24,2022-06-06 16:29:24
802,1240,Eloy Pastor,jballester@example.org,M,1981-06-04,Dominican Republic,Santo Domingo,Accountant,61,Corporate,Active,2021-11-07 11:30:33,2021-12-23 11:30:33
803,1242,Aurelia Vara,rolmedo@example.org,M,1999-02-13,Dominican Republic,San Francisco de Macorís,Accountant,230,Student,Active,2024-09-11 20:18:17,2024-10-18 20:18:17
804,1243,Guadalupe Vilar,gil38@example.com,F,2006-12-23,Dominican Republic,Puerto Plata,Business Consultant,288,Student,Active,2022-01-18 15:12:31,2022-03-11 15:12:31
805,1245,Filomena Bilbao,damian71@example.com,F,2003-12-12,Dominican Republic,Santo Domingo,Accountant,152,Individual,Active,2022-12-01 22:06:22,2023-01-06 22:06:22
806,1246,Humberto Bueno,companyfernanda@example.net,F,1981-03-24,Dominican Republic,La Romana,Architect,234,Individual,Active,2024-06-29 10:48:39,2024-08-05 10:48:39
807,1248,Guadalupe Barberá,vivianaadadia@example.net,M,1989-09-01,Dominican Republic,San Francisco de Macorís,Business Consultant,140,Corporate,Active,2025-07-13 00:32:08,2025-08-29 00:32:08
808,1249,Celestino Gallo,mbuendia@example.org,F,1980-06-20,Dominican Republic,San Francisco de Macorís,Software Engineer,229,Student,Active,2024-11-30 11:09:50,2025-01-13 11:09:50
809,1250,Atilio Corbacho,davidgalan@example.org,F,1979-07-19,Dominican Republic,Puerto Plata,Data Analyst,63,Honorary,Active,2025-06-12 17:23:04,2025-07-29 17:23:04
810,1251,Sebastián Soler,balduinocardona@example.net,F,2001-10-10,Dominican Republic,Puerto Plata,Data Analyst,245,Student,Active,2022-04-16 17:33:15,2022-05-04 17:33:15
811,1252,David Capdevila,gquevedo@example.org,F,2006-08-08,Dominican Republic,Santiago,Project Manager,223,Honorary,Active,2023-01-25 22:04:51,2023-02-16 22:04:51
812,1253,Ariel Carrillo,salomelias@example.net,F,1987-03-13,Dominican Republic,Puerto Plata,Architect,115,Student,Active,2026-01-12 12:15:51,2026-03-16 12:15:51
813,1254,Martirio Río,hectorgargallo@example.org,F,1985-07-08,Dominican Republic,Punta Cana,Software Engineer,291,Individual,Active,2026-05-25 06:20:30,2026-08-01 06:20:30
814,1255,Guadalupe Rosado,nnavas@example.net,M,1975-12-26,Dominican Republic,Punta Cana,Civil Engineer,288,Honorary,Active,2023-01-20 02:41:46,2023-02-27 02:41:46
815,1256,Xavier Mata,condemaria-cristina@example.com,M,1981-07-09,Dominican Republic,San Francisco de Macorís,Lawyer,113,Corporate,Active,2022-05-21 14:20:00,2022-07-06 14:20:00
816,1258,Rosalina Aguirre,eloy29@example.com,M,1988-04-22,Dominican Republic,Santo Domingo,Business Consultant,258,Individual,Active,2022-08-17 16:10:07,2022-08-26 16:10:07
817,1259,Ale Ferrer,pancho61@example.net,M,2000-07-27,Dominican Republic,San Pedro de Macorís,Financial Analyst,116,Individual,Active,2021-07-17 07:45:36,2021-08-08 07:45:36
818,1260,Noa Garmendia,eduardo97@example.org,M,2001-12-11,Dominican Republic,San Pedro de Macorís,Project Manager,8,Corporate,Active,2022-05-11 08:58:02,2022-06-09 08:58:02
819,1261,Jenaro Santiago,cifuentesleoncio@example.org,F,1989-12-13,Dominican Republic,La Romana,Architect,19,Student,Active,2024-08-01 21:46:12,2024-09-20 21:46:12
820,1262,Carmela Morera,roldan42@example.org,M,2004-04-28,Dominican Republic,La Romana,Data Analyst,81,Individual,Active,2021-10-05 12:00:02,2021-11-20 12:00:02
821,1263,Juan Antonio Benavides,amanciochico@example.com,F,2007-03-06,Dominican Republic,La Romana,Business Consultant,3,Corporate,Active,2021-12-27 16:21:31,2022-02-02 16:21:31
822,1265,Leopoldo Barrena,elenabarriga@example.com,F,1999-12-27,Dominican Republic,La Romana,Project Manager,78,Corporate,Active,2022-04-04 17:30:29,2022-05-13 17:30:29
823,1266,Tomás Rojas,revillajavier@example.org,F,1979-10-31,Dominican Republic,Santiago,Software Engineer,159,Honorary,Active,2023-12-04 18:12:20,2024-01-18 18:12:20
824,1267,Bernarda Campo,miguel42@example.net,M,1997-01-08,Dominican Republic,La Romana,Data Analyst,241,Honorary,Active,2021-08-06 00:36:33,2021-09-16 00:36:33
825,1268,Iván Machado,iborrabenigno@example.org,F,1976-02-07,Dominican Republic,Santiago,Civil Engineer,92,Individual,Active,2024-08-14 20:45:37,2024-09-21 20:45:37
826,1269,Vilma Ramirez,xsanmiguel@example.com,M,2005-11-30,Dominican Republic,La Romana,Business Consultant,48,Honorary,Active,2024-02-26 05:04:23,2024-04-09 05:04:23
827,1270,Esther Barón,venceslas95@example.com,M,1985-03-24,Dominican Republic,San Pedro de Macorís,Architect,271,Corporate,Active,2025-02-23 10:34:20,2025-04-07 10:34:20
828,1271,Pía Duque,josetena@example.org,F,1980-03-08,Dominican Republic,San Francisco de Macorís,Architect,20,Honorary,Active,2023-09-01 14:55:53,2023-11-01 14:55:53
829,1272,Íñigo Rovira,canoarsenio@example.net,F,1977-07-20,Dominican Republic,Puerto Plata,Lawyer,283,Individual,Active,2022-07-16 16:18:25,2022-08-27 16:18:25
830,1275,Amaya Cáceres,cvillalonga@example.net,F,1975-12-23,Dominican Republic,Punta Cana,Data Analyst,23,Individual,Active,2025-12-05 06:51:52,2026-01-15 06:51:52
831,1276,Cleto Pazos,jcampo@example.net,M,1976-07-25,Dominican Republic,Santo Domingo,Software Engineer,78,Student,Active,2022-06-14 14:11:50,2022-07-21 14:11:50
832,1277,Octavio Barrera,mblasco@example.net,F,1976-12-21,Dominican Republic,Puerto Plata,Marketing Specialist,140,Honorary,Active,2025-01-02 22:02:02,2025-02-16 22:02:02
833,1278,Víctor Cal,baltasarsevilla@example.net,M,1983-04-30,Dominican Republic,Punta Cana,Data Analyst,131,Corporate,Active,2024-05-10 09:41:32,2024-06-17 09:41:32
834,1280,Nicolasa Pérez,daniloferrandiz@example.org,F,1976-02-14,Dominican Republic,San Pedro de Macorís,Architect,50,Individual,Active,2026-05-04 06:49:44,2026-06-17 06:49:44
835,1281,Trinidad Espada,bernardita85@example.com,F,1990-01-08,Dominican Republic,Santiago,Project Manager,264,Student,Active,2025-03-08 20:18:28,2025-05-02 20:18:28
836,1282,Débora Izaguirre,nandreu@example.org,M,1994-08-17,Dominican Republic,Punta Cana,Business Consultant,25,Student,Active,2021-07-30 11:13:01,2021-09-14 11:13:01
837,1283,Nazario Flor,elviraquevedo@example.org,F,2003-07-08,Dominican Republic,Santo Domingo,Architect,227,Honorary,Active,2025-04-08 21:18:52,2025-06-10 21:18:52
838,1284,Ágata Izquierdo,bprada@example.org,M,1978-03-19,Dominican Republic,Santiago,Accountant,101,Student,Active,2024-07-14 22:36:29,2024-08-25 22:36:29
839,1285,Delfina Baró,paulinachacon@example.net,M,2004-07-30,Dominican Republic,La Romana,Lawyer,255,Individual,Active,2025-07-28 06:24:43,2025-09-05 06:24:43
840,1287,María Murillo,bauzanatalia@example.org,M,1977-04-01,Dominican Republic,Santiago,Civil Engineer,10,Honorary,Active,2025-05-02 01:12:38,2025-06-14 01:12:38
841,1289,Delfina Guzman,lermaconsuela@example.org,M,1986-04-01,Dominican Republic,San Francisco de Macorís,Data Analyst,92,Student,Active,2023-08-27 00:02:24,2023-10-07 00:02:24
842,1291,Anselmo Martorell,yprat@example.net,M,1993-07-14,Dominican Republic,La Romana,Software Engineer,128,Individual,Active,2025-09-21 15:14:39,2025-11-16 15:14:39
843,1293,Odalys Ribera,gmarco@example.com,M,2006-06-05,Dominican Republic,Puerto Plata,Marketing Specialist,75,Individual,Active,2024-10-12 07:52:33,2024-11-11 07:52:33
844,1295,Concepción Larrea,joandavila@example.com,M,1990-05-24,Dominican Republic,San Francisco de Macorís,Architect,77,Individual,Active,2023-02-02 02:12:15,2023-03-12 02:12:15
845,1296,Humberto Villalba,dafne91@example.net,M,1990-09-15,Dominican Republic,Punta Cana,Marketing Specialist,101,Individual,Active,2021-08-28 00:45:22,2021-10-24 00:45:22
846,1297,Bonifacio Laguna,solrosa@example.net,M,1980-04-11,Dominican Republic,Puerto Plata,Project Manager,253,Honorary,Active,2021-10-03 05:10:49,2021-11-08 05:10:49
847,1299,Curro Borrell,kballesteros@example.net,F,1998-03-02,Dominican Republic,La Romana,Architect,167,Student,Active,2021-10-06 16:52:35,2021-11-09 16:52:35
848,1301,Armida Vargas,hcollado@example.org,F,1990-08-26,Dominican Republic,Punta Cana,Civil Engineer,233,Corporate,Active,2021-09-21 02:50:16,2021-11-15 02:50:16
849,1305,Aitor Duque,amigojuan-antonio@example.net,F,1977-02-13,Dominican Republic,Santo Domingo,Architect,161,Honorary,Active,2025-02-03 14:39:25,2025-03-29 14:39:25
850,1306,Ainoa Montero,lbueno@example.org,F,1988-06-19,Dominican Republic,Santiago,Software Engineer,279,Student,Active,2026-04-28 23:54:37,2026-06-03 23:54:37
851,1307,Che Marí,wbravo@example.net,M,1998-04-04,Dominican Republic,La Romana,Civil Engineer,5,Honorary,Active,2022-03-31 13:30:36,2022-04-22 13:30:36
852,1308,Fausto Vicente,yleon@example.org,F,1995-12-10,Dominican Republic,San Francisco de Macorís,Software Engineer,145,Corporate,Active,2025-02-18 04:08:25,2025-03-27 04:08:25
853,1309,Charo Vargas,abigailpoza@example.net,M,2007-08-16,Dominican Republic,San Pedro de Macorís,Data Analyst,25,Individual,Active,2025-08-03 21:24:33,2025-09-17 21:24:33
854,1310,Graciana Ayllón,armando95@example.org,M,1999-10-20,Dominican Republic,San Francisco de Macorís,Project Manager,289,Student,Active,2022-07-14 19:53:45,2022-09-05 19:53:45
855,1312,Trinidad Hurtado,amarilisluz@example.net,F,2005-12-09,Dominican Republic,Puerto Plata,Software Engineer,165,Corporate,Active,2026-03-28 06:01:17,2026-05-21 06:01:17
856,1314,Custodia Puig,luisarrieta@example.net,M,2007-01-16,Dominican Republic,San Pedro de Macorís,Data Analyst,91,Student,Active,2025-02-12 10:47:24,2025-04-08 10:47:24
857,1317,Berto Saldaña,coronadochelo@example.com,M,1979-01-03,Dominican Republic,La Romana,Data Analyst,268,Individual,Active,2024-10-24 13:00:24,2024-11-17 13:00:24
858,1318,Erasmo Cuesta,cruz36@example.com,M,1993-12-28,Dominican Republic,Santiago,Lawyer,150,Student,Active,2026-03-08 01:23:08,2026-04-12 01:23:08
859,1319,Edgardo Abad,juan-pablopaez@example.net,M,1999-03-27,Dominican Republic,San Francisco de Macorís,Business Consultant,165,Honorary,Active,2025-10-19 13:10:01,2025-11-12 13:10:01
860,1320,Javier Armengol,qcervantes@example.com,M,1991-11-05,Dominican Republic,San Pedro de Macorís,Software Engineer,257,Honorary,Active,2022-10-26 16:13:20,2022-12-16 16:13:20
861,1321,Marina Águila,bbayo@example.org,M,1996-09-25,Dominican Republic,Punta Cana,Software Engineer,9,Corporate,Active,2022-01-26 11:46:56,2022-02-25 11:46:56
862,1323,Pepito Cárdenas,lidiaramon@example.org,F,1983-06-12,Dominican Republic,Punta Cana,Software Engineer,110,Individual,Active,2023-05-07 07:39:28,2023-06-23 07:39:28
863,1324,Aitana Ramón,nogueraglauco@example.org,M,1977-01-07,Dominican Republic,Santo Domingo,Financial Analyst,24,Honorary,Active,2023-09-12 05:25:17,2023-11-10 05:25:17
864,1325,Miguel Ángel Vicente,pereznazaret@example.net,M,1976-04-10,Dominican Republic,San Francisco de Macorís,Marketing Specialist,31,Corporate,Active,2022-12-09 21:38:10,2023-01-31 21:38:10
865,1326,Plácido Lopez,ana-sofia24@example.org,F,1996-06-30,Dominican Republic,La Romana,Data Analyst,222,Corporate,Active,2022-05-11 23:23:14,2022-05-26 23:23:14
866,1327,Timoteo Monreal,ferrandojosefina@example.com,F,1984-11-02,Dominican Republic,Santo Domingo,Architect,179,Student,Active,2021-10-09 06:26:02,2021-12-09 06:26:02
867,1328,Mirta Rico,ebarroso@example.net,F,1992-01-02,Dominican Republic,Punta Cana,Software Engineer,13,Corporate,Active,2022-02-01 11:12:59,2022-03-28 11:12:59
868,1329,María Pilar Villalobos,juanajordan@example.net,F,1993-11-04,Dominican Republic,Puerto Plata,Marketing Specialist,110,Individual,Active,2026-05-29 11:03:34,2026-07-30 11:03:34
869,1331,Lalo Bernal,alillo@example.net,M,2004-05-16,Dominican Republic,Punta Cana,Financial Analyst,205,Honorary,Active,2022-06-03 10:06:32,2022-06-25 10:06:32
870,1333,Carina Roca,jovitapriego@example.net,M,1996-07-29,Dominican Republic,Santiago,Project Manager,29,Student,Active,2026-03-16 21:10:02,2026-04-11 21:10:02
871,1334,Valerio Mesa,smiguel@example.org,F,1986-08-31,Dominican Republic,La Romana,Business Consultant,0,Individual,Active,2024-06-04 17:04:46,2024-06-30 17:04:46
872,1336,Lorenza Escribano,tejedorponcio@example.org,F,1999-03-30,Dominican Republic,Puerto Plata,Marketing Specialist,205,Corporate,Active,2024-10-10 17:32:27,2024-11-10 17:32:27
873,1337,Tamara Arribas,danilo17@example.org,M,1989-11-26,Dominican Republic,Puerto Plata,Business Consultant,288,Corporate,Active,2022-01-21 16:44:19,2022-03-13 16:44:19
874,1340,Adrián Avilés,mascaronoemi@example.org,F,1985-09-10,Dominican Republic,Punta Cana,Accountant,297,Corporate,Active,2026-01-16 05:33:59,2026-01-31 05:33:59
875,1341,Custodia Ibáñez,asdrubalmarcos@example.com,M,1988-04-15,Dominican Republic,San Francisco de Macorís,Civil Engineer,112,Honorary,Active,2023-11-11 16:24:06,2023-12-24 16:24:06
876,1342,Mireia Royo,avalencia@example.org,M,1986-08-26,Dominican Republic,San Pedro de Macorís,Financial Analyst,186,Honorary,Active,2025-03-28 11:29:32,2025-05-26 11:29:32
877,1343,Juan Francisco Cáceres,mercadermaxi@example.com,F,2004-12-19,Dominican Republic,Santiago,Marketing Specialist,14,Student,Active,2024-08-17 23:22:52,2024-11-05 23:22:52
878,1344,Amelia Salazar,brigida09@example.com,M,2002-02-25,Dominican Republic,Santo Domingo,Financial Analyst,10,Student,Active,2024-02-27 00:36:52,2024-04-21 00:36:52
879,1345,María Jesús Montaña,gregoriovelazquez@example.net,M,1976-07-06,Dominican Republic,La Romana,Civil Engineer,20,Student,Active,2025-02-23 09:10:56,2025-04-20 09:10:56
880,1346,Eladio Herrera,juan66@example.org,M,2004-08-05,Dominican Republic,Punta Cana,Lawyer,162,Individual,Active,2023-02-06 03:53:11,2023-04-08 03:53:11
881,1349,Felipe Estévez,diezevaristo@example.com,M,1981-09-08,Dominican Republic,Puerto Plata,Project Manager,126,Honorary,Active,2025-05-17 13:39:44,2025-06-28 13:39:44
882,1353,Bibiana Villanueva,abarreda@example.net,F,1976-01-15,Dominican Republic,La Romana,Business Consultant,282,Student,Active,2022-06-15 02:35:34,2022-08-09 02:35:34
883,1354,Ainoa Villalonga,tteruel@example.com,M,1994-07-17,Dominican Republic,San Pedro de Macorís,Business Consultant,224,Student,Active,2022-08-14 16:56:21,2022-09-23 16:56:21
884,1355,Gustavo Bernad,crescenciapalma@example.com,F,2007-03-13,Dominican Republic,Punta Cana,Lawyer,288,Student,Active,2021-08-24 19:10:13,2021-10-17 19:10:13
885,1356,Nidia Llano,tcepeda@example.com,F,2002-06-30,Dominican Republic,San Pedro de Macorís,Civil Engineer,202,Honorary,Active,2023-10-08 23:24:22,2023-11-25 23:24:22
886,1358,Balduino Frías,jenaro75@example.org,M,1990-02-28,Dominican Republic,La Romana,Business Consultant,224,Student,Active,2024-06-21 14:17:08,2024-07-31 14:17:08
887,1361,Jordana Guerrero,selena45@example.com,F,1977-02-17,Dominican Republic,San Francisco de Macorís,Marketing Specialist,139,Individual,Active,2021-10-19 03:35:40,2021-12-21 03:35:40
888,1363,Manola Coello,ramonabenitez@example.org,F,1980-04-16,Dominican Republic,Santiago,Civil Engineer,97,Student,Active,2023-03-06 19:39:28,2023-04-06 19:39:28
889,1364,Fabio Salvà,maria-luisa89@example.net,M,2000-05-26,Dominican Republic,La Romana,Software Engineer,281,Honorary,Active,2025-09-16 18:06:14,2025-11-07 18:06:14
890,1367,Bárbara Pino,orianabeltran@example.com,F,1987-07-24,Dominican Republic,Punta Cana,Marketing Specialist,169,Honorary,Active,2021-08-21 16:16:41,2021-10-18 16:16:41
891,1368,Fátima Barrera,pombojose-manuel@example.org,M,1984-03-15,Dominican Republic,Puerto Plata,Accountant,257,Corporate,Active,2024-04-30 11:58:45,2024-05-19 11:58:45
892,1370,Anita Coca,etelvina35@example.org,M,2005-07-04,Dominican Republic,Puerto Plata,Data Analyst,30,Honorary,Active,2024-02-17 21:33:46,2024-03-31 21:33:46
893,1371,Albano Araujo,villabruno@example.net,F,2005-03-21,Dominican Republic,Punta Cana,Civil Engineer,131,Honorary,Active,2024-11-25 20:46:16,2025-01-10 20:46:16
894,1372,Valero Sánchez,aroa16@example.com,F,1981-05-22,Dominican Republic,San Pedro de Macorís,Financial Analyst,87,Honorary,Active,2023-11-26 20:27:48,2023-12-26 20:27:48
895,1373,José Manuel Izquierdo,juan-carlos46@example.org,F,2003-08-18,Dominican Republic,Santo Domingo,Lawyer,298,Individual,Active,2026-01-20 12:46:27,2026-03-07 12:46:27
896,1374,Humberto Pardo,talaveraelisa@example.net,F,1982-12-05,Dominican Republic,Puerto Plata,Accountant,240,Honorary,Active,2025-05-12 15:06:40,2025-06-18 15:06:40
897,1375,Julie Campo,montesjose-angel@example.net,F,1995-10-19,Dominican Republic,San Francisco de Macorís,Accountant,92,Student,Active,2022-07-31 15:57:18,2022-08-22 15:57:18
898,1377,Delia Álamo,soniabarrera@example.com,M,1986-03-25,Dominican Republic,San Pedro de Macorís,Architect,135,Honorary,Active,2025-08-16 15:30:39,2025-10-17 15:30:39
899,1378,Cristina Cañas,rcalvo@example.com,F,1998-09-13,Dominican Republic,Punta Cana,Business Consultant,68,Student,Active,2022-09-13 18:35:37,2022-11-10 18:35:37
900,1379,José Luis Peñas,angelinoborras@example.net,F,1995-11-19,Dominican Republic,Puerto Plata,Financial Analyst,63,Individual,Active,2026-02-16 14:14:32,2026-04-19 14:14:32
901,1380,Mariana Piquer,gabino42@example.org,F,2003-10-29,Dominican Republic,San Francisco de Macorís,Business Consultant,109,Student,Active,2026-04-08 05:39:41,2026-05-25 05:39:41
902,1381,Florencia Gonzalo,hcanovas@example.org,M,1983-08-21,Dominican Republic,La Romana,Lawyer,233,Corporate,Active,2026-05-13 05:43:25,2026-07-23 05:43:25
903,1382,Mónica Calderón,danielvalero@example.org,F,1988-11-11,Dominican Republic,Punta Cana,Accountant,36,Student,Active,2022-11-13 15:02:11,2023-01-20 15:02:11
904,1384,Ámbar Garay,estebancarrion@example.org,F,2003-04-20,Dominican Republic,Puerto Plata,Project Manager,267,Individual,Active,2022-07-11 21:43:45,2022-09-13 21:43:45
905,1385,Albino Esteve,gabinoabril@example.org,F,1977-09-03,Dominican Republic,San Francisco de Macorís,Data Analyst,258,Individual,Active,2025-12-21 08:20:24,2026-02-20 08:20:24
906,1387,Apolonia Terrón,acarro@example.net,F,1978-05-17,Dominican Republic,Punta Cana,Accountant,63,Student,Active,2024-01-17 11:33:32,2024-02-23 11:33:32
907,1390,Miriam Tolosa,tadeo82@example.org,M,1986-03-29,Dominican Republic,San Pedro de Macorís,Financial Analyst,251,Corporate,Active,2024-02-29 12:54:35,2024-05-09 12:54:35
908,1391,Sebastian Molina,aranaabraham@example.org,M,2000-06-24,Dominican Republic,San Pedro de Macorís,Project Manager,108,Student,Active,2021-09-03 23:52:24,2021-10-03 23:52:24
909,1392,Zacarías Quintero,abrahampelayo@example.com,F,2007-08-18,Dominican Republic,Santiago,Lawyer,86,Individual,Active,2024-05-01 23:13:25,2024-07-01 23:13:25
910,1393,Manuelita Pinilla,vbenavente@example.org,M,2006-04-02,Dominican Republic,San Francisco de Macorís,Project Manager,10,Corporate,Active,2021-12-03 15:21:24,2021-12-29 15:21:24
911,1395,Verónica Pozo,marcelino11@example.net,M,2004-02-19,Dominican Republic,Santo Domingo,Lawyer,163,Corporate,Active,2023-06-11 21:33:18,2023-08-06 21:33:18
912,1397,María Pilar Soria,yanezencarnacion@example.org,M,1988-01-10,Dominican Republic,Puerto Plata,Project Manager,131,Individual,Active,2026-04-23 14:49:05,2026-06-09 14:49:05
913,1398,Martirio Ferreras,jrivas@example.org,F,1985-07-16,Dominican Republic,Puerto Plata,Architect,279,Honorary,Active,2026-03-30 13:55:28,2026-05-30 13:55:28
914,1399,Epifanio Pina,ycuervo@example.net,F,1991-02-24,Dominican Republic,San Francisco de Macorís,Marketing Specialist,100,Student,Active,2021-08-30 09:53:04,2021-10-24 09:53:04
915,1400,Belén Guillén,ovina@example.net,F,1979-07-22,Dominican Republic,Punta Cana,Project Manager,182,Student,Active,2025-07-20 10:08:10,2025-08-31 10:08:10
916,1402,Geraldo Parejo,kberenguer@example.com,F,2006-01-15,Dominican Republic,Santiago,Software Engineer,80,Corporate,Active,2024-09-26 22:49:05,2024-11-14 22:49:05
917,1404,Wálter Yuste,ricardoalcolea@example.com,F,1978-03-16,Dominican Republic,Santiago,Architect,221,Corporate,Active,2026-03-28 12:19:59,2026-04-10 12:19:59
918,1408,Clemente Coca,cirino99@example.com,M,2007-07-06,Dominican Republic,Puerto Plata,Lawyer,122,Corporate,Active,2022-09-14 12:31:30,2022-10-28 12:31:30
919,1410,Nicanor Vila,sanchobalduino@example.net,F,2005-07-11,Dominican Republic,La Romana,Marketing Specialist,30,Student,Active,2023-10-12 17:44:56,2023-12-22 17:44:56
920,1411,Lorena Pazos,yesica21@example.net,F,1987-04-28,Dominican Republic,San Francisco de Macorís,Marketing Specialist,191,Corporate,Active,2024-01-11 19:36:33,2024-03-16 19:36:33
921,1412,Ramón Torre,montanatrinidad@example.net,F,1979-10-31,Dominican Republic,Puerto Plata,Project Manager,296,Corporate,Active,2021-07-22 10:47:52,2021-09-02 10:47:52
922,1413,Ramona Cid,rafaelapedraza@example.com,M,2003-10-15,Dominican Republic,Punta Cana,Lawyer,129,Corporate,Active,2021-07-13 16:07:49,2021-09-04 16:07:49
923,1414,Leocadia Alemán,barrosoevelia@example.com,M,1982-12-31,Dominican Republic,Santiago,Marketing Specialist,152,Student,Active,2024-06-10 13:43:15,2024-07-26 13:43:15
924,1415,Sebastián Llopis,segoviafrancisco-javier@example.org,F,2003-09-05,Dominican Republic,Santo Domingo,Software Engineer,70,Student,Active,2022-09-09 01:24:49,2022-10-02 01:24:49
925,1416,León Soriano,anitacanovas@example.net,M,1996-04-26,Dominican Republic,Punta Cana,Business Consultant,16,Honorary,Active,2024-04-27 20:22:40,2024-06-02 20:22:40
926,1417,Susana Losada,barraganchuy@example.com,M,1993-03-24,Dominican Republic,San Francisco de Macorís,Software Engineer,238,Corporate,Active,2025-12-04 20:17:37,2026-02-03 20:17:37
927,1419,Camilo Porras,adolfo71@example.org,F,2002-04-13,Dominican Republic,Punta Cana,Financial Analyst,162,Honorary,Active,2024-07-09 08:16:51,2024-08-19 08:16:51
928,1420,Chita Barral,carmonaconsuelo@example.com,F,1975-07-25,Dominican Republic,La Romana,Accountant,44,Honorary,Active,2023-01-17 12:15:08,2023-02-16 12:15:08
929,1421,Rafaela Silva,boixmaxi@example.org,F,1990-01-26,Dominican Republic,Santiago,Accountant,117,Student,Active,2022-03-21 17:45:27,2022-06-02 17:45:27
930,1427,Rosaura Revilla,eleuterio94@example.com,F,2008-01-28,Dominican Republic,Punta Cana,Lawyer,26,Student,Active,2025-07-19 14:40:21,2025-09-08 14:40:21
931,1429,Ainoa Francisco,obdulia81@example.org,M,2006-03-17,Dominican Republic,Santiago,Accountant,39,Student,Active,2022-02-18 05:05:55,2022-03-18 05:05:55
932,1432,Urbano Jaén,nicolascordero@example.com,M,1993-07-23,Dominican Republic,Santiago,Project Manager,65,Corporate,Active,2022-01-17 08:58:14,2022-03-14 08:58:14
933,1434,Dionisia Gilabert,tatiana48@example.net,F,1982-03-04,Dominican Republic,Puerto Plata,Marketing Specialist,124,Student,Active,2026-03-09 10:58:56,2026-05-22 10:58:56
934,1435,Marcio Elorza,nereida36@example.net,M,2008-07-01,Dominican Republic,San Pedro de Macorís,Business Consultant,177,Corporate,Active,2024-01-25 01:45:55,2024-02-15 01:45:55
935,1436,Santiago Cervera,muronicanor@example.org,M,1990-09-08,Dominican Republic,La Romana,Civil Engineer,133,Individual,Active,2025-04-23 23:29:55,2025-06-17 23:29:55
936,1437,Áurea Lloret,pozueloplacido@example.com,F,1996-08-14,Dominican Republic,San Pedro de Macorís,Accountant,279,Honorary,Active,2024-05-21 01:01:22,2024-07-28 01:01:22
937,1439,Dorotea Aragón,valeria51@example.org,M,1992-04-25,Dominican Republic,Santo Domingo,Project Manager,169,Honorary,Active,2024-02-29 23:35:37,2024-04-05 23:35:37
938,1440,Lupe Amorós,guillencornelio@example.org,F,1978-12-08,Dominican Republic,Santo Domingo,Business Consultant,133,Individual,Active,2025-06-20 00:58:59,2025-08-09 00:58:59
939,1442,Nando Marquez,dporcel@example.net,M,1999-06-09,Dominican Republic,Santo Domingo,Civil Engineer,91,Individual,Active,2023-01-14 20:40:27,2023-03-13 20:40:27
940,1443,Florentino Alvarez,opelaez@example.com,F,2003-05-07,Dominican Republic,Santo Domingo,Project Manager,137,Student,Active,2023-10-24 06:47:32,2024-01-02 06:47:32
941,1444,Jovita Blanco,aaronblanch@example.net,M,1980-02-17,Dominican Republic,Puerto Plata,Financial Analyst,17,Corporate,Active,2023-01-30 16:27:24,2023-03-09 16:27:24
942,1445,Urbano Mir,salome00@example.org,M,2004-10-14,Dominican Republic,Puerto Plata,Business Consultant,24,Student,Active,2025-01-31 04:07:35,2025-03-08 04:07:35
943,1447,Victoria Oliver,valerio95@example.org,M,1990-06-08,Dominican Republic,La Romana,Data Analyst,152,Corporate,Active,2023-12-08 05:46:34,2024-01-18 05:46:34
944,1448,Armando Ugarte,salazarjulie@example.org,M,2004-04-06,Dominican Republic,Santo Domingo,Financial Analyst,30,Corporate,Active,2022-08-18 16:36:18,2022-10-01 16:36:18
945,1449,Abigaíl Ayala,leandra95@example.net,F,1976-06-25,Dominican Republic,Santiago,Financial Analyst,270,Individual,Active,2023-06-29 22:20:42,2023-08-12 22:20:42
946,1450,Griselda Bastida,agustiruben@example.com,M,2008-02-08,Dominican Republic,Puerto Plata,Lawyer,296,Honorary,Active,2023-05-16 07:00:11,2023-07-19 07:00:11
947,1451,Marco Albero,jennycarrasco@example.org,F,1984-12-19,Dominican Republic,Santiago,Software Engineer,275,Corporate,Active,2024-06-29 07:59:49,2024-08-13 07:59:49
948,1452,Edmundo Angulo,tiburcioarroyo@example.net,F,1996-05-03,Dominican Republic,Puerto Plata,Project Manager,223,Individual,Active,2023-12-13 11:55:37,2024-01-07 11:55:37
949,1454,Silvia Dávila,osvaldo35@example.net,M,1994-10-28,Dominican Republic,Punta Cana,Accountant,135,Honorary,Active,2024-06-05 06:41:49,2024-08-05 06:41:49
950,1455,Eugenio Arroyo,roman10@example.org,M,1989-05-24,Dominican Republic,Punta Cana,Software Engineer,157,Student,Active,2025-09-03 04:56:53,2025-10-27 04:56:53
951,1456,Clotilde Alberto,pugaconcepcion@example.com,F,2007-08-12,Dominican Republic,San Francisco de Macorís,Lawyer,11,Corporate,Active,2026-03-10 12:00:12,2026-05-08 12:00:12
952,1457,Benigno Beltrán,esaavedra@example.com,F,1977-01-10,Dominican Republic,Puerto Plata,Accountant,240,Corporate,Active,2023-08-03 05:16:15,2023-10-05 05:16:15
953,1460,Amor Sedano,vcrespo@example.com,M,1975-10-21,Dominican Republic,Puerto Plata,Software Engineer,12,Corporate,Active,2023-05-21 16:19:48,2023-07-01 16:19:48
954,1462,José Mari Castillo,sespejo@example.org,M,1991-02-27,Dominican Republic,Puerto Plata,Accountant,7,Corporate,Active,2026-02-06 15:01:43,2026-03-31 15:01:43
955,1464,Isidoro Giralt,natalio11@example.org,F,2000-08-11,Dominican Republic,La Romana,Civil Engineer,41,Individual,Active,2021-10-20 17:49:45,2021-12-04 17:49:45
956,1465,Concha Ariño,wartigas@example.org,M,1975-09-20,Dominican Republic,Santiago,Architect,221,Student,Active,2026-02-18 08:30:32,2026-04-13 08:30:32
957,1468,Lope Nadal,wmuniz@example.net,F,1994-06-18,Dominican Republic,Santiago,Accountant,241,Student,Active,2026-02-24 14:52:16,2026-03-31 14:52:16
958,1469,Virgilio Morales,chuchodonoso@example.net,F,2000-08-08,Dominican Republic,La Romana,Accountant,106,Student,Active,2025-02-18 05:52:16,2025-04-09 05:52:16
959,1470,Mateo Diez,oartigas@example.org,F,1989-10-15,Dominican Republic,Santiago,Marketing Specialist,115,Honorary,Active,2023-01-21 04:17:26,2023-03-09 04:17:26
960,1473,Abel Salgado,bounicolasa@example.com,F,2004-03-04,Dominican Republic,San Pedro de Macorís,Data Analyst,193,Corporate,Active,2022-11-29 02:50:27,2022-12-28 02:50:27
961,1474,Jaime Aguado,gonzalorosado@example.net,F,2008-02-08,Dominican Republic,Punta Cana,Architect,8,Individual,Active,2022-12-18 05:06:31,2023-01-14 05:06:31
962,1475,Conrado Donoso,osoriovictoria@example.net,F,2002-04-06,Dominican Republic,Punta Cana,Business Consultant,194,Honorary,Active,2022-08-04 06:27:29,2022-09-22 06:27:29
963,1476,Azahara Torrijos,pazclarisa@example.org,F,1990-04-15,Dominican Republic,San Pedro de Macorís,Civil Engineer,175,Individual,Active,2022-06-09 02:32:38,2022-07-11 02:32:38
964,1477,María Teresa Caparrós,igalan@example.com,F,1986-11-01,Dominican Republic,La Romana,Lawyer,202,Student,Active,2026-03-19 00:18:59,2026-04-28 00:18:59
965,1478,Carmelita Bilbao,cloe77@example.org,M,1999-06-25,Dominican Republic,Puerto Plata,Marketing Specialist,41,Student,Active,2022-05-02 03:22:57,2022-06-19 03:22:57
966,1480,Alejandra Garzón,perezemelina@example.org,M,1992-10-30,Dominican Republic,Punta Cana,Project Manager,61,Corporate,Active,2025-08-11 12:33:11,2025-09-27 12:33:11
967,1481,Trini Duque,natanael40@example.net,F,1978-10-17,Dominican Republic,San Francisco de Macorís,Financial Analyst,45,Honorary,Active,2025-11-26 03:46:10,2026-02-01 03:46:10
968,1482,Emiliano Diéguez,acamara@example.org,F,1981-07-28,Dominican Republic,Santo Domingo,Financial Analyst,32,Corporate,Active,2026-03-22 00:01:50,2026-05-23 00:01:50
969,1483,Ignacio Mariño,eufemiagranados@example.org,M,1998-01-26,Dominican Republic,Punta Cana,Lawyer,152,Corporate,Active,2022-11-08 13:32:51,2022-12-13 13:32:51
970,1486,Juanita Agustín,magdalenaalberto@example.org,M,1976-10-03,Dominican Republic,La Romana,Accountant,237,Individual,Active,2023-04-20 06:34:50,2023-06-08 06:34:50
971,1489,Ariel Castrillo,riosnico@example.org,F,1989-05-19,Dominican Republic,Puerto Plata,Civil Engineer,117,Honorary,Active,2023-09-08 23:21:38,2023-10-03 23:21:38
972,1490,Ruy Figueras,barceloomar@example.net,M,2002-07-06,Dominican Republic,San Francisco de Macorís,Accountant,60,Honorary,Active,2023-06-30 13:58:00,2023-08-13 13:58:00
973,1491,Patricia Sacristán,wsegura@example.com,M,2006-04-04,Dominican Republic,Santiago,Marketing Specialist,278,Student,Active,2022-05-07 14:25:33,2022-06-23 14:25:33
974,1492,Emiliana Gomez,maria-jesusbelda@example.net,M,1976-04-22,Dominican Republic,Santiago,Business Consultant,203,Corporate,Active,2022-11-28 11:39:54,2023-01-16 11:39:54
975,1493,Elba Borrás,ebenavent@example.com,F,1988-05-24,Dominican Republic,Santiago,Project Manager,90,Corporate,Active,2021-11-17 11:34:26,2021-12-19 11:34:26
976,1494,Rosalinda Cuenca,dimasandres@example.com,F,1983-12-19,Dominican Republic,Santo Domingo,Software Engineer,96,Corporate,Active,2026-02-18 23:18:07,2026-03-17 23:18:07
977,1495,Otilia Llorente,pomboruben@example.org,M,1980-08-29,Dominican Republic,Puerto Plata,Civil Engineer,109,Student,Active,2026-05-11 14:38:42,2026-06-14 14:38:42
978,1497,Quique Ramis,prudencia66@example.com,F,2007-12-28,Dominican Republic,Puerto Plata,Software Engineer,3,Individual,Active,2021-11-16 13:24:33,2022-01-24 13:24:33
979,1498,Rodolfo Guillen,fcoronado@example.net,F,1992-12-14,Dominican Republic,La Romana,Project Manager,188,Student,Active,2024-11-17 17:12:48,2025-01-01 17:12:48
980,1499,Porfirio Pardo,mateocandida@example.com,F,2002-01-10,Dominican Republic,Santiago,Data Analyst,93,Student,Active,2023-09-12 22:03:48,2023-11-04 22:03:48
981,1500,Marcelo Arce,zrosado@example.org,M,1998-10-31,Dominican Republic,Santiago,Software Engineer,298,Individual,Active,2024-02-19 17:14:57,2024-04-06 17:14:57
982,1502,Flor Peñas,wilfredofalco@example.org,M,2004-05-01,Dominican Republic,Santiago,Civil Engineer,181,Corporate,Active,2022-12-20 08:55:03,2023-01-24 08:55:03
983,1503,Rogelio Cañizares,fcarpio@example.com,M,2008-06-27,Dominican Republic,San Francisco de Macorís,Data Analyst,274,Student,Active,2022-10-12 18:07:19,2022-10-31 18:07:19
984,1504,José Mari Gascón,vcervantes@example.com,M,2007-07-17,Dominican Republic,La Romana,Project Manager,138,Corporate,Active,2026-04-02 04:52:13,2026-05-05 04:52:13
985,1506,Fanny Ariza,vcabanas@example.net,F,2007-03-08,Dominican Republic,San Pedro de Macorís,Business Consultant,264,Corporate,Active,2024-12-30 17:45:32,2025-03-10 17:45:32
986,1507,Eusebio Heredia,vilma19@example.net,F,1998-10-04,Dominican Republic,Puerto Plata,Architect,196,Honorary,Active,2024-10-06 22:17:57,2024-11-11 22:17:57
987,1509,Lola Lucena,xestevez@example.net,F,1977-06-27,Dominican Republic,Santo Domingo,Software Engineer,132,Individual,Active,2024-08-19 11:23:43,2024-10-02 11:23:43
988,1513,Melania Portero,angelina57@example.com,M,1995-06-30,Dominican Republic,San Francisco de Macorís,Civil Engineer,225,Student,Active,2023-10-24 21:50:53,2023-12-09 21:50:53
989,1514,Lorenza Narváez,poncioheredia@example.com,M,1988-02-22,Dominican Republic,Santo Domingo,Lawyer,220,Student,Active,2026-05-01 18:10:01,2026-06-22 18:10:01
990,1517,Olegario Machado,alfredo80@example.net,M,1986-10-29,Dominican Republic,Punta Cana,Civil Engineer,189,Student,Active,2024-02-20 06:39:57,2024-03-09 06:39:57
991,1519,Coral Piquer,cmatas@example.org,F,1979-05-15,Dominican Republic,Santiago,Civil Engineer,41,Corporate,Active,2023-07-27 16:10:41,2023-09-28 16:10:41
992,1520,Albert Santana,elias35@example.net,F,1995-07-21,Dominican Republic,Santo Domingo,Software Engineer,273,Individual,Active,2022-07-17 03:46:45,2022-08-13 03:46:45
993,1522,Florina Ferrán,monicacriado@example.com,M,2003-04-25,Dominican Republic,Santiago,Business Consultant,254,Honorary,Active,2022-07-09 22:49:26,2022-08-04 22:49:26
994,1526,Victoriano Bru,maximino23@example.com,F,2003-04-13,Dominican Republic,San Francisco de Macorís,Civil Engineer,40,Honorary,Active,2023-11-28 10:11:39,2024-02-17 10:11:39
995,1527,Mamen Echeverría,zvega@example.com,F,1984-05-14,Dominican Republic,Puerto Plata,Architect,290,Student,Active,2023-10-21 04:58:31,2023-12-03 04:58:31
996,1529,Ruth Amaya,vnoguera@example.org,F,1983-02-06,Dominican Republic,Santiago,Software Engineer,164,Corporate,Active,2025-04-25 03:32:26,2025-05-18 03:32:26
997,1531,Santos Fabra,adelinaacero@example.org,M,1985-01-04,Dominican Republic,San Pedro de Macorís,Project Manager,212,Individual,Active,2022-01-21 22:34:32,2022-03-04 22:34:32
998,1532,Flavia Artigas,ofelia27@example.net,M,1977-09-01,Dominican Republic,Punta Cana,Project Manager,241,Corporate,Active,2021-09-27 20:54:07,2021-12-01 20:54:07
999,1533,Áurea Pedrero,florencia80@example.org,M,1976-05-22,Dominican Republic,Puerto Plata,Lawyer,84,Individual,Active,2022-10-28 16:16:13,2022-12-10 16:16:13
1000,1535,Gloria Ferrero,roigamando@example.net,F,1985-10-10,Dominican Republic,Puerto Plata,Architect,228,Corporate,Active,2023-06-17 20:15:06,2023-07-13 20:15:06
1001,1537,Ana Belén Córdoba,fioldomingo@example.org,F,1988-05-23,Dominican Republic,San Pedro de Macorís,Lawyer,22,Honorary,Active,2024-06-22 01:01:20,2024-07-27 01:01:20
1002,1538,Pascual Correa,uecheverria@example.org,M,1995-12-23,Dominican Republic,Puerto Plata,Accountant,55,Corporate,Active,2023-02-12 21:04:20,2023-03-23 21:04:20
1003,1539,Coral Tormo,omarcastell@example.net,M,1988-03-28,Dominican Republic,San Francisco de Macorís,Project Manager,106,Corporate,Active,2024-07-11 21:10:20,2024-09-08 21:10:20
1004,1540,Pastora Garcés,eusebiodominguez@example.org,F,1997-04-20,Dominican Republic,San Francisco de Macorís,Marketing Specialist,277,Individual,Active,2025-04-18 21:14:40,2025-06-01 21:14:40
1005,1541,Javi Falcón,abelmadrigal@example.com,M,2004-07-19,Dominican Republic,Punta Cana,Software Engineer,31,Corporate,Active,2025-07-24 03:50:16,2025-09-21 03:50:16
1006,1543,Anunciación Olmo,soriaregulo@example.org,F,2006-05-27,Dominican Republic,Santo Domingo,Lawyer,196,Honorary,Active,2021-12-12 13:56:09,2022-01-11 13:56:09
1007,1544,Carmen Segovia,vidalglauco@example.com,M,1996-03-09,Dominican Republic,La Romana,Lawyer,267,Student,Active,2025-10-07 04:48:01,2025-11-15 04:48:01
1008,1548,Bibiana Jordá,mtejera@example.com,M,1990-08-03,Dominican Republic,La Romana,Lawyer,268,Individual,Active,2023-10-07 12:36:46,2023-11-17 12:36:46
1009,1549,Eleuterio Codina,inocenciocorominas@example.org,M,2007-12-06,Dominican Republic,Santiago,Accountant,235,Individual,Active,2022-11-26 21:23:25,2023-02-01 21:23:25
1010,1552,Sandalio Barceló,nespana@example.com,F,1982-09-17,Dominican Republic,San Pedro de Macorís,Marketing Specialist,134,Student,Active,2024-09-09 23:23:49,2024-10-05 23:23:49
1011,1553,Gabriela Avilés,oherrera@example.net,F,1991-10-27,Dominican Republic,San Francisco de Macorís,Project Manager,117,Corporate,Active,2023-08-12 13:25:42,2023-09-18 13:25:42
1012,1554,Bonifacio Carbó,llabresregulo@example.net,F,2002-07-05,Dominican Republic,Puerto Plata,Software Engineer,30,Corporate,Active,2025-09-18 09:05:26,2025-10-25 09:05:26
1013,1555,Leoncio Calvo,adolfotorralba@example.net,F,1986-04-03,Dominican Republic,San Francisco de Macorís,Business Consultant,266,Individual,Active,2023-06-25 07:39:26,2023-08-14 07:39:26
1014,1557,Isidro Pol,salvadorbarcelo@example.net,M,2002-03-22,Dominican Republic,Puerto Plata,Financial Analyst,126,Student,Active,2023-12-21 14:43:23,2024-01-17 14:43:23
1015,1559,Bernardino Mir,morena70@example.com,M,1986-05-13,Dominican Republic,Punta Cana,Software Engineer,92,Student,Active,2023-09-02 15:21:07,2023-11-04 15:21:07
1016,1560,Cloe Belmonte,eugeniabautista@example.com,M,1978-06-21,Dominican Republic,San Francisco de Macorís,Lawyer,255,Student,Active,2025-03-04 14:27:45,2025-04-17 14:27:45
1017,1561,Lola Leal,berenguerclarisa@example.net,M,1987-03-04,Dominican Republic,La Romana,Financial Analyst,220,Honorary,Active,2024-05-03 14:19:17,2024-06-09 14:19:17
1018,1563,Domitila Montesinos,wvaldes@example.org,M,1977-07-30,Dominican Republic,Santo Domingo,Financial Analyst,0,Corporate,Active,2025-08-03 23:14:53,2025-09-26 23:14:53
1019,1564,Nieves Abascal,alejandroizaguirre@example.org,M,1990-04-25,Dominican Republic,Punta Cana,Marketing Specialist,36,Student,Active,2022-11-17 06:58:31,2023-01-02 06:58:31
1020,1568,Ainoa Garriga,cozarteodosio@example.com,F,2005-12-02,Dominican Republic,Puerto Plata,Accountant,209,Corporate,Active,2025-08-24 19:45:26,2025-10-19 19:45:26
1021,1570,Édgar Nicolau,wrivera@example.org,M,2004-02-18,Dominican Republic,San Pedro de Macorís,Data Analyst,32,Student,Active,2023-04-20 17:33:31,2023-05-20 17:33:31
1022,1571,Evangelina Mendizábal,davidbravo@example.net,F,2001-09-22,Dominican Republic,La Romana,Lawyer,245,Individual,Active,2024-10-13 00:49:07,2024-12-14 00:49:07
1023,1572,Nando Mendizábal,americovila@example.net,F,2000-03-13,Dominican Republic,Santo Domingo,Lawyer,34,Individual,Active,2024-05-18 21:23:45,2024-07-04 21:23:45
1024,1573,Germán Guijarro,cocaartemio@example.org,F,1979-08-25,Dominican Republic,Puerto Plata,Software Engineer,215,Corporate,Active,2022-02-13 15:28:33,2022-04-08 15:28:33
1025,1574,Pastor Alvarez,amalia64@example.com,M,1994-09-08,Dominican Republic,Puerto Plata,Software Engineer,266,Honorary,Active,2025-05-30 12:29:07,2025-08-06 12:29:07
1026,1576,Sosimo Simó,tmedina@example.net,M,1998-03-03,Dominican Republic,Santo Domingo,Business Consultant,188,Individual,Active,2025-03-26 18:48:46,2025-05-09 18:48:46
1027,1577,Anabel Quero,constanza79@example.com,F,2006-12-12,Dominican Republic,San Pedro de Macorís,Architect,258,Individual,Active,2024-03-01 02:17:30,2024-03-25 02:17:30
1028,1578,Sonia Borrell,yfortuny@example.com,F,1990-01-16,Dominican Republic,Puerto Plata,Financial Analyst,164,Honorary,Active,2021-10-26 10:01:02,2021-11-23 10:01:02
1029,1579,José Ángel Muro,alvaradosantos@example.org,M,1987-07-16,Dominican Republic,Punta Cana,Business Consultant,156,Individual,Active,2024-03-17 07:54:49,2024-04-19 07:54:49
1030,1580,Jovita Giménez,cflor@example.net,F,2000-09-04,Dominican Republic,Punta Cana,Project Manager,278,Individual,Active,2024-10-25 02:51:16,2024-12-18 02:51:16
1031,1581,Lalo Roldan,abrilsainz@example.org,F,1979-04-08,Dominican Republic,San Francisco de Macorís,Architect,100,Individual,Active,2026-05-05 05:18:20,2026-05-27 05:18:20
1032,1583,Augusto Peláez,laguilo@example.com,F,1987-06-06,Dominican Republic,San Pedro de Macorís,Architect,108,Individual,Active,2022-06-20 14:52:49,2022-08-27 14:52:49
1033,1585,Marcelino Guitart,mirallesencarna@example.com,F,2006-09-13,Dominican Republic,Punta Cana,Project Manager,191,Individual,Active,2025-12-29 02:39:26,2026-03-02 02:39:26
1034,1587,Jose Miguel Martín,marisa44@example.net,M,1983-01-23,Dominican Republic,Puerto Plata,Data Analyst,216,Honorary,Active,2024-02-23 12:22:01,2024-03-28 12:22:01
1035,1589,Íngrid Hidalgo,perlajordan@example.com,F,1995-03-17,Dominican Republic,San Francisco de Macorís,Data Analyst,201,Individual,Active,2025-05-14 08:25:00,2025-07-14 08:25:00
1036,1590,Lucas Gonzalo,saturnina64@example.org,M,1993-06-02,Dominican Republic,Punta Cana,Accountant,139,Individual,Active,2026-04-22 13:25:16,2026-06-24 13:25:16
1037,1591,Francisco Javier Coll,asdrubalmoya@example.net,M,1989-10-28,Dominican Republic,San Pedro de Macorís,Architect,95,Corporate,Active,2022-08-16 02:36:32,2022-09-22 02:36:32
1038,1592,Elodia Tapia,coralyuste@example.net,F,2004-09-22,Dominican Republic,Puerto Plata,Architect,157,Individual,Active,2023-10-29 03:04:31,2023-12-03 03:04:31
1039,1594,Benjamín Duran,tejeromaria@example.org,F,1991-10-28,Dominican Republic,Punta Cana,Lawyer,79,Individual,Active,2024-04-23 21:19:01,2024-06-09 21:19:01
1040,1595,Marcial Villena,guadalupe46@example.com,F,1986-12-26,Dominican Republic,San Francisco de Macorís,Project Manager,230,Corporate,Active,2025-07-20 20:30:58,2025-08-06 20:30:58
1041,1598,Claudia Ballester,cidteofila@example.net,F,2005-04-15,Dominican Republic,La Romana,Project Manager,197,Student,Active,2024-07-22 19:50:14,2024-10-06 19:50:14
1042,1599,Custodio Cerezo,friasmacarena@example.com,F,1986-11-14,Dominican Republic,Punta Cana,Software Engineer,24,Individual,Active,2024-11-16 23:45:31,2024-12-23 23:45:31
1043,1601,Abilio Ros,gilbruno@example.com,F,1999-07-18,Dominican Republic,Puerto Plata,Business Consultant,116,Corporate,Active,2024-08-06 12:08:15,2024-09-28 12:08:15
1044,1602,Carmina Martín,juan-antoniomoran@example.com,M,1988-09-22,Dominican Republic,La Romana,Marketing Specialist,23,Individual,Active,2023-05-31 23:57:58,2023-07-05 23:57:58
1045,1603,Cesar Belmonte,candelapelaez@example.org,F,2005-08-22,Dominican Republic,Puerto Plata,Lawyer,4,Individual,Active,2023-04-10 11:23:45,2023-04-22 11:23:45
1046,1604,Manu Español,patriciaramon@example.org,F,2007-04-08,Dominican Republic,Santiago,Architect,155,Individual,Active,2022-09-08 04:29:35,2022-10-20 04:29:35
1047,1605,Anastasio Ibarra,martinsebastian@example.com,F,1981-10-04,Dominican Republic,San Francisco de Macorís,Marketing Specialist,252,Individual,Active,2023-10-15 04:36:19,2023-11-13 04:36:19
1048,1606,Santos Galiano,alfonsomarcial@example.org,M,1998-02-05,Dominican Republic,Santo Domingo,Accountant,54,Student,Active,2025-05-13 22:51:39,2025-06-13 22:51:39
1049,1607,Lidia Ricart,canaya@example.net,M,2002-06-17,Dominican Republic,Punta Cana,Data Analyst,160,Corporate,Active,2024-03-14 09:39:41,2024-04-29 09:39:41
1050,1609,Flor Torrens,emacias@example.com,F,1984-06-29,Dominican Republic,La Romana,Data Analyst,60,Student,Active,2023-02-18 14:01:12,2023-04-09 14:01:12
1051,1613,Heliodoro Font,auroracoronado@example.net,M,2002-07-08,Dominican Republic,San Francisco de Macorís,Civil Engineer,200,Student,Active,2023-07-09 18:58:44,2023-08-01 18:58:44
1052,1614,Agapito Cerezo,canizaresnatalio@example.com,M,1995-01-17,Dominican Republic,La Romana,Lawyer,98,Student,Active,2022-06-13 10:16:26,2022-07-30 10:16:26
1053,1615,Ildefonso Fuente,grasalfredo@example.org,F,1982-03-29,Dominican Republic,Puerto Plata,Marketing Specialist,90,Honorary,Active,2023-09-09 12:16:40,2023-10-06 12:16:40
1054,1616,Sebastian Solís,ubauza@example.net,F,1979-09-16,Dominican Republic,San Pedro de Macorís,Software Engineer,224,Honorary,Active,2025-03-03 12:54:10,2025-04-03 12:54:10
1055,1617,Miguela Sastre,olalla07@example.com,M,1980-05-11,Dominican Republic,San Pedro de Macorís,Data Analyst,117,Student,Active,2025-08-07 18:47:43,2025-09-27 18:47:43
1056,1619,Humberto Barba,duranvisitacion@example.org,M,2000-07-11,Dominican Republic,Puerto Plata,Marketing Specialist,16,Corporate,Active,2026-04-06 07:32:46,2026-06-21 07:32:46
1057,1620,María Luisa Jordán,pdonaire@example.org,F,1982-11-27,Dominican Republic,San Francisco de Macorís,Marketing Specialist,281,Individual,Active,2023-11-01 23:52:20,2024-01-08 23:52:20
1058,1621,Lilia Catalá,castejoncalixta@example.com,F,1991-02-16,Dominican Republic,Santo Domingo,Data Analyst,46,Honorary,Active,2022-02-10 01:35:52,2022-03-22 01:35:52
1059,1623,Gisela Cazorla,baldomero50@example.com,M,2003-03-28,Dominican Republic,Santo Domingo,Data Analyst,281,Individual,Active,2025-01-18 10:53:02,2025-02-27 10:53:02
1060,1625,Miguel Ángel Juliá,ncamacho@example.net,F,2007-05-14,Dominican Republic,San Pedro de Macorís,Civil Engineer,278,Corporate,Active,2023-02-01 15:52:09,2023-04-19 15:52:09
1061,1626,Ángela Laguna,pomaresplacido@example.net,F,1993-12-16,Dominican Republic,San Pedro de Macorís,Data Analyst,80,Individual,Active,2023-06-19 23:01:09,2023-07-19 23:01:09
1062,1627,Brunilda Saez,modestasomoza@example.net,F,1980-07-29,Dominican Republic,San Pedro de Macorís,Software Engineer,275,Student,Active,2024-06-02 04:56:09,2024-08-12 04:56:09
1063,1628,Anselma Baró,fabriciomoliner@example.net,M,1976-11-22,Dominican Republic,Punta Cana,Lawyer,2,Individual,Active,2024-06-13 21:34:42,2024-07-26 21:34:42
1064,1630,Jose Miguel Torralba,eulaliaexposito@example.com,F,1995-01-15,Dominican Republic,Puerto Plata,Data Analyst,235,Student,Active,2022-03-07 13:36:48,2022-04-09 13:36:48
1065,1631,Narcisa Estrada,castillocesar@example.org,M,1977-02-17,Dominican Republic,San Pedro de Macorís,Business Consultant,71,Corporate,Active,2022-07-18 21:42:45,2022-09-22 21:42:45
1066,1632,Bernarda Seco,gutierrezjosefina@example.com,F,1998-12-13,Dominican Republic,San Pedro de Macorís,Accountant,259,Individual,Active,2026-03-26 23:15:59,2026-04-20 23:15:59
1067,1633,Severo Ayllón,santosrita@example.org,F,2004-11-21,Dominican Republic,San Pedro de Macorís,Business Consultant,23,Individual,Active,2025-08-27 11:46:27,2025-11-05 11:46:27
1068,1635,Jordana Pacheco,elbamonreal@example.net,F,2005-08-31,Dominican Republic,Punta Cana,Civil Engineer,101,Student,Active,2022-06-18 08:26:53,2022-08-07 08:26:53
1069,1636,Ana Cal,gabinocisneros@example.com,F,2007-09-11,Dominican Republic,Puerto Plata,Business Consultant,114,Student,Active,2024-10-30 08:49:58,2024-12-08 08:49:58
1070,1637,Marianela Iñiguez,isidrosantos@example.org,F,1981-02-03,Dominican Republic,Puerto Plata,Software Engineer,264,Student,Active,2021-09-18 04:03:52,2021-11-06 04:03:52
1071,1638,Poncio Mancebo,ernestocarbajo@example.com,M,1981-07-10,Dominican Republic,San Francisco de Macorís,Financial Analyst,168,Honorary,Active,2024-09-26 10:06:44,2024-10-26 10:06:44
1072,1639,Iris Montes,domitila63@example.org,M,2000-09-15,Dominican Republic,Punta Cana,Software Engineer,137,Honorary,Active,2021-07-18 04:00:56,2021-09-20 04:00:56
1073,1640,Jesusa Ferrán,luis-miguelmariscal@example.com,M,1990-08-06,Dominican Republic,Puerto Plata,Marketing Specialist,295,Individual,Active,2021-09-09 00:40:06,2021-11-07 00:40:06
1074,1641,Marcos Vallés,mverdugo@example.net,M,2006-11-30,Dominican Republic,Puerto Plata,Business Consultant,128,Student,Active,2024-05-05 14:26:20,2024-05-20 14:26:20
1075,1642,Albano Lillo,zalmansa@example.org,M,1975-11-18,Dominican Republic,Santiago,Lawyer,65,Honorary,Active,2024-09-18 01:17:46,2024-10-22 01:17:46
1076,1643,Encarna Pina,calixto95@example.org,F,2002-05-05,Dominican Republic,La Romana,Business Consultant,261,Corporate,Active,2025-05-05 23:26:11,2025-06-02 23:26:11
1077,1644,Anabel Jiménez,reguloroldan@example.net,F,1997-11-30,Dominican Republic,La Romana,Financial Analyst,104,Student,Active,2023-04-24 10:54:13,2023-06-17 10:54:13
1078,1646,Ainoa Montaña,felicianopalmer@example.net,F,1980-10-03,Dominican Republic,Punta Cana,Marketing Specialist,161,Corporate,Active,2021-09-05 23:14:06,2021-10-13 23:14:06
1079,1647,Silvio Bernat,iolmedo@example.org,M,1980-05-08,Dominican Republic,La Romana,Lawyer,17,Corporate,Active,2022-09-02 06:01:32,2022-10-19 06:01:32
1080,1648,Amaro Peinado,eutropiomacias@example.org,M,1977-12-15,Dominican Republic,San Pedro de Macorís,Project Manager,46,Student,Active,2024-04-10 16:55:25,2024-06-06 16:55:25
1081,1649,Ámbar Reguera,aristidescordero@example.net,M,1986-05-04,Dominican Republic,Santiago,Financial Analyst,252,Student,Active,2024-03-20 15:41:31,2024-04-15 15:41:31
1082,1650,Marita Quesada,tristanhidalgo@example.com,F,1998-04-09,Dominican Republic,Santo Domingo,Lawyer,81,Honorary,Active,2022-11-04 11:17:22,2022-12-12 11:17:22
1083,1651,Flavia Real,pascualamartin@example.net,M,2001-07-09,Dominican Republic,Punta Cana,Project Manager,102,Individual,Active,2023-01-23 08:49:06,2023-03-12 08:49:06
1084,1653,Amando Nicolás,ferrerashernando@example.net,F,1979-03-03,Dominican Republic,San Francisco de Macorís,Data Analyst,221,Individual,Active,2023-06-06 10:18:31,2023-07-22 10:18:31
1085,1656,Merche Benito,maribel48@example.net,F,2006-07-20,Dominican Republic,San Francisco de Macorís,Data Analyst,30,Student,Active,2022-06-28 11:35:14,2022-08-30 11:35:14
1086,1657,Leonor Perales,ruthrozas@example.net,M,1989-09-21,Dominican Republic,San Francisco de Macorís,Financial Analyst,133,Corporate,Active,2026-02-02 02:39:05,2026-03-23 02:39:05
1087,1658,Angelina Querol,tere01@example.net,F,1979-04-06,Dominican Republic,San Francisco de Macorís,Data Analyst,56,Individual,Active,2026-01-17 17:45:50,2026-03-09 17:45:50
1088,1659,Nacho Juárez,porrasmartin@example.com,F,2001-01-18,Dominican Republic,Puerto Plata,Lawyer,160,Corporate,Active,2022-09-01 10:56:09,2022-10-23 10:56:09
1089,1660,Pilar Abascal,pontgalo@example.net,M,2007-02-08,Dominican Republic,Santo Domingo,Accountant,148,Honorary,Active,2025-10-21 14:55:37,2025-11-21 14:55:37
1090,1663,Matilde Carrera,ncastello@example.com,M,1997-12-07,Dominican Republic,Santo Domingo,Accountant,175,Individual,Active,2023-01-24 15:10:57,2023-03-05 15:10:57
1091,1664,Dani Chico,lcoca@example.org,M,1982-02-08,Dominican Republic,Punta Cana,Financial Analyst,185,Individual,Active,2023-02-02 02:40:53,2023-02-26 02:40:53
1092,1665,Ale Mayoral,arroyolucas@example.org,M,1996-05-05,Dominican Republic,Puerto Plata,Data Analyst,71,Honorary,Active,2023-09-07 07:50:25,2023-10-29 07:50:25
1093,1666,Bernardita Gaya,lucenaluz@example.com,M,2007-06-07,Dominican Republic,La Romana,Software Engineer,256,Corporate,Active,2025-11-17 08:28:15,2025-12-29 08:28:15
1094,1667,Yéssica Caparrós,sotelorosalia@example.net,F,1990-09-21,Dominican Republic,La Romana,Business Consultant,195,Corporate,Active,2022-11-02 03:43:56,2022-12-21 03:43:56
1095,1668,Paola Ramos,coral81@example.net,F,1981-01-01,Dominican Republic,San Francisco de Macorís,Architect,282,Individual,Active,2025-11-25 10:53:25,2025-12-23 10:53:25
1096,1670,Telmo Redondo,dieguezlara@example.org,F,1977-08-26,Dominican Republic,Puerto Plata,Lawyer,86,Corporate,Active,2021-07-30 04:57:02,2021-09-04 04:57:02
1097,1671,Pablo Ferrándiz,calistanavarro@example.org,M,1994-01-14,Dominican Republic,San Pedro de Macorís,Project Manager,53,Student,Active,2024-11-24 21:42:15,2025-01-21 21:42:15
1098,1672,Gonzalo Bárcena,montoyaevangelina@example.org,F,1986-08-23,Dominican Republic,Santiago,Lawyer,60,Individual,Active,2023-01-22 01:07:53,2023-03-21 01:07:53
1099,1674,Ángela Rios,georginabarrios@example.org,F,1990-11-17,Dominican Republic,San Pedro de Macorís,Lawyer,238,Corporate,Active,2024-12-01 08:38:39,2025-01-06 08:38:39
1100,1675,Bibiana Rosell,pacificasebastian@example.com,F,2007-04-17,Dominican Republic,La Romana,Accountant,230,Student,Active,2023-08-10 18:26:36,2023-10-12 18:26:36
1101,1676,Rosa Gordillo,rafaelagabaldon@example.net,F,1996-04-06,Dominican Republic,Puerto Plata,Architect,21,Corporate,Active,2024-10-22 18:27:13,2024-11-27 18:27:13
1102,1679,Jose Miguel Roura,maxi10@example.org,F,1981-12-27,Dominican Republic,San Pedro de Macorís,Architect,112,Honorary,Active,2022-11-07 05:08:49,2022-12-18 05:08:49
1103,1682,Benigna Tapia,leandra06@example.com,F,1992-04-20,Dominican Republic,San Francisco de Macorís,Data Analyst,235,Individual,Active,2024-10-23 15:11:57,2024-11-27 15:11:57
1104,1683,Claudio Aroca,lpellicer@example.org,F,1975-09-28,Dominican Republic,Santo Domingo,Marketing Specialist,207,Student,Active,2026-02-09 16:39:02,2026-04-07 16:39:02
1105,1684,Azeneth Cabrera,jose-miguel19@example.org,F,1991-06-03,Dominican Republic,San Francisco de Macorís,Project Manager,220,Honorary,Active,2025-04-24 18:58:25,2025-05-31 18:58:25
1106,1685,Sebastián Caro,svaquero@example.org,M,1987-07-08,Dominican Republic,Santiago,Marketing Specialist,243,Honorary,Active,2025-02-04 06:26:25,2025-03-13 06:26:25
1107,1686,Cruz Huerta,pancho72@example.net,F,1998-07-07,Dominican Republic,Puerto Plata,Business Consultant,5,Student,Active,2021-09-03 04:05:02,2021-10-09 04:05:02
1108,1688,Bibiana Planas,emmaotero@example.net,F,2003-10-01,Dominican Republic,Santo Domingo,Accountant,32,Honorary,Active,2022-05-02 03:42:42,2022-07-05 03:42:42
1109,1689,Emiliano Morales,tfuente@example.net,M,1992-10-14,Dominican Republic,San Francisco de Macorís,Project Manager,279,Corporate,Active,2026-05-05 10:39:21,2026-06-23 10:39:21
1110,1691,Eusebia Agullo,imarti@example.net,F,2004-11-05,Dominican Republic,Puerto Plata,Business Consultant,134,Individual,Active,2021-09-21 07:26:06,2021-11-14 07:26:06
1111,1692,Victor Ledesma,wclavero@example.net,M,1989-07-19,Dominican Republic,Puerto Plata,Software Engineer,66,Individual,Active,2025-02-16 20:35:15,2025-04-30 20:35:15
1112,1694,Alfredo Acevedo,rmelero@example.net,F,1992-06-22,Dominican Republic,San Pedro de Macorís,Marketing Specialist,185,Corporate,Active,2023-09-13 11:03:58,2023-11-09 11:03:58
1113,1695,Celia Ortiz,santiago41@example.net,M,1982-02-11,Dominican Republic,Santo Domingo,Software Engineer,129,Corporate,Active,2025-10-26 13:39:06,2025-12-25 13:39:06
1114,1698,Amaro Lara,maximiano09@example.org,M,1998-01-31,Dominican Republic,Puerto Plata,Lawyer,127,Corporate,Active,2025-11-28 19:35:59,2026-02-01 19:35:59
1115,1699,Noelia Prado,morillofrancisco-javier@example.org,M,2003-12-18,Dominican Republic,La Romana,Lawyer,9,Honorary,Active,2021-10-19 00:52:24,2021-12-09 00:52:24
1116,1700,Fernando Pujadas,alvaroariza@example.com,F,1989-02-22,Dominican Republic,Santo Domingo,Civil Engineer,215,Corporate,Active,2023-12-31 02:27:38,2024-02-29 02:27:38
1117,1705,Severo Guzmán,companyangela@example.com,M,2002-05-08,Dominican Republic,Puerto Plata,Civil Engineer,287,Student,Active,2024-09-06 18:23:57,2024-10-09 18:23:57
1118,1706,Yolanda Alberto,abascaliban@example.org,F,1998-08-27,Dominican Republic,Santiago,Civil Engineer,153,Honorary,Active,2024-06-19 02:12:00,2024-07-26 02:12:00
1119,1709,Gregorio Ríos,toni79@example.org,M,1992-08-18,Dominican Republic,Santo Domingo,Accountant,171,Student,Active,2025-08-12 07:58:39,2025-10-14 07:58:39
1120,1711,Américo Carbajo,teofiloperales@example.net,F,1979-09-17,Dominican Republic,Punta Cana,Project Manager,278,Individual,Active,2021-12-08 09:18:39,2021-12-21 09:18:39
1121,1712,Jerónimo Linares,marcio42@example.net,F,1995-10-14,Dominican Republic,Puerto Plata,Data Analyst,287,Individual,Active,2021-11-24 21:43:40,2022-01-14 21:43:40
1122,1715,Demetrio Morales,emiliana96@example.com,F,1980-03-09,Dominican Republic,San Francisco de Macorís,Project Manager,25,Individual,Active,2024-03-19 11:29:12,2024-04-30 11:29:12
1123,1717,Natanael Guzman,fabiolamarino@example.com,M,2002-07-07,Dominican Republic,Santiago,Software Engineer,5,Honorary,Active,2021-10-12 19:46:55,2021-11-15 19:46:55
1124,1718,Juan Valenzuela,alexandra64@example.net,M,1985-05-07,Dominican Republic,Punta Cana,Financial Analyst,247,Honorary,Active,2024-04-20 08:04:30,2024-06-02 08:04:30
1125,1721,Luisina Oliveras,cristiandelgado@example.net,F,2003-09-25,Dominican Republic,La Romana,Accountant,289,Individual,Active,2022-01-04 13:50:41,2022-02-01 13:50:41
1126,1722,Abraham Ibañez,qcastell@example.org,F,2007-09-25,Dominican Republic,Santiago,Project Manager,1,Honorary,Active,2022-04-23 11:12:39,2022-06-26 11:12:39
1127,1723,Ruperta Bayo,xgalvez@example.net,F,1980-05-26,Dominican Republic,La Romana,Project Manager,53,Student,Active,2025-06-21 22:49:10,2025-08-30 22:49:10
1128,1725,Esmeralda Olivares,leticia58@example.com,F,1981-05-06,Dominican Republic,Punta Cana,Marketing Specialist,154,Corporate,Active,2023-01-26 15:48:07,2023-03-16 15:48:07
1129,1726,Daniela Mayoral,isaolivares@example.org,M,1999-10-13,Dominican Republic,Puerto Plata,Software Engineer,104,Honorary,Active,2024-03-10 18:48:40,2024-05-03 18:48:40
1130,1729,Primitivo Mendez,jordanvictorino@example.com,M,1985-12-25,Dominican Republic,Puerto Plata,Software Engineer,271,Student,Active,2023-10-27 23:57:15,2023-11-29 23:57:15
1131,1730,Adriana Grau,felicia35@example.org,F,1985-08-26,Dominican Republic,Punta Cana,Project Manager,76,Student,Active,2025-04-05 10:06:45,2025-05-21 10:06:45
1132,1732,Julia Segovia,juan-bautistamancebo@example.net,M,1982-06-10,Dominican Republic,Punta Cana,Lawyer,31,Student,Active,2021-11-04 08:11:31,2021-11-24 08:11:31
1133,1733,Nazario Guardia,ivicens@example.org,M,1983-02-02,Dominican Republic,Punta Cana,Software Engineer,254,Student,Active,2023-03-12 01:25:20,2023-05-18 01:25:20
1134,1734,Edelmiro Gelabert,yblanco@example.org,F,1998-12-13,Dominican Republic,Punta Cana,Accountant,298,Student,Active,2023-03-30 02:09:51,2023-05-23 02:09:51
1135,1735,Jose Vázquez,teofiloarcos@example.net,F,1991-09-03,Dominican Republic,San Francisco de Macorís,Civil Engineer,210,Student,Active,2025-11-01 15:44:39,2026-01-03 15:44:39
1136,1736,Bienvenida Díez,osorionarcisa@example.org,F,1991-11-10,Dominican Republic,San Francisco de Macorís,Software Engineer,62,Honorary,Active,2026-02-25 11:21:10,2026-04-03 11:21:10
1137,1738,Maximiano Barros,gerardo17@example.net,M,1985-12-06,Dominican Republic,Punta Cana,Software Engineer,217,Individual,Active,2025-01-02 22:32:47,2025-02-17 22:32:47
1138,1739,Nacho Garcia,luisina37@example.net,F,1977-03-25,Dominican Republic,Santo Domingo,Financial Analyst,197,Corporate,Active,2022-05-24 22:00:21,2022-07-16 22:00:21
1139,1740,Ariel Campo,teodoro73@example.com,F,1985-01-10,Dominican Republic,San Pedro de Macorís,Architect,225,Student,Active,2024-10-10 19:28:50,2024-12-12 19:28:50
1140,1741,Anabel Bonilla,vsalas@example.com,M,2007-04-17,Dominican Republic,San Pedro de Macorís,Architect,248,Student,Active,2022-11-30 14:49:42,2023-01-21 14:49:42
1141,1742,Dora Puga,menendezjacobo@example.org,M,2003-03-19,Dominican Republic,Puerto Plata,Project Manager,175,Corporate,Active,2024-11-24 23:30:07,2025-01-20 23:30:07
1142,1743,Elías Jimenez,qropero@example.com,M,1977-04-27,Dominican Republic,Santiago,Accountant,106,Student,Active,2021-10-11 13:28:37,2021-11-30 13:28:37
1143,1746,Fernando Bustamante,reciogracia@example.net,M,1985-05-31,Dominican Republic,Punta Cana,Lawyer,161,Student,Active,2023-12-23 16:23:16,2024-02-06 16:23:16
1144,1748,Manuel Seco,urbano28@example.com,F,2003-07-24,Dominican Republic,Punta Cana,Accountant,170,Corporate,Active,2025-09-13 17:23:27,2025-10-28 17:23:27
1145,1749,Nando Olivé,auracantero@example.net,M,1977-04-11,Dominican Republic,San Francisco de Macorís,Business Consultant,179,Honorary,Active,2023-01-21 01:59:32,2023-03-15 01:59:32
1146,1752,Trini Bilbao,valcaraz@example.net,F,1993-07-13,Dominican Republic,Santo Domingo,Data Analyst,255,Individual,Active,2024-01-29 05:11:30,2024-03-28 05:11:30
1147,1754,Martirio Cuesta,gzabala@example.org,F,1981-09-23,Dominican Republic,San Pedro de Macorís,Software Engineer,118,Honorary,Active,2023-05-20 15:50:33,2023-06-29 15:50:33
1148,1755,Felicia Andreu,belenvalverde@example.com,F,2001-02-11,Dominican Republic,San Pedro de Macorís,Data Analyst,169,Student,Active,2025-03-24 04:06:08,2025-04-29 04:06:08
1149,1756,Reina Carbonell,hoyosemilia@example.com,M,2003-12-01,Dominican Republic,Santo Domingo,Accountant,151,Honorary,Active,2026-02-11 09:14:19,2026-03-25 09:14:19
1150,1757,Cebrián Llopis,corona00@example.net,M,2002-07-30,Dominican Republic,Puerto Plata,Project Manager,167,Honorary,Active,2026-05-28 07:01:43,2026-06-10 07:01:43
1151,1758,Eva María Diaz,salgadoadelina@example.net,M,1977-02-16,Dominican Republic,San Francisco de Macorís,Business Consultant,143,Honorary,Active,2024-09-06 07:06:15,2024-11-08 07:06:15
1152,1759,Maximiano Coloma,lrocha@example.org,F,1983-01-18,Dominican Republic,La Romana,Data Analyst,7,Honorary,Active,2024-09-16 10:21:30,2024-11-26 10:21:30
1153,1760,Chuy Millán,sobrinomarianela@example.org,M,2001-09-08,Dominican Republic,San Pedro de Macorís,Lawyer,226,Individual,Active,2024-03-28 18:28:38,2024-05-12 18:28:38
1154,1761,Guiomar Castañeda,valler@example.net,F,1979-08-31,Dominican Republic,San Francisco de Macorís,Financial Analyst,269,Corporate,Active,2022-07-27 02:10:19,2022-08-25 02:10:19
1155,1764,Loreto Roldan,barraljenny@example.net,F,1986-09-10,Dominican Republic,San Francisco de Macorís,Software Engineer,92,Individual,Active,2026-01-30 16:56:23,2026-03-03 16:56:23
1156,1765,Nayara Cabrero,arnauloreto@example.com,F,1977-08-09,Dominican Republic,Punta Cana,Project Manager,267,Student,Active,2022-09-07 20:49:24,2022-10-13 20:49:24
1157,1766,Marcelino Garay,zgabaldon@example.org,M,2006-05-07,Dominican Republic,Santo Domingo,Data Analyst,205,Individual,Active,2024-06-13 22:14:35,2024-08-11 22:14:35
1158,1768,Cayetano Gaya,araceli96@example.net,M,1983-11-17,Dominican Republic,San Francisco de Macorís,Lawyer,114,Corporate,Active,2023-04-23 18:42:07,2023-06-02 18:42:07
1159,1769,Patricio Herranz,aguilareugenia@example.com,M,1994-01-21,Dominican Republic,Santiago,Civil Engineer,187,Individual,Active,2024-04-08 03:32:28,2024-05-11 03:32:28
1160,1774,Germán Saura,cuadradocandelas@example.net,F,1989-11-18,Dominican Republic,Puerto Plata,Software Engineer,139,Individual,Active,2024-09-30 12:59:48,2024-11-24 12:59:48
1161,1779,Carina Abella,amorgargallo@example.org,F,1984-07-06,Dominican Republic,San Francisco de Macorís,Data Analyst,64,Corporate,Active,2022-09-29 20:48:53,2022-11-23 20:48:53
1162,1780,Amanda Rivas,telmocanizares@example.net,F,2005-03-18,Dominican Republic,San Francisco de Macorís,Business Consultant,127,Honorary,Active,2022-05-27 18:42:45,2022-07-13 18:42:45
1163,1781,Juan José Jove,wilfredo18@example.net,F,1983-05-09,Dominican Republic,Santiago,Financial Analyst,151,Student,Active,2024-03-24 07:58:09,2024-06-01 07:58:09
1164,1783,Samu Juan,duranfulgencio@example.net,M,1993-10-14,Dominican Republic,San Francisco de Macorís,Civil Engineer,282,Honorary,Active,2023-11-24 21:08:59,2024-01-14 21:08:59
1165,1785,Paz Mulet,fcerdan@example.org,F,1990-12-17,Dominican Republic,San Pedro de Macorís,Accountant,284,Individual,Active,2023-10-17 13:11:39,2023-11-30 13:11:39
1166,1786,Susanita Ferrándiz,rodrigueznoelia@example.net,M,2008-03-09,Dominican Republic,Santo Domingo,Civil Engineer,283,Honorary,Active,2026-04-18 04:32:18,2026-05-19 04:32:18
1167,1787,Dimas Camacho,xlillo@example.net,M,2001-07-31,Dominican Republic,San Francisco de Macorís,Marketing Specialist,225,Individual,Active,2021-10-30 13:56:24,2021-11-23 13:56:24
1168,1789,Anunciación Uriarte,carlotasoriano@example.com,F,1997-09-16,Dominican Republic,Punta Cana,Project Manager,1,Student,Active,2024-08-02 07:19:34,2024-08-27 07:19:34
1169,1790,Ariel Girón,ikerquiroga@example.com,M,2001-06-03,Dominican Republic,Santo Domingo,Data Analyst,40,Individual,Active,2025-07-27 22:25:43,2025-09-30 22:25:43
1170,1791,Vinicio Alcalá,ciriaco30@example.net,F,1975-12-14,Dominican Republic,San Pedro de Macorís,Project Manager,25,Corporate,Active,2022-06-28 16:23:10,2022-08-09 16:23:10
1171,1794,Rosalía Guerrero,aranalourdes@example.net,F,1987-08-24,Dominican Republic,Punta Cana,Civil Engineer,88,Honorary,Active,2025-05-12 05:42:02,2025-06-30 05:42:02
1172,1795,Íñigo Cañete,ledesmamarta@example.com,F,1977-10-13,Dominican Republic,La Romana,Architect,186,Student,Active,2021-09-12 15:03:31,2021-10-18 15:03:31
1173,1796,Basilio Uría,cornelio93@example.org,F,1984-09-27,Dominican Republic,Santiago,Software Engineer,190,Honorary,Active,2024-09-08 20:36:42,2024-10-22 20:36:42
1174,1797,Mercedes Heredia,barrancoester@example.com,M,1999-11-04,Dominican Republic,Punta Cana,Software Engineer,165,Student,Active,2024-03-01 06:32:02,2024-04-03 06:32:02
1175,1798,Conrado Cobos,maricelalluch@example.net,M,2007-12-04,Dominican Republic,Santiago,Project Manager,0,Individual,Active,2025-06-29 02:26:38,2025-08-29 02:26:38
1176,1800,Hernando Español,raulbermudez@example.com,F,2004-03-05,Dominican Republic,San Pedro de Macorís,Accountant,119,Honorary,Active,2024-01-27 00:53:32,2024-03-01 00:53:32
1177,1802,Francisco Jose Rius,camposbibiana@example.net,M,1977-04-14,Dominican Republic,Punta Cana,Project Manager,162,Student,Active,2021-10-31 14:38:23,2021-12-21 14:38:23
1178,1803,Guadalupe Mayoral,bzaragoza@example.org,M,1998-12-03,Dominican Republic,Santo Domingo,Accountant,243,Individual,Active,2024-10-10 16:59:18,2024-12-19 16:59:18
1179,1804,Ildefonso Ayllón,jalbero@example.net,F,1989-02-12,Dominican Republic,Punta Cana,Project Manager,197,Individual,Active,2025-05-07 09:25:15,2025-06-22 09:25:15
1180,1805,Jordana Doménech,corderomelania@example.org,F,1976-08-11,Dominican Republic,Santiago,Lawyer,167,Individual,Active,2024-05-19 23:29:37,2024-07-03 23:29:37
1181,1806,Melisa Guzmán,uribas@example.org,F,1977-11-29,Dominican Republic,Santiago,Financial Analyst,107,Student,Active,2026-05-23 06:25:33,2026-06-19 06:25:33
1182,1807,Poncio Ferrándiz,aanguita@example.com,M,1991-05-06,Dominican Republic,Santo Domingo,Business Consultant,292,Corporate,Active,2025-07-30 17:31:07,2025-09-17 17:31:07
1183,1812,Ana Sofía Cisneros,dimasamaya@example.com,F,1986-04-15,Dominican Republic,San Pedro de Macorís,Financial Analyst,102,Student,Active,2023-11-28 07:46:41,2024-01-17 07:46:41
1184,1813,Mar Ramón,valcarceldan@example.net,M,1981-03-20,Dominican Republic,La Romana,Financial Analyst,228,Individual,Active,2026-03-09 10:37:22,2026-05-06 10:37:22
1185,1814,Nuria Bayona,daguado@example.com,F,1985-12-14,Dominican Republic,Punta Cana,Project Manager,149,Student,Active,2023-08-13 07:02:56,2023-10-13 07:02:56
1186,1816,Gerónimo Palomo,ciropuerta@example.org,M,1980-06-06,Dominican Republic,San Francisco de Macorís,Lawyer,32,Honorary,Active,2024-06-11 00:54:43,2024-08-07 00:54:43
1187,1817,Gerardo Garmendia,marisol12@example.net,F,2006-08-16,Dominican Republic,San Francisco de Macorís,Accountant,7,Corporate,Active,2021-09-04 08:31:11,2021-10-30 08:31:11
1188,1818,Dalila Llabrés,manuela77@example.org,M,1988-04-25,Dominican Republic,Puerto Plata,Civil Engineer,39,Honorary,Active,2021-09-21 17:03:51,2021-11-12 17:03:51
1189,1820,Adoración Rebollo,solanaelisa@example.com,F,2000-01-13,Dominican Republic,San Pedro de Macorís,Marketing Specialist,149,Individual,Active,2026-04-09 14:47:29,2026-05-11 14:47:29
1190,1821,Amado Cañete,onofre59@example.net,M,1987-06-19,Dominican Republic,San Francisco de Macorís,Accountant,42,Corporate,Active,2022-06-26 06:56:49,2022-07-31 06:56:49
1191,1822,Roberto Arco,currocamino@example.net,F,1998-03-28,Dominican Republic,San Francisco de Macorís,Lawyer,77,Honorary,Active,2022-06-21 14:36:10,2022-08-05 14:36:10
1192,1823,Miguel Bou,noaropero@example.net,M,2005-07-01,Dominican Republic,San Pedro de Macorís,Accountant,116,Honorary,Active,2024-12-21 13:00:30,2025-02-12 13:00:30
1193,1824,Marita Machado,ejara@example.net,F,1990-02-02,Dominican Republic,Punta Cana,Lawyer,127,Individual,Active,2025-11-25 11:28:37,2026-01-02 11:28:37
1194,1825,Ileana Robledo,ikersilva@example.com,F,1977-07-12,Dominican Republic,La Romana,Data Analyst,87,Honorary,Active,2021-08-12 12:45:35,2021-09-26 12:45:35
1195,1826,Angelita Zaragoza,mateo74@example.org,F,1992-12-02,Dominican Republic,San Francisco de Macorís,Civil Engineer,162,Individual,Active,2023-06-30 07:25:01,2023-08-08 07:25:01
1196,1827,Urbano Borrego,antunezamor@example.com,M,1996-08-12,Dominican Republic,Puerto Plata,Lawyer,58,Individual,Active,2026-05-10 21:05:57,2026-07-23 21:05:57
1197,1830,Jeremías Lopez,arcelia64@example.com,F,2007-09-01,Dominican Republic,Santo Domingo,Lawyer,269,Individual,Active,2021-11-11 21:03:46,2022-01-11 21:03:46
1198,1831,Anna Cruz,goicoecheaconsuela@example.net,F,1989-06-27,Dominican Republic,San Pedro de Macorís,Marketing Specialist,19,Student,Active,2024-03-29 05:13:53,2024-05-07 05:13:53
1199,1833,Heraclio Tur,roxanaalcaraz@example.com,F,2006-03-29,Dominican Republic,San Francisco de Macorís,Data Analyst,236,Student,Active,2024-04-30 04:41:03,2024-06-08 04:41:03
1200,1834,Abel Galindo,abiliobarrera@example.org,F,1976-02-23,Dominican Republic,San Francisco de Macorís,Data Analyst,245,Honorary,Active,2026-03-13 17:58:39,2026-05-17 17:58:39
1201,1837,María Jesús Bosch,iniestadiego@example.com,M,2002-09-10,Dominican Republic,San Francisco de Macorís,Data Analyst,13,Corporate,Active,2021-07-21 17:11:54,2021-09-02 17:11:54
1202,1838,Alonso Bru,pcornejo@example.org,M,1998-11-08,Dominican Republic,La Romana,Accountant,25,Corporate,Active,2025-09-26 18:06:19,2025-11-10 18:06:19
1203,1840,Marcelo Blanca,qtenorio@example.com,M,1983-11-12,Dominican Republic,Puerto Plata,Lawyer,249,Individual,Active,2021-11-16 17:13:07,2021-12-21 17:13:07
1204,1841,Aureliano Alvarado,isaura33@example.com,F,1979-07-27,Dominican Republic,La Romana,Civil Engineer,70,Student,Active,2022-05-10 04:06:41,2022-06-17 04:06:41
1205,1843,Maximino Bru,joaquina45@example.net,F,1980-05-05,Dominican Republic,La Romana,Lawyer,223,Honorary,Active,2026-05-29 18:15:27,2026-07-05 18:15:27
1206,1844,Noa Mendizábal,alejandrofajardo@example.net,F,1984-05-14,Dominican Republic,Santiago,Business Consultant,186,Honorary,Active,2021-08-19 21:13:54,2021-10-04 21:13:54
1207,1845,Bruno Parejo,moisesharo@example.com,M,1989-07-30,Dominican Republic,Santo Domingo,Architect,258,Individual,Active,2025-01-10 18:36:31,2025-03-07 18:36:31
1208,1846,Amor Salom,remigio99@example.net,M,1984-01-18,Dominican Republic,Santo Domingo,Civil Engineer,171,Individual,Active,2023-12-10 22:12:03,2024-01-16 22:12:03
1209,1847,Cándida Llano,crosales@example.org,M,1999-11-23,Dominican Republic,Puerto Plata,Architect,31,Corporate,Active,2021-12-27 05:24:22,2022-02-20 05:24:22
1210,1848,Claudio Barragán,juanitoalcazar@example.org,M,1999-07-25,Dominican Republic,Punta Cana,Accountant,70,Honorary,Active,2026-02-12 07:55:36,2026-04-07 07:55:36
1211,1849,Visitación Bravo,zoraidacervera@example.net,F,1983-02-06,Dominican Republic,Puerto Plata,Software Engineer,196,Student,Active,2025-11-24 08:54:59,2026-01-21 08:54:59
1212,1850,Victoriano Malo,companytatiana@example.com,F,1980-04-26,Dominican Republic,Puerto Plata,Project Manager,186,Honorary,Active,2021-10-26 03:00:22,2021-12-20 03:00:22
1213,1851,Bernarda Olivares,valdesjuan-francisco@example.net,M,1986-07-30,Dominican Republic,Puerto Plata,Marketing Specialist,274,Student,Active,2022-09-08 20:14:59,2022-11-15 20:14:59
1214,1852,Adelia Gordillo,febe36@example.com,F,1980-12-18,Dominican Republic,San Francisco de Macorís,Financial Analyst,272,Corporate,Active,2023-06-04 01:10:59,2023-08-06 01:10:59
1215,1853,Omar Santos,aguirremacario@example.org,M,1980-12-14,Dominican Republic,Santiago,Data Analyst,67,Corporate,Active,2022-05-03 17:01:40,2022-06-19 17:01:40
1216,1854,María Pilar Chaparro,custodio81@example.net,F,1989-10-10,Dominican Republic,Santiago,Lawyer,178,Corporate,Active,2022-02-14 05:39:33,2022-04-07 05:39:33
1217,1855,Eusebia Egea,osvaldo90@example.com,F,1998-03-05,Dominican Republic,San Francisco de Macorís,Software Engineer,7,Honorary,Active,2024-11-29 17:30:35,2025-01-17 17:30:35
1218,1856,Darío Angulo,sobrinoeligia@example.org,F,1982-12-25,Dominican Republic,Santiago,Marketing Specialist,210,Corporate,Active,2022-01-01 13:07:41,2022-02-14 13:07:41
1219,1857,Juan Luis Roldan,dalvarez@example.org,M,1979-11-17,Dominican Republic,Puerto Plata,Software Engineer,222,Corporate,Active,2026-04-23 04:21:40,2026-06-14 04:21:40
1220,1859,Herberto Castejón,wbayona@example.org,F,1979-10-14,Dominican Republic,Santo Domingo,Business Consultant,182,Individual,Active,2021-10-12 17:12:35,2021-11-07 17:12:35
1221,1860,Fátima Lamas,aitor76@example.com,M,2001-02-04,Dominican Republic,San Francisco de Macorís,Accountant,84,Individual,Active,2024-04-18 12:58:34,2024-06-21 12:58:34
1222,1861,Jacobo Jordán,rico04@example.net,M,1981-07-29,Dominican Republic,San Francisco de Macorís,Data Analyst,80,Individual,Active,2022-10-04 21:21:37,2022-11-20 21:21:37
1223,1862,Valerio Rius,reyesmarin@example.com,M,2003-08-10,Dominican Republic,La Romana,Architect,227,Corporate,Active,2021-09-29 15:09:04,2021-12-01 15:09:04
1224,1864,Lupita Mendoza,qcomas@example.org,F,1987-06-06,Dominican Republic,Punta Cana,Marketing Specialist,216,Corporate,Active,2026-04-13 04:00:43,2026-05-10 04:00:43
1225,1865,Tadeo Blanco,iredondo@example.org,F,1981-01-29,Dominican Republic,Santo Domingo,Financial Analyst,99,Student,Active,2024-03-27 00:13:45,2024-05-10 00:13:45
1226,1866,Marita Cadenas,paolasegarra@example.net,M,2007-12-11,Dominican Republic,San Francisco de Macorís,Financial Analyst,188,Corporate,Active,2023-02-02 21:24:29,2023-03-20 21:24:29
1227,1867,Rufino Santamaría,vergararuben@example.com,M,1999-06-20,Dominican Republic,Santo Domingo,Civil Engineer,157,Individual,Active,2024-10-29 04:13:53,2024-12-03 04:13:53
1228,1868,Pascual Páez,robertacastillo@example.com,M,1978-02-18,Dominican Republic,La Romana,Financial Analyst,131,Student,Active,2025-04-16 12:15:55,2025-05-13 12:15:55
1229,1870,Adelia Bernat,cristinabarrena@example.net,M,1982-08-06,Dominican Republic,Santiago,Accountant,17,Honorary,Active,2024-08-09 22:51:40,2024-10-04 22:51:40
1230,1871,Albino Arce,zcamps@example.net,F,1985-11-06,Dominican Republic,Puerto Plata,Financial Analyst,79,Student,Active,2025-10-15 18:55:28,2025-11-23 18:55:28
1231,1873,Octavia Gallego,balduino46@example.net,F,2001-03-07,Dominican Republic,Punta Cana,Financial Analyst,202,Student,Active,2024-10-01 03:24:59,2024-11-15 03:24:59
1232,1874,Carla Corominas,contreraschema@example.com,M,2002-06-06,Dominican Republic,Santo Domingo,Civil Engineer,93,Honorary,Active,2025-03-19 05:15:38,2025-05-02 05:15:38
1233,1878,Joaquín Melero,nicolasmadrigal@example.net,F,2005-04-13,Dominican Republic,Punta Cana,Accountant,6,Honorary,Active,2025-10-22 06:53:25,2025-12-07 06:53:25
1234,1879,Noelia Escamilla,alvarezasuncion@example.com,F,1995-06-29,Dominican Republic,Santiago,Business Consultant,243,Corporate,Active,2025-02-06 16:19:02,2025-03-25 16:19:02
1235,1881,Olga Cabrero,espadaciriaco@example.org,M,2003-04-07,Dominican Republic,Punta Cana,Architect,178,Corporate,Active,2024-09-08 08:34:25,2024-10-06 08:34:25
1236,1882,María Ferrández,celestino23@example.org,M,1979-07-24,Dominican Republic,San Pedro de Macorís,Civil Engineer,222,Corporate,Active,2024-12-11 17:46:02,2025-01-27 17:46:02
1237,1883,Aurelio Mercader,pacosta@example.com,M,1980-05-15,Dominican Republic,Punta Cana,Lawyer,299,Individual,Active,2022-05-21 15:55:55,2022-07-19 15:55:55
1238,1884,Leyre Vazquez,dbaena@example.org,F,1981-01-29,Dominican Republic,San Pedro de Macorís,Software Engineer,61,Corporate,Active,2022-01-23 14:35:06,2022-03-29 14:35:06
1239,1886,Cecilio Borrás,anacleto03@example.com,F,2006-10-18,Dominican Republic,San Francisco de Macorís,Financial Analyst,57,Corporate,Active,2025-07-27 18:31:01,2025-08-08 18:31:01
1240,1888,María Belén Ribera,calvosoledad@example.net,F,2001-04-22,Dominican Republic,La Romana,Financial Analyst,149,Student,Active,2024-10-30 19:31:13,2024-12-05 19:31:13
1241,1889,Soledad Cortés,isaura90@example.net,M,1992-10-15,Dominican Republic,La Romana,Civil Engineer,148,Corporate,Active,2023-09-24 05:05:36,2023-11-13 05:05:36
1242,1890,Clímaco López,vzabaleta@example.com,M,2006-11-16,Dominican Republic,Santiago,Software Engineer,145,Corporate,Active,2021-08-11 18:24:51,2021-09-22 18:24:51
1243,1891,Eusebia Carreño,fusterurbano@example.com,F,1983-02-18,Dominican Republic,San Francisco de Macorís,Architect,49,Student,Active,2024-05-27 16:06:54,2024-08-06 16:06:54
1244,1892,Benita Daza,alsinaagustina@example.org,M,1994-07-08,Dominican Republic,Santiago,Software Engineer,130,Corporate,Active,2026-01-10 10:15:15,2026-03-02 10:15:15
1245,1894,Ligia González,acaparros@example.org,M,1990-01-18,Dominican Republic,Puerto Plata,Financial Analyst,133,Individual,Active,2021-10-06 21:25:21,2021-11-24 21:25:21
1246,1895,Carmina Vigil,sorianoperlita@example.org,M,1979-12-11,Dominican Republic,San Francisco de Macorís,Financial Analyst,129,Honorary,Active,2023-04-04 13:39:00,2023-05-25 13:39:00
1247,1896,Inés Plana,alicia71@example.net,M,1982-04-07,Dominican Republic,Santiago,Software Engineer,248,Individual,Active,2025-08-28 20:05:26,2025-10-12 20:05:26
1248,1898,Trinidad Aguilar,nazaretmadrid@example.net,M,1976-01-14,Dominican Republic,Punta Cana,Data Analyst,152,Student,Active,2026-03-15 07:03:15,2026-04-14 07:03:15
1249,1899,Quique Ortiz,cvalle@example.org,M,1981-04-21,Dominican Republic,La Romana,Financial Analyst,86,Student,Active,2023-09-19 14:56:03,2023-10-30 14:56:03
1250,1900,Haydée Marcos,nazaretcepeda@example.org,M,2005-05-06,Dominican Republic,Santo Domingo,Lawyer,223,Corporate,Active,2024-11-22 12:24:54,2025-02-01 12:24:54
1251,1901,Gilberto Cámara,portillodelfina@example.org,M,2002-05-21,Dominican Republic,Punta Cana,Accountant,210,Student,Active,2024-10-19 22:23:37,2024-11-24 22:23:37
1252,1902,Eligia Piñeiro,rebeca74@example.com,M,1998-03-15,Dominican Republic,San Pedro de Macorís,Financial Analyst,237,Student,Active,2025-07-19 10:22:43,2025-09-01 10:22:43
1253,1905,Pili Ramos,palmira26@example.org,F,1975-09-05,Dominican Republic,San Pedro de Macorís,Marketing Specialist,128,Honorary,Active,2025-08-13 20:32:26,2025-09-25 20:32:26
1254,1906,Íngrid Agustí,hectorpascual@example.org,F,2007-07-19,Dominican Republic,San Francisco de Macorís,Civil Engineer,287,Student,Active,2025-12-23 09:34:01,2026-02-03 09:34:01
1255,1908,Estefanía Girona,luismarco@example.net,F,1977-10-09,Dominican Republic,La Romana,Marketing Specialist,149,Corporate,Active,2023-05-29 05:06:35,2023-07-03 05:06:35
1256,1909,Amado Agustín,ximena16@example.net,F,2003-01-25,Dominican Republic,Santiago,Lawyer,173,Student,Active,2022-03-02 05:44:33,2022-04-22 05:44:33
1257,1910,Odalys Alcántara,rosa30@example.org,M,1978-12-18,Dominican Republic,Santo Domingo,Civil Engineer,216,Individual,Active,2024-08-30 18:06:05,2024-10-06 18:06:05
1258,1911,Viviana Belda,utamayo@example.com,M,2001-07-06,Dominican Republic,Santiago,Project Manager,93,Honorary,Active,2026-03-18 10:15:18,2026-05-16 10:15:18
1259,1915,Oriana Rodriguez,monteroagustina@example.org,F,1994-04-21,Dominican Republic,San Francisco de Macorís,Data Analyst,69,Honorary,Active,2024-05-25 09:09:11,2024-07-06 09:09:11
1260,1916,Miguel Ángel Cantero,carinabenito@example.com,F,2006-05-30,Dominican Republic,Puerto Plata,Project Manager,294,Individual,Active,2025-09-21 04:25:21,2025-10-28 04:25:21
1261,1917,Narciso Cabello,joaquinperales@example.net,M,1992-06-18,Dominican Republic,Punta Cana,Financial Analyst,34,Student,Active,2025-11-03 17:06:38,2025-12-12 17:06:38
1262,1918,Clímaco Noguera,juan-antonio26@example.net,F,1977-01-29,Dominican Republic,San Pedro de Macorís,Financial Analyst,99,Student,Active,2025-06-17 10:21:10,2025-07-03 10:21:10
1263,1919,Felipe Gordillo,jalfonso@example.com,M,2002-04-19,Dominican Republic,Punta Cana,Accountant,287,Student,Active,2024-01-08 22:17:08,2024-03-02 22:17:08
1264,1920,Trinidad Pelayo,telmo77@example.org,F,1976-10-10,Dominican Republic,San Francisco de Macorís,Financial Analyst,287,Student,Active,2024-07-30 01:41:25,2024-09-05 01:41:25
1265,1921,Berto Sala,amoresedgar@example.org,F,1977-08-10,Dominican Republic,Santo Domingo,Civil Engineer,226,Student,Active,2025-10-14 01:17:42,2025-11-11 01:17:42
1266,1922,Abigaíl Carvajal,rodrigo47@example.net,M,1997-05-06,Dominican Republic,Santiago,Project Manager,121,Corporate,Active,2023-06-27 16:41:50,2023-08-17 16:41:50
1267,1923,Alicia Barriga,climacotorrecilla@example.com,M,1985-12-20,Dominican Republic,San Francisco de Macorís,Marketing Specialist,298,Individual,Active,2023-06-22 16:42:16,2023-08-11 16:42:16
1268,1926,Chus Duque,juan-antonio68@example.com,F,1980-07-19,Dominican Republic,Santo Domingo,Architect,262,Student,Active,2025-05-14 06:45:55,2025-07-07 06:45:55
1269,1927,Gilberto Villalonga,artemio76@example.com,F,1984-01-22,Dominican Republic,Puerto Plata,Data Analyst,237,Corporate,Active,2022-09-09 08:26:47,2022-10-19 08:26:47
1270,1929,Rosalina Fábregas,horacio86@example.com,M,1989-09-26,Dominican Republic,Santiago,Business Consultant,174,Student,Active,2022-09-16 08:41:47,2022-11-13 08:41:47
1271,1930,Pepito Casares,teodoraangel@example.com,F,2000-02-05,Dominican Republic,Santo Domingo,Marketing Specialist,116,Corporate,Active,2025-10-26 04:48:16,2025-11-16 04:48:16
1272,1931,Petrona Talavera,ramosteresita@example.net,F,1999-02-22,Dominican Republic,San Pedro de Macorís,Civil Engineer,42,Individual,Active,2021-10-15 08:10:42,2021-12-24 08:10:42
1273,1932,Nayara Lago,lguillen@example.org,M,1999-02-20,Dominican Republic,Punta Cana,Business Consultant,240,Student,Active,2024-05-18 01:50:21,2024-06-23 01:50:21
1274,1933,Melisa Pellicer,juan-antonioaguado@example.com,F,2002-05-07,Dominican Republic,Santo Domingo,Lawyer,273,Honorary,Active,2021-09-30 09:30:14,2021-11-08 09:30:14
1275,1935,Verónica Morán,qromeu@example.org,M,1986-03-22,Dominican Republic,Santiago,Data Analyst,5,Student,Active,2023-03-01 13:07:03,2023-04-18 13:07:03
1276,1936,Isabel Montoya,dsanjuan@example.net,M,1991-08-24,Dominican Republic,San Pedro de Macorís,Business Consultant,292,Student,Active,2025-10-14 12:34:57,2025-12-03 12:34:57
1277,1937,Dulce Sierra,wnicolau@example.com,F,1980-12-06,Dominican Republic,San Pedro de Macorís,Civil Engineer,75,Individual,Active,2025-03-30 03:01:37,2025-04-29 03:01:37
1278,1938,Remedios Benítez,hernandezpaz@example.net,M,1984-05-13,Dominican Republic,Punta Cana,Business Consultant,162,Corporate,Active,2022-10-13 16:49:43,2022-12-04 16:49:43
1279,1940,Xavier Fábregas,benitoecheverria@example.org,M,2007-08-21,Dominican Republic,Santo Domingo,Architect,257,Honorary,Active,2022-10-13 21:29:11,2022-12-01 21:29:11
1280,1942,Florina Trillo,fcarrillo@example.org,M,1989-12-02,Dominican Republic,San Pedro de Macorís,Software Engineer,36,Corporate,Active,2022-12-06 04:46:41,2023-02-07 04:46:41
1281,1944,Pilar Quintero,anacletoperera@example.org,M,2007-07-06,Dominican Republic,Puerto Plata,Lawyer,199,Corporate,Active,2022-05-31 05:59:02,2022-07-20 05:59:02
1282,1947,Julio César Valbuena,barreratelmo@example.net,M,1976-05-22,Dominican Republic,San Pedro de Macorís,Business Consultant,228,Honorary,Active,2022-02-20 11:30:11,2022-04-14 11:30:11
1283,1952,Toribio Hernández,gironchus@example.org,F,2000-10-03,Dominican Republic,Santiago,Accountant,296,Corporate,Active,2024-11-30 02:08:37,2025-01-22 02:08:37
1284,1953,Maristela Morcillo,benjamin25@example.net,F,2000-04-25,Dominican Republic,San Francisco de Macorís,Marketing Specialist,125,Student,Active,2026-03-18 09:40:23,2026-04-28 09:40:23
1285,1957,Olga Román,casarespaulina@example.com,F,1999-12-23,Dominican Republic,La Romana,Architect,121,Student,Active,2025-02-06 16:45:15,2025-03-06 16:45:15
1286,1958,Víctor Prats,palmira27@example.org,F,1994-05-06,Dominican Republic,Santiago,Financial Analyst,265,Corporate,Active,2024-02-12 02:46:30,2024-03-22 02:46:30
1287,1959,Pelayo Fuertes,nlanda@example.net,F,1996-11-06,Dominican Republic,Puerto Plata,Architect,248,Honorary,Active,2024-09-16 07:49:05,2024-11-08 07:49:05
1288,1960,Alonso Santamaría,vegarosa-maria@example.net,M,1990-04-29,Dominican Republic,San Pedro de Macorís,Financial Analyst,44,Student,Active,2024-02-04 18:04:18,2024-04-03 18:04:18
1289,1962,Fortunato Arribas,calderonclara@example.org,M,1995-10-10,Dominican Republic,Santo Domingo,Marketing Specialist,177,Individual,Active,2021-12-04 19:42:41,2022-01-30 19:42:41
1290,1965,Fulgencio Crespo,guadalupe33@example.org,F,1975-10-02,Dominican Republic,Santo Domingo,Project Manager,185,Individual,Active,2022-12-16 17:37:55,2023-02-05 17:37:55
1291,1967,Omar Barranco,gonzalonicolas@example.com,M,1986-09-16,Dominican Republic,Santiago,Project Manager,209,Individual,Active,2021-10-25 05:20:56,2021-12-12 05:20:56
1292,1969,Guadalupe Cámara,remedios36@example.org,F,1995-09-04,Dominican Republic,Punta Cana,Accountant,46,Individual,Active,2025-02-28 08:43:53,2025-04-01 08:43:53
1293,1970,Eligio Aguilar,olivercintia@example.net,M,2000-09-20,Dominican Republic,San Francisco de Macorís,Civil Engineer,83,Corporate,Active,2026-02-10 03:03:23,2026-04-06 03:03:23
1294,1971,Filomena Gual,casespaz@example.com,F,2001-02-19,Dominican Republic,Santo Domingo,Data Analyst,134,Student,Active,2023-10-31 00:52:01,2023-12-07 00:52:01
1295,1972,Cipriano Cáceres,saldanamelisa@example.com,F,2001-02-03,Dominican Republic,Santo Domingo,Lawyer,203,Corporate,Active,2024-11-14 22:30:29,2024-12-26 22:30:29
1296,1973,Matías Cañete,carranzaeric@example.org,M,2008-06-06,Dominican Republic,Santiago,Accountant,275,Honorary,Active,2025-10-02 18:49:33,2025-11-17 18:49:33
1297,1974,Samu Figuerola,teruelangel@example.com,M,1995-07-15,Dominican Republic,La Romana,Lawyer,48,Student,Active,2024-09-10 07:11:56,2024-11-05 07:11:56
1298,1976,Felipa Buendía,valeriasamper@example.com,M,1996-09-11,Dominican Republic,San Pedro de Macorís,Civil Engineer,293,Student,Active,2022-05-13 07:15:41,2022-06-15 07:15:41
1299,1977,Delia Cazorla,ruysalom@example.org,M,1999-06-13,Dominican Republic,San Pedro de Macorís,Architect,19,Individual,Active,2023-06-25 05:02:07,2023-07-07 05:02:07
1300,1979,Ainara Montalbán,guadalupeverdugo@example.net,M,2006-10-04,Dominican Republic,Punta Cana,Marketing Specialist,161,Student,Active,2024-12-03 00:28:49,2025-02-02 00:28:49
1301,1981,Dionisio Sanabria,amandoacuna@example.net,F,1995-09-16,Dominican Republic,Puerto Plata,Accountant,8,Honorary,Active,2022-11-17 10:13:03,2022-12-07 10:13:03
1302,1983,Julieta Camacho,oterojessica@example.org,F,2004-10-16,Dominican Republic,Santo Domingo,Lawyer,22,Honorary,Active,2024-05-09 13:13:54,2024-06-06 13:13:54
1303,1984,Pedro Agustín,ciriaco43@example.net,F,2001-10-16,Dominican Republic,Santo Domingo,Project Manager,36,Student,Active,2022-09-20 02:59:04,2022-10-07 02:59:04
1304,1985,Cornelio Calzada,jordan08@example.com,M,1992-01-13,Dominican Republic,Santo Domingo,Lawyer,244,Individual,Active,2025-06-14 17:54:22,2025-07-04 17:54:22
1305,1986,Felicia Chaves,adelaida92@example.com,M,1999-02-02,Dominican Republic,Santiago,Data Analyst,65,Individual,Active,2023-09-02 07:41:17,2023-11-05 07:41:17
1306,1987,Rosalina Castro,cirovalls@example.net,F,1983-07-27,Dominican Republic,La Romana,Accountant,227,Corporate,Active,2023-09-11 18:58:04,2023-11-23 18:58:04
1307,1988,Eusebia Montoya,escribanomagdalena@example.org,F,1985-10-27,Dominican Republic,Santiago,Data Analyst,112,Individual,Active,2026-02-23 16:35:18,2026-04-05 16:35:18
1308,1989,Almudena Ugarte,rosadoamerica@example.net,M,1988-07-13,Dominican Republic,San Francisco de Macorís,Software Engineer,91,Honorary,Active,2023-03-21 11:59:32,2023-05-02 11:59:32
1309,1993,Macaria Águila,pauladuarte@example.com,M,1999-04-30,Dominican Republic,Punta Cana,Accountant,31,Corporate,Active,2025-04-01 22:48:04,2025-05-06 22:48:04
1310,1995,Juan Pablo Puga,qcasares@example.net,F,2002-01-12,Dominican Republic,Puerto Plata,Software Engineer,101,Student,Active,2022-12-18 07:35:19,2023-01-12 07:35:19
1311,1997,Mireia Pou,catalinacuenca@example.org,M,1981-10-10,Dominican Republic,Punta Cana,Financial Analyst,279,Honorary,Active,2024-07-06 00:33:18,2024-08-05 00:33:18
1312,1999,Victoriano Dueñas,lfabregat@example.com,F,2005-07-01,Dominican Republic,La Romana,Software Engineer,297,Corporate,Active,2023-01-24 14:15:00,2023-03-31 14:15:00
1313,2000,Flavia Alberto,domenechmonica@example.org,M,1983-11-21,Dominican Republic,Santiago,Lawyer,130,Honorary,Active,2023-11-10 07:14:27,2023-12-25 07:14:27
1314,2001,Chucho Madrigal,doroteaalberdi@example.org,M,1996-02-17,Dominican Republic,La Romana,Financial Analyst,249,Individual,Active,2025-01-30 15:03:15,2025-02-21 15:03:15
1315,2002,Rufino Domínguez,iarino@example.com,M,1989-02-01,Dominican Republic,La Romana,Marketing Specialist,18,Student,Active,2021-07-14 05:59:18,2021-09-14 05:59:18
1316,2004,Albina López,alfonsoliliana@example.org,F,1996-06-09,Dominican Republic,La Romana,Lawyer,74,Corporate,Active,2022-03-03 02:23:29,2022-04-13 02:23:29
1317,2005,Aureliano Blasco,jose-luispelaez@example.org,M,1993-11-10,Dominican Republic,San Pedro de Macorís,Software Engineer,273,Corporate,Active,2023-01-16 09:08:02,2023-02-21 09:08:02
1318,2006,Eloy Cueto,piedad71@example.org,F,2007-11-03,Dominican Republic,San Pedro de Macorís,Architect,224,Individual,Active,2023-06-03 19:29:11,2023-07-02 19:29:11
1319,2007,Roberto Adán,rivasalfonso@example.net,F,1980-05-31,Dominican Republic,Puerto Plata,Project Manager,275,Honorary,Active,2025-06-16 00:20:13,2025-08-01 00:20:13
1320,2010,Leandra Zaragoza,agustin09@example.com,M,1983-04-18,Dominican Republic,San Pedro de Macorís,Civil Engineer,242,Honorary,Active,2025-06-21 01:31:27,2025-08-13 01:31:27
1321,2011,Fulgencio Folch,teo17@example.com,F,1997-12-14,Dominican Republic,Santo Domingo,Business Consultant,87,Student,Active,2022-10-11 23:51:32,2022-11-14 23:51:32
1322,2012,Rocío Gisbert,fusterrufina@example.org,M,2002-04-16,Dominican Republic,La Romana,Project Manager,181,Honorary,Active,2025-01-08 10:44:35,2025-03-10 10:44:35
1323,2013,Darío Alberola,lorenzo16@example.com,F,1980-03-13,Dominican Republic,La Romana,Lawyer,210,Corporate,Active,2023-03-27 00:22:24,2023-04-28 00:22:24
1324,2014,Ligia Cabezas,roller@example.com,F,1979-06-27,Dominican Republic,San Francisco de Macorís,Data Analyst,274,Honorary,Active,2023-03-16 09:11:34,2023-04-15 09:11:34
1325,2015,Ángel Escalona,qsoriano@example.com,M,1993-05-03,Dominican Republic,Santiago,Business Consultant,82,Corporate,Active,2024-08-11 05:10:52,2024-09-20 05:10:52
1326,2016,Albina Rivera,rocarosa-maria@example.net,F,1982-08-15,Dominican Republic,San Pedro de Macorís,Lawyer,250,Individual,Active,2023-09-01 08:05:39,2023-11-15 08:05:39
1327,2017,Elisabet Manzano,estrellaarrieta@example.com,M,2005-06-21,Dominican Republic,La Romana,Data Analyst,32,Corporate,Active,2025-03-05 23:51:15,2025-04-08 23:51:15
1328,2019,Valero Aller,urrutiaestefania@example.net,F,1994-09-28,Dominican Republic,Santo Domingo,Business Consultant,267,Corporate,Active,2023-02-20 00:28:08,2023-04-25 00:28:08
1329,2020,Francisco Jose Marí,arieldomingo@example.com,F,1994-08-05,Dominican Republic,Santo Domingo,Lawyer,124,Corporate,Active,2023-05-25 11:46:56,2023-07-12 11:46:56
1330,2021,Victor Mena,maria-pilar41@example.com,F,1981-04-02,Dominican Republic,Santo Domingo,Business Consultant,183,Honorary,Active,2023-05-24 23:13:36,2023-08-03 23:13:36
1331,2022,Julio César Ojeda,ynaranjo@example.org,M,1992-07-29,Dominican Republic,Punta Cana,Architect,7,Corporate,Active,2024-11-02 04:44:36,2024-11-29 04:44:36
1332,2023,Constanza Jaume,kalba@example.com,F,2005-04-09,Dominican Republic,La Romana,Business Consultant,114,Individual,Active,2024-01-11 02:42:51,2024-02-07 02:42:51
1333,2025,Ariel Lucas,mduran@example.net,F,1990-04-16,Dominican Republic,Santiago,Lawyer,290,Individual,Active,2023-10-18 14:25:29,2023-11-21 14:25:29
1334,2026,Bernardino Albero,nicolaujavi@example.net,F,2005-04-12,Dominican Republic,Puerto Plata,Marketing Specialist,239,Honorary,Active,2024-05-26 04:15:02,2024-07-20 04:15:02
1335,2027,Eufemia Milla,lleal@example.org,F,1988-10-28,Dominican Republic,La Romana,Architect,277,Student,Active,2023-11-25 20:04:46,2024-01-07 20:04:46
1336,2029,Casemiro Juárez,tayllon@example.com,F,2004-04-30,Dominican Republic,Santo Domingo,Data Analyst,103,Corporate,Active,2025-01-09 01:33:07,2025-03-16 01:33:07
1337,2030,Maite Burgos,ivan78@example.net,F,1984-06-10,Dominican Republic,San Francisco de Macorís,Software Engineer,223,Honorary,Active,2023-11-17 09:16:47,2023-12-24 09:16:47
1338,2031,Ibán Sebastián,prietoluisa@example.com,M,1978-05-01,Dominican Republic,San Francisco de Macorís,Marketing Specialist,247,Honorary,Active,2026-02-22 03:21:19,2026-04-09 03:21:19
1339,2032,Marina Sanmiguel,selena64@example.com,M,2004-06-01,Dominican Republic,Santiago,Project Manager,137,Student,Active,2025-07-04 12:01:08,2025-08-03 12:01:08
1340,2033,Eleuterio Pons,sanchobautista@example.com,F,1997-12-15,Dominican Republic,Santiago,Project Manager,117,Honorary,Active,2024-01-22 00:38:33,2024-03-03 00:38:33
1341,2034,Sofía Bonet,olga89@example.net,F,1976-09-02,Dominican Republic,Punta Cana,Marketing Specialist,239,Individual,Active,2022-01-15 07:23:00,2022-03-01 07:23:00
1342,2035,Eustaquio Santamaría,kdiaz@example.org,F,1975-11-27,Dominican Republic,San Pedro de Macorís,Project Manager,135,Individual,Active,2025-12-05 19:38:07,2026-01-07 19:38:07
1343,2037,Luis Ángel Guzman,sergio60@example.com,F,2006-02-17,Dominican Republic,San Pedro de Macorís,Financial Analyst,217,Individual,Active,2021-11-03 21:36:01,2021-12-20 21:36:01
1344,2038,Javier Huguet,blasa@example.net,M,1992-11-08,Dominican Republic,Santiago,Architect,143,Individual,Active,2023-08-15 16:22:08,2023-10-18 16:22:08
1345,2039,Héctor Amores,ptomas@example.com,M,1998-03-09,Dominican Republic,Santiago,Lawyer,297,Honorary,Active,2023-04-30 00:10:18,2023-06-25 00:10:18
1346,2040,Alfredo Quiroga,jcarreno@example.org,M,1981-10-03,Dominican Republic,Santo Domingo,Civil Engineer,49,Individual,Active,2023-02-03 07:38:02,2023-04-07 07:38:02
1347,2041,Sosimo Reguera,xlucas@example.org,F,1996-06-06,Dominican Republic,Puerto Plata,Architect,82,Student,Active,2021-09-01 15:25:37,2021-10-14 15:25:37
1348,2042,María Manuela Vigil,pverdejo@example.net,M,1990-03-11,Dominican Republic,Punta Cana,Civil Engineer,228,Individual,Active,2024-04-30 22:49:46,2024-06-23 22:49:46
1349,2043,Isaías Vallés,inmaculada90@example.com,F,1991-07-19,Dominican Republic,La Romana,Accountant,214,Individual,Active,2023-04-12 03:51:27,2023-06-13 03:51:27
1350,2044,Constanza Ribera,marcodominguez@example.net,M,1993-01-19,Dominican Republic,San Francisco de Macorís,Accountant,92,Corporate,Active,2025-10-25 11:18:22,2025-12-25 11:18:22
1351,2045,Maristela Tirado,vamador@example.com,M,2002-09-16,Dominican Republic,Punta Cana,Lawyer,51,Honorary,Active,2024-04-10 22:19:53,2024-05-16 22:19:53
1352,2046,Regina Almeida,concepcion22@example.org,M,1999-02-27,Dominican Republic,San Francisco de Macorís,Project Manager,205,Honorary,Active,2025-05-28 09:31:02,2025-06-13 09:31:02
1353,2047,Benigno Jáuregui,ibermejo@example.com,M,1998-10-05,Dominican Republic,San Francisco de Macorís,Marketing Specialist,92,Honorary,Active,2025-04-19 03:48:14,2025-06-14 03:48:14
1354,2048,Amor Ramírez,lfuster@example.org,F,2001-06-22,Dominican Republic,Punta Cana,Data Analyst,169,Corporate,Active,2022-02-15 02:53:54,2022-04-02 02:53:54
1355,2049,Samu Cánovas,sanchezgregorio@example.net,M,1995-04-23,Dominican Republic,La Romana,Project Manager,91,Honorary,Active,2023-01-15 08:53:03,2023-02-28 08:53:03
1356,2050,María Fernanda Verdú,cuestaamor@example.org,F,1994-08-24,Dominican Republic,Santiago,Project Manager,247,Corporate,Active,2022-11-03 16:35:01,2022-12-15 16:35:01
1357,2051,Silvio Moraleda,maria-teresaguijarro@example.com,F,1978-08-09,Dominican Republic,Santo Domingo,Financial Analyst,140,Corporate,Active,2025-06-04 00:19:55,2025-08-11 00:19:55
1358,2053,Diana Manzanares,amorfabregas@example.net,F,1999-03-11,Dominican Republic,San Francisco de Macorís,Software Engineer,285,Student,Active,2026-02-01 10:00:23,2026-03-14 10:00:23
1359,2054,Jacinta Guitart,gameznacho@example.com,M,1998-11-27,Dominican Republic,Punta Cana,Data Analyst,178,Student,Active,2021-09-11 09:02:25,2021-11-14 09:02:25
1360,2056,Ricardo Escobar,nietooriana@example.net,F,1990-06-22,Dominican Republic,San Francisco de Macorís,Project Manager,137,Individual,Active,2023-02-23 07:54:08,2023-04-19 07:54:08
1361,2057,Abilio Pedro,elvira82@example.com,M,1983-06-04,Dominican Republic,San Pedro de Macorís,Project Manager,45,Corporate,Active,2026-04-22 17:26:36,2026-05-25 17:26:36
1362,2058,Ximena Vila,genoveva30@example.net,F,1980-07-09,Dominican Republic,Punta Cana,Lawyer,100,Corporate,Active,2022-03-04 13:41:55,2022-03-21 13:41:55
1363,2059,Adelaida Cantón,gsoto@example.org,M,1988-09-03,Dominican Republic,Santo Domingo,Project Manager,204,Student,Active,2024-09-26 11:40:38,2024-11-11 11:40:38
1364,2060,Felipa Linares,irenecarbonell@example.com,F,2005-07-28,Dominican Republic,San Francisco de Macorís,Software Engineer,23,Honorary,Active,2026-01-08 00:02:57,2026-03-01 00:02:57
1365,2061,Cruz Azorin,pinoflorina@example.com,M,2005-07-22,Dominican Republic,Santo Domingo,Architect,26,Student,Active,2022-09-27 09:40:49,2022-11-23 09:40:49
1366,2062,Valentina Vicente,moyaabel@example.org,F,2007-06-30,Dominican Republic,Puerto Plata,Business Consultant,107,Individual,Active,2025-05-07 18:10:52,2025-07-06 18:10:52
1367,2063,Matilde Arteaga,tamaritbaltasar@example.net,F,1980-11-02,Dominican Republic,Punta Cana,Data Analyst,61,Student,Active,2025-01-14 08:23:38,2025-03-07 08:23:38
1368,2064,Eva María Martín,salmeronserafina@example.org,F,1982-06-16,Dominican Republic,Punta Cana,Project Manager,235,Student,Active,2021-10-18 01:40:04,2021-11-26 01:40:04
1369,2066,Fito Ribera,florinamarti@example.com,F,2004-03-11,Dominican Republic,Puerto Plata,Software Engineer,195,Honorary,Active,2026-01-04 12:02:37,2026-02-07 12:02:37
1370,2067,Nacho Andrés,secoeugenio@example.net,M,1992-10-19,Dominican Republic,Punta Cana,Financial Analyst,269,Individual,Active,2024-05-31 08:14:44,2024-07-04 08:14:44
1371,2070,Santiago Pou,albinoaparicio@example.net,F,1980-01-26,Dominican Republic,Puerto Plata,Civil Engineer,131,Honorary,Active,2021-09-03 12:02:46,2021-11-12 12:02:46
1372,2072,Guiomar Lamas,julio-cesar35@example.net,F,1988-07-04,Dominican Republic,Puerto Plata,Data Analyst,233,Student,Active,2023-02-04 18:42:35,2023-03-10 18:42:35
1373,2074,Magdalena Marquez,marccamara@example.net,F,2005-05-13,Dominican Republic,Punta Cana,Financial Analyst,254,Honorary,Active,2024-09-17 06:12:21,2024-11-01 06:12:21
1374,2076,Álvaro Pascual,agapitoespana@example.net,M,2006-06-22,Dominican Republic,San Francisco de Macorís,Marketing Specialist,180,Individual,Active,2023-10-18 17:23:08,2023-12-20 17:23:08
1375,2078,Aarón Catalán,jose-carlos65@example.org,F,2004-04-05,Dominican Republic,Santiago,Marketing Specialist,261,Individual,Active,2024-02-26 10:59:27,2024-04-20 10:59:27
1376,2080,Juana Sabater,melania40@example.org,F,2005-04-04,Dominican Republic,Santiago,Lawyer,140,Honorary,Active,2024-12-07 13:47:33,2025-02-05 13:47:33
1377,2081,Pascuala Lladó,diegoortuno@example.net,M,1994-12-03,Dominican Republic,San Pedro de Macorís,Financial Analyst,286,Student,Active,2025-05-17 01:57:45,2025-06-03 01:57:45
1378,2083,Jerónimo Roman,piquersamuel@example.com,F,1996-02-03,Dominican Republic,Santiago,Financial Analyst,242,Honorary,Active,2026-01-11 20:11:10,2026-02-21 20:11:10
1379,2085,Olga Tormo,elpidioayuso@example.com,F,1981-11-09,Dominican Republic,Santo Domingo,Financial Analyst,265,Individual,Active,2025-12-28 20:17:19,2026-01-30 20:17:19
1380,2086,Roldán Espinosa,segismundocastells@example.org,F,1988-08-03,Dominican Republic,Santiago,Software Engineer,32,Corporate,Active,2025-01-28 21:51:07,2025-02-17 21:51:07
1381,2089,Rosaura Pulido,cvalbuena@example.net,F,1981-11-25,Dominican Republic,La Romana,Lawyer,0,Honorary,Active,2024-09-11 18:31:08,2024-10-10 18:31:08
1382,2090,Yésica Roura,mascarodomingo@example.org,F,1984-03-13,Dominican Republic,Punta Cana,Business Consultant,279,Student,Active,2025-12-31 04:44:08,2026-02-03 04:44:08
1383,2091,Francisco Jose Avilés,teresa93@example.org,M,1986-09-01,Dominican Republic,Puerto Plata,Architect,227,Student,Active,2023-03-27 07:15:57,2023-05-04 07:15:57
1384,2093,Agustín Andreu,batlleluis-miguel@example.com,M,1977-03-21,Dominican Republic,Santiago,Software Engineer,136,Honorary,Active,2025-07-01 13:40:06,2025-08-27 13:40:06
1385,2094,Sabas Collado,mayolmanu@example.net,M,1998-01-11,Dominican Republic,Santo Domingo,Financial Analyst,145,Honorary,Active,2023-06-18 05:10:39,2023-07-23 05:10:39
1386,2096,Ale Fuente,jmontoya@example.net,F,2004-03-26,Dominican Republic,La Romana,Business Consultant,45,Student,Active,2026-02-26 06:39:52,2026-04-05 06:39:52
1387,2098,Manuel Cuesta,manualberdi@example.com,F,1996-08-29,Dominican Republic,Punta Cana,Software Engineer,135,Honorary,Active,2022-10-26 15:41:54,2022-12-13 15:41:54
1388,2099,Bartolomé Villena,joaquinnavarro@example.org,M,1976-08-01,Dominican Republic,La Romana,Business Consultant,7,Honorary,Active,2026-05-20 02:51:02,2026-07-30 02:51:02
1389,2101,Edgardo Aragón,samu82@example.org,M,1978-06-05,Dominican Republic,Santiago,Business Consultant,49,Individual,Active,2025-07-24 17:00:36,2025-08-24 17:00:36
1390,2103,Sebastian Cabrera,eminguez@example.org,M,2001-04-23,Dominican Republic,La Romana,Project Manager,52,Student,Active,2024-01-01 15:52:13,2024-02-19 15:52:13
1391,2105,Maximino Gomis,ferreraalma@example.net,M,1996-07-30,Dominican Republic,Santo Domingo,Financial Analyst,23,Individual,Active,2024-03-20 11:30:32,2024-06-16 11:30:32
1392,2106,Remedios Quiroga,albertobaldomero@example.com,F,1992-03-16,Dominican Republic,La Romana,Project Manager,287,Individual,Active,2025-10-01 02:11:45,2025-11-15 02:11:45
1393,2107,Haroldo Doménech,valderramapancho@example.org,M,1983-03-18,Dominican Republic,San Francisco de Macorís,Accountant,239,Student,Active,2025-02-04 09:45:21,2025-03-19 09:45:21
1394,2108,Chema Escobar,colladojordana@example.com,F,2003-11-19,Dominican Republic,La Romana,Civil Engineer,295,Corporate,Active,2022-02-19 00:26:31,2022-03-30 00:26:31
1395,2111,Emelina Abad,ana60@example.com,M,2001-01-15,Dominican Republic,Santo Domingo,Financial Analyst,35,Student,Active,2026-01-29 06:09:48,2026-03-23 06:09:48
1396,2112,Severo Castells,maxibastida@example.org,F,1999-01-25,Dominican Republic,San Pedro de Macorís,Architect,256,Student,Active,2025-07-14 01:50:40,2025-08-15 01:50:40
1397,2114,Zaida Palau,tomasjordana@example.org,F,2008-03-24,Dominican Republic,La Romana,Data Analyst,80,Student,Active,2022-12-12 15:39:06,2023-02-09 15:39:06
1398,2116,Angelino Beltrán,araceli05@example.com,F,1994-01-22,Dominican Republic,San Francisco de Macorís,Data Analyst,218,Honorary,Active,2022-03-16 02:15:51,2022-04-23 02:15:51
1399,2121,María Ibarra,gasparbertran@example.net,F,1976-05-07,Dominican Republic,Puerto Plata,Business Consultant,283,Honorary,Active,2023-04-23 20:13:01,2023-06-14 20:13:01
1400,2122,Dionisia Piñeiro,xcueto@example.net,M,2000-05-31,Dominican Republic,Santiago,Project Manager,62,Honorary,Active,2021-11-14 11:10:03,2021-12-24 11:10:03
1401,2123,Jorge Vilaplana,yolanda88@example.com,F,1998-10-26,Dominican Republic,La Romana,Data Analyst,277,Honorary,Active,2023-11-26 09:03:30,2024-01-02 09:03:30
1402,2126,Roxana Frías,octaviorios@example.org,M,1982-05-03,Dominican Republic,Santo Domingo,Accountant,3,Honorary,Active,2022-01-01 21:30:25,2022-02-11 21:30:25
1403,2127,Goyo Solís,juan-jose08@example.net,M,2006-02-24,Dominican Republic,Punta Cana,Data Analyst,45,Individual,Active,2021-12-26 11:00:25,2022-02-02 11:00:25
1404,2128,María Belén Rosales,garnau@example.net,M,2008-05-12,Dominican Republic,Punta Cana,Data Analyst,253,Honorary,Active,2026-04-13 08:06:17,2026-06-11 08:06:17
1405,2129,Almudena Arnau,arielcarpio@example.net,M,1999-04-28,Dominican Republic,Santiago,Civil Engineer,10,Honorary,Active,2022-04-27 08:33:18,2022-06-12 08:33:18
1406,2130,Calixta Luján,cayetanobriones@example.org,F,1998-09-10,Dominican Republic,La Romana,Software Engineer,167,Individual,Active,2022-10-07 18:55:12,2022-11-02 18:55:12
1407,2132,Carolina Nevado,novoafermin@example.com,M,1983-09-23,Dominican Republic,Santiago,Marketing Specialist,96,Student,Active,2023-02-12 19:51:23,2023-03-10 19:51:23
1408,2133,Gema Carreras,quintanaanacleto@example.com,M,1991-01-02,Dominican Republic,Santiago,Data Analyst,297,Honorary,Active,2022-11-19 06:26:12,2022-12-02 06:26:12
1409,2134,Eugenio Alfaro,jaime97@example.net,M,1975-10-08,Dominican Republic,Santiago,Software Engineer,201,Honorary,Active,2025-07-31 12:21:45,2025-09-30 12:21:45
1410,2136,Rosario Cervantes,cebriansalcedo@example.org,M,1985-05-15,Dominican Republic,San Pedro de Macorís,Lawyer,187,Corporate,Active,2024-11-07 10:02:16,2024-12-07 10:02:16
1411,2140,Candelario Mascaró,castillaraul@example.com,F,2003-03-11,Dominican Republic,San Pedro de Macorís,Civil Engineer,244,Corporate,Active,2026-04-04 10:27:51,2026-05-09 10:27:51
1412,2141,Victoria Sanabria,garzonvictoria@example.com,F,1993-02-12,Dominican Republic,Santiago,Lawyer,70,Honorary,Active,2024-12-11 05:33:10,2025-01-13 05:33:10
1413,2142,Atilio Muro,pozuelojordi@example.org,M,1989-01-04,Dominican Republic,San Francisco de Macorís,Data Analyst,242,Honorary,Active,2024-11-24 05:18:18,2024-12-24 05:18:18
1414,2143,Jorge Roura,pelaezarsenio@example.org,F,2000-05-25,Dominican Republic,Punta Cana,Data Analyst,177,Individual,Active,2026-01-17 22:30:04,2026-03-11 22:30:04
1415,2144,Susana Bonilla,alarranaga@example.net,M,1994-01-27,Dominican Republic,Santo Domingo,Software Engineer,48,Corporate,Active,2022-07-23 10:22:14,2022-09-21 10:22:14
1416,2145,Aitor Gascón,carrascofidel@example.org,F,2002-12-08,Dominican Republic,San Pedro de Macorís,Data Analyst,144,Honorary,Active,2023-07-20 14:48:01,2023-08-24 14:48:01
1417,2146,Feliciana Andres,panfilocerda@example.org,F,1996-03-23,Dominican Republic,Punta Cana,Data Analyst,124,Corporate,Active,2023-10-06 09:31:28,2023-10-21 09:31:28
1418,2147,Norberto Cruz,maria-fernandasegui@example.com,M,1994-11-14,Dominican Republic,San Francisco de Macorís,Civil Engineer,83,Student,Active,2025-07-04 22:14:23,2025-08-20 22:14:23
1419,2148,Josefa Pazos,rosacaparros@example.net,M,1997-08-14,Dominican Republic,San Francisco de Macorís,Accountant,43,Student,Active,2023-02-13 10:56:03,2023-04-09 10:56:03
1420,2149,Ruben Arnaiz,rosarmando@example.org,F,2004-11-22,Dominican Republic,Santo Domingo,Project Manager,214,Honorary,Active,2025-06-22 10:18:37,2025-08-19 10:18:37
1421,2152,Ángela Mur,aroabotella@example.org,M,1994-06-30,Dominican Republic,Santo Domingo,Financial Analyst,142,Individual,Active,2021-09-02 02:15:39,2021-09-25 02:15:39
1422,2153,Eva María Carrillo,ooliveras@example.com,M,1993-07-17,Dominican Republic,Santo Domingo,Civil Engineer,148,Corporate,Active,2023-05-01 03:50:16,2023-06-15 03:50:16
1423,2155,Eustaquio Casal,duria@example.com,M,1999-04-29,Dominican Republic,Punta Cana,Accountant,283,Student,Active,2024-12-30 05:37:42,2025-02-21 05:37:42
1424,2156,Ricardo Albero,octaviareal@example.org,M,2003-02-13,Dominican Republic,San Francisco de Macorís,Lawyer,80,Honorary,Active,2025-02-07 08:59:32,2025-04-03 08:59:32
1425,2158,Vidal Correa,bramis@example.org,F,1982-03-23,Dominican Republic,La Romana,Project Manager,239,Corporate,Active,2024-07-15 05:00:00,2024-09-17 05:00:00
1426,2160,Isa Acosta,sainzjeremias@example.net,M,2000-03-23,Dominican Republic,San Pedro de Macorís,Lawyer,105,Individual,Active,2022-04-19 14:51:57,2022-05-29 14:51:57
1427,2161,Teo Valdés,molinateo@example.org,M,1987-05-01,Dominican Republic,Puerto Plata,Data Analyst,179,Corporate,Active,2026-01-04 10:41:57,2026-03-23 10:41:57
1428,2163,Jose Luis Morera,vasco94@example.org,M,1999-09-04,Dominican Republic,Punta Cana,Lawyer,218,Individual,Active,2024-09-21 17:40:03,2024-10-16 17:40:03
1429,2164,Juan Luis Pavón,cletomontero@example.net,F,2007-06-24,Dominican Republic,San Francisco de Macorís,Data Analyst,165,Honorary,Active,2025-07-05 01:46:13,2025-08-28 01:46:13
1430,2165,Dalila Ballester,loreto71@example.net,F,2007-04-18,Dominican Republic,San Francisco de Macorís,Software Engineer,298,Corporate,Active,2022-03-18 21:14:18,2022-05-04 21:14:18
1431,2167,Custodia Garmendia,ymurillo@example.org,F,1994-05-15,Dominican Republic,Punta Cana,Business Consultant,79,Honorary,Active,2023-07-13 18:17:56,2023-09-12 18:17:56
1432,2168,Guiomar Mora,olaguna@example.net,M,1994-07-27,Dominican Republic,Santo Domingo,Software Engineer,62,Corporate,Active,2025-06-11 16:07:48,2025-07-26 16:07:48
1433,2169,Ruy Aguilar,jacinta70@example.org,F,1983-10-17,Dominican Republic,Santiago,Accountant,131,Individual,Active,2025-08-07 09:53:24,2025-09-01 09:53:24
1434,2170,Rebeca Sáez,larajose-ignacio@example.org,M,2002-12-11,Dominican Republic,San Pedro de Macorís,Project Manager,223,Student,Active,2022-05-20 23:38:15,2022-06-14 23:38:15
1435,2171,Cintia Estevez,amanciopalomino@example.com,F,1992-02-29,Dominican Republic,Santiago,Business Consultant,213,Honorary,Active,2023-08-04 00:37:40,2023-09-21 00:37:40
1436,2172,Isaac Falcó,jennytello@example.org,F,2002-04-11,Dominican Republic,San Francisco de Macorís,Marketing Specialist,87,Corporate,Active,2022-08-31 12:17:01,2022-10-06 12:17:01
1437,2173,Humberto Quirós,juan-antonio02@example.net,F,2006-11-19,Dominican Republic,Santo Domingo,Architect,14,Honorary,Active,2022-08-31 20:29:03,2022-10-19 20:29:03
1438,2174,Modesto Heredia,olallaprat@example.com,F,1988-04-28,Dominican Republic,Puerto Plata,Data Analyst,238,Student,Active,2023-02-13 22:46:12,2023-04-10 22:46:12
1439,2176,Jacobo Neira,arturocerezo@example.org,F,1998-11-14,Dominican Republic,Puerto Plata,Marketing Specialist,205,Corporate,Active,2023-01-31 01:24:19,2023-04-08 01:24:19
1440,2177,Alfredo Burgos,jennifer01@example.com,F,1996-07-07,Dominican Republic,Santiago,Project Manager,179,Student,Active,2023-02-20 08:54:44,2023-04-19 08:54:44
1441,2178,Javier Díez,lazaro23@example.com,M,1992-05-11,Dominican Republic,San Pedro de Macorís,Accountant,20,Honorary,Active,2022-02-17 20:04:00,2022-03-27 20:04:00
1442,2181,Edmundo Porcel,salasmoises@example.com,F,1994-11-13,Dominican Republic,La Romana,Accountant,212,Honorary,Active,2022-02-14 05:25:00,2022-03-27 05:25:00
1443,2183,Modesta Luís,ignaciocortes@example.org,M,2001-11-05,Dominican Republic,Puerto Plata,Project Manager,172,Corporate,Active,2025-03-18 04:49:40,2025-05-07 04:49:40
1444,2184,Eufemia Contreras,americasancho@example.com,F,1991-05-31,Dominican Republic,San Francisco de Macorís,Data Analyst,77,Individual,Active,2023-05-22 20:29:42,2023-07-07 20:29:42
1445,2185,Herminio Benet,svelasco@example.org,M,2008-01-08,Dominican Republic,Santo Domingo,Civil Engineer,129,Honorary,Active,2024-12-02 08:22:11,2025-01-25 08:22:11
1446,2186,Samu Martín,zanaya@example.com,M,1975-08-24,Dominican Republic,Santiago,Software Engineer,251,Honorary,Active,2023-04-18 15:38:15,2023-05-24 15:38:15
1447,2188,Fortunato Vara,elpidio41@example.net,F,2003-07-27,Dominican Republic,San Pedro de Macorís,Architect,21,Corporate,Active,2021-11-07 06:46:15,2022-01-14 06:46:15
1448,2190,Imelda Rovira,gpedraza@example.org,F,1990-02-03,Dominican Republic,Santiago,Data Analyst,184,Individual,Active,2025-05-22 06:45:37,2025-07-20 06:45:37
1449,2192,Jose Ignacio Quirós,noaverdugo@example.net,F,1987-09-02,Dominican Republic,La Romana,Data Analyst,142,Honorary,Active,2024-12-18 05:42:53,2025-01-24 05:42:53
1450,2193,Sol Jáuregui,sbelda@example.net,M,1990-10-07,Dominican Republic,Puerto Plata,Software Engineer,189,Individual,Active,2023-10-21 20:22:24,2023-11-30 20:22:24
1451,2194,Maxi Torralba,cristobalyanez@example.org,M,1995-07-03,Dominican Republic,La Romana,Accountant,103,Honorary,Active,2026-05-21 16:31:16,2026-07-14 16:31:16
1452,2197,Eric Riera,nmartin@example.org,F,1980-01-05,Dominican Republic,Puerto Plata,Project Manager,16,Honorary,Active,2023-06-04 13:18:13,2023-07-18 13:18:13
1453,2199,Delfina Benavente,murencarnacion@example.com,F,1994-08-31,Dominican Republic,La Romana,Financial Analyst,109,Corporate,Active,2024-06-02 01:38:35,2024-07-06 01:38:35
1454,2200,Javier Infante,acostajuana@example.org,F,1981-09-26,Dominican Republic,Punta Cana,Lawyer,226,Honorary,Active,2025-05-12 22:05:18,2025-07-18 22:05:18
1455,2201,Ulises Cárdenas,virginiaferrando@example.net,F,1993-08-06,Dominican Republic,Santiago,Marketing Specialist,112,Honorary,Active,2024-02-13 13:19:39,2024-04-02 13:19:39
1456,2202,Anastasia Marín,pascualacuellar@example.com,F,1989-01-22,Dominican Republic,Santiago,Architect,105,Student,Active,2025-06-15 01:20:16,2025-07-05 01:20:16
1457,2203,Margarita Varela,gbaro@example.net,M,1993-06-09,Dominican Republic,La Romana,Project Manager,37,Honorary,Active,2022-09-25 14:57:00,2022-12-01 14:57:00
1458,2205,Bautista Murcia,borja68@example.org,F,1988-08-10,Dominican Republic,Santiago,Data Analyst,258,Honorary,Active,2022-03-09 19:44:07,2022-05-01 19:44:07
1459,2206,Lupe Folch,coral56@example.com,F,1991-06-09,Dominican Republic,Puerto Plata,Business Consultant,20,Student,Active,2026-02-04 06:27:03,2026-03-13 06:27:03
1460,2207,Ruth Linares,wamat@example.net,F,1986-07-28,Dominican Republic,Santo Domingo,Project Manager,207,Honorary,Active,2025-11-30 12:10:50,2026-01-28 12:10:50
1461,2209,Abraham Sales,heribertoprat@example.org,F,1977-04-03,Dominican Republic,San Francisco de Macorís,Business Consultant,166,Honorary,Active,2026-02-24 12:50:54,2026-04-13 12:50:54
1462,2210,Benigno Chico,yblanes@example.com,F,1980-01-13,Dominican Republic,Puerto Plata,Lawyer,279,Individual,Active,2021-08-05 12:02:52,2021-09-30 12:02:52
1463,2211,Conrado Riquelme,pelayo57@example.net,F,1992-10-06,Dominican Republic,San Pedro de Macorís,Accountant,241,Student,Active,2024-12-26 23:23:42,2025-02-08 23:23:42
1464,2212,Leopoldo Murillo,zyanez@example.com,F,1986-09-06,Dominican Republic,Santiago,Software Engineer,190,Honorary,Active,2024-07-31 05:20:41,2024-09-22 05:20:41
1465,2214,Adelardo Aguilar,pomaresazucena@example.com,M,1987-01-06,Dominican Republic,Santo Domingo,Software Engineer,102,Corporate,Active,2025-12-18 05:37:20,2026-02-13 05:37:20
1466,2215,Miriam Ribera,lupebarcelo@example.com,F,1977-12-14,Dominican Republic,San Francisco de Macorís,Financial Analyst,80,Individual,Active,2025-01-21 23:35:36,2025-02-26 23:35:36
1467,2216,Roberto Osorio,moreno12@example.org,M,2005-11-14,Dominican Republic,Puerto Plata,Financial Analyst,65,Honorary,Active,2023-09-18 23:37:19,2023-10-28 23:37:19
1468,2217,Rosalva Mate,bruno89@example.net,F,1991-08-07,Dominican Republic,Santo Domingo,Marketing Specialist,208,Individual,Active,2024-01-19 10:51:47,2024-03-09 10:51:47
1469,2218,Adelardo Cobo,heribertoangel@example.com,M,2006-07-25,Dominican Republic,Santo Domingo,Marketing Specialist,217,Honorary,Active,2026-01-28 20:08:12,2026-02-27 20:08:12
1470,2219,Teodosio Alegria,piedadmonreal@example.com,F,2005-01-13,Dominican Republic,Punta Cana,Data Analyst,282,Corporate,Active,2021-11-20 15:37:31,2021-12-21 15:37:31
1471,2220,Luna Bartolomé,paller@example.com,F,1982-02-16,Dominican Republic,La Romana,Project Manager,21,Student,Active,2021-12-02 02:25:19,2022-02-06 02:25:19
1472,2221,Sofía Martí,fabio38@example.net,M,1989-07-09,Dominican Republic,Punta Cana,Accountant,24,Individual,Active,2022-01-18 06:25:10,2022-02-21 06:25:10
1473,2222,Fulgencio Arrieta,lupe08@example.net,M,2000-07-26,Dominican Republic,San Pedro de Macorís,Lawyer,60,Honorary,Active,2026-01-29 15:46:58,2026-03-14 15:46:58
1474,2224,Dalila Rosselló,tamaritdebora@example.com,M,2005-01-23,Dominican Republic,Punta Cana,Software Engineer,193,Individual,Active,2025-09-03 11:21:11,2025-10-30 11:21:11
1475,2225,Elpidio Llamas,ezequiel84@example.org,F,1982-08-31,Dominican Republic,San Pedro de Macorís,Data Analyst,20,Individual,Active,2024-08-12 23:24:27,2024-09-04 23:24:27
1476,2227,Paulino Pina,gmartinez@example.org,M,1995-01-10,Dominican Republic,Punta Cana,Financial Analyst,265,Honorary,Active,2024-04-08 11:48:52,2024-05-11 11:48:52
1477,2228,Andrea Gisbert,ines05@example.net,M,2003-09-18,Dominican Republic,Punta Cana,Project Manager,141,Individual,Active,2026-03-13 15:13:24,2026-04-16 15:13:24
1478,2229,Artemio Checa,kabella@example.net,F,1996-07-09,Dominican Republic,San Francisco de Macorís,Lawyer,102,Individual,Active,2023-09-01 05:37:06,2023-11-01 05:37:06
1479,2230,Julián Colom,guijarrocipriano@example.com,F,2006-07-15,Dominican Republic,Santo Domingo,Architect,62,Honorary,Active,2026-01-16 12:31:30,2026-02-04 12:31:30
1480,2231,Eli Chaves,azahar49@example.org,M,1991-06-23,Dominican Republic,Santiago,Business Consultant,201,Corporate,Active,2023-02-27 13:13:39,2023-03-30 13:13:39
1481,2232,Rafaela Miguel,apolinargordillo@example.org,F,1994-09-14,Dominican Republic,San Pedro de Macorís,Financial Analyst,129,Student,Active,2025-04-10 13:44:56,2025-04-20 13:44:56
1482,2233,Graciana Segura,imacias@example.com,F,1991-03-11,Dominican Republic,Punta Cana,Civil Engineer,117,Student,Active,2024-08-12 23:04:56,2024-09-08 23:04:56
1483,2234,Emilia Pavón,mendizabalbonifacio@example.net,M,2006-02-16,Dominican Republic,San Francisco de Macorís,Accountant,150,Student,Active,2025-02-24 00:47:08,2025-04-14 00:47:08
1484,2236,Primitiva Montero,zvilar@example.com,M,1979-02-19,Dominican Republic,Santiago,Software Engineer,200,Individual,Active,2026-05-21 02:59:52,2026-06-22 02:59:52
1485,2238,Américo Palomo,klosada@example.com,F,1989-10-26,Dominican Republic,Puerto Plata,Software Engineer,275,Honorary,Active,2025-08-14 13:09:25,2025-10-10 13:09:25
1486,2243,Esther Alvarado,pcorominas@example.org,F,1991-03-09,Dominican Republic,San Pedro de Macorís,Architect,295,Student,Active,2022-10-05 03:42:35,2022-11-08 03:42:35
1487,2244,Isidro Sáez,sanjuanetelvina@example.net,F,2007-09-17,Dominican Republic,San Pedro de Macorís,Project Manager,35,Corporate,Active,2021-10-05 06:59:01,2021-11-22 06:59:01
1488,2245,Evaristo Donoso,adrianabarbero@example.org,M,1999-08-20,Dominican Republic,Punta Cana,Civil Engineer,104,Honorary,Active,2025-03-05 12:24:04,2025-03-09 12:24:04
1489,2248,Hermenegildo Zamorano,arinopia@example.com,M,2001-01-04,Dominican Republic,Puerto Plata,Civil Engineer,272,Honorary,Active,2023-04-27 08:05:25,2023-06-22 08:05:25
1490,2249,Óscar Vilar,osoriodalila@example.org,M,1986-06-06,Dominican Republic,San Pedro de Macorís,Financial Analyst,231,Corporate,Active,2025-09-25 15:17:24,2025-12-01 15:17:24
1491,2250,Eligia Barco,rafael89@example.net,M,1996-11-13,Dominican Republic,La Romana,Accountant,233,Individual,Active,2024-11-08 01:19:41,2024-12-14 01:19:41
1492,2251,Florencio Quirós,anselmalago@example.net,F,1992-12-09,Dominican Republic,Punta Cana,Civil Engineer,35,Corporate,Active,2025-04-20 17:58:43,2025-05-14 17:58:43
1493,2253,Cebrián Corbacho,doritapujol@example.net,M,1979-03-25,Dominican Republic,Santiago,Business Consultant,123,Individual,Active,2023-01-24 23:41:27,2023-03-02 23:41:27
1494,2254,Darío Anaya,malena18@example.net,M,1978-12-03,Dominican Republic,Puerto Plata,Project Manager,257,Corporate,Active,2022-11-06 01:50:16,2022-12-29 01:50:16
1495,2256,Florencia Torres,querolroman@example.net,M,2001-05-27,Dominican Republic,Punta Cana,Civil Engineer,78,Honorary,Active,2021-11-04 08:15:32,2021-12-27 08:15:32
1496,2257,Samanta Carrasco,sanzdelia@example.org,F,1982-12-30,Dominican Republic,Santiago,Marketing Specialist,44,Student,Active,2025-08-16 01:06:10,2025-10-24 01:06:10
1497,2258,Melisa Collado,roldanguardia@example.org,M,1984-11-18,Dominican Republic,Punta Cana,Data Analyst,22,Corporate,Active,2025-11-18 06:54:51,2025-12-13 06:54:51
1498,2260,Arsenio Rivero,dmosquera@example.net,F,1996-06-04,Dominican Republic,Santo Domingo,Accountant,181,Honorary,Active,2025-01-19 00:11:54,2025-02-27 00:11:54
1499,2261,Rosalva Villena,gracianoneira@example.com,M,1999-01-09,Dominican Republic,La Romana,Architect,244,Student,Active,2025-04-29 10:33:06,2025-05-18 10:33:06
1500,2263,Priscila Gibert,moraledanarciso@example.com,M,1997-01-13,Dominican Republic,Santiago,Financial Analyst,130,Corporate,Active,2021-11-23 04:08:14,2022-01-11 04:08:14
1501,2264,Isa Monreal,waparicio@example.org,M,1997-06-06,Dominican Republic,San Francisco de Macorís,Marketing Specialist,52,Student,Active,2022-04-30 07:58:07,2022-06-16 07:58:07
1502,2265,Beatriz Tejera,ascensionllanos@example.net,M,2003-07-03,Dominican Republic,Punta Cana,Business Consultant,213,Individual,Active,2023-11-30 21:35:19,2023-12-12 21:35:19
1503,2268,Marina Corominas,floramora@example.org,F,1982-04-13,Dominican Republic,Santiago,Software Engineer,111,Corporate,Active,2024-12-09 02:13:13,2025-02-06 02:13:13
1504,2269,Blanca Saldaña,morataeulalia@example.com,F,2003-05-26,Dominican Republic,La Romana,Lawyer,104,Student,Active,2026-01-26 23:43:27,2026-03-04 23:43:27
1505,2270,Eligia Benavente,rioselena@example.com,M,1996-07-21,Dominican Republic,Punta Cana,Marketing Specialist,212,Corporate,Active,2025-04-30 10:14:09,2025-06-19 10:14:09
1506,2272,Teodosio Vila,juan-jose67@example.net,M,2003-02-04,Dominican Republic,San Pedro de Macorís,Marketing Specialist,142,Student,Active,2024-01-11 04:23:47,2024-03-10 04:23:47
1507,2273,Amador Guardiola,troma@example.org,F,1977-10-15,Dominican Republic,Punta Cana,Business Consultant,12,Corporate,Active,2025-03-16 16:19:26,2025-04-23 16:19:26
1508,2274,Isaías Cañizares,alexandra37@example.net,M,1998-01-18,Dominican Republic,Santo Domingo,Accountant,85,Corporate,Active,2023-04-21 16:30:22,2023-05-11 16:30:22
1509,2275,Ruperta Carrera,dafne75@example.com,M,1999-07-26,Dominican Republic,San Francisco de Macorís,Financial Analyst,249,Individual,Active,2022-11-23 02:30:20,2023-01-20 02:30:20
1510,2276,Eliana Colom,gguillen@example.net,M,1988-12-01,Dominican Republic,Punta Cana,Financial Analyst,35,Student,Active,2026-04-16 23:25:48,2026-05-08 23:25:48
1511,2278,Rafa Mayo,pacagonzalez@example.org,F,1981-06-26,Dominican Republic,San Francisco de Macorís,Architect,56,Individual,Active,2024-01-31 19:37:06,2024-04-05 19:37:06
1512,2279,Cipriano Peña,bruno85@example.net,M,2000-09-01,Dominican Republic,San Pedro de Macorís,Business Consultant,217,Corporate,Active,2023-09-11 12:47:25,2023-09-19 12:47:25
1513,2280,Brígida Huertas,bporcel@example.com,F,2006-07-03,Dominican Republic,La Romana,Financial Analyst,88,Individual,Active,2023-04-18 13:17:41,2023-06-26 13:17:41
1514,2282,Lucía Carvajal,manuelita95@example.net,M,1985-03-04,Dominican Republic,Santo Domingo,Financial Analyst,65,Honorary,Active,2022-03-26 06:38:30,2022-05-20 06:38:30
1515,2284,Abraham Navarro,cuellartomasa@example.org,F,1978-02-22,Dominican Republic,Puerto Plata,Software Engineer,124,Corporate,Active,2025-11-25 05:53:44,2025-12-29 05:53:44
1516,2285,Graciana Burgos,pbello@example.com,M,2005-11-07,Dominican Republic,La Romana,Accountant,105,Individual,Active,2022-05-16 16:45:30,2022-07-12 16:45:30
1517,2286,Javier Marín,guadalupe76@example.net,F,2005-10-15,Dominican Republic,La Romana,Accountant,135,Individual,Active,2022-01-11 11:09:26,2022-03-23 11:09:26
1518,2287,Julieta Jara,joaquinatorrens@example.com,M,1985-04-27,Dominican Republic,San Pedro de Macorís,Architect,241,Honorary,Active,2021-10-01 17:38:58,2021-11-29 17:38:58
1519,2288,Magdalena Castells,blancaquiros@example.com,F,1998-02-19,Dominican Republic,Puerto Plata,Marketing Specialist,82,Student,Active,2023-08-02 08:59:53,2023-09-04 08:59:53
1520,2291,Duilio Pina,briba@example.org,M,1975-07-31,Dominican Republic,Punta Cana,Data Analyst,162,Honorary,Active,2022-09-20 01:10:57,2022-10-27 01:10:57
1521,2292,Matías Prado,leopoldodavila@example.org,F,1980-02-07,Dominican Republic,Santiago,Data Analyst,54,Honorary,Active,2022-08-15 04:24:23,2022-09-28 04:24:23
1522,2293,Eliseo Gimeno,encarna98@example.org,M,1977-12-28,Dominican Republic,Santiago,Civil Engineer,43,Individual,Active,2023-04-23 01:37:28,2023-06-10 01:37:28
1523,2294,Luciana Río,aginer@example.com,F,1987-09-18,Dominican Republic,San Francisco de Macorís,Accountant,235,Individual,Active,2021-09-01 15:28:48,2021-10-24 15:28:48
1524,2295,Ciríaco Sánchez,ubello@example.org,F,1997-02-26,Dominican Republic,San Pedro de Macorís,Financial Analyst,90,Corporate,Active,2024-02-14 07:28:10,2024-04-06 07:28:10
1525,2296,Leoncio Quintanilla,lledolazaro@example.org,M,1996-07-07,Dominican Republic,Santo Domingo,Data Analyst,290,Individual,Active,2022-12-05 15:34:23,2023-01-08 15:34:23
1526,2298,Toño Meléndez,rupertapenas@example.org,F,1979-04-10,Dominican Republic,Puerto Plata,Civil Engineer,35,Individual,Active,2026-03-16 23:39:16,2026-04-12 23:39:16
1527,2299,Rodolfo Hoz,ycastellanos@example.org,M,1977-10-16,Dominican Republic,San Pedro de Macorís,Software Engineer,17,Student,Active,2026-05-11 23:47:02,2026-06-15 23:47:02
1528,2300,Daniela Palacios,wnadal@example.net,M,2001-04-26,Dominican Republic,Santiago,Accountant,198,Student,Active,2022-11-16 05:15:04,2023-01-13 05:15:04
1529,2301,Feliciana España,yrodenas@example.com,M,2003-02-25,Dominican Republic,San Pedro de Macorís,Marketing Specialist,67,Corporate,Active,2022-04-27 10:25:45,2022-06-30 10:25:45
1530,2302,Marc Arrieta,gasconaurea@example.net,M,1986-07-13,Dominican Republic,Santo Domingo,Accountant,82,Corporate,Active,2021-07-21 04:31:27,2021-09-28 04:31:27
1531,2303,Gastón Nadal,bernardo34@example.com,M,2007-01-05,Dominican Republic,Santo Domingo,Architect,75,Individual,Active,2023-09-16 06:45:46,2023-10-13 06:45:46
1532,2305,Jenaro Abascal,adora33@example.org,M,1984-02-16,Dominican Republic,Punta Cana,Accountant,45,Honorary,Active,2024-08-08 16:24:26,2024-09-06 16:24:26
1533,2310,Teodoro Bustamante,baldomeroalvaro@example.com,F,1992-08-11,Dominican Republic,Puerto Plata,Architect,253,Honorary,Active,2021-12-20 19:02:22,2022-03-08 19:02:22
1534,2311,Benito Cabo,fhervia@example.com,F,1982-07-17,Dominican Republic,San Pedro de Macorís,Business Consultant,75,Corporate,Active,2022-04-01 10:01:54,2022-05-17 10:01:54
1535,2313,Seve Donaire,alcoleaamalia@example.net,F,1978-03-03,Dominican Republic,San Francisco de Macorís,Project Manager,155,Corporate,Active,2026-03-14 12:32:17,2026-05-09 12:32:17
1536,2314,Yago Cabanillas,ramirezevangelina@example.net,M,1986-06-02,Dominican Republic,Santiago,Civil Engineer,47,Individual,Active,2025-02-17 11:00:10,2025-03-02 11:00:10
1537,2315,Marcial Castells,maria70@example.com,F,1997-05-20,Dominican Republic,San Pedro de Macorís,Business Consultant,154,Student,Active,2026-03-11 19:09:50,2026-04-20 19:09:50
1538,2316,Florinda Abril,rosarioroman@example.net,M,1997-11-13,Dominican Republic,San Pedro de Macorís,Accountant,15,Student,Active,2023-03-20 09:46:12,2023-04-11 09:46:12
1539,2319,Flor Naranjo,morerayolanda@example.org,F,1981-04-02,Dominican Republic,San Francisco de Macorís,Civil Engineer,67,Honorary,Active,2023-12-26 05:17:31,2024-02-07 05:17:31
1540,2320,Manu Bustos,mancebomodesta@example.org,M,1976-06-16,Dominican Republic,San Francisco de Macorís,Marketing Specialist,242,Individual,Active,2024-12-18 18:49:31,2025-02-18 18:49:31
1541,2321,Sebastian Tenorio,calderonmaxi@example.org,F,1984-03-29,Dominican Republic,La Romana,Accountant,172,Honorary,Active,2024-04-01 22:30:49,2024-05-30 22:30:49
1542,2327,Jacinto Cabrero,javierdavila@example.com,M,1981-09-15,Dominican Republic,Santo Domingo,Project Manager,199,Honorary,Active,2025-12-05 19:37:55,2026-01-14 19:37:55
1543,2330,Salomón Martín,emilia76@example.org,F,1981-06-04,Dominican Republic,San Francisco de Macorís,Business Consultant,291,Honorary,Active,2023-10-10 19:09:02,2023-12-13 19:09:02
1544,2331,Dalila Vigil,mroman@example.com,M,1981-06-11,Dominican Republic,Punta Cana,Financial Analyst,261,Individual,Active,2021-12-29 20:03:35,2022-02-20 20:03:35
1545,2332,Luna Palacios,ulisessantiago@example.net,F,1998-04-29,Dominican Republic,San Francisco de Macorís,Civil Engineer,260,Individual,Active,2025-07-23 18:17:42,2025-08-31 18:17:42
1546,2335,Rodolfo Quintero,odalys59@example.org,F,1984-08-18,Dominican Republic,La Romana,Project Manager,65,Corporate,Active,2025-09-06 09:56:17,2025-10-29 09:56:17
1547,2336,María Cristina Porta,rafaelhoz@example.net,F,1992-11-29,Dominican Republic,La Romana,Data Analyst,94,Individual,Active,2022-01-17 16:39:53,2022-03-03 16:39:53
1548,2337,Estefanía Riera,gmarin@example.com,M,1991-08-12,Dominican Republic,Puerto Plata,Architect,9,Student,Active,2024-09-03 09:33:49,2024-10-23 09:33:49
1549,2338,Isidoro Ibañez,kpelaez@example.com,F,2005-05-29,Dominican Republic,Santo Domingo,Data Analyst,246,Student,Active,2025-04-15 06:33:44,2025-06-11 06:33:44
1550,2339,Mayte Lillo,urovira@example.com,M,1998-03-22,Dominican Republic,Santiago,Project Manager,86,Individual,Active,2023-07-08 09:34:57,2023-09-20 09:34:57
1551,2340,Nilo Galindo,wcastejon@example.net,M,2005-06-29,Dominican Republic,Santiago,Civil Engineer,78,Corporate,Active,2026-03-22 18:15:25,2026-06-12 18:15:25
1552,2341,Susanita Nicolau,fabiomanjon@example.org,M,2005-05-20,Dominican Republic,Santo Domingo,Software Engineer,85,Honorary,Active,2024-10-31 18:09:06,2024-12-12 18:09:06
1553,2342,Ana Contreras,cristian57@example.org,F,1980-11-09,Dominican Republic,Puerto Plata,Project Manager,126,Honorary,Active,2025-06-04 09:41:05,2025-08-06 09:41:05
1554,2344,Georgina Macías,gmoya@example.net,M,1990-02-17,Dominican Republic,Puerto Plata,Software Engineer,254,Corporate,Active,2023-08-17 20:51:14,2023-10-17 20:51:14
1555,2345,Guiomar Amo,zcadenas@example.net,F,1993-11-06,Dominican Republic,Santo Domingo,Software Engineer,90,Corporate,Active,2022-10-13 13:16:48,2022-11-10 13:16:48
1556,2346,Manu Sosa,encarnacionberenguer@example.com,F,1978-10-20,Dominican Republic,Santo Domingo,Business Consultant,79,Honorary,Active,2024-07-18 19:52:52,2024-09-21 19:52:52
1557,2347,Rosalinda Gomez,cadenasrufino@example.net,M,1997-11-03,Dominican Republic,Santiago,Project Manager,61,Student,Active,2023-03-16 17:09:25,2023-05-12 17:09:25
1558,2348,Jordana Serrano,andresjose-ignacio@example.org,F,1992-06-10,Dominican Republic,Puerto Plata,Lawyer,170,Corporate,Active,2023-04-21 09:32:40,2023-05-24 09:32:40
1559,2349,Ainoa Castrillo,ebarral@example.net,M,1981-03-06,Dominican Republic,San Pedro de Macorís,Architect,269,Individual,Active,2021-07-26 02:50:36,2021-08-28 02:50:36
1560,2350,Claudio Llanos,jtoledo@example.net,F,1976-03-06,Dominican Republic,San Francisco de Macorís,Software Engineer,179,Individual,Active,2026-04-05 16:52:54,2026-05-27 16:52:54
1561,2352,Donato Machado,lferrandiz@example.com,M,2002-03-03,Dominican Republic,San Pedro de Macorís,Civil Engineer,53,Honorary,Active,2025-04-16 19:06:31,2025-06-19 19:06:31
1562,2353,Régulo Espejo,felisa42@example.net,M,1995-03-15,Dominican Republic,La Romana,Marketing Specialist,37,Individual,Active,2022-12-06 09:42:25,2023-01-30 09:42:25
1563,2354,Román Martin,maricela63@example.org,M,1995-11-14,Dominican Republic,San Francisco de Macorís,Civil Engineer,202,Individual,Active,2022-06-16 18:37:41,2022-07-13 18:37:41
1564,2356,Raquel Bernal,escuderofelisa@example.com,F,1999-06-07,Dominican Republic,Santo Domingo,Financial Analyst,222,Student,Active,2024-10-16 06:06:11,2024-11-08 06:06:11
1565,2357,Lina Manzano,nborrego@example.com,F,1990-11-22,Dominican Republic,Santo Domingo,Marketing Specialist,221,Individual,Active,2021-09-30 22:35:17,2021-11-06 22:35:17
1566,2360,Salvador Huerta,lupe90@example.org,M,1982-02-25,Dominican Republic,San Pedro de Macorís,Project Manager,285,Student,Active,2023-06-16 22:47:45,2023-07-24 22:47:45
1567,2362,Itziar Llanos,lucenaartemio@example.net,F,1994-02-02,Dominican Republic,San Pedro de Macorís,Lawyer,141,Corporate,Active,2023-10-15 17:57:26,2023-12-03 17:57:26
1568,2363,Chus Barrios,roviraana@example.net,F,1982-11-23,Dominican Republic,San Francisco de Macorís,Financial Analyst,17,Individual,Active,2021-11-07 14:30:04,2021-12-18 14:30:04
1569,2364,Candelario Iglesias,callejasalvador@example.org,F,1985-02-26,Dominican Republic,La Romana,Civil Engineer,14,Student,Active,2022-03-28 11:21:07,2022-05-19 11:21:07
1570,2366,Eutropio Ávila,hrincon@example.com,M,2006-09-11,Dominican Republic,Puerto Plata,Business Consultant,270,Honorary,Active,2026-02-28 12:53:17,2026-04-15 12:53:17
1571,2368,Juan Valls,marciano84@example.org,F,1977-07-26,Dominican Republic,La Romana,Financial Analyst,235,Individual,Active,2023-04-25 11:16:16,2023-05-27 11:16:16
1572,2369,Melchor Figueroa,roigbenjamin@example.net,M,1991-10-18,Dominican Republic,Punta Cana,Accountant,146,Honorary,Active,2026-05-05 08:24:33,2026-06-14 08:24:33
1573,2370,Hilda Báez,ncabo@example.net,F,1988-07-13,Dominican Republic,Punta Cana,Lawyer,239,Individual,Active,2022-01-12 01:06:21,2022-03-15 01:06:21
1574,2372,David Frutos,micaelacabanas@example.net,F,1998-09-23,Dominican Republic,Santiago,Project Manager,135,Individual,Active,2024-02-29 20:53:30,2024-04-11 20:53:30
1575,2373,Ángeles Alegre,marciosimo@example.net,F,2005-01-16,Dominican Republic,Santo Domingo,Project Manager,44,Corporate,Active,2021-07-26 20:49:38,2021-09-04 20:49:38
1576,2375,Ángel Martínez,elias71@example.net,F,1982-10-12,Dominican Republic,San Francisco de Macorís,Project Manager,11,Student,Active,2025-03-29 12:31:58,2025-04-21 12:31:58
1577,2376,Alba Viana,amor64@example.com,F,1981-11-28,Dominican Republic,Santiago,Business Consultant,56,Individual,Active,2022-02-21 09:28:48,2022-03-19 09:28:48
1578,2377,Jorge Bernal,valeramarcial@example.net,M,1979-04-24,Dominican Republic,La Romana,Financial Analyst,178,Individual,Active,2024-10-02 20:12:49,2024-12-03 20:12:49
1579,2378,Donato Macías,josepcordero@example.org,M,1987-05-20,Dominican Republic,Santiago,Business Consultant,2,Individual,Active,2023-12-12 17:06:02,2024-01-18 17:06:02
1580,2380,Aurelio Reig,yesteve@example.org,M,1989-05-12,Dominican Republic,San Francisco de Macorís,Accountant,207,Student,Active,2026-03-11 15:33:14,2026-03-30 15:33:14
1581,2382,Teodora Benavides,chamorroevita@example.com,F,1985-02-26,Dominican Republic,San Pedro de Macorís,Data Analyst,283,Student,Active,2025-09-02 04:02:43,2025-11-01 04:02:43
1582,2383,Lola Bas,hllorente@example.net,M,2006-08-28,Dominican Republic,Puerto Plata,Civil Engineer,162,Corporate,Active,2024-08-01 12:13:24,2024-08-29 12:13:24
1583,2385,Rafael Camino,toribio75@example.net,F,2006-09-24,Dominican Republic,Santo Domingo,Lawyer,18,Corporate,Active,2024-12-13 02:42:51,2025-03-01 02:42:51
1584,2386,Horacio Pavón,mayte84@example.org,M,2004-07-05,Dominican Republic,Punta Cana,Financial Analyst,263,Honorary,Active,2023-02-05 20:52:53,2023-03-06 20:52:53
1585,2387,Vidal Boix,ycosta@example.com,F,1980-01-24,Dominican Republic,San Francisco de Macorís,Software Engineer,182,Student,Active,2024-08-10 00:19:40,2024-09-29 00:19:40
1586,2389,Gracia Arnau,mariscalrosa-maria@example.net,M,2006-11-12,Dominican Republic,Puerto Plata,Data Analyst,57,Individual,Active,2023-11-13 04:23:38,2023-12-21 04:23:38
1587,2391,Rosalinda Escolano,apolinar87@example.org,M,2005-05-14,Dominican Republic,La Romana,Accountant,90,Honorary,Active,2021-07-29 11:27:45,2021-09-11 11:27:45
1588,2394,Angélica Cantero,ortegasabina@example.net,F,1981-01-07,Dominican Republic,San Pedro de Macorís,Architect,223,Student,Active,2022-09-21 11:16:11,2022-11-10 11:16:11
1589,2396,Albert Lobato,jmorillo@example.net,M,1982-01-30,Dominican Republic,Santiago,Financial Analyst,30,Honorary,Active,2024-07-29 11:43:56,2024-10-18 11:43:56
1590,2397,Eloísa Martinez,abellaleandro@example.org,M,1976-11-08,Dominican Republic,San Pedro de Macorís,Marketing Specialist,216,Corporate,Active,2026-03-31 11:04:42,2026-06-19 11:04:42
1591,2398,Julio Santamaria,graciaramon@example.org,F,1999-07-02,Dominican Republic,Puerto Plata,Accountant,132,Corporate,Active,2022-07-07 05:00:13,2022-08-27 05:00:13
1592,2399,Jose Manuel Oliver,mirallesguillermo@example.com,F,2008-06-08,Dominican Republic,Santiago,Software Engineer,204,Corporate,Active,2025-04-19 19:47:14,2025-06-15 19:47:14
1593,2400,Áurea Coello,maria-dolorescastro@example.org,M,2002-06-17,Dominican Republic,Santo Domingo,Lawyer,121,Student,Active,2025-03-31 04:51:41,2025-05-18 04:51:41
1594,2401,Luis Miguel Carpio,amelia80@example.net,F,2001-05-11,Dominican Republic,Santo Domingo,Software Engineer,251,Individual,Active,2025-06-25 04:52:37,2025-08-11 04:52:37
1595,2402,Azucena Hernandez,castellangeles@example.net,M,1976-02-11,Dominican Republic,Santo Domingo,Project Manager,89,Individual,Active,2022-02-24 15:03:08,2022-03-21 15:03:08
1596,2403,Amado Marín,maestrevirginia@example.net,F,2007-08-15,Dominican Republic,San Francisco de Macorís,Accountant,32,Individual,Active,2024-05-01 23:33:05,2024-07-16 23:33:05
1597,2404,Jose Carlos Mata,mendezsalome@example.org,F,2002-04-18,Dominican Republic,Santiago,Marketing Specialist,173,Student,Active,2025-11-15 16:06:31,2026-01-03 16:06:31
1598,2406,Lucio Castells,diezche@example.net,M,1992-11-17,Dominican Republic,Punta Cana,Data Analyst,63,Student,Active,2026-04-04 06:06:12,2026-06-16 06:06:12
1599,2407,Ángeles Godoy,polivan@example.com,M,1992-06-18,Dominican Republic,San Pedro de Macorís,Architect,279,Student,Active,2026-04-15 23:57:02,2026-05-29 23:57:02
1600,2408,Felisa Amaya,abrilcarlos@example.net,F,1980-06-29,Dominican Republic,San Pedro de Macorís,Project Manager,202,Student,Active,2022-05-11 22:18:04,2022-06-06 22:18:04
1601,2409,Iván Sales,yessica36@example.net,F,1995-02-12,Dominican Republic,La Romana,Architect,23,Honorary,Active,2021-08-25 04:10:44,2021-09-20 04:10:44
1602,2411,José Almansa,glauco90@example.com,F,1996-01-14,Dominican Republic,Santiago,Civil Engineer,204,Corporate,Active,2025-03-10 05:09:17,2025-04-14 05:09:17
1603,2412,Claudia Avilés,plinio28@example.net,M,2002-10-13,Dominican Republic,San Pedro de Macorís,Financial Analyst,132,Corporate,Active,2026-02-25 05:09:02,2026-05-06 05:09:02
1604,2413,Timoteo Alcolea,ubatlle@example.org,F,1988-09-30,Dominican Republic,San Francisco de Macorís,Business Consultant,3,Honorary,Active,2024-05-08 14:27:25,2024-05-24 14:27:25
1605,2415,Tere Aroca,pujolmaximino@example.org,M,1990-08-22,Dominican Republic,Puerto Plata,Data Analyst,252,Student,Active,2025-01-20 21:35:37,2025-02-21 21:35:37
1606,2416,Ciro Gisbert,tbayon@example.net,M,2006-02-11,Dominican Republic,Santiago,Data Analyst,290,Individual,Active,2026-03-23 23:32:42,2026-04-25 23:32:42
1607,2417,Bautista Chaves,isidro08@example.com,M,1982-02-22,Dominican Republic,San Francisco de Macorís,Project Manager,42,Corporate,Active,2025-08-09 09:45:23,2025-09-04 09:45:23
1608,2419,Ángel Valenzuela,mohamedagullo@example.net,M,1985-02-14,Dominican Republic,Punta Cana,Business Consultant,196,Corporate,Active,2023-02-05 17:28:22,2023-03-11 17:28:22
1609,2422,Octavio Huerta,ucampoy@example.net,F,1987-01-11,Dominican Republic,Puerto Plata,Project Manager,279,Corporate,Active,2024-03-19 03:56:56,2024-05-26 03:56:56
1610,2424,Albino Cámara,fidel57@example.org,M,1983-09-01,Dominican Republic,Puerto Plata,Accountant,243,Individual,Active,2023-05-05 22:11:14,2023-07-12 22:11:14
1611,2425,Ismael Cobos,imelda94@example.com,F,1981-09-11,Dominican Republic,Puerto Plata,Software Engineer,155,Honorary,Active,2023-06-03 23:05:35,2023-07-11 23:05:35
1612,2426,Regina Blanch,felicidad82@example.net,M,1988-09-09,Dominican Republic,San Francisco de Macorís,Business Consultant,49,Honorary,Active,2023-06-16 18:12:12,2023-07-15 18:12:12
1613,2427,Arturo Losa,chaveselodia@example.com,M,1988-11-16,Dominican Republic,Punta Cana,Financial Analyst,57,Honorary,Active,2023-02-04 14:16:43,2023-03-14 14:16:43
1614,2428,Verónica Botella,gcruz@example.com,F,1985-08-01,Dominican Republic,Santo Domingo,Accountant,219,Student,Active,2022-11-13 04:26:40,2022-12-20 04:26:40
1615,2429,Eli Chamorro,amandomatas@example.org,F,1989-05-21,Dominican Republic,Santo Domingo,Marketing Specialist,23,Honorary,Active,2025-06-24 02:44:20,2025-07-05 02:44:20
1616,2430,Camila Elorza,palomarisaura@example.org,F,1995-08-13,Dominican Republic,Punta Cana,Accountant,220,Student,Active,2023-01-11 14:01:57,2023-01-20 14:01:57
1617,2431,Trinidad Ramis,egallego@example.org,F,1989-01-03,Dominican Republic,La Romana,Financial Analyst,29,Corporate,Active,2023-06-01 00:13:42,2023-06-12 00:13:42
1618,2432,Edmundo Pacheco,garrigadomingo@example.org,F,1995-06-25,Dominican Republic,San Francisco de Macorís,Business Consultant,188,Student,Active,2022-11-12 22:15:56,2022-12-30 22:15:56
1619,2433,Angelita Arrieta,bernardita50@example.org,F,1980-09-03,Dominican Republic,Santiago,Project Manager,248,Corporate,Active,2021-11-30 13:14:37,2022-01-04 13:14:37
1620,2434,Silvio Bustos,caminocorona@example.org,F,1997-05-28,Dominican Republic,San Pedro de Macorís,Financial Analyst,265,Corporate,Active,2023-08-09 01:39:28,2023-10-11 01:39:28
1621,2435,Héctor Pereira,ameliatorrens@example.org,M,1996-01-26,Dominican Republic,Santiago,Accountant,125,Corporate,Active,2022-01-21 11:17:57,2022-03-06 11:17:57
1622,2437,Tito Cabezas,lcoll@example.com,M,1988-05-04,Dominican Republic,Santo Domingo,Data Analyst,173,Honorary,Active,2023-12-02 19:32:28,2024-01-09 19:32:28
1623,2438,Juana Ugarte,vilaplanamanola@example.com,M,1987-07-28,Dominican Republic,Santo Domingo,Project Manager,83,Honorary,Active,2024-02-28 20:04:58,2024-04-06 20:04:58
1624,2439,Abilio Sancho,javiabad@example.com,F,2002-07-17,Dominican Republic,San Francisco de Macorís,Architect,157,Honorary,Active,2024-06-16 15:41:16,2024-07-11 15:41:16
1625,2440,Lucía Gaya,manuelitaguillen@example.org,M,2008-04-09,Dominican Republic,Puerto Plata,Project Manager,15,Student,Active,2024-10-21 20:32:53,2024-12-07 20:32:53
1626,2441,Florina Solís,sbenet@example.com,M,1988-05-08,Dominican Republic,San Francisco de Macorís,Civil Engineer,216,Corporate,Active,2023-12-30 07:37:10,2024-02-27 07:37:10
1627,2442,Valero Maestre,vicentealberto@example.net,M,1979-07-21,Dominican Republic,Punta Cana,Civil Engineer,2,Student,Active,2024-01-18 05:12:10,2024-02-19 05:12:10
1628,2443,Marita Osorio,inescalvet@example.org,M,1998-04-30,Dominican Republic,San Pedro de Macorís,Marketing Specialist,216,Honorary,Active,2025-05-15 19:24:51,2025-06-15 19:24:51
1629,2444,Andrea Roman,vroman@example.org,M,1987-04-03,Dominican Republic,Punta Cana,Architect,229,Corporate,Active,2023-01-13 18:23:35,2023-02-15 18:23:35
1630,2445,Genoveva Sotelo,ibautista@example.org,M,2002-03-13,Dominican Republic,La Romana,Software Engineer,298,Honorary,Active,2022-11-22 23:04:36,2023-01-05 23:04:36
1631,2448,Rosendo Tejera,yamador@example.net,M,2003-08-18,Dominican Republic,Punta Cana,Data Analyst,199,Corporate,Active,2025-08-06 00:41:03,2025-09-15 00:41:03
1632,2450,Isaura Torre,pagesdelfina@example.org,F,1977-12-18,Dominican Republic,Punta Cana,Financial Analyst,254,Student,Active,2022-09-15 10:03:12,2022-11-10 10:03:12
1633,2451,Reyes Villanueva,flor85@example.com,M,1983-01-14,Dominican Republic,Punta Cana,Lawyer,205,Student,Active,2025-10-07 15:41:08,2025-11-16 15:41:08
1634,2453,Apolinar Andres,wilfredonavarro@example.org,F,1994-12-01,Dominican Republic,Santiago,Architect,35,Honorary,Active,2026-02-08 14:23:01,2026-03-05 14:23:01
1635,2455,Ulises Ocaña,npinto@example.org,F,1979-11-04,Dominican Republic,Santo Domingo,Software Engineer,54,Student,Active,2025-08-08 21:36:44,2025-09-17 21:36:44
1636,2456,Marisol Jordá,tudelagenoveva@example.net,F,1982-05-23,Dominican Republic,Santo Domingo,Project Manager,280,Individual,Active,2025-10-04 09:33:00,2025-12-22 09:33:00
1637,2457,Seve Noriega,nogueirateresita@example.org,M,2006-10-23,Dominican Republic,San Pedro de Macorís,Architect,267,Student,Active,2025-12-26 20:25:16,2026-02-04 20:25:16
1638,2458,Emilio Armengol,cabellomelania@example.com,M,1998-03-26,Dominican Republic,Punta Cana,Lawyer,208,Corporate,Active,2021-10-15 17:26:53,2021-11-25 17:26:53
1639,2459,Ofelia Pons,fernando66@example.com,F,1981-10-15,Dominican Republic,Punta Cana,Architect,242,Student,Active,2025-03-13 19:26:19,2025-05-11 19:26:19
1640,2461,Onofre Giménez,amayapavon@example.net,M,1988-11-15,Dominican Republic,Punta Cana,Business Consultant,52,Corporate,Active,2024-03-15 02:16:27,2024-05-21 02:16:27
1641,2462,Maricruz Polo,qreig@example.net,F,1990-07-18,Dominican Republic,La Romana,Architect,193,Corporate,Active,2025-11-18 01:34:30,2026-01-06 01:34:30
1642,2463,Lázaro Rojas,fidellopez@example.net,F,1985-04-29,Dominican Republic,Santiago,Data Analyst,109,Corporate,Active,2024-08-28 14:26:30,2024-10-21 14:26:30
1643,2465,Adelardo Reyes,clementinariquelme@example.com,M,1988-07-24,Dominican Republic,Santiago,Civil Engineer,124,Corporate,Active,2026-01-27 00:58:52,2026-03-16 00:58:52
1644,2466,Úrsula Múgica,claveroolivia@example.net,M,1977-05-17,Dominican Republic,La Romana,Architect,80,Corporate,Active,2025-02-12 15:55:43,2025-04-27 15:55:43
1645,2467,María Dolores Cases,trios@example.com,M,1981-08-18,Dominican Republic,La Romana,Lawyer,215,Student,Active,2023-07-02 11:08:52,2023-07-29 11:08:52
1646,2469,Roxana Chacón,castrocoral@example.org,M,1985-10-10,Dominican Republic,Santiago,Business Consultant,122,Student,Active,2025-04-01 11:06:11,2025-05-26 11:06:11
1647,2471,Íñigo Aguado,visitacion57@example.net,M,1994-10-30,Dominican Republic,Puerto Plata,Project Manager,223,Honorary,Active,2025-06-22 23:10:26,2025-08-03 23:10:26
1648,2472,Rosa Cerro,demetrio84@example.net,M,1997-10-30,Dominican Republic,San Francisco de Macorís,Marketing Specialist,202,Honorary,Active,2021-12-21 20:29:09,2022-02-09 20:29:09
1649,2473,Álvaro Amador,jeremiasavila@example.org,F,1978-09-18,Dominican Republic,Puerto Plata,Civil Engineer,217,Corporate,Active,2024-01-08 13:47:51,2024-02-02 13:47:51
1650,2475,Joaquina Barba,maximiliano16@example.com,M,1989-02-22,Dominican Republic,San Francisco de Macorís,Project Manager,26,Student,Active,2025-04-26 21:06:29,2025-06-16 21:06:29
1651,2476,Albano Prats,santosgimenez@example.net,F,1980-04-24,Dominican Republic,Santiago,Data Analyst,61,Student,Active,2025-12-15 18:00:30,2026-01-28 18:00:30
1652,2479,María Teresa Frutos,marinagarcia@example.com,M,2004-06-02,Dominican Republic,Puerto Plata,Marketing Specialist,209,Honorary,Active,2025-05-15 19:20:50,2025-07-22 19:20:50
1653,2480,Imelda Piquer,vergaraflavio@example.net,M,1993-11-29,Dominican Republic,San Francisco de Macorís,Architect,285,Honorary,Active,2024-12-24 05:45:05,2025-02-09 05:45:05
1654,2481,Andrea Boada,ricoaguirre@example.com,F,1997-04-23,Dominican Republic,La Romana,Project Manager,63,Honorary,Active,2023-09-08 03:08:51,2023-10-16 03:08:51
1655,2482,Elvira Macias,bcanas@example.net,F,1988-02-19,Dominican Republic,Puerto Plata,Lawyer,268,Honorary,Active,2025-02-05 05:21:04,2025-02-22 05:21:04
1656,2484,María Carmen Bueno,reinaldoayllon@example.net,F,2008-07-02,Dominican Republic,San Pedro de Macorís,Business Consultant,267,Student,Active,2021-07-16 07:46:32,2021-08-30 07:46:32
1657,2489,Perla Murillo,azaharacalderon@example.com,F,1993-01-19,Dominican Republic,San Francisco de Macorís,Data Analyst,141,Individual,Active,2023-05-19 10:17:26,2023-07-14 10:17:26
1658,2490,Albina Menéndez,wmontenegro@example.net,M,1977-03-24,Dominican Republic,La Romana,Architect,258,Corporate,Active,2023-03-17 19:18:51,2023-05-17 19:18:51
1659,2491,Aristides Albero,quintanaascension@example.com,F,1988-07-04,Dominican Republic,Santiago,Lawyer,239,Honorary,Active,2023-12-06 02:31:34,2024-01-09 02:31:34
1660,2493,Áurea Arcos,susanitasevillano@example.net,M,1979-01-09,Dominican Republic,San Francisco de Macorís,Project Manager,179,Student,Active,2024-12-22 03:33:04,2025-02-14 03:33:04
1661,2494,Teófila Águila,alondracalderon@example.com,M,1978-09-15,Dominican Republic,La Romana,Project Manager,5,Corporate,Active,2022-06-09 23:57:03,2022-06-30 23:57:03
1662,2495,Pío Villalobos,zrodrigo@example.net,M,1989-11-25,Dominican Republic,Santiago,Lawyer,20,Corporate,Active,2022-06-29 00:15:56,2022-08-12 00:15:56
1663,2496,Che Soriano,wrodenas@example.net,M,2000-07-25,Dominican Republic,Puerto Plata,Data Analyst,156,Student,Active,2025-12-19 03:44:59,2026-02-18 03:44:59
1664,2497,Heriberto Flor,severianobastida@example.com,M,2005-02-14,Dominican Republic,Punta Cana,Financial Analyst,73,Student,Active,2021-11-19 23:48:26,2022-01-21 23:48:26
1665,2498,Loida Montesinos,mendezbrunilda@example.org,F,1988-04-14,Dominican Republic,Santiago,Software Engineer,257,Individual,Active,2023-02-22 12:32:41,2023-04-10 12:32:41
1666,2500,Caridad Peiró,panfiloheras@example.org,F,1995-03-19,Dominican Republic,San Francisco de Macorís,Architect,293,Student,Active,2025-11-11 10:47:38,2026-01-13 10:47:38
1667,2501,Fernando Lumbreras,romanpaez@example.net,M,1980-05-12,Dominican Republic,La Romana,Marketing Specialist,5,Corporate,Active,2022-05-02 08:27:03,2022-07-03 08:27:03
1668,2502,Adelina Toledo,celia01@example.net,M,1986-10-07,Dominican Republic,Santiago,Project Manager,94,Honorary,Active,2026-02-13 10:05:54,2026-04-05 10:05:54
1669,2503,Odalys Leal,jroman@example.com,M,1996-02-08,Dominican Republic,San Pedro de Macorís,Accountant,71,Honorary,Active,2023-04-20 18:30:00,2023-06-16 18:30:00
1670,2506,Obdulia Girona,maximiliano15@example.net,M,1999-09-10,Dominican Republic,San Pedro de Macorís,Project Manager,172,Honorary,Active,2022-01-19 17:13:55,2022-03-06 17:13:55
1671,2507,Fidel Montero,sandravillaverde@example.com,F,2007-08-18,Dominican Republic,San Francisco de Macorís,Data Analyst,139,Individual,Active,2024-01-31 00:06:20,2024-03-02 00:06:20
1672,2509,Blanca Suarez,sorayaaguilo@example.net,F,1991-01-25,Dominican Republic,Punta Cana,Software Engineer,153,Student,Active,2023-06-08 16:22:02,2023-07-30 16:22:02
1673,2511,Dionisio Vallejo,enrique52@example.net,M,2000-06-14,Dominican Republic,Puerto Plata,Lawyer,3,Corporate,Active,2025-08-15 01:31:41,2025-10-17 01:31:41
1674,2512,Fortunata Varela,afiol@example.net,F,1977-08-15,Dominican Republic,San Pedro de Macorís,Data Analyst,208,Honorary,Active,2021-08-09 06:21:19,2021-10-04 06:21:19
1675,2513,Venceslás Blanch,camiloasensio@example.org,M,1999-11-26,Dominican Republic,San Francisco de Macorís,Software Engineer,167,Individual,Active,2023-11-26 05:50:34,2024-02-03 05:50:34
1676,2514,Epifanio Ferrer,imelda47@example.org,F,2005-10-04,Dominican Republic,Santiago,Lawyer,111,Student,Active,2021-12-21 12:14:48,2022-02-10 12:14:48
1677,2517,Pancho Pujadas,asarabia@example.com,F,1976-11-29,Dominican Republic,Puerto Plata,Business Consultant,47,Honorary,Active,2024-09-28 17:33:05,2024-11-16 17:33:05
1678,2518,Azucena Guitart,luciolarranaga@example.org,M,1976-02-15,Dominican Republic,Santiago,Lawyer,192,Individual,Active,2024-08-25 14:39:41,2024-10-28 14:39:41
1679,2519,Evaristo Cuéllar,emiliano65@example.org,M,2002-01-29,Dominican Republic,Santiago,Accountant,216,Honorary,Active,2025-06-08 05:08:10,2025-07-04 05:08:10
1680,2521,Jose Francisco Alcalde,xalmazan@example.net,M,1985-03-17,Dominican Republic,Santiago,Lawyer,154,Corporate,Active,2025-08-07 07:48:24,2025-09-21 07:48:24
1681,2523,Modesta Carbó,muletanselmo@example.net,M,1999-06-02,Dominican Republic,Santiago,Project Manager,125,Student,Active,2022-05-08 07:29:45,2022-06-04 07:29:45
1682,2526,Haydée Jurado,mnavarrete@example.com,F,2004-11-28,Dominican Republic,Santo Domingo,Software Engineer,284,Individual,Active,2026-04-06 20:44:39,2026-04-29 20:44:39
1683,2527,Zaida Frutos,melchormalo@example.net,M,1992-07-21,Dominican Republic,San Francisco de Macorís,Accountant,214,Individual,Active,2023-04-17 15:49:22,2023-05-14 15:49:22
1684,2528,Pepito Téllez,estevezcandido@example.com,M,1994-12-09,Dominican Republic,San Francisco de Macorís,Civil Engineer,54,Individual,Active,2024-12-16 07:27:32,2025-01-27 07:27:32
1685,2529,Agustina Bou,rodrigo38@example.com,F,1997-01-31,Dominican Republic,Santo Domingo,Lawyer,19,Individual,Active,2024-10-28 21:39:07,2025-01-12 21:39:07
1686,2530,Reyna Luque,octaviacosta@example.org,M,2005-05-09,Dominican Republic,Punta Cana,Marketing Specialist,174,Individual,Active,2023-04-19 16:28:21,2023-05-31 16:28:21
1687,2532,Melania Villegas,martinpozo@example.net,F,1986-11-11,Dominican Republic,Santo Domingo,Marketing Specialist,130,Individual,Active,2023-10-11 07:08:15,2023-11-14 07:08:15
1688,2534,Jennifer Cid,posadagraciana@example.org,M,1978-06-20,Dominican Republic,Puerto Plata,Lawyer,243,Corporate,Active,2024-02-13 13:57:21,2024-03-14 13:57:21
1689,2535,Griselda Pi,montenegrochema@example.net,F,1976-05-07,Dominican Republic,Punta Cana,Accountant,87,Corporate,Active,2026-04-16 17:19:13,2026-06-24 17:19:13
1690,2536,María Dolores Neira,horacio27@example.org,F,1989-02-28,Dominican Republic,Santiago,Software Engineer,94,Honorary,Active,2023-04-04 22:16:13,2023-05-10 22:16:13
1691,2538,Rico Font,borrasvictoria@example.org,M,1977-06-18,Dominican Republic,La Romana,Software Engineer,104,Individual,Active,2021-11-07 15:55:13,2021-12-21 15:55:13
1692,2540,Nydia Menendez,duranbelen@example.net,M,2007-10-18,Dominican Republic,La Romana,Architect,93,Corporate,Active,2023-06-30 01:25:43,2023-09-01 01:25:43
1693,2541,Nico Lopez,naranjocandelaria@example.net,F,2001-04-02,Dominican Republic,Santiago,Business Consultant,26,Honorary,Active,2023-01-22 19:46:52,2023-03-06 19:46:52
1694,2542,Etelvina Ayuso,augustojauregui@example.net,F,1983-01-13,Dominican Republic,La Romana,Accountant,263,Corporate,Active,2025-04-21 07:58:13,2025-05-17 07:58:13
1695,2544,Bibiana Amat,checaemigdio@example.net,F,1997-02-20,Dominican Republic,Punta Cana,Architect,136,Corporate,Active,2025-03-07 14:48:46,2025-04-26 14:48:46
1696,2551,Flora Andrade,ramirezoctavia@example.com,M,1990-01-23,Dominican Republic,La Romana,Project Manager,130,Individual,Active,2025-08-09 11:39:49,2025-09-15 11:39:49
1697,2552,Jenny Cabello,ztejero@example.org,F,1997-12-03,Dominican Republic,Santo Domingo,Architect,123,Student,Active,2026-01-17 12:41:57,2026-02-25 12:41:57
1698,2553,Candela Gascón,bguzman@example.net,M,1993-06-04,Dominican Republic,Punta Cana,Architect,248,Honorary,Active,2024-07-28 07:20:12,2024-09-13 07:20:12
1699,2554,Amador Bonilla,dcuellar@example.com,F,1981-05-18,Dominican Republic,Punta Cana,Data Analyst,111,Corporate,Active,2022-11-19 05:10:32,2023-01-03 05:10:32
1700,2555,Gerónimo Rodríguez,croyo@example.net,M,2003-10-18,Dominican Republic,San Francisco de Macorís,Civil Engineer,51,Individual,Active,2025-11-29 03:43:52,2026-01-13 03:43:52
1701,2556,Aitor Ferreras,fpuerta@example.com,M,2003-04-30,Dominican Republic,Punta Cana,Marketing Specialist,43,Individual,Active,2024-04-17 19:15:21,2024-04-28 19:15:21
1702,2557,Fortunato Exposito,silvalupe@example.net,F,1995-05-23,Dominican Republic,Santo Domingo,Data Analyst,221,Student,Active,2023-08-03 20:18:07,2023-10-02 20:18:07
1703,2558,Nuria Monreal,cerdamoises@example.com,F,1996-09-15,Dominican Republic,Punta Cana,Lawyer,199,Individual,Active,2025-08-02 07:02:36,2025-09-22 07:02:36
1704,2559,Alexandra Sola,tonomora@example.net,M,2003-12-21,Dominican Republic,La Romana,Lawyer,285,Corporate,Active,2025-10-01 12:26:52,2025-12-03 12:26:52
1705,2561,Amador Molins,belmontezaida@example.net,F,2007-07-21,Dominican Republic,Santiago,Architect,74,Student,Active,2024-01-03 07:19:28,2024-02-06 07:19:28
1706,2562,Edelmiro Saez,poncenarciso@example.com,F,1994-04-17,Dominican Republic,San Pedro de Macorís,Lawyer,206,Individual,Active,2023-02-19 01:00:28,2023-03-16 01:00:28
1707,2563,Concha Becerra,domingaortuno@example.com,F,1987-06-21,Dominican Republic,Santo Domingo,Civil Engineer,62,Student,Active,2022-04-27 20:11:50,2022-06-01 20:11:50
1708,2564,Bienvenida Sainz,carbonellprudencia@example.com,M,1993-05-30,Dominican Republic,Punta Cana,Architect,267,Individual,Active,2025-03-05 21:08:36,2025-03-23 21:08:36
1709,2565,Aníbal Barba,maria-angeles00@example.net,M,1996-01-23,Dominican Republic,San Francisco de Macorís,Lawyer,240,Student,Active,2023-02-04 00:27:35,2023-04-11 00:27:35
1710,2566,Juan Francisco Lerma,azenethsalvador@example.net,F,2003-12-13,Dominican Republic,San Pedro de Macorís,Marketing Specialist,288,Individual,Active,2025-09-16 19:43:59,2025-11-17 19:43:59
1711,2567,Paco Sierra,guijarrofelisa@example.org,F,2001-11-11,Dominican Republic,Punta Cana,Business Consultant,187,Corporate,Active,2022-09-25 11:22:37,2022-12-03 11:22:37
1712,2570,Leonardo Donoso,querolgisela@example.net,F,1995-12-20,Dominican Republic,Puerto Plata,Architect,155,Individual,Active,2024-06-18 05:02:01,2024-07-08 05:02:01
1713,2571,Eustaquio Escudero,javifajardo@example.com,M,1996-02-08,Dominican Republic,La Romana,Software Engineer,15,Honorary,Active,2023-04-29 11:30:56,2023-06-04 11:30:56
1714,2572,Otilia Carrera,planasflorentino@example.org,F,1975-12-29,Dominican Republic,La Romana,Architect,223,Corporate,Active,2025-10-09 04:34:06,2025-11-30 04:34:06
1715,2573,Feliciana Ferrán,cerdanoctavia@example.com,F,2002-04-03,Dominican Republic,La Romana,Accountant,250,Honorary,Active,2023-01-01 05:35:28,2023-03-03 05:35:28
1716,2577,Irene Valcárcel,augusto68@example.com,F,2002-05-17,Dominican Republic,San Pedro de Macorís,Financial Analyst,286,Individual,Active,2023-04-21 13:58:18,2023-05-30 13:58:18
1717,2580,Antonia Fiol,chita35@example.net,F,1994-02-21,Dominican Republic,Santo Domingo,Data Analyst,96,Honorary,Active,2025-03-07 05:07:54,2025-04-17 05:07:54
1718,2581,Eva María Cuesta,nurrutia@example.com,F,1988-11-08,Dominican Republic,Santo Domingo,Civil Engineer,3,Honorary,Active,2024-01-30 15:51:12,2024-03-18 15:51:12
1719,2582,Aura Millán,fabioandreu@example.net,F,2003-02-19,Dominican Republic,San Francisco de Macorís,Project Manager,27,Individual,Active,2025-06-13 21:36:03,2025-08-06 21:36:03
1720,2583,Ainara Patiño,gacuna@example.net,F,1985-06-03,Dominican Republic,Punta Cana,Lawyer,101,Individual,Active,2023-08-09 15:25:06,2023-08-27 15:25:06
1721,2585,Edelmira Navas,palacioamado@example.net,F,2002-06-04,Dominican Republic,San Pedro de Macorís,Project Manager,49,Corporate,Active,2024-02-17 22:53:49,2024-04-17 22:53:49
1722,2587,Salvador Silva,luzaguilo@example.org,M,1991-02-09,Dominican Republic,La Romana,Project Manager,74,Individual,Active,2023-03-17 18:28:27,2023-04-08 18:28:27
1723,2589,Javi Trillo,rafaelamiranda@example.com,M,1997-02-17,Dominican Republic,San Pedro de Macorís,Lawyer,140,Student,Active,2024-06-20 11:28:12,2024-08-09 11:28:12
1724,2591,Nico Ortega,pabloantonio@example.net,F,1980-01-16,Dominican Republic,La Romana,Architect,104,Honorary,Active,2021-07-28 14:23:41,2021-08-15 14:23:41
1725,2592,Marcelo Nuñez,estebanchita@example.org,M,1986-02-18,Dominican Republic,Puerto Plata,Lawyer,208,Student,Active,2023-04-26 01:16:43,2023-05-25 01:16:43
1726,2594,María Pilar Guerrero,maricelatur@example.net,F,2004-09-26,Dominican Republic,Puerto Plata,Software Engineer,42,Corporate,Active,2024-05-05 15:47:25,2024-07-07 15:47:25
1727,2596,Coral Andres,ruperta26@example.com,M,1981-10-23,Dominican Republic,Punta Cana,Marketing Specialist,114,Individual,Active,2025-06-13 21:17:49,2025-08-04 21:17:49
1728,2598,Noelia Núñez,azconaazucena@example.com,F,1992-05-26,Dominican Republic,San Francisco de Macorís,Business Consultant,287,Corporate,Active,2023-06-07 16:49:03,2023-07-28 16:49:03
1729,2599,Benigna Fernández,pablo45@example.org,M,1984-05-11,Dominican Republic,La Romana,Financial Analyst,27,Student,Active,2025-03-14 18:16:40,2025-05-22 18:16:40
1730,2600,Apolinar Berrocal,moisesburgos@example.org,M,1991-09-30,Dominican Republic,San Pedro de Macorís,Lawyer,91,Student,Active,2024-02-14 08:00:58,2024-04-10 08:00:58
1731,2601,Omar Pallarès,marisol37@example.net,M,1976-08-04,Dominican Republic,Punta Cana,Lawyer,146,Corporate,Active,2025-01-31 18:54:36,2025-03-29 18:54:36
1732,2603,Jose Miguel Salamanca,rogelio12@example.org,F,1998-04-02,Dominican Republic,San Pedro de Macorís,Project Manager,18,Honorary,Active,2024-03-25 19:09:46,2024-04-23 19:09:46
1733,2604,Paulina Tamarit,teo26@example.com,M,2005-07-28,Dominican Republic,Santo Domingo,Software Engineer,267,Individual,Active,2022-05-24 20:15:07,2022-07-01 20:15:07
1734,2605,Fulgencio Rodrigo,vilaplanajose-angel@example.net,F,1979-07-25,Dominican Republic,Puerto Plata,Data Analyst,148,Individual,Active,2025-11-17 14:44:31,2026-01-24 14:44:31
1735,2607,Teobaldo Guillén,rosadojose-angel@example.org,M,2002-05-31,Dominican Republic,Santiago,Business Consultant,84,Individual,Active,2023-07-13 04:52:13,2023-08-09 04:52:13
1736,2608,Águeda Navarrete,ruanomarcela@example.com,F,2007-07-19,Dominican Republic,Puerto Plata,Architect,120,Corporate,Active,2022-01-13 18:32:10,2022-03-23 18:32:10
1737,2611,Fulgencio Garrido,merche38@example.net,M,1993-07-31,Dominican Republic,Santo Domingo,Lawyer,235,Honorary,Active,2021-11-10 00:44:31,2022-01-08 00:44:31
1738,2612,Mario Vallés,remedios14@example.net,F,1980-09-16,Dominican Republic,Puerto Plata,Marketing Specialist,17,Individual,Active,2022-01-07 03:33:46,2022-02-15 03:33:46
1739,2613,Espiridión Peiró,salvadormartorell@example.com,F,1977-02-06,Dominican Republic,La Romana,Software Engineer,219,Honorary,Active,2022-10-06 05:08:16,2022-12-20 05:08:16
1740,2614,Carolina Echevarría,custodiohoz@example.com,F,1980-01-14,Dominican Republic,La Romana,Accountant,163,Student,Active,2025-07-17 00:16:51,2025-08-31 00:16:51
1741,2618,Jafet Blazquez,crespograciana@example.net,F,1991-12-28,Dominican Republic,Punta Cana,Data Analyst,188,Corporate,Active,2025-08-24 02:42:42,2025-10-14 02:42:42
1742,2619,Diego Campo,alcides62@example.net,M,1995-06-02,Dominican Republic,Puerto Plata,Architect,275,Individual,Active,2022-07-04 19:40:07,2022-08-27 19:40:07
1743,2620,Ignacia Solsona,rosarionicolas@example.org,F,2006-06-25,Dominican Republic,Punta Cana,Lawyer,51,Individual,Active,2025-05-17 12:46:41,2025-06-28 12:46:41
1744,2623,Dorita Hoz,ybenet@example.com,M,1990-08-04,Dominican Republic,Puerto Plata,Lawyer,290,Individual,Active,2023-05-21 06:15:45,2023-06-12 06:15:45
1745,2625,Clara Vilaplana,atorrent@example.com,M,1997-06-03,Dominican Republic,Punta Cana,Project Manager,177,Student,Active,2024-01-06 17:59:45,2024-03-12 17:59:45
1746,2626,Osvaldo Berrocal,rosario30@example.com,M,1984-11-09,Dominican Republic,San Pedro de Macorís,Data Analyst,276,Corporate,Active,2024-03-26 20:10:50,2024-05-16 20:10:50
1747,2627,Aurelio Alarcón,adolfocastro@example.net,M,1988-05-13,Dominican Republic,La Romana,Financial Analyst,207,Student,Active,2025-12-17 09:00:30,2026-02-19 09:00:30
1748,2629,Silvia Baquero,doroteamolina@example.net,F,1989-02-17,Dominican Republic,Santo Domingo,Architect,256,Corporate,Active,2025-05-19 15:04:48,2025-08-02 15:04:48
1749,2631,Elodia Fuster,saturnino75@example.com,M,1996-10-22,Dominican Republic,Santo Domingo,Business Consultant,48,Corporate,Active,2022-02-12 06:14:37,2022-04-02 06:14:37
1750,2636,Gema Dominguez,natividad32@example.org,F,2001-10-05,Dominican Republic,Punta Cana,Civil Engineer,257,Corporate,Active,2026-03-18 19:28:57,2026-05-04 19:28:57
1751,2638,Iván Ribes,gamezbrigida@example.net,M,1998-07-22,Dominican Republic,San Francisco de Macorís,Data Analyst,52,Student,Active,2022-04-06 12:45:51,2022-06-05 12:45:51
1752,2639,Florencia Tejero,malenapintor@example.net,F,1975-12-16,Dominican Republic,San Francisco de Macorís,Accountant,20,Student,Active,2025-06-29 20:22:46,2025-09-09 20:22:46
1753,2643,Julio César Patiño,montescristobal@example.org,F,1982-11-25,Dominican Republic,Santiago,Financial Analyst,297,Individual,Active,2025-06-07 20:32:39,2025-08-03 20:32:39
1754,2644,Adolfo Ángel,cecilio19@example.org,F,1996-09-12,Dominican Republic,Punta Cana,Architect,78,Honorary,Active,2023-10-14 06:51:06,2023-11-26 06:51:06
1755,2646,Encarnita Prats,nilo61@example.net,M,1981-11-10,Dominican Republic,Santiago,Accountant,177,Honorary,Active,2025-05-22 12:27:30,2025-07-12 12:27:30
1756,2647,Tiburcio Valentín,guzmanvalentin@example.com,F,2000-07-07,Dominican Republic,Santiago,Accountant,226,Corporate,Active,2022-07-09 21:42:43,2022-09-26 21:42:43
1757,2648,Javiera Vallejo,bcid@example.org,F,1995-06-03,Dominican Republic,Puerto Plata,Lawyer,99,Honorary,Active,2024-07-18 11:44:12,2024-09-03 11:44:12
1758,2649,Salvador Campillo,manuelaquerol@example.com,F,2006-12-15,Dominican Republic,San Pedro de Macorís,Accountant,138,Corporate,Active,2025-04-12 10:32:56,2025-06-18 10:32:56
1759,2652,Isaac Malo,tbayona@example.com,F,2002-04-28,Dominican Republic,Santo Domingo,Business Consultant,37,Honorary,Active,2024-11-09 05:20:42,2025-01-13 05:20:42
1760,2653,Soraya Piquer,ana-belenrodrigo@example.org,M,2000-04-13,Dominican Republic,La Romana,Software Engineer,174,Honorary,Active,2023-05-23 01:35:49,2023-07-05 01:35:49
1761,2654,Aarón Martin,bellidonoa@example.com,M,1989-09-08,Dominican Republic,Punta Cana,Project Manager,68,Corporate,Active,2022-05-10 02:42:47,2022-07-22 02:42:47
1762,2655,Isaura Martí,eugeniacalatayud@example.com,F,1981-11-04,Dominican Republic,Punta Cana,Business Consultant,91,Honorary,Active,2024-01-17 15:16:42,2024-02-23 15:16:42
1763,2656,Ariadna González,puentebernardita@example.net,M,1989-11-14,Dominican Republic,San Francisco de Macorís,Civil Engineer,7,Student,Active,2023-04-18 06:12:36,2023-05-12 06:12:36
1764,2657,Susana Ricart,alejandra04@example.com,F,1986-03-09,Dominican Republic,Puerto Plata,Lawyer,203,Honorary,Active,2024-09-27 02:46:41,2024-11-01 02:46:41
1765,2658,Bárbara Ponce,nalmeida@example.com,M,1994-04-14,Dominican Republic,Punta Cana,Civil Engineer,192,Individual,Active,2026-04-14 09:43:10,2026-05-31 09:43:10
1766,2659,Melisa Guardia,anayaleopoldo@example.net,F,1983-01-04,Dominican Republic,La Romana,Financial Analyst,131,Honorary,Active,2025-09-01 17:47:46,2025-11-27 17:47:46
1767,2660,Isabela Goñi,sgonzalez@example.org,F,2001-07-29,Dominican Republic,Punta Cana,Business Consultant,184,Honorary,Active,2024-06-17 20:31:19,2024-07-21 20:31:19
1768,2662,Almudena Barco,mmurcia@example.org,M,1985-01-22,Dominican Republic,San Francisco de Macorís,Accountant,273,Honorary,Active,2022-01-29 14:38:33,2022-03-10 14:38:33
1769,2663,Armando Lamas,pimanuelita@example.net,M,1980-06-19,Dominican Republic,Puerto Plata,Accountant,283,Student,Active,2022-05-02 02:44:40,2022-05-31 02:44:40
1770,2664,Ceferino Sans,eduardovilanova@example.org,M,1985-01-30,Dominican Republic,Santiago,Lawyer,145,Corporate,Active,2025-08-12 05:08:04,2025-10-08 05:08:04
1771,2666,Josefina Pérez,tenorionicanor@example.net,M,1990-10-12,Dominican Republic,Santo Domingo,Accountant,58,Honorary,Active,2026-01-02 03:35:37,2026-03-11 03:35:37
1772,2669,León Recio,silvestre58@example.net,F,1978-10-04,Dominican Republic,Puerto Plata,Lawyer,53,Corporate,Active,2026-03-27 06:12:11,2026-05-19 06:12:11
1773,2670,Estefanía Cal,rosellocarmelo@example.com,F,1982-09-19,Dominican Republic,Puerto Plata,Architect,51,Student,Active,2024-03-13 03:07:39,2024-03-30 03:07:39
1774,2671,Santos Hervia,rayaheraclio@example.org,F,1981-04-01,Dominican Republic,Punta Cana,Project Manager,228,Student,Active,2025-06-14 18:07:12,2025-08-18 18:07:12
1775,2676,Gonzalo Duarte,porcelivan@example.net,M,1982-02-22,Dominican Republic,Punta Cana,Software Engineer,154,Individual,Active,2025-02-12 07:44:49,2025-04-13 07:44:49
1776,2680,Ascensión Méndez,nestorrobledo@example.org,F,1998-09-01,Dominican Republic,San Francisco de Macorís,Data Analyst,201,Individual,Active,2026-03-12 13:16:02,2026-05-08 13:16:02
1777,2681,Marta Casals,almalopez@example.net,F,1982-12-10,Dominican Republic,Punta Cana,Project Manager,156,Individual,Active,2022-11-04 08:08:42,2022-12-06 08:08:42
1778,2682,Espiridión Montserrat,curro74@example.org,F,2003-11-22,Dominican Republic,Puerto Plata,Civil Engineer,30,Student,Active,2023-02-05 22:43:25,2023-04-14 22:43:25
1779,2683,Mohamed Batlle,pepita76@example.org,M,2006-04-23,Dominican Republic,San Francisco de Macorís,Lawyer,96,Honorary,Active,2022-06-08 17:25:23,2022-07-07 17:25:23
1780,2684,Olivia Esparza,santiagoarcos@example.org,M,1999-03-21,Dominican Republic,Punta Cana,Lawyer,290,Individual,Active,2026-02-21 10:02:27,2026-03-25 10:02:27
1781,2685,Ruperto Guijarro,pepito41@example.org,F,2000-02-21,Dominican Republic,San Pedro de Macorís,Project Manager,20,Individual,Active,2026-04-02 08:51:24,2026-05-24 08:51:24
1782,2686,José Monreal,ciriacomir@example.com,F,1982-12-07,Dominican Republic,San Francisco de Macorís,Architect,202,Corporate,Active,2021-12-24 06:46:27,2021-12-30 06:46:27
1783,2687,Elisa Herrera,sosaelba@example.com,F,1993-04-07,Dominican Republic,Punta Cana,Civil Engineer,184,Corporate,Active,2024-05-27 14:27:27,2024-07-03 14:27:27
1784,2688,Matilde Arteaga,xmaza@example.net,M,1993-11-05,Dominican Republic,Santo Domingo,Data Analyst,67,Individual,Active,2025-06-26 14:37:42,2025-09-13 14:37:42
1785,2689,Elpidio Lobato,echeverriajulia@example.org,F,1991-03-18,Dominican Republic,San Francisco de Macorís,Civil Engineer,263,Student,Active,2025-08-23 12:37:17,2025-10-22 12:37:17
1786,2690,Fanny Fabra,florina16@example.com,F,1992-10-26,Dominican Republic,Santo Domingo,Marketing Specialist,191,Student,Active,2022-01-29 11:30:34,2022-02-21 11:30:34
1787,2691,Bonifacio Fábregas,estersosa@example.org,M,2007-04-27,Dominican Republic,Santiago,Financial Analyst,203,Corporate,Active,2025-03-06 16:39:55,2025-04-14 16:39:55
1788,2692,Víctor Andrade,hcerdan@example.com,M,1997-11-17,Dominican Republic,San Pedro de Macorís,Civil Engineer,21,Corporate,Active,2023-06-16 18:26:01,2023-06-30 18:26:01
1789,2693,Lara Marin,escribanomarcos@example.org,M,1997-08-29,Dominican Republic,Santo Domingo,Architect,53,Corporate,Active,2022-12-28 18:48:25,2023-01-24 18:48:25
1790,2694,Flavia Donaire,ciriaco98@example.net,F,1983-05-04,Dominican Republic,San Francisco de Macorís,Civil Engineer,141,Corporate,Active,2022-01-20 00:45:20,2022-03-21 00:45:20
1791,2697,Florentino Martin,fabricio02@example.net,F,1985-01-14,Dominican Republic,Santo Domingo,Marketing Specialist,0,Corporate,Active,2023-08-12 14:04:19,2023-09-25 14:04:19
1792,2698,Nuria Pedro,menavalentin@example.com,M,1987-06-22,Dominican Republic,San Pedro de Macorís,Data Analyst,29,Honorary,Active,2022-04-21 18:42:15,2022-06-04 18:42:15
1793,2699,Desiderio Villa,vbas@example.com,F,1984-11-06,Dominican Republic,La Romana,Project Manager,87,Corporate,Active,2021-08-07 12:54:54,2021-09-15 12:54:54
1794,2700,Emperatriz López,mendizabalana-belen@example.com,F,1982-01-28,Dominican Republic,Punta Cana,Civil Engineer,227,Corporate,Active,2026-02-12 13:39:23,2026-03-16 13:39:23
1795,2701,Estefanía Bas,adeliaarias@example.com,M,1986-02-10,Dominican Republic,Puerto Plata,Project Manager,71,Student,Active,2022-09-03 12:53:18,2022-10-17 12:53:18
1796,2702,Marcelo Morcillo,barbaapolonia@example.org,M,1988-08-24,Dominican Republic,Santo Domingo,Accountant,165,Honorary,Active,2022-03-06 21:31:06,2022-03-31 21:31:06
1797,2703,Guadalupe Bejarano,floresmaximino@example.com,F,1986-05-26,Dominican Republic,Santiago,Marketing Specialist,11,Student,Active,2023-10-21 13:04:00,2023-11-20 13:04:00
1798,2704,Gerardo Echevarría,diazjose-antonio@example.com,F,1988-07-14,Dominican Republic,San Francisco de Macorís,Accountant,202,Individual,Active,2024-10-11 02:05:55,2024-11-28 02:05:55
1799,2706,Jesús Pla,ibanezciro@example.org,F,1996-10-18,Dominican Republic,Punta Cana,Project Manager,153,Honorary,Active,2026-02-20 16:35:22,2026-04-15 16:35:22
1800,2708,Francisca Comas,abilio66@example.net,F,1981-07-29,Dominican Republic,Santo Domingo,Accountant,109,Student,Active,2025-11-21 09:57:26,2026-01-11 09:57:26
1801,2709,Marcela Expósito,sebastian33@example.com,M,1998-06-24,Dominican Republic,Santo Domingo,Architect,139,Corporate,Active,2025-12-06 23:09:35,2026-01-22 23:09:35
1802,2710,Bárbara Grau,jose-angelgallardo@example.com,M,1988-02-24,Dominican Republic,Punta Cana,Business Consultant,240,Honorary,Active,2022-05-28 00:36:17,2022-07-07 00:36:17
1803,2713,Gabriel Pla,casandramurcia@example.com,F,1976-03-27,Dominican Republic,Santo Domingo,Project Manager,219,Honorary,Active,2025-05-10 20:38:05,2025-07-10 20:38:05
1804,2714,Julio César Fuente,otilia09@example.com,M,1981-01-28,Dominican Republic,Puerto Plata,Civil Engineer,296,Honorary,Active,2026-04-16 14:38:20,2026-05-21 14:38:20
1805,2715,Evita Zabala,emelina47@example.net,M,2004-12-24,Dominican Republic,Santiago,Marketing Specialist,8,Student,Active,2021-08-08 03:15:31,2021-10-20 03:15:31
1806,2716,Jose Ramón Roldán,uluque@example.org,F,1986-07-05,Dominican Republic,San Pedro de Macorís,Business Consultant,294,Corporate,Active,2022-05-08 03:16:31,2022-06-29 03:16:31
1807,2717,Primitiva Sosa,cmoya@example.com,F,1991-02-09,Dominican Republic,La Romana,Accountant,11,Individual,Active,2022-08-04 14:30:03,2022-08-31 14:30:03
1808,2719,Leocadio Cerezo,rgaray@example.com,F,2000-09-10,Dominican Republic,La Romana,Business Consultant,32,Honorary,Active,2024-12-13 08:17:09,2025-01-27 08:17:09
1809,2721,Yago Alegre,dcampillo@example.net,M,2004-07-25,Dominican Republic,San Francisco de Macorís,Data Analyst,110,Student,Active,2021-09-20 14:35:57,2021-12-06 14:35:57
1810,2722,Salud Rosselló,blazquezraquel@example.com,F,1996-08-31,Dominican Republic,Punta Cana,Software Engineer,234,Honorary,Active,2025-04-11 11:50:15,2025-05-16 11:50:15
1811,2723,Vilma Blanca,amomarta@example.org,F,2002-09-11,Dominican Republic,Puerto Plata,Lawyer,263,Individual,Active,2025-12-26 05:59:52,2026-02-13 05:59:52
1812,2724,Juan Bautista Samper,navarroruben@example.com,F,2003-09-29,Dominican Republic,San Francisco de Macorís,Financial Analyst,7,Corporate,Active,2024-07-31 07:02:04,2024-08-30 07:02:04
1813,2725,Silvio Rosell,aaron51@example.net,F,2000-04-18,Dominican Republic,San Pedro de Macorís,Lawyer,167,Individual,Active,2025-10-30 00:46:48,2026-01-09 00:46:48
1814,2727,Chus Escrivá,loretogalan@example.com,F,1996-04-22,Dominican Republic,Punta Cana,Architect,291,Student,Active,2025-03-25 18:52:10,2025-06-05 18:52:10
1815,2728,Coral Villar,alejo45@example.org,F,1997-07-01,Dominican Republic,San Francisco de Macorís,Accountant,191,Individual,Active,2024-05-19 16:13:40,2024-06-15 16:13:40
1816,2729,Merche Rebollo,fgrande@example.com,M,1986-02-08,Dominican Republic,Santiago,Accountant,172,Individual,Active,2021-12-02 00:52:37,2022-01-19 00:52:37
1817,2731,Diana Diez,nicolasa71@example.com,M,2008-02-27,Dominican Republic,Puerto Plata,Architect,73,Honorary,Active,2021-10-24 22:03:42,2021-12-06 22:03:42
1818,2732,Rafaela Castillo,basilio38@example.com,M,2005-03-05,Dominican Republic,La Romana,Architect,277,Student,Active,2025-09-14 10:05:50,2025-10-07 10:05:50
1819,2733,Tiburcio Duque,gmascaro@example.org,M,1996-12-08,Dominican Republic,Santiago,Lawyer,40,Student,Active,2025-01-11 06:15:44,2025-02-19 06:15:44
1820,2735,Hilda Pol,mohamedvigil@example.com,F,1983-01-15,Dominican Republic,San Pedro de Macorís,Project Manager,8,Individual,Active,2021-09-10 08:15:28,2021-10-15 08:15:28
1821,2736,Lola Blazquez,bernadremedios@example.org,M,1990-06-23,Dominican Republic,Santiago,Project Manager,233,Honorary,Active,2026-03-16 00:14:31,2026-05-22 00:14:31
1822,2737,Crescencia Pi,cesar93@example.org,M,2001-05-10,Dominican Republic,Santo Domingo,Civil Engineer,78,Corporate,Active,2024-01-12 17:47:05,2024-03-13 17:47:05
1823,2740,Aurelio Ferrera,qgarriga@example.com,F,1998-08-31,Dominican Republic,Punta Cana,Civil Engineer,86,Honorary,Active,2023-12-04 07:46:35,2024-01-26 07:46:35
1824,2743,Iris Robles,tapialidia@example.net,F,2006-03-23,Dominican Republic,San Francisco de Macorís,Architect,84,Honorary,Active,2021-12-09 01:05:52,2022-01-27 01:05:52
1825,2744,Vidal Gimeno,salommarcial@example.com,F,2005-01-03,Dominican Republic,Puerto Plata,Business Consultant,256,Corporate,Active,2024-07-27 15:54:06,2024-08-09 15:54:06
1826,2745,Íñigo Serrano,rduran@example.com,F,2005-10-25,Dominican Republic,Santo Domingo,Financial Analyst,177,Student,Active,2022-09-08 17:23:35,2022-10-16 17:23:35
1827,2746,Román Hierro,isales@example.com,F,1999-03-26,Dominican Republic,San Francisco de Macorís,Data Analyst,260,Corporate,Active,2021-11-18 07:13:25,2022-01-03 07:13:25
1828,2747,Araceli Torres,ylanda@example.com,F,2008-05-27,Dominican Republic,San Pedro de Macorís,Data Analyst,178,Corporate,Active,2024-09-18 11:56:28,2024-11-24 11:56:28
1829,2748,Emperatriz Llamas,florentina34@example.net,F,1999-10-14,Dominican Republic,La Romana,Accountant,51,Honorary,Active,2024-05-17 01:29:08,2024-07-01 01:29:08
1830,2749,Emiliano Pablo,victor-manuelsegura@example.com,M,2005-05-29,Dominican Republic,Santo Domingo,Financial Analyst,121,Individual,Active,2021-10-06 21:52:08,2021-12-20 21:52:08
1831,2751,Lope Amaya,salud20@example.com,M,1989-11-11,Dominican Republic,La Romana,Lawyer,247,Corporate,Active,2025-07-04 03:58:13,2025-08-03 03:58:13
1832,2752,Pedro Bernat,edelmira75@example.org,M,1985-09-02,Dominican Republic,Puerto Plata,Civil Engineer,210,Student,Active,2022-04-13 17:14:50,2022-06-08 17:14:50
1833,2753,Carlos Molins,pgaliano@example.org,F,1977-07-20,Dominican Republic,San Francisco de Macorís,Civil Engineer,199,Corporate,Active,2022-01-10 06:27:59,2022-03-15 06:27:59
1834,2759,Maite Bermúdez,barredamagdalena@example.org,F,2003-04-04,Dominican Republic,La Romana,Project Manager,225,Corporate,Active,2024-02-24 08:45:05,2024-04-08 08:45:05
1835,2760,Daniela Pardo,fbermejo@example.net,M,1998-12-26,Dominican Republic,San Francisco de Macorís,Project Manager,176,Corporate,Active,2025-10-19 17:17:59,2025-12-30 17:17:59
1836,2762,Ani Garrido,zlloret@example.com,F,1978-02-17,Dominican Republic,Santo Domingo,Financial Analyst,49,Individual,Active,2024-03-08 16:56:14,2024-05-19 16:56:14
1837,2763,Luna Medina,bsanabria@example.org,F,1992-11-27,Dominican Republic,La Romana,Marketing Specialist,259,Honorary,Active,2025-01-02 05:19:11,2025-02-14 05:19:11
1838,2766,Rafa Quintero,eli95@example.org,F,1993-06-14,Dominican Republic,San Francisco de Macorís,Financial Analyst,283,Corporate,Active,2022-02-09 03:04:55,2022-03-17 03:04:55
1839,2767,Leoncio Córdoba,jesusaguardiola@example.org,F,2000-05-14,Dominican Republic,San Pedro de Macorís,Civil Engineer,13,Student,Active,2023-01-25 05:12:17,2023-02-24 05:12:17
1840,2769,Pili Teruel,estrellaroca@example.org,F,2006-08-25,Dominican Republic,Punta Cana,Data Analyst,166,Student,Active,2022-11-08 19:26:14,2022-12-17 19:26:14
1841,2770,Bonifacio Isern,pachecobonifacio@example.org,F,2005-04-28,Dominican Republic,Santiago,Accountant,186,Corporate,Active,2022-04-13 15:12:01,2022-05-18 15:12:01
1842,2771,Bernardita Pont,tantunez@example.com,M,1985-12-28,Dominican Republic,La Romana,Lawyer,60,Corporate,Active,2025-05-14 21:36:06,2025-07-01 21:36:06
1843,2772,Rufina Hervia,carminabosch@example.com,F,1990-12-20,Dominican Republic,Santiago,Financial Analyst,279,Individual,Active,2025-10-14 23:50:56,2025-12-08 23:50:56
1844,2776,Alejandra Mate,friascipriano@example.org,F,2006-10-14,Dominican Republic,La Romana,Data Analyst,24,Individual,Active,2024-08-25 01:29:32,2024-10-24 01:29:32
1845,2777,Carmelo Vega,adancid@example.com,F,1993-01-08,Dominican Republic,San Francisco de Macorís,Software Engineer,50,Corporate,Active,2024-09-17 02:42:19,2024-11-18 02:42:19
1846,2778,Gustavo Lastra,imonreal@example.org,F,1987-05-31,Dominican Republic,San Pedro de Macorís,Data Analyst,1,Honorary,Active,2023-04-27 01:06:50,2023-06-15 01:06:50
1847,2779,Ester Águila,felicia21@example.com,M,1994-04-03,Dominican Republic,La Romana,Marketing Specialist,191,Student,Active,2024-04-27 03:13:41,2024-05-20 03:13:41
1848,2781,Poncio Villena,penasedgar@example.com,M,2001-04-25,Dominican Republic,San Pedro de Macorís,Software Engineer,266,Honorary,Active,2023-01-16 22:24:13,2023-02-01 22:24:13
1849,2783,Ciriaco Armengol,ferrandezberta@example.org,M,2003-05-26,Dominican Republic,Punta Cana,Accountant,119,Honorary,Active,2023-09-23 16:26:54,2023-10-14 16:26:54
1850,2785,Mateo Crespo,pelayoconsuelo@example.com,F,2000-11-11,Dominican Republic,La Romana,Financial Analyst,93,Student,Active,2023-08-04 20:33:05,2023-10-10 20:33:05
1851,2786,María Carmen Azorin,duranbernardino@example.net,M,1986-03-24,Dominican Republic,Santiago,Marketing Specialist,39,Corporate,Active,2022-11-06 05:39:59,2023-01-29 05:39:59
1852,2787,Agustina Ferrando,cipriano14@example.net,F,1989-03-11,Dominican Republic,San Pedro de Macorís,Financial Analyst,18,Individual,Active,2022-04-13 06:22:30,2022-05-24 06:22:30
1853,2789,Gustavo Balaguer,montesjacinto@example.org,M,1981-12-26,Dominican Republic,San Pedro de Macorís,Project Manager,51,Honorary,Active,2022-01-12 10:27:14,2022-03-13 10:27:14
1854,2790,Nuria Meléndez,agustin77@example.net,M,1978-07-10,Dominican Republic,Puerto Plata,Business Consultant,133,Student,Active,2022-05-19 13:50:08,2022-06-29 13:50:08
1855,2791,Tere Asenjo,npalomo@example.net,M,1985-11-03,Dominican Republic,Puerto Plata,Software Engineer,24,Corporate,Active,2024-03-11 12:16:46,2024-04-07 12:16:46
1856,2792,Miguel Saura,prosell@example.net,M,2002-10-03,Dominican Republic,San Francisco de Macorís,Civil Engineer,108,Corporate,Active,2024-02-17 09:51:47,2024-03-31 09:51:47
1857,2794,Santos Lasa,ezequiel06@example.com,F,1998-10-25,Dominican Republic,La Romana,Marketing Specialist,109,Individual,Active,2022-03-25 08:29:46,2022-05-14 08:29:46
1858,2795,Esmeralda Calderon,riuscruz@example.net,F,2000-12-26,Dominican Republic,Puerto Plata,Financial Analyst,148,Student,Active,2024-10-13 16:46:39,2024-12-11 16:46:39
1859,2796,Felipa Pintor,alemanybenigno@example.net,M,2000-04-03,Dominican Republic,San Francisco de Macorís,Business Consultant,233,Corporate,Active,2026-01-04 01:31:36,2026-02-21 01:31:36
1860,2799,Evita Valera,ingrid62@example.net,F,2002-02-21,Dominican Republic,Santiago,Architect,35,Honorary,Active,2024-10-09 07:09:40,2024-12-20 07:09:40
1861,2800,Petrona Pizarro,americoangel@example.org,F,1997-01-05,Dominican Republic,La Romana,Financial Analyst,18,Student,Active,2023-11-02 10:04:30,2024-01-03 10:04:30
1862,2801,Anabel Boix,albaonofre@example.net,F,1983-05-15,Dominican Republic,Punta Cana,Architect,299,Individual,Active,2022-09-18 19:32:23,2022-11-19 19:32:23
1863,2802,Gisela Ortiz,wcastilla@example.org,M,1994-04-14,Dominican Republic,Punta Cana,Accountant,145,Honorary,Active,2025-05-29 19:21:17,2025-08-06 19:21:17
1864,2803,Augusto Fortuny,estebananglada@example.org,F,2008-03-13,Dominican Republic,Santo Domingo,Data Analyst,187,Student,Active,2025-06-21 21:56:09,2025-08-01 21:56:09
1865,2804,Ximena Lastra,encarnacion72@example.com,F,2002-12-02,Dominican Republic,Punta Cana,Architect,273,Honorary,Active,2023-02-28 01:30:56,2023-04-07 01:30:56
1866,2806,Nicanor Estrada,munozines@example.net,M,2005-08-17,Dominican Republic,Puerto Plata,Data Analyst,299,Honorary,Active,2021-09-23 03:40:07,2021-11-06 03:40:07
1867,2808,Carmina Andrade,maximaespada@example.com,M,1975-12-18,Dominican Republic,Punta Cana,Lawyer,74,Individual,Active,2025-02-02 17:53:12,2025-04-15 17:53:12
1868,2809,Micaela Palmer,soraya74@example.com,M,2008-01-04,Dominican Republic,San Francisco de Macorís,Software Engineer,247,Corporate,Active,2024-12-04 13:34:53,2025-01-31 13:34:53
1869,2810,Jimena Nogueira,alvaradojose-angel@example.org,F,1997-02-13,Dominican Republic,San Pedro de Macorís,Financial Analyst,84,Student,Active,2025-10-22 05:51:53,2025-12-03 05:51:53
1870,2813,Celia Téllez,wpiquer@example.com,F,1999-04-03,Dominican Republic,Puerto Plata,Civil Engineer,165,Individual,Active,2023-07-21 20:25:57,2023-09-16 20:25:57
1871,2815,Pía Alvarado,cabanasnerea@example.net,F,2005-01-24,Dominican Republic,San Pedro de Macorís,Architect,249,Honorary,Active,2023-03-06 18:12:34,2023-05-09 18:12:34
1872,2817,Vanesa Bernal,gargalloaraceli@example.org,F,1982-08-01,Dominican Republic,La Romana,Data Analyst,254,Honorary,Active,2024-05-01 11:48:54,2024-06-20 11:48:54
1873,2818,Domingo Jerez,luna38@example.org,F,2007-11-17,Dominican Republic,La Romana,Marketing Specialist,152,Student,Active,2026-05-17 23:24:33,2026-07-01 23:24:33
1874,2819,Luis Miguel Mena,carrojuan-antonio@example.com,M,2003-01-19,Dominican Republic,Punta Cana,Lawyer,42,Student,Active,2026-04-28 18:35:30,2026-06-09 18:35:30
1875,2821,Dionisia Palmer,rebolloainoa@example.org,M,1997-04-16,Dominican Republic,Santo Domingo,Civil Engineer,81,Corporate,Active,2022-01-04 09:17:04,2022-02-22 09:17:04
1876,2824,Ricardo Company,quirinoestevez@example.org,F,1993-05-30,Dominican Republic,Santo Domingo,Data Analyst,36,Corporate,Active,2022-12-07 08:12:51,2023-01-16 08:12:51
1877,2825,Liliana Abellán,aguilaisaias@example.org,F,1983-11-18,Dominican Republic,Santo Domingo,Financial Analyst,247,Individual,Active,2024-09-15 23:00:32,2024-11-03 23:00:32
1878,2828,Alejandro Pujol,moises83@example.com,F,1984-09-03,Dominican Republic,Santiago,Architect,135,Student,Active,2023-12-02 16:04:14,2024-01-10 16:04:14
1879,2830,Fanny Fonseca,tejedormohamed@example.com,F,1998-10-16,Dominican Republic,San Francisco de Macorís,Financial Analyst,80,Student,Active,2024-05-02 23:45:35,2024-06-05 23:45:35
1880,2831,Eli Cuadrado,illobet@example.net,F,1991-02-02,Dominican Republic,San Pedro de Macorís,Business Consultant,133,Student,Active,2023-11-19 08:00:44,2023-12-23 08:00:44
1881,2832,Chucho Baró,belen62@example.com,M,1990-08-17,Dominican Republic,Puerto Plata,Software Engineer,235,Individual,Active,2024-04-12 17:24:26,2024-05-17 17:24:26
1882,2835,María Cantón,hsaez@example.net,M,1990-01-18,Dominican Republic,Santiago,Architect,31,Honorary,Active,2023-07-21 15:03:08,2023-09-07 15:03:08
1883,2837,Benjamín Canet,cfeliu@example.org,F,2001-05-04,Dominican Republic,Punta Cana,Business Consultant,258,Student,Active,2024-04-25 07:25:58,2024-06-04 07:25:58
1884,2838,Coral Talavera,francisco-joselucas@example.org,F,1979-10-29,Dominican Republic,San Pedro de Macorís,Civil Engineer,42,Student,Active,2025-12-28 12:08:11,2026-02-14 12:08:11
1885,2839,Lisandro Garrido,maria-pilar92@example.com,M,1988-07-05,Dominican Republic,Punta Cana,Architect,36,Student,Active,2025-01-07 23:03:09,2025-03-03 23:03:09
1886,2841,Anastasio Llobet,friasharoldo@example.com,M,1994-05-13,Dominican Republic,San Francisco de Macorís,Business Consultant,114,Individual,Active,2021-07-29 01:01:11,2021-09-06 01:01:11
1887,2844,Sigfrido Alcázar,jose-ignacio92@example.com,F,1976-12-02,Dominican Republic,Puerto Plata,Business Consultant,22,Corporate,Active,2025-04-02 11:52:26,2025-05-10 11:52:26
1888,2845,Amada Lastra,fcervera@example.org,M,1977-03-01,Dominican Republic,Santo Domingo,Business Consultant,118,Corporate,Active,2024-05-12 07:49:20,2024-06-25 07:49:20
1889,2846,Maribel Fábregas,nmartinez@example.net,M,1977-09-02,Dominican Republic,Santo Domingo,Data Analyst,78,Honorary,Active,2022-06-11 04:28:03,2022-08-19 04:28:03
1890,2849,Ignacia Valencia,unieto@example.net,M,1980-04-01,Dominican Republic,La Romana,Data Analyst,18,Student,Active,2022-04-17 01:19:31,2022-05-20 01:19:31
1891,2850,Yaiza Cuenca,aesparza@example.com,F,1982-12-06,Dominican Republic,Santo Domingo,Lawyer,17,Individual,Active,2024-09-07 10:59:25,2024-11-02 10:59:25
1892,2851,Rómulo Tejedor,luis60@example.com,M,1994-08-16,Dominican Republic,Punta Cana,Accountant,172,Honorary,Active,2021-09-21 00:03:18,2021-11-18 00:03:18
1893,2852,Paz Terrón,celestino99@example.org,F,1996-03-09,Dominican Republic,Punta Cana,Data Analyst,20,Individual,Active,2025-10-29 01:36:33,2026-01-02 01:36:33
1894,2854,Inés Lluch,clemente49@example.org,F,1987-01-24,Dominican Republic,Puerto Plata,Software Engineer,220,Corporate,Active,2023-04-14 12:42:39,2023-06-04 12:42:39
1895,2855,Hortensia Cabrera,nllorens@example.net,F,1981-07-31,Dominican Republic,San Francisco de Macorís,Financial Analyst,63,Corporate,Active,2025-12-15 02:36:23,2026-01-29 02:36:23
1896,2856,Martina Hidalgo,gloria97@example.com,F,1990-07-01,Dominican Republic,Santo Domingo,Civil Engineer,164,Honorary,Active,2025-04-25 20:49:06,2025-05-26 20:49:06
1897,2860,Cristian Navarrete,jdiaz@example.net,M,1975-08-15,Dominican Republic,La Romana,Financial Analyst,46,Honorary,Active,2023-10-16 18:30:38,2023-12-01 18:30:38
1898,2861,María Jesús Balaguer,squiros@example.org,F,1985-09-07,Dominican Republic,La Romana,Business Consultant,99,Student,Active,2022-06-28 04:10:27,2022-08-08 04:10:27
1899,2862,Osvaldo Galvez,dorita77@example.org,M,1977-04-06,Dominican Republic,Punta Cana,Lawyer,257,Honorary,Active,2021-12-08 19:14:44,2022-01-27 19:14:44
1900,2863,Damián Casal,fernanda47@example.com,M,2004-09-30,Dominican Republic,Punta Cana,Accountant,23,Student,Active,2023-06-24 01:54:23,2023-07-16 01:54:23
1901,2867,Nando Perelló,ngargallo@example.net,M,1986-03-20,Dominican Republic,Santiago,Data Analyst,180,Corporate,Active,2022-10-27 15:20:04,2023-01-11 15:20:04
1902,2868,Jordán Coca,ramon58@example.org,F,2003-11-27,Dominican Republic,San Pedro de Macorís,Architect,64,Student,Active,2024-06-16 06:52:09,2024-08-09 06:52:09
1903,2870,Samuel Arregui,mirtajauregui@example.net,F,1997-04-25,Dominican Republic,San Francisco de Macorís,Software Engineer,274,Student,Active,2022-07-13 17:20:08,2022-08-18 17:20:08
1904,2871,Maxi Ferrer,pdiez@example.org,F,2000-10-06,Dominican Republic,San Francisco de Macorís,Project Manager,120,Honorary,Active,2024-02-06 14:44:30,2024-04-03 14:44:30
1905,2872,Vicente Abellán,alejandro71@example.com,F,1989-02-25,Dominican Republic,Santo Domingo,Marketing Specialist,193,Honorary,Active,2025-04-24 18:30:01,2025-06-21 18:30:01
1906,2873,Evita Báez,luna79@example.com,M,2000-01-15,Dominican Republic,La Romana,Marketing Specialist,255,Individual,Active,2023-08-15 09:38:26,2023-10-20 09:38:26
1907,2874,Luis Ángel Casanova,leyre59@example.com,M,1976-12-12,Dominican Republic,Puerto Plata,Financial Analyst,298,Corporate,Active,2025-12-09 11:29:56,2026-01-14 11:29:56
1908,2875,Leticia Gascón,xluque@example.net,F,2001-08-11,Dominican Republic,Santiago,Accountant,122,Student,Active,2024-12-14 18:20:53,2025-01-26 18:20:53
1909,2876,Angelino Casado,mamigo@example.net,M,2003-08-03,Dominican Republic,La Romana,Marketing Specialist,151,Student,Active,2024-10-31 21:38:03,2024-12-31 21:38:03
1910,2877,Cosme Aliaga,seguipablo@example.net,F,1998-08-04,Dominican Republic,San Pedro de Macorís,Project Manager,115,Individual,Active,2021-10-18 12:59:55,2021-11-18 12:59:55
1911,2878,Genoveva Ariza,riosmaribel@example.org,F,2007-07-08,Dominican Republic,Santo Domingo,Accountant,219,Individual,Active,2024-10-16 02:22:05,2024-12-11 02:22:05
1912,2879,Édgar Lerma,torrijoscandelaria@example.com,F,1999-05-16,Dominican Republic,Puerto Plata,Civil Engineer,203,Individual,Active,2023-01-17 19:32:21,2023-02-24 19:32:21
1913,2882,Patricio Figuerola,ptorrecilla@example.com,M,2005-06-11,Dominican Republic,Santo Domingo,Project Manager,60,Student,Active,2024-07-23 16:17:37,2024-09-21 16:17:37
1914,2883,Juliana Águila,farroyo@example.org,M,1990-12-28,Dominican Republic,San Pedro de Macorís,Civil Engineer,153,Individual,Active,2022-08-15 10:27:36,2022-10-12 10:27:36
1915,2885,Oriana Campillo,emmaaguilar@example.org,F,1984-10-14,Dominican Republic,Santo Domingo,Financial Analyst,39,Honorary,Active,2023-02-22 10:19:24,2023-04-09 10:19:24
1916,2886,Asdrubal Solé,fidel74@example.net,F,1983-03-30,Dominican Republic,San Francisco de Macorís,Business Consultant,218,Student,Active,2025-03-17 07:44:55,2025-05-22 07:44:55
1917,2887,Sandalio Gomila,alexandra96@example.com,M,2001-09-06,Dominican Republic,San Pedro de Macorís,Architect,274,Student,Active,2022-01-23 20:04:28,2022-03-25 20:04:28
1918,2888,Jordana Leal,ferrandezjuliana@example.net,M,1975-11-26,Dominican Republic,San Francisco de Macorís,Accountant,198,Student,Active,2021-12-20 15:24:26,2022-02-25 15:24:26
1919,2889,Yaiza Sastre,nildapascual@example.net,F,1990-05-25,Dominican Republic,San Francisco de Macorís,Project Manager,86,Student,Active,2024-08-19 17:52:35,2024-10-15 17:52:35
1920,2890,Chelo Corral,gamaya@example.org,F,2004-06-10,Dominican Republic,Punta Cana,Business Consultant,163,Corporate,Active,2024-06-12 05:32:19,2024-07-09 05:32:19
1921,2891,Gerardo Ribes,teofilasotelo@example.net,F,2007-09-19,Dominican Republic,Puerto Plata,Business Consultant,49,Honorary,Active,2023-10-12 23:55:04,2023-11-10 23:55:04
1922,2893,Dalila Calleja,caseshortensia@example.org,M,2008-02-02,Dominican Republic,San Francisco de Macorís,Data Analyst,111,Corporate,Active,2023-03-14 19:39:43,2023-04-25 19:39:43
1923,2895,Roxana Cuenca,gblanch@example.net,F,1992-03-04,Dominican Republic,Santiago,Accountant,115,Honorary,Active,2026-03-07 13:37:42,2026-05-08 13:37:42
1924,2897,Vito Laguna,rene53@example.org,F,1988-04-12,Dominican Republic,Puerto Plata,Architect,256,Student,Active,2024-03-24 10:43:57,2024-06-18 10:43:57
1925,2899,Graciela Noriega,garciaroberto@example.com,F,1981-11-29,Dominican Republic,Santiago,Accountant,24,Student,Active,2025-11-17 18:07:37,2026-01-12 18:07:37
1926,2900,Alejandro Neira,bautistafabregas@example.net,M,2003-08-14,Dominican Republic,Santo Domingo,Lawyer,121,Student,Active,2026-02-14 19:35:21,2026-03-30 19:35:21
1927,2901,Cornelio Gascón,gromeu@example.com,F,2002-01-29,Dominican Republic,Santo Domingo,Civil Engineer,220,Honorary,Active,2022-05-19 07:01:46,2022-06-24 07:01:46
1928,2902,Brunilda Losa,qbernat@example.com,M,1998-05-08,Dominican Republic,Puerto Plata,Architect,283,Honorary,Active,2022-09-04 14:32:10,2022-11-09 14:32:10
1929,2905,Camila Galan,malberdi@example.org,M,1992-10-26,Dominican Republic,Punta Cana,Lawyer,180,Honorary,Active,2025-08-18 00:30:11,2025-10-29 00:30:11
1930,2906,Selena Prat,adelina70@example.net,F,1995-01-10,Dominican Republic,La Romana,Architect,211,Student,Active,2021-08-15 07:31:55,2021-10-15 07:31:55
1931,2910,Caridad Zabaleta,qayala@example.com,F,1979-01-12,Dominican Republic,Punta Cana,Lawyer,124,Corporate,Active,2025-10-17 01:08:53,2025-11-26 01:08:53
1932,2912,Ramona Martorell,natalia64@example.net,F,1990-02-20,Dominican Republic,Puerto Plata,Accountant,143,Honorary,Active,2025-07-04 05:37:57,2025-08-20 05:37:57
1933,2914,Emelina Almagro,yibanez@example.net,F,1976-08-28,Dominican Republic,San Francisco de Macorís,Data Analyst,22,Individual,Active,2026-05-02 12:13:05,2026-06-26 12:13:05
1934,2915,Loida Torrecilla,grandemarc@example.org,F,1986-12-21,Dominican Republic,Santo Domingo,Project Manager,168,Corporate,Active,2022-07-04 04:47:00,2022-08-22 04:47:00
1935,2916,Julieta Sanjuan,casalcarmina@example.org,F,2000-08-14,Dominican Republic,Punta Cana,Lawyer,140,Corporate,Active,2024-09-16 17:25:57,2024-11-17 17:25:57
1936,2918,Aitor Sevilla,gabino15@example.org,M,1977-10-22,Dominican Republic,Punta Cana,Software Engineer,15,Student,Active,2023-08-26 00:00:26,2023-10-23 00:00:26
1937,2919,Febe Puig,mercedesnogueira@example.org,M,1989-03-11,Dominican Republic,Santiago,Lawyer,89,Honorary,Active,2021-07-24 04:38:20,2021-08-19 04:38:20
1938,2920,Enrique Dávila,rodaconcha@example.net,F,2007-02-22,Dominican Republic,La Romana,Civil Engineer,34,Honorary,Active,2021-09-29 09:59:05,2021-11-14 09:59:05
1939,2921,Carmelita Viana,ypedraza@example.com,F,1993-01-11,Dominican Republic,Punta Cana,Lawyer,14,Honorary,Active,2021-08-14 23:53:03,2021-09-28 23:53:03
1940,2924,Vidal Heras,renata17@example.com,F,1987-01-12,Dominican Republic,San Pedro de Macorís,Architect,171,Honorary,Active,2023-09-09 18:24:43,2023-11-13 18:24:43
1941,2927,Natalio Pedrero,oalbero@example.com,M,2003-01-08,Dominican Republic,San Francisco de Macorís,Lawyer,280,Individual,Active,2025-05-23 09:03:30,2025-07-11 09:03:30
1942,2929,Anacleto Ojeda,cvall@example.org,M,2005-12-02,Dominican Republic,Santiago,Accountant,164,Individual,Active,2026-05-29 03:13:08,2026-08-05 03:13:08
1943,2930,Marcio Beltrán,jose-luispina@example.org,M,1986-10-03,Dominican Republic,Puerto Plata,Software Engineer,81,Individual,Active,2022-04-29 02:46:39,2022-06-03 02:46:39
1944,2931,Ruben Isern,mariamontes@example.org,F,1983-08-31,Dominican Republic,Santiago,Business Consultant,118,Student,Active,2025-05-06 01:09:02,2025-06-05 01:09:02
1945,2932,Rogelio Jove,santanamaria-cristina@example.com,M,1991-02-04,Dominican Republic,La Romana,Business Consultant,213,Individual,Active,2025-06-26 12:42:49,2025-07-14 12:42:49
1946,2933,Rosenda Ruano,agustiroman@example.com,M,1983-03-02,Dominican Republic,Puerto Plata,Business Consultant,183,Student,Active,2024-03-03 03:05:46,2024-04-14 03:05:46
1947,2935,Martirio Guzmán,gonijaime@example.org,M,1984-07-08,Dominican Republic,San Francisco de Macorís,Architect,142,Corporate,Active,2025-02-07 23:53:25,2025-03-24 23:53:25
1948,2936,Marianela Sanmiguel,ximena74@example.com,M,1979-06-27,Dominican Republic,San Francisco de Macorís,Financial Analyst,214,Honorary,Active,2021-07-14 11:37:24,2021-09-14 11:37:24
1949,2938,Pía Caro,ocanaroldan@example.org,F,2004-09-01,Dominican Republic,Punta Cana,Software Engineer,180,Individual,Active,2024-06-06 15:19:26,2024-08-13 15:19:26
1950,2942,Silvio Noguera,gconde@example.net,F,2002-06-01,Dominican Republic,Santiago,Architect,98,Student,Active,2025-05-29 23:12:39,2025-07-02 23:12:39
1951,2944,Irma Amat,cruzalarcon@example.net,F,1992-10-17,Dominican Republic,Santo Domingo,Financial Analyst,251,Student,Active,2023-09-22 12:07:40,2023-11-14 12:07:40
1952,2946,Ágata Raya,gilaurelia@example.org,F,2007-03-23,Dominican Republic,La Romana,Accountant,198,Individual,Active,2025-01-06 14:02:22,2025-01-31 14:02:22
1953,2947,Merche Tamayo,salassol@example.com,F,2005-10-28,Dominican Republic,San Pedro de Macorís,Software Engineer,276,Student,Active,2025-05-30 21:27:48,2025-07-29 21:27:48
1954,2948,Valentín Perera,warmas@example.net,M,1982-07-05,Dominican Republic,La Romana,Data Analyst,240,Honorary,Active,2026-05-17 20:49:07,2026-07-06 20:49:07
1955,2949,Clara Ramos,renatogisbert@example.com,F,1991-06-20,Dominican Republic,Santiago,Project Manager,126,Student,Active,2023-02-04 08:03:42,2023-03-23 08:03:42
1956,2951,Pepito Casal,casandrarivas@example.org,F,1981-11-27,Dominican Republic,Punta Cana,Financial Analyst,231,Individual,Active,2021-10-22 09:37:37,2021-11-22 09:37:37
1957,2953,Baldomero Clemente,encarnitagras@example.com,M,1985-01-19,Dominican Republic,San Pedro de Macorís,Financial Analyst,120,Honorary,Active,2024-10-03 06:14:05,2024-12-12 06:14:05
1958,2956,Urbano Pou,melania29@example.com,F,1978-08-08,Dominican Republic,Punta Cana,Accountant,264,Honorary,Active,2022-09-10 16:45:51,2022-09-30 16:45:51
1959,2957,Anselma Nuñez,almaatienza@example.org,F,2002-04-03,Dominican Republic,Santiago,Lawyer,102,Individual,Active,2024-10-13 23:51:14,2024-12-15 23:51:14
1960,2958,Rosalva Landa,bernarda85@example.com,M,1993-08-14,Dominican Republic,Santiago,Marketing Specialist,189,Individual,Active,2025-08-09 07:12:31,2025-09-20 07:12:31
1961,2960,Miguela Agustín,flavio55@example.com,M,2006-04-21,Dominican Republic,La Romana,Software Engineer,23,Individual,Active,2022-10-01 07:18:47,2022-11-24 07:18:47
1962,2961,Benita Agudo,jose-miguel76@example.com,M,1980-01-08,Dominican Republic,Santiago,Project Manager,77,Individual,Active,2024-08-21 00:09:27,2024-10-27 00:09:27
1963,2962,Nazario Andrés,jrodrigo@example.net,M,1997-03-22,Dominican Republic,Punta Cana,Architect,285,Individual,Active,2025-05-01 02:44:53,2025-06-13 02:44:53
1964,2963,Candelas Puente,escribanoaristides@example.org,F,2000-02-06,Dominican Republic,Santo Domingo,Business Consultant,80,Individual,Active,2022-08-21 13:40:17,2022-10-01 13:40:17
1965,2964,Florentino Carvajal,susanitabenavides@example.com,F,1976-09-09,Dominican Republic,Puerto Plata,Financial Analyst,296,Honorary,Active,2022-04-28 12:24:49,2022-06-17 12:24:49
1966,2965,Ester Moreno,nribera@example.net,F,2001-12-02,Dominican Republic,Punta Cana,Lawyer,106,Individual,Active,2022-08-26 17:14:14,2022-10-13 17:14:14
1967,2966,Calista Suarez,hcuervo@example.com,F,1982-06-08,Dominican Republic,Santo Domingo,Financial Analyst,261,Student,Active,2022-03-07 12:05:12,2022-03-27 12:05:12
1968,2967,José Criado,clementina56@example.org,F,1995-02-19,Dominican Republic,Santiago,Project Manager,193,Student,Active,2022-06-29 20:57:36,2022-08-23 20:57:36
1969,2968,Ainoa Poza,marcelo16@example.org,M,1983-07-04,Dominican Republic,San Francisco de Macorís,Financial Analyst,151,Student,Active,2023-03-10 09:20:06,2023-05-01 09:20:06
1970,2969,Martirio España,soteloadalberto@example.org,M,1986-07-23,Dominican Republic,San Pedro de Macorís,Financial Analyst,123,Honorary,Active,2022-03-14 15:00:26,2022-04-13 15:00:26
1971,2970,Judith Armengol,belentorrent@example.com,M,1987-01-17,Dominican Republic,La Romana,Marketing Specialist,45,Student,Active,2022-03-16 19:44:03,2022-05-15 19:44:03
1972,2971,Eutimio Almazán,isacuervo@example.net,F,1999-06-17,Dominican Republic,Santiago,Accountant,299,Individual,Active,2021-07-24 17:59:59,2021-08-18 17:59:59
1973,2973,Benita Valentín,genovevabayo@example.org,M,2005-01-28,Dominican Republic,San Francisco de Macorís,Software Engineer,169,Corporate,Active,2023-10-27 10:10:11,2023-12-15 10:10:11
1974,2978,Ramón Vera,pcifuentes@example.net,F,1994-06-05,Dominican Republic,San Pedro de Macorís,Project Manager,223,Corporate,Active,2023-05-16 02:12:01,2023-06-26 02:12:01
1975,2979,Rómulo Alarcón,yaviles@example.org,M,2004-12-09,Dominican Republic,San Francisco de Macorís,Business Consultant,10,Student,Active,2023-09-28 01:56:36,2023-11-30 01:56:36
1976,2980,Nico Salinas,jenarocanizares@example.com,M,1992-01-17,Dominican Republic,Santo Domingo,Software Engineer,251,Corporate,Active,2022-03-04 23:35:15,2022-04-22 23:35:15
1977,2982,Lorenza Campillo,mvalderrama@example.com,M,1998-04-20,Dominican Republic,San Pedro de Macorís,Software Engineer,295,Honorary,Active,2022-08-28 07:42:29,2022-10-13 07:42:29
1978,2983,Amaro Castelló,candelario92@example.org,F,1979-08-01,Dominican Republic,San Pedro de Macorís,Architect,69,Individual,Active,2026-04-25 15:31:37,2026-07-03 15:31:37
1979,2985,Vinicio Acevedo,coral37@example.net,M,1987-02-11,Dominican Republic,Santiago,Software Engineer,29,Honorary,Active,2025-10-31 01:57:34,2025-12-25 01:57:34
1980,2986,Felix Calderón,blanca55@example.org,M,1978-02-27,Dominican Republic,Santo Domingo,Marketing Specialist,273,Corporate,Active,2025-03-08 10:43:06,2025-04-20 10:43:06
1981,2987,Purificación Galván,sblanco@example.net,M,1981-02-19,Dominican Republic,Santiago,Lawyer,40,Individual,Active,2021-09-11 17:57:23,2021-11-05 17:57:23
1982,2988,Vera Soler,paulina74@example.net,F,2004-10-05,Dominican Republic,Puerto Plata,Architect,160,Student,Active,2022-06-22 09:56:16,2022-08-17 09:56:16
1983,2989,Máxima Menendez,marcelinosolsona@example.org,M,1995-05-12,Dominican Republic,Santiago,Civil Engineer,46,Honorary,Active,2025-01-13 15:55:28,2025-02-16 15:55:28
1984,2990,Federico Pol,osvaldobernal@example.net,F,2007-01-09,Dominican Republic,Puerto Plata,Accountant,192,Honorary,Active,2026-03-04 00:34:39,2026-05-06 00:34:39
1985,2991,Jordán Becerra,marcelosoriano@example.net,F,1990-10-28,Dominican Republic,La Romana,Lawyer,298,Individual,Active,2023-07-15 13:46:06,2023-09-10 13:46:06
1986,2992,Martina Rovira,ktenorio@example.com,M,1985-08-20,Dominican Republic,Punta Cana,Civil Engineer,81,Corporate,Active,2023-02-27 17:40:04,2023-04-20 17:40:04
1987,2993,Fabiola Maza,evanoriega@example.com,F,1996-09-17,Dominican Republic,Puerto Plata,Financial Analyst,121,Honorary,Active,2025-06-19 05:36:17,2025-07-21 05:36:17
1988,2994,Aurelia Valbuena,elisabetpenalver@example.com,F,1991-09-29,Dominican Republic,Santiago,Financial Analyst,197,Corporate,Active,2022-06-21 05:28:17,2022-08-16 05:28:17
1989,2995,Nicolás Ramis,jacinto80@example.org,M,1996-05-25,Dominican Republic,Santiago,Marketing Specialist,39,Corporate,Active,2026-05-23 14:51:39,2026-06-24 14:51:39
1990,2996,Asdrubal Gonzalo,ingrid80@example.net,M,1985-08-17,Dominican Republic,Santo Domingo,Data Analyst,88,Student,Active,2022-08-06 23:11:22,2022-09-07 23:11:22
1991,2997,Lázaro Sotelo,oayuso@example.org,M,2000-01-23,Dominican Republic,Puerto Plata,Business Consultant,17,Individual,Active,2021-12-15 07:52:44,2022-01-22 07:52:44
1992,2999,Javier Tejedor,scastell@example.org,M,1989-04-29,Dominican Republic,Santiago,Marketing Specialist,48,Individual,Active,2024-10-12 03:19:31,2024-11-14 03:19:31
1993,3001,Ismael Revilla,balduinoblazquez@example.net,M,2008-02-08,Dominican Republic,Santo Domingo,Business Consultant,223,Honorary,Active,2023-10-25 11:11:18,2023-12-18 11:11:18
1994,3002,Águeda Barral,marquezeusebio@example.com,M,1983-10-03,Dominican Republic,La Romana,Architect,2,Student,Active,2022-06-16 07:19:31,2022-07-13 07:19:31
1995,3004,Juan Tur,tadeo90@example.org,F,1997-02-07,Dominican Republic,Punta Cana,Lawyer,293,Honorary,Active,2022-02-02 20:09:21,2022-03-21 20:09:21
1996,3005,Azahara Larrañaga,zaidagisbert@example.org,F,1986-10-03,Dominican Republic,San Pedro de Macorís,Project Manager,293,Student,Active,2026-01-07 07:57:39,2026-02-27 07:57:39
1997,3006,Maite Llamas,kmedina@example.org,F,1995-02-06,Dominican Republic,San Pedro de Macorís,Lawyer,220,Student,Active,2026-02-11 04:16:23,2026-04-08 04:16:23
1998,3008,Nayara Blanca,josep90@example.org,F,1981-03-08,Dominican Republic,Punta Cana,Civil Engineer,7,Corporate,Active,2025-03-14 09:52:34,2025-05-14 09:52:34
1999,3010,Loida Franco,elodiaalcazar@example.net,F,1976-10-26,Dominican Republic,San Pedro de Macorís,Marketing Specialist,180,Corporate,Active,2022-01-02 05:35:10,2022-03-12 05:35:10
2000,3014,Elena Cobo,rosellovenceslas@example.com,F,2003-02-20,Dominican Republic,San Francisco de Macorís,Financial Analyst,286,Student,Active,2023-10-23 00:14:11,2023-11-24 00:14:11
2001,3020,Martín Cadenas,ezequielmarcos@example.com,M,2007-04-15,Dominican Republic,San Pedro de Macorís,Architect,276,Corporate,Active,2023-09-09 01:46:45,2023-10-12 01:46:45
2002,3021,Alfredo Perelló,lidiasegarra@example.org,M,1977-05-26,Dominican Republic,San Francisco de Macorís,Architect,211,Individual,Active,2023-08-03 12:06:07,2023-09-23 12:06:07
2003,3022,Jeremías Oliver,moranteyolanda@example.org,M,1989-02-17,Dominican Republic,San Pedro de Macorís,Marketing Specialist,105,Student,Active,2021-12-10 05:28:36,2022-02-05 05:28:36
2004,3025,Fabiana Badía,evaristo24@example.com,M,1988-11-28,Dominican Republic,San Francisco de Macorís,Business Consultant,111,Corporate,Active,2024-02-17 18:56:00,2024-03-31 18:56:00
2005,3029,Luisina Menéndez,maria-belen19@example.net,M,2005-04-13,Dominican Republic,La Romana,Financial Analyst,157,Corporate,Active,2025-07-14 02:35:50,2025-09-10 02:35:50
2006,3032,Leopoldo Recio,aleros@example.org,F,2000-11-16,Dominican Republic,San Pedro de Macorís,Marketing Specialist,177,Student,Active,2025-01-08 21:58:57,2025-03-14 21:58:57
2007,3038,César Arregui,luismaria-del-carmen@example.com,F,2000-06-17,Dominican Republic,Santo Domingo,Accountant,214,Honorary,Active,2022-05-07 21:22:25,2022-07-28 21:22:25
2008,3039,Reina Ayllón,elicomas@example.com,M,2003-10-22,Dominican Republic,Puerto Plata,Financial Analyst,147,Student,Active,2025-11-24 16:46:11,2026-01-06 16:46:11
2009,3040,Beatriz Valle,galanantonio@example.com,F,2002-09-21,Dominican Republic,Santiago,Lawyer,108,Corporate,Active,2024-11-08 11:12:54,2024-12-18 11:12:54
2010,3041,Gala Carbó,jherrero@example.net,M,1979-05-28,Dominican Republic,Santiago,Project Manager,220,Individual,Active,2024-12-30 22:49:11,2025-02-25 22:49:11
2011,3042,Apolonia Suárez,chus85@example.com,M,2007-03-16,Dominican Republic,San Pedro de Macorís,Software Engineer,117,Honorary,Active,2021-12-02 14:39:18,2022-01-11 14:39:18
2012,3044,Ricardo Tejero,azucenaaramburu@example.org,F,1991-10-31,Dominican Republic,Santo Domingo,Data Analyst,41,Corporate,Active,2022-11-10 09:56:20,2022-11-23 09:56:20
2013,3047,Pastor Rivera,alejandro78@example.org,F,2000-04-08,Dominican Republic,Santiago,Business Consultant,206,Honorary,Active,2021-10-10 21:27:28,2021-11-11 21:27:28
2014,3048,Bibiana Girona,paezelisabet@example.com,F,2007-12-06,Dominican Republic,Punta Cana,Marketing Specialist,94,Student,Active,2025-12-16 09:34:48,2026-02-03 09:34:48
2015,3050,Hernando Requena,qbernad@example.com,F,1991-11-21,Dominican Republic,Punta Cana,Data Analyst,177,Corporate,Active,2023-10-09 22:45:51,2023-11-27 22:45:51
2016,3052,Vinicio Peralta,nebotmaria-carmen@example.com,M,2005-12-02,Dominican Republic,San Francisco de Macorís,Civil Engineer,137,Individual,Active,2022-05-23 04:55:37,2022-07-24 04:55:37
2017,3053,Cesar Rodríguez,paulino60@example.com,M,1998-04-14,Dominican Republic,La Romana,Architect,183,Honorary,Active,2024-08-21 20:59:36,2024-10-24 20:59:36
2018,3056,Eloy Olmedo,tiburcio53@example.org,M,2001-09-29,Dominican Republic,La Romana,Project Manager,185,Honorary,Active,2025-07-11 20:51:35,2025-08-18 20:51:35
2019,3058,Reyes Valbuena,lcampoy@example.org,F,2004-02-05,Dominican Republic,San Francisco de Macorís,Civil Engineer,185,Individual,Active,2025-01-24 23:11:38,2025-03-16 23:11:38
2020,3059,Cándido Pera,carla72@example.org,F,2004-07-09,Dominican Republic,San Francisco de Macorís,Accountant,174,Student,Active,2022-05-31 00:50:39,2022-07-11 00:50:39
2021,3061,Amado Barco,manolo90@example.net,F,2000-11-08,Dominican Republic,Punta Cana,Lawyer,34,Honorary,Active,2021-11-03 19:35:23,2022-01-01 19:35:23
2022,3064,Albert Francisco,jose-ramon83@example.net,F,1977-07-20,Dominican Republic,Santo Domingo,Marketing Specialist,262,Honorary,Active,2021-10-06 21:55:10,2021-10-24 21:55:10
2023,3066,Alejandro Téllez,curro79@example.net,M,2008-04-02,Dominican Republic,Puerto Plata,Architect,9,Corporate,Active,2025-01-15 22:26:39,2025-03-01 22:26:39
2024,3067,Mauricio Linares,jponce@example.net,F,1996-08-06,Dominican Republic,Santiago,Accountant,193,Honorary,Active,2025-10-03 03:36:31,2025-11-21 03:36:31
2025,3068,Jimena Ferreras,cornelio89@example.com,F,1980-11-11,Dominican Republic,Santo Domingo,Financial Analyst,21,Student,Active,2022-10-07 19:52:01,2022-11-29 19:52:01
2026,3069,Nicodemo Cortina,omoran@example.com,M,1977-06-04,Dominican Republic,Punta Cana,Financial Analyst,273,Individual,Active,2021-07-26 11:05:39,2021-09-08 11:05:39
2027,3070,Fito Castejón,anselmocastilla@example.org,F,2006-01-14,Dominican Republic,Santiago,Financial Analyst,252,Honorary,Active,2023-12-22 01:37:25,2024-02-12 01:37:25
2028,3071,Antonio Perales,csole@example.org,M,1981-10-21,Dominican Republic,La Romana,Lawyer,137,Individual,Active,2024-08-03 04:18:59,2024-09-13 04:18:59
2029,3074,Armando Cardona,isaaccastejon@example.com,F,1993-06-19,Dominican Republic,Punta Cana,Financial Analyst,108,Honorary,Active,2026-03-28 14:30:49,2026-05-07 14:30:49
2030,3077,Nélida Luján,marcio20@example.org,F,1980-12-22,Dominican Republic,Punta Cana,Lawyer,108,Honorary,Active,2023-09-27 18:55:31,2023-10-30 18:55:31
2031,3078,Joaquina Company,brunilda86@example.org,M,2000-03-02,Dominican Republic,Santo Domingo,Civil Engineer,56,Individual,Active,2022-02-17 12:11:54,2022-04-08 12:11:54
2032,3080,Jaime Beltrán,angulojosefa@example.org,F,1988-06-19,Dominican Republic,Puerto Plata,Lawyer,79,Honorary,Active,2024-10-08 02:47:46,2024-11-04 02:47:46
2033,3083,Samanta Vallejo,calofelia@example.net,M,2002-11-22,Dominican Republic,Santiago,Financial Analyst,18,Student,Active,2022-08-06 10:46:39,2022-09-15 10:46:39
2034,3085,Charo Galván,bernardino03@example.com,M,1978-03-14,Dominican Republic,San Francisco de Macorís,Marketing Specialist,165,Corporate,Active,2023-12-03 05:17:20,2024-02-01 05:17:20
2035,3087,Evita Calleja,agapito51@example.net,F,1999-06-24,Dominican Republic,Santo Domingo,Marketing Specialist,45,Corporate,Active,2023-07-02 14:11:33,2023-08-28 14:11:33
2036,3088,Faustino Miranda,salgadosamanta@example.net,F,1998-04-11,Dominican Republic,La Romana,Software Engineer,276,Corporate,Active,2021-07-20 09:36:29,2021-09-09 09:36:29
2037,3089,Martín Mesa,garenas@example.com,F,1989-08-13,Dominican Republic,Puerto Plata,Civil Engineer,41,Corporate,Active,2021-07-17 17:15:59,2021-08-27 17:15:59
2038,3090,Constanza Llobet,pomareswilfredo@example.org,F,1985-08-06,Dominican Republic,San Pedro de Macorís,Marketing Specialist,299,Student,Active,2025-10-24 06:29:22,2025-12-26 06:29:22
2039,3091,Álvaro Zurita,brunoalmeida@example.org,F,1979-02-01,Dominican Republic,San Francisco de Macorís,Accountant,147,Student,Active,2023-10-07 14:08:33,2023-12-20 14:08:33
2040,3092,Nydia Otero,ullabres@example.com,M,1979-10-15,Dominican Republic,San Francisco de Macorís,Business Consultant,270,Student,Active,2022-10-30 04:17:41,2022-12-10 04:17:41
2041,3096,Mariana Malo,estevezolalla@example.net,F,1989-04-17,Dominican Republic,Santo Domingo,Marketing Specialist,212,Honorary,Active,2024-02-01 23:28:32,2024-03-29 23:28:32
2042,3099,Jose Antonio Bonilla,bertranamando@example.net,M,1996-01-12,Dominican Republic,La Romana,Project Manager,2,Student,Active,2024-12-26 00:36:17,2025-03-05 00:36:17
2043,3100,Fidela Márquez,santos12@example.com,M,1983-03-19,Dominican Republic,Punta Cana,Financial Analyst,166,Individual,Active,2024-11-25 07:46:51,2025-01-16 07:46:51
2044,3101,Anselmo Pont,alfonso04@example.com,F,1985-06-01,Dominican Republic,Santo Domingo,Lawyer,151,Student,Active,2025-12-18 08:10:05,2026-02-14 08:10:05
2045,3102,Salomón Simó,sarita86@example.net,M,1997-03-04,Dominican Republic,Punta Cana,Marketing Specialist,277,Honorary,Active,2025-12-11 10:00:54,2026-01-23 10:00:54
2046,3104,Santiago Campillo,baezaafrica@example.com,M,2002-09-05,Dominican Republic,La Romana,Data Analyst,45,Honorary,Active,2025-07-08 04:07:01,2025-08-28 04:07:01
2047,3105,Adalberto Bello,wtorre@example.org,F,1997-10-10,Dominican Republic,San Francisco de Macorís,Project Manager,98,Student,Active,2025-08-14 06:08:35,2025-09-24 06:08:35
2048,3106,Matías Menendez,nydiafranch@example.org,M,1990-08-22,Dominican Republic,Santo Domingo,Civil Engineer,37,Student,Active,2026-01-08 07:35:45,2026-03-04 07:35:45
2049,3107,Cristian Cano,salamancacustodio@example.net,F,1999-06-19,Dominican Republic,Santo Domingo,Civil Engineer,243,Honorary,Active,2025-02-17 02:00:44,2025-04-16 02:00:44
2050,3108,Pepita Azorin,loboencarnacion@example.org,F,1981-04-27,Dominican Republic,Santo Domingo,Data Analyst,110,Student,Active,2022-04-27 21:10:01,2022-06-30 21:10:01
2051,3111,Luna Ramírez,reinaldo23@example.net,M,1979-03-27,Dominican Republic,San Francisco de Macorís,Financial Analyst,224,Honorary,Active,2025-08-12 22:20:07,2025-09-25 22:20:07
2052,3112,Maura Amor,luciaguillen@example.com,F,1983-10-28,Dominican Republic,Punta Cana,Project Manager,174,Honorary,Active,2021-07-17 09:42:54,2021-08-18 09:42:54
2053,3113,Sarita Baquero,esmeralda99@example.org,M,1988-08-14,Dominican Republic,Santiago,Lawyer,132,Student,Active,2024-12-20 08:18:16,2025-02-24 08:18:16
2054,3116,Jordana Cortes,antonia72@example.org,M,2002-07-03,Dominican Republic,Punta Cana,Lawyer,15,Student,Active,2026-04-18 19:57:42,2026-06-22 19:57:42
2055,3117,Pacífica Oller,qmur@example.org,F,2003-12-17,Dominican Republic,San Pedro de Macorís,Marketing Specialist,189,Corporate,Active,2022-11-02 04:26:52,2023-01-01 04:26:52
2056,3118,Rosenda Tello,qsantana@example.org,M,1984-05-26,Dominican Republic,San Francisco de Macorís,Software Engineer,226,Individual,Active,2022-03-13 13:39:17,2022-05-03 13:39:17
2057,3119,Ángela Hernández,corona31@example.com,M,2006-09-29,Dominican Republic,Punta Cana,Project Manager,233,Student,Active,2024-11-07 18:38:38,2024-12-09 18:38:38
2058,3122,Román Cerezo,amador69@example.net,F,1996-05-13,Dominican Republic,San Pedro de Macorís,Data Analyst,176,Corporate,Active,2023-02-17 12:15:01,2023-04-10 12:15:01
2059,3123,Sarita Peláez,ruben46@example.org,M,2003-06-01,Dominican Republic,Santiago,Civil Engineer,65,Individual,Active,2026-01-31 00:38:26,2026-03-21 00:38:26
2060,3124,Joaquina Samper,calmanu@example.net,M,1996-11-28,Dominican Republic,San Pedro de Macorís,Accountant,36,Corporate,Active,2024-04-26 11:30:50,2024-07-13 11:30:50
2061,3128,Amado Durán,abaeza@example.org,F,1998-03-20,Dominican Republic,Puerto Plata,Project Manager,48,Honorary,Active,2022-03-19 16:03:42,2022-05-16 16:03:42
2062,3129,Miguela Cantero,blancoolimpia@example.com,F,1989-12-16,Dominican Republic,Punta Cana,Lawyer,114,Student,Active,2022-02-27 18:29:14,2022-04-13 18:29:14
2063,3131,María Manuela Vilar,chaparrochucho@example.org,F,1975-07-28,Dominican Republic,San Francisco de Macorís,Marketing Specialist,198,Individual,Active,2021-12-06 03:07:37,2022-02-03 03:07:37
2064,3133,Graciela Perez,quirosale@example.org,M,1982-03-21,Dominican Republic,Punta Cana,Accountant,276,Individual,Active,2023-05-21 22:40:26,2023-07-19 22:40:26
2065,3134,Candelario Barriga,graciela48@example.org,M,1992-04-30,Dominican Republic,Santiago,Lawyer,195,Honorary,Active,2025-06-30 22:16:17,2025-09-04 22:16:17
2066,3135,Eusebia Hierro,uparejo@example.net,M,1989-10-14,Dominican Republic,San Francisco de Macorís,Project Manager,276,Corporate,Active,2022-02-16 14:37:35,2022-04-18 14:37:35
2067,3136,Eloísa Chacón,calixtocerdan@example.org,F,1976-03-29,Dominican Republic,San Pedro de Macorís,Civil Engineer,249,Honorary,Active,2025-01-09 08:40:23,2025-03-01 08:40:23
2068,3138,Felicia Godoy,cortesgoyo@example.com,F,1984-06-08,Dominican Republic,San Pedro de Macorís,Financial Analyst,125,Individual,Active,2022-07-10 00:39:13,2022-08-07 00:39:13
2069,3140,Severiano Sevillano,allanos@example.org,M,1980-07-17,Dominican Republic,Puerto Plata,Software Engineer,182,Individual,Active,2023-06-13 13:16:43,2023-08-13 13:16:43
2070,3142,Eustaquio Quesada,lcal@example.com,F,2005-09-29,Dominican Republic,La Romana,Architect,289,Corporate,Active,2023-07-30 09:05:45,2023-09-05 09:05:45
2071,3144,María Jimenez,marcial84@example.org,F,2002-10-18,Dominican Republic,La Romana,Data Analyst,84,Student,Active,2025-03-07 23:24:21,2025-04-17 23:24:21
2072,3145,María Fernanda Royo,carmonacarlito@example.com,F,2002-03-05,Dominican Republic,Punta Cana,Business Consultant,299,Student,Active,2023-06-04 23:04:50,2023-07-22 23:04:50
2073,3146,Ismael Arteaga,bjimenez@example.net,M,1999-08-08,Dominican Republic,San Pedro de Macorís,Business Consultant,216,Student,Active,2025-12-14 06:00:34,2026-02-26 06:00:34
2074,3147,Amador Montes,ftejero@example.com,F,1986-04-28,Dominican Republic,San Pedro de Macorís,Financial Analyst,258,Individual,Active,2024-06-27 19:28:28,2024-07-31 19:28:28
2075,3148,Dorotea Barba,xdiaz@example.com,F,1993-08-01,Dominican Republic,Punta Cana,Data Analyst,298,Student,Active,2025-08-09 09:39:00,2025-09-30 09:39:00
2076,3151,Gaspar Puente,nalsina@example.org,F,1982-01-01,Dominican Republic,Punta Cana,Accountant,52,Student,Active,2024-04-15 02:50:54,2024-06-04 02:50:54
2077,3153,Gema Tovar,ugordillo@example.com,M,2006-09-23,Dominican Republic,San Pedro de Macorís,Financial Analyst,89,Individual,Active,2026-05-23 07:05:30,2026-07-25 07:05:30
2078,3156,Bernardo Tello,rosendosarmiento@example.org,F,1982-12-17,Dominican Republic,San Pedro de Macorís,Lawyer,133,Honorary,Active,2026-01-08 00:12:24,2026-02-18 00:12:24
2079,3157,Teodoro Colomer,ruben76@example.org,F,1979-01-18,Dominican Republic,Santo Domingo,Software Engineer,209,Corporate,Active,2022-11-23 13:22:17,2023-01-11 13:22:17
2080,3158,Pánfilo Manzanares,hernangaliano@example.org,F,2002-08-18,Dominican Republic,La Romana,Business Consultant,0,Honorary,Active,2021-08-27 06:21:16,2021-09-23 06:21:16
2081,3159,Candelaria Arnau,romulo30@example.net,F,2007-10-11,Dominican Republic,San Francisco de Macorís,Marketing Specialist,188,Student,Active,2025-11-08 07:00:27,2025-12-18 07:00:27
2082,3161,Ariadna Soler,violetadonoso@example.org,F,1976-11-12,Dominican Republic,Santo Domingo,Lawyer,167,Individual,Active,2025-07-18 00:19:54,2025-09-11 00:19:54
2083,3162,Isabela Vélez,celsoduarte@example.net,F,1990-07-19,Dominican Republic,San Pedro de Macorís,Financial Analyst,3,Corporate,Active,2023-06-26 14:25:12,2023-08-10 14:25:12
2084,3165,Carmelita Marquez,candelassoriano@example.com,F,2003-10-03,Dominican Republic,San Francisco de Macorís,Business Consultant,134,Corporate,Active,2022-02-13 23:03:24,2022-03-30 23:03:24
2085,3166,Ulises Cueto,wropero@example.org,F,1996-12-08,Dominican Republic,Santiago,Project Manager,85,Honorary,Active,2024-11-23 10:40:42,2024-12-28 10:40:42
2086,3168,Isaura Aliaga,parrasonia@example.org,F,1976-08-18,Dominican Republic,Santo Domingo,Marketing Specialist,202,Corporate,Active,2025-11-24 03:35:44,2025-12-22 03:35:44
2087,3169,Darío Mateos,leocadia22@example.com,F,2005-05-16,Dominican Republic,San Pedro de Macorís,Data Analyst,153,Honorary,Active,2023-01-01 17:18:31,2023-01-27 17:18:31
2088,3172,Haydée Llabrés,saturninallobet@example.org,F,1991-01-28,Dominican Republic,San Francisco de Macorís,Financial Analyst,87,Honorary,Active,2024-05-06 12:50:19,2024-07-16 12:50:19
2089,3174,Amor Caparrós,oprieto@example.org,M,1989-11-20,Dominican Republic,Santo Domingo,Civil Engineer,88,Honorary,Active,2025-02-26 20:46:21,2025-04-10 20:46:21
2090,3175,Emma Pol,amayoral@example.org,M,1982-07-20,Dominican Republic,Santo Domingo,Software Engineer,83,Student,Active,2021-07-17 22:35:31,2021-08-27 22:35:31
2091,3177,Tristán Portillo,custodia70@example.org,M,1998-11-11,Dominican Republic,Santiago,Project Manager,109,Individual,Active,2026-03-07 16:42:26,2026-04-26 16:42:26
2092,3178,Lucio Manrique,carmina01@example.com,F,2000-04-30,Dominican Republic,San Francisco de Macorís,Software Engineer,197,Corporate,Active,2022-05-04 14:05:21,2022-06-24 14:05:21
2093,3179,Amelia Ramírez,eric96@example.net,M,1981-04-24,Dominican Republic,Santiago,Business Consultant,187,Student,Active,2025-12-01 18:47:06,2026-01-19 18:47:06
2094,3181,Francisca Raya,ucabeza@example.net,F,2001-10-28,Dominican Republic,La Romana,Data Analyst,278,Corporate,Active,2023-03-11 18:26:01,2023-05-01 18:26:01
2095,3182,Donato Murcia,leandramunoz@example.com,F,1980-12-18,Dominican Republic,San Pedro de Macorís,Software Engineer,165,Corporate,Active,2023-08-12 05:58:59,2023-10-10 05:58:59
2096,3185,Manola Barceló,anabel62@example.com,F,2000-11-30,Dominican Republic,Punta Cana,Architect,68,Individual,Active,2023-03-22 03:07:52,2023-05-12 03:07:52
2097,3186,Débora Pascual,campillochucho@example.org,F,2006-08-25,Dominican Republic,La Romana,Lawyer,156,Student,Active,2024-05-02 13:14:52,2024-06-06 13:14:52
2098,3188,Julie Elorza,oarjona@example.org,F,1990-09-04,Dominican Republic,San Francisco de Macorís,Lawyer,141,Individual,Active,2023-11-19 02:30:52,2024-01-01 02:30:52
2099,3190,Tatiana Vera,sotelodesiderio@example.net,M,1990-03-21,Dominican Republic,Punta Cana,Accountant,124,Individual,Active,2022-02-07 21:49:08,2022-03-22 21:49:08
2100,3193,Cintia Ramírez,cmontesinos@example.com,M,1995-12-06,Dominican Republic,San Pedro de Macorís,Architect,5,Honorary,Active,2022-04-13 16:58:53,2022-04-20 16:58:53
2101,3195,Adelia Requena,vascoibanez@example.com,M,2001-08-17,Dominican Republic,San Pedro de Macorís,Marketing Specialist,99,Honorary,Active,2022-06-01 20:21:13,2022-07-24 20:21:13
2102,3196,Chucho Porcel,palaciosbernarda@example.net,F,1991-05-05,Dominican Republic,La Romana,Data Analyst,229,Corporate,Active,2021-11-11 13:50:39,2021-12-20 13:50:39
2103,3197,Nazaret Canales,georgina22@example.org,F,2001-12-14,Dominican Republic,La Romana,Financial Analyst,25,Individual,Active,2023-04-11 17:24:18,2023-05-08 17:24:18
2104,3199,Álvaro Roselló,castillohilda@example.net,F,1997-02-26,Dominican Republic,Santo Domingo,Civil Engineer,71,Individual,Active,2025-12-03 07:22:33,2026-01-16 07:22:33
2105,3202,Adelaida Calzada,josefa60@example.org,F,1982-09-19,Dominican Republic,Santo Domingo,Architect,184,Student,Active,2025-12-17 18:31:08,2026-02-11 18:31:08
2106,3204,Rosalinda Vigil,pvila@example.org,F,1994-02-09,Dominican Republic,Puerto Plata,Financial Analyst,187,Corporate,Active,2023-09-23 16:34:41,2023-11-17 16:34:41
2107,3205,Maura Guitart,spriego@example.org,M,1977-04-08,Dominican Republic,San Francisco de Macorís,Software Engineer,49,Honorary,Active,2026-05-14 16:00:09,2026-07-13 16:00:09
2108,3207,Merche Lloret,oscar44@example.com,M,1979-04-14,Dominican Republic,Punta Cana,Data Analyst,281,Corporate,Active,2021-11-24 17:55:34,2021-12-27 17:55:34
2109,3208,Vito Quintana,marrojas@example.org,M,1988-08-25,Dominican Republic,San Pedro de Macorís,Civil Engineer,85,Individual,Active,2024-06-14 06:21:19,2024-07-25 06:21:19
2110,3209,Lucas Guerra,maria-jose75@example.net,M,1979-03-30,Dominican Republic,San Francisco de Macorís,Data Analyst,284,Corporate,Active,2024-11-09 06:36:19,2025-01-10 06:36:19
2111,3210,Américo Jove,nestorvillalba@example.org,M,2006-11-11,Dominican Republic,Santiago,Project Manager,283,Individual,Active,2025-12-01 18:48:43,2026-01-07 18:48:43
2112,3212,Virgilio Vera,agatavaldes@example.com,M,1989-09-14,Dominican Republic,San Pedro de Macorís,Architect,271,Student,Active,2026-03-24 23:55:22,2026-04-25 23:55:22
2113,3213,Calixto Pineda,tzorrilla@example.org,F,1985-12-17,Dominican Republic,Santiago,Software Engineer,222,Honorary,Active,2021-11-11 11:24:31,2021-11-20 11:24:31
2114,3214,Amaya Galvez,salasflorinda@example.net,F,1978-11-10,Dominican Republic,La Romana,Civil Engineer,69,Student,Active,2025-06-30 04:53:54,2025-08-18 04:53:54
2115,3215,Adela Pons,ferrandomaximiano@example.net,M,1976-05-25,Dominican Republic,Punta Cana,Project Manager,121,Individual,Active,2021-07-21 14:30:32,2021-08-21 14:30:32
2116,3216,Amparo Verdejo,romancrespi@example.org,M,1982-01-07,Dominican Republic,Punta Cana,Data Analyst,237,Corporate,Active,2023-03-18 16:39:33,2023-04-30 16:39:33
2117,3217,Ligia Vallejo,lorenzo03@example.org,F,1989-06-09,Dominican Republic,San Pedro de Macorís,Software Engineer,40,Individual,Active,2024-06-04 00:52:00,2024-07-24 00:52:00
2118,3218,Eladio Mínguez,expositojacobo@example.org,F,2001-07-22,Dominican Republic,San Pedro de Macorís,Marketing Specialist,297,Corporate,Active,2022-09-15 23:51:27,2022-11-14 23:51:27
2119,3221,Godofredo Chaves,jose-luisleal@example.com,M,1992-02-09,Dominican Republic,Santo Domingo,Financial Analyst,255,Student,Active,2022-03-02 23:48:41,2022-04-08 23:48:41
2120,3222,Luís Rodrigo,soraya09@example.org,M,1999-09-13,Dominican Republic,Santo Domingo,Civil Engineer,90,Honorary,Active,2024-07-26 10:35:12,2024-09-09 10:35:12
2121,3224,Segismundo Carballo,einfante@example.org,M,1989-10-02,Dominican Republic,La Romana,Lawyer,142,Honorary,Active,2024-02-29 00:50:14,2024-04-13 00:50:14
2122,3227,Purificación Riquelme,amor76@example.org,F,2006-05-11,Dominican Republic,La Romana,Data Analyst,30,Honorary,Active,2022-11-03 09:20:42,2022-12-17 09:20:42
2123,3228,Florentino Conde,gabrielaamor@example.com,M,1988-09-01,Dominican Republic,San Francisco de Macorís,Accountant,73,Individual,Active,2024-01-19 05:54:19,2024-02-22 05:54:19
2124,3230,Obdulia Nieto,aurelio26@example.org,F,1999-07-17,Dominican Republic,Santiago,Architect,168,Student,Active,2024-05-12 13:13:01,2024-07-10 13:13:01
2125,3231,Tiburcio Agudo,fvalentin@example.net,F,1996-02-20,Dominican Republic,Puerto Plata,Marketing Specialist,167,Student,Active,2024-03-07 15:10:25,2024-04-29 15:10:25
2126,3232,Águeda Gascón,flaviacerro@example.com,M,1989-06-23,Dominican Republic,La Romana,Data Analyst,176,Corporate,Active,2023-03-01 00:44:55,2023-04-14 00:44:55
2127,3233,Corona Barrio,irene60@example.org,F,1993-03-16,Dominican Republic,La Romana,Project Manager,33,Individual,Active,2023-01-17 07:59:58,2023-03-12 07:59:58
2128,3234,Joaquina Hidalgo,upi@example.net,F,2003-06-01,Dominican Republic,La Romana,Financial Analyst,156,Student,Active,2022-09-28 00:36:11,2022-12-03 00:36:11
2129,3235,Teobaldo Alemany,itziarespejo@example.org,F,1977-08-22,Dominican Republic,San Pedro de Macorís,Business Consultant,210,Individual,Active,2026-05-01 11:54:41,2026-06-09 11:54:41
2130,3236,Vicente Perera,inmaculada06@example.org,M,1991-02-09,Dominican Republic,San Francisco de Macorís,Lawyer,186,Student,Active,2021-11-05 19:55:23,2021-12-25 19:55:23
2131,3238,Antonio Barba,danielagallardo@example.com,F,1986-01-20,Dominican Republic,Santiago,Accountant,118,Individual,Active,2021-10-24 12:31:24,2021-12-26 12:31:24
2132,3239,Zacarías Rubio,hcespedes@example.com,M,1981-09-24,Dominican Republic,San Pedro de Macorís,Data Analyst,52,Individual,Active,2022-02-28 00:54:33,2022-04-28 00:54:33
2133,3240,Carmen Ferrer,marisolguardia@example.net,M,2000-07-11,Dominican Republic,Punta Cana,Architect,244,Corporate,Active,2022-02-23 22:39:43,2022-04-24 22:39:43
2134,3242,Jacobo Amat,kblazquez@example.org,M,2006-10-26,Dominican Republic,Santo Domingo,Lawyer,257,Individual,Active,2025-01-31 20:41:57,2025-04-09 20:41:57
2135,3245,Moisés Tudela,jdiaz@example.org,F,1977-08-23,Dominican Republic,Santo Domingo,Business Consultant,37,Individual,Active,2024-12-07 22:51:19,2025-01-22 22:51:19
2136,3246,Guillermo Contreras,jimenavillegas@example.net,M,2000-12-15,Dominican Republic,La Romana,Architect,127,Student,Active,2021-10-01 14:47:25,2021-12-10 14:47:25
2137,3247,Cebrián Diego,sbaena@example.com,M,1989-09-06,Dominican Republic,Santo Domingo,Lawyer,152,Honorary,Active,2025-02-04 12:55:35,2025-04-01 12:55:35
2138,3248,Pío Vaquero,emigdio47@example.com,F,1975-12-23,Dominican Republic,Santo Domingo,Marketing Specialist,141,Student,Active,2026-05-12 18:54:47,2026-06-17 18:54:47
2139,3249,Sigfrido Aliaga,clara@example.org,F,1999-03-03,Dominican Republic,Punta Cana,Financial Analyst,70,Student,Active,2023-09-20 04:05:31,2023-10-22 04:05:31
2140,3250,Yésica Noriega,porfirioserra@example.org,M,1990-12-11,Dominican Republic,San Francisco de Macorís,Financial Analyst,86,Honorary,Active,2026-03-18 14:56:16,2026-04-20 14:56:16
2141,3252,Vasco Acevedo,sigfrido57@example.com,F,1991-02-12,Dominican Republic,La Romana,Business Consultant,86,Individual,Active,2021-12-24 16:57:03,2022-02-24 16:57:03
2142,3256,José Ángel Carreras,aamor@example.com,M,1982-03-12,Dominican Republic,Punta Cana,Project Manager,289,Honorary,Active,2025-09-21 05:20:25,2025-11-11 05:20:25
2143,3258,Candela Villalba,fortunycarlito@example.net,F,2004-02-01,Dominican Republic,San Francisco de Macorís,Architect,125,Honorary,Active,2024-12-11 15:35:02,2025-02-11 15:35:02
2144,3260,Dafne Zabaleta,tomasacasal@example.org,M,2001-06-02,Dominican Republic,Santo Domingo,Software Engineer,49,Honorary,Active,2023-10-07 01:39:05,2023-12-16 01:39:05
2145,3263,Cayetana Aller,sacedo@example.org,F,1991-07-25,Dominican Republic,Santiago,Software Engineer,162,Student,Active,2021-07-17 03:10:55,2021-08-18 03:10:55
2146,3266,Jaime Gomila,uperalta@example.com,F,1995-11-05,Dominican Republic,San Pedro de Macorís,Project Manager,46,Honorary,Active,2024-10-03 22:46:44,2024-11-18 22:46:44
2147,3267,Víctor Cordero,seve10@example.com,F,1977-10-27,Dominican Republic,Puerto Plata,Architect,208,Honorary,Active,2022-04-24 01:05:39,2022-05-22 01:05:39
2148,3269,Maite Paredes,egeaalbano@example.com,F,1977-03-01,Dominican Republic,San Francisco de Macorís,Financial Analyst,188,Individual,Active,2022-10-18 03:48:24,2022-11-20 03:48:24
2149,3270,Pablo Malo,rcardenas@example.net,F,1983-05-05,Dominican Republic,Punta Cana,Business Consultant,102,Student,Active,2023-01-10 03:09:17,2023-02-15 03:09:17
2150,3272,Julio César Serna,felicidad39@example.com,M,1986-06-17,Dominican Republic,Santo Domingo,Architect,113,Student,Active,2025-05-15 15:19:50,2025-07-12 15:19:50
2151,3273,Marianela Mendoza,paz25@example.org,F,1988-07-30,Dominican Republic,Santo Domingo,Software Engineer,133,Student,Active,2023-09-22 19:08:13,2023-11-09 19:08:13
2152,3275,Paco Galván,cmanzanares@example.net,F,2004-06-23,Dominican Republic,Puerto Plata,Project Manager,72,Individual,Active,2024-08-24 19:27:33,2024-11-10 19:27:33
2153,3276,Ciro Expósito,alvarogras@example.com,F,2002-05-22,Dominican Republic,Santiago,Software Engineer,106,Individual,Active,2025-02-19 00:35:05,2025-03-28 00:35:05
2154,3277,Natividad Prats,ipinilla@example.org,M,2000-10-29,Dominican Republic,San Francisco de Macorís,Civil Engineer,178,Student,Active,2024-09-25 22:10:27,2024-11-17 22:10:27
2155,3278,María Fernanda Acuña,olegario71@example.com,M,1985-10-10,Dominican Republic,Santiago,Marketing Specialist,51,Corporate,Active,2021-12-04 17:24:00,2021-12-29 17:24:00
2156,3279,Nereida Parejo,encarnacion68@example.net,M,1978-03-18,Dominican Republic,La Romana,Business Consultant,5,Student,Active,2023-11-14 23:29:51,2024-01-04 23:29:51
2157,3280,Leandro Arana,galanoriana@example.com,F,1992-08-26,Dominican Republic,San Pedro de Macorís,Marketing Specialist,263,Corporate,Active,2024-12-09 15:00:05,2025-01-16 15:00:05
2158,3281,Francisco Javier Luque,pagesvicente@example.com,F,1984-07-24,Dominican Republic,San Francisco de Macorís,Business Consultant,134,Student,Active,2024-05-05 22:26:48,2024-06-08 22:26:48
2159,3282,Amando Rueda,gervasiojordan@example.com,M,2001-07-21,Dominican Republic,La Romana,Financial Analyst,118,Corporate,Active,2023-08-08 23:15:44,2023-10-06 23:15:44
2160,3283,Maximiliano Codina,gcanales@example.org,F,1978-08-11,Dominican Republic,Punta Cana,Marketing Specialist,296,Individual,Active,2022-01-05 19:27:26,2022-02-06 19:27:26
2161,3284,Visitación Villegas,nereida18@example.com,F,1989-06-28,Dominican Republic,Punta Cana,Project Manager,296,Individual,Active,2025-02-20 17:00:46,2025-05-09 17:00:46
2162,3285,Teófila Vidal,debora32@example.org,M,1983-10-15,Dominican Republic,La Romana,Marketing Specialist,129,Individual,Active,2024-07-26 12:53:40,2024-09-10 12:53:40
2163,3286,Pascuala Requena,vallgraciela@example.org,M,1977-04-23,Dominican Republic,La Romana,Financial Analyst,8,Student,Active,2025-05-23 21:17:11,2025-06-28 21:17:11
2164,3287,Loreto Fiol,jimena80@example.org,M,2005-08-19,Dominican Republic,Santiago,Accountant,153,Honorary,Active,2022-11-10 18:27:28,2023-01-05 18:27:28
2165,3288,Eusebio Riquelme,fabian59@example.com,M,1998-01-28,Dominican Republic,La Romana,Software Engineer,204,Corporate,Active,2022-09-03 14:25:21,2022-10-14 14:25:21
2166,3289,Adán Nadal,manu82@example.net,M,1993-02-13,Dominican Republic,Santo Domingo,Marketing Specialist,264,Corporate,Active,2025-08-26 01:21:21,2025-09-29 01:21:21
2167,3290,África Cal,bernardolujan@example.com,F,1998-10-09,Dominican Republic,Punta Cana,Marketing Specialist,226,Corporate,Active,2023-09-14 22:27:42,2023-11-21 22:27:42
2168,3291,Emelina Losada,ymayol@example.org,F,1985-07-22,Dominican Republic,San Francisco de Macorís,Project Manager,132,Student,Active,2023-01-06 15:37:18,2023-02-10 15:37:18
2169,3293,Isabel Sánchez,ceciliojauregui@example.com,M,1978-03-14,Dominican Republic,Puerto Plata,Business Consultant,80,Corporate,Active,2025-06-05 11:22:56,2025-07-12 11:22:56
2170,3294,Gervasio Valera,blanca04@example.com,F,2002-10-08,Dominican Republic,Punta Cana,Project Manager,245,Student,Active,2022-10-04 01:14:55,2022-11-25 01:14:55
2171,3295,Ester Escrivá,bsalmeron@example.net,F,2006-10-24,Dominican Republic,San Francisco de Macorís,Architect,128,Individual,Active,2025-10-24 15:19:19,2026-01-07 15:19:19
2172,3296,Aura Sanz,vsosa@example.com,M,1985-01-05,Dominican Republic,Santiago,Project Manager,182,Student,Active,2024-05-01 20:38:48,2024-05-22 20:38:48
2173,3297,Armida Jordá,emarino@example.org,M,1984-12-22,Dominican Republic,Puerto Plata,Software Engineer,233,Corporate,Active,2021-07-26 18:05:25,2021-10-07 18:05:25
2174,3298,David Cerdán,severoacero@example.net,F,1986-09-12,Dominican Republic,Santo Domingo,Project Manager,26,Student,Active,2025-03-25 20:52:27,2025-05-08 20:52:27
2175,3300,Teresita Ibañez,canteroezequiel@example.com,F,2004-02-28,Dominican Republic,San Pedro de Macorís,Business Consultant,169,Student,Active,2026-01-08 21:04:13,2026-03-24 21:04:13
2176,3301,Luciano Mariño,bherrera@example.net,F,2002-05-08,Dominican Republic,San Pedro de Macorís,Architect,265,Corporate,Active,2024-07-03 06:09:41,2024-08-15 06:09:41
2177,3302,Santos Carrera,palominosebastian@example.net,M,2002-11-11,Dominican Republic,Santiago,Civil Engineer,194,Corporate,Active,2024-12-13 15:34:26,2025-02-06 15:34:26
2178,3304,Nico Iniesta,molinajesus@example.org,F,1988-06-01,Dominican Republic,Puerto Plata,Data Analyst,252,Corporate,Active,2021-10-30 14:34:07,2022-01-13 14:34:07
2179,3308,Nerea Calzada,eufemiabenito@example.org,F,1994-01-09,Dominican Republic,Puerto Plata,Civil Engineer,49,Corporate,Active,2021-08-27 00:34:45,2021-10-28 00:34:45
2180,3309,Amparo Estevez,zasenjo@example.com,M,1978-03-03,Dominican Republic,San Pedro de Macorís,Accountant,45,Corporate,Active,2024-03-30 10:13:25,2024-05-02 10:13:25
2181,3311,Jesús Otero,tmoreno@example.com,F,1978-04-01,Dominican Republic,San Francisco de Macorís,Business Consultant,14,Corporate,Active,2025-12-24 00:44:52,2026-01-21 00:44:52
2182,3314,Perlita Llamas,wzorrilla@example.com,M,1981-07-03,Dominican Republic,La Romana,Business Consultant,204,Individual,Active,2026-02-05 10:32:29,2026-04-01 10:32:29
2183,3316,Cebrián Giménez,ofeliasegui@example.org,M,2002-07-01,Dominican Republic,San Francisco de Macorís,Civil Engineer,216,Student,Active,2022-12-16 03:47:06,2023-01-23 03:47:06
2184,3317,Hugo Cuervo,galianorufina@example.com,F,2007-09-02,Dominican Republic,San Pedro de Macorís,Data Analyst,66,Corporate,Active,2024-10-11 04:22:51,2024-11-26 04:22:51
2185,3318,Azeneth Rubio,edmundo77@example.net,M,1988-10-08,Dominican Republic,Puerto Plata,Financial Analyst,277,Individual,Active,2022-09-09 14:12:30,2022-10-26 14:12:30
2186,3319,Teófilo Neira,adrianacobo@example.net,F,1991-04-11,Dominican Republic,San Pedro de Macorís,Data Analyst,292,Student,Active,2024-10-02 02:55:48,2024-10-28 02:55:48
2187,3320,Ambrosio Hervia,adolfovega@example.com,M,1990-10-19,Dominican Republic,San Pedro de Macorís,Accountant,42,Individual,Active,2026-04-21 13:37:37,2026-05-27 13:37:37
2188,3322,Graciela Goñi,juan-pablooliver@example.net,F,1999-06-28,Dominican Republic,Santo Domingo,Civil Engineer,112,Individual,Active,2024-08-30 16:45:23,2024-09-23 16:45:23
2189,3324,Rosa María Santamaría,darce@example.com,F,1986-10-11,Dominican Republic,Santiago,Lawyer,144,Student,Active,2023-05-06 03:27:10,2023-07-11 03:27:10
2190,3325,Norberto Palacios,dgil@example.org,M,2001-12-06,Dominican Republic,Santiago,Software Engineer,155,Student,Active,2025-06-18 17:50:56,2025-08-30 17:50:56
2191,3326,Isidro Castañeda,carmelitaocana@example.com,M,2006-12-04,Dominican Republic,San Francisco de Macorís,Project Manager,0,Honorary,Active,2021-09-21 20:08:23,2021-11-03 20:08:23
2192,3327,Mateo Cárdenas,ariel25@example.com,M,1987-01-08,Dominican Republic,Puerto Plata,Business Consultant,129,Student,Active,2024-01-01 13:56:15,2024-02-01 13:56:15
2193,3328,Violeta Reguera,cristinasandoval@example.com,M,1997-08-14,Dominican Republic,Puerto Plata,Data Analyst,57,Corporate,Active,2021-11-10 15:35:47,2022-01-11 15:35:47
2194,3329,Lázaro Calvet,ricartalbina@example.net,F,1993-10-25,Dominican Republic,Punta Cana,Architect,224,Student,Active,2022-02-13 07:49:39,2022-03-09 07:49:39
2195,3330,Plácido Robledo,salomon73@example.net,F,1988-10-30,Dominican Republic,Santiago,Financial Analyst,73,Student,Active,2024-06-13 23:38:07,2024-07-26 23:38:07
2196,3332,Angelina Gracia,glaucoescalona@example.net,F,2004-05-21,Dominican Republic,Santiago,Civil Engineer,98,Honorary,Active,2022-02-17 16:24:44,2022-04-10 16:24:44
2197,3333,Jenny Cánovas,candelas95@example.com,M,1993-09-20,Dominican Republic,San Pedro de Macorís,Marketing Specialist,140,Student,Active,2025-06-27 22:46:09,2025-08-26 22:46:09
2198,3335,Jorge Juárez,dafne94@example.org,M,1989-11-17,Dominican Republic,Santo Domingo,Accountant,255,Honorary,Active,2023-11-13 14:16:33,2023-12-25 14:16:33
2199,3336,Amílcar Torrents,oamador@example.net,F,1995-10-05,Dominican Republic,Santiago,Civil Engineer,95,Corporate,Active,2024-04-12 02:31:30,2024-05-05 02:31:30
2200,3337,Hilario Barranco,castellslina@example.org,F,1983-03-14,Dominican Republic,San Pedro de Macorís,Data Analyst,188,Student,Active,2023-08-13 11:34:14,2023-09-25 11:34:14
2201,3338,Coral Vidal,carpiojose-antonio@example.net,M,2007-09-11,Dominican Republic,Santo Domingo,Lawyer,78,Corporate,Active,2025-10-28 01:54:18,2025-12-14 01:54:18
2202,3339,Andrea Bou,icobo@example.org,F,1983-12-16,Dominican Republic,San Francisco de Macorís,Lawyer,63,Student,Active,2024-07-23 01:58:03,2024-09-01 01:58:03
2203,3340,Teobaldo Baeza,tatiana81@example.org,F,1993-12-06,Dominican Republic,Punta Cana,Architect,261,Corporate,Active,2021-09-04 00:23:15,2021-10-18 00:23:15
2204,3341,Demetrio Paz,hilariosebastian@example.com,M,2004-01-12,Dominican Republic,Punta Cana,Project Manager,213,Honorary,Active,2023-03-19 19:11:50,2023-04-22 19:11:50
2205,3342,Máximo Quintanilla,ialmazan@example.net,M,1997-11-05,Dominican Republic,Punta Cana,Architect,265,Corporate,Active,2025-05-11 02:58:19,2025-06-23 02:58:19
2206,3343,Amor Daza,ubelda@example.com,F,1987-12-23,Dominican Republic,San Pedro de Macorís,Marketing Specialist,294,Student,Active,2025-03-15 02:04:16,2025-05-08 02:04:16
2207,3344,Georgina Pedro,wmarques@example.com,M,1987-02-13,Dominican Republic,Punta Cana,Civil Engineer,83,Honorary,Active,2026-05-14 06:32:19,2026-06-12 06:32:19
2208,3345,Olegario Peláez,amancio55@example.net,M,1983-09-11,Dominican Republic,San Francisco de Macorís,Architect,47,Honorary,Active,2024-10-26 23:43:33,2024-12-25 23:43:33
2209,3348,Eleuterio Pedraza,nydiabarrio@example.com,F,2005-12-14,Dominican Republic,Puerto Plata,Lawyer,97,Honorary,Active,2026-01-13 20:56:44,2026-02-25 20:56:44
2210,3350,Clemente Bautista,cirinomari@example.com,M,1992-04-01,Dominican Republic,Puerto Plata,Marketing Specialist,89,Honorary,Active,2024-01-17 05:55:46,2024-02-11 05:55:46
2211,3352,Ainara Pol,abigail30@example.net,F,2000-05-22,Dominican Republic,Puerto Plata,Software Engineer,193,Student,Active,2026-03-08 17:17:30,2026-04-28 17:17:30
2212,3353,Epifanio Marín,fabregatpacifica@example.net,F,1987-11-10,Dominican Republic,Puerto Plata,Project Manager,256,Corporate,Active,2023-08-04 06:21:38,2023-10-16 06:21:38
2213,3354,Francisco Jose Bravo,malenaluis@example.com,F,1975-11-09,Dominican Republic,San Francisco de Macorís,Software Engineer,267,Honorary,Active,2023-01-01 13:54:00,2023-02-26 13:54:00
2214,3356,Coral Iglesia,echeverrianayara@example.net,M,1978-07-17,Dominican Republic,Santiago,Data Analyst,191,Student,Active,2026-03-23 11:38:02,2026-05-05 11:38:02
2215,3357,Valentina Arias,lina25@example.com,F,1994-12-24,Dominican Republic,Santo Domingo,Project Manager,279,Student,Active,2024-03-24 07:40:06,2024-05-17 07:40:06
2216,3358,Dafne Barriga,lumbrerasangela@example.com,F,1996-03-17,Dominican Republic,Santo Domingo,Civil Engineer,156,Honorary,Active,2023-09-07 03:44:25,2023-11-25 03:44:25
2217,3359,Chus Cerezo,veracorrea@example.com,F,1985-10-27,Dominican Republic,Puerto Plata,Software Engineer,80,Individual,Active,2024-12-27 20:35:31,2025-01-26 20:35:31
2218,3360,Adán Boix,carbonellherminio@example.com,M,2000-09-28,Dominican Republic,Puerto Plata,Lawyer,205,Student,Active,2023-07-08 01:59:29,2023-08-10 01:59:29
2219,3362,Jesusa Echeverría,iroma@example.com,F,1978-06-30,Dominican Republic,San Francisco de Macorís,Architect,139,Honorary,Active,2023-02-10 05:52:31,2023-03-06 05:52:31
2220,3364,María Teresa Dalmau,friasani@example.org,M,1983-02-22,Dominican Republic,Punta Cana,Accountant,49,Honorary,Active,2021-11-12 23:57:55,2021-12-27 23:57:55
2221,3365,Cirino Manjón,charo02@example.net,M,1993-05-31,Dominican Republic,La Romana,Project Manager,265,Corporate,Active,2021-12-18 02:59:14,2022-01-28 02:59:14
2222,3366,Cayetana Álvarez,pinoines@example.com,F,1985-10-21,Dominican Republic,Santiago,Business Consultant,293,Corporate,Active,2024-08-06 09:42:27,2024-10-11 09:42:27
2223,3367,Fausto Fabra,camposinmaculada@example.net,M,2005-02-02,Dominican Republic,La Romana,Civil Engineer,57,Individual,Active,2021-11-02 15:25:43,2022-01-19 15:25:43
2224,3369,Lucía Gabaldón,salamancaevaristo@example.org,M,2001-05-26,Dominican Republic,Punta Cana,Financial Analyst,278,Individual,Active,2025-03-13 16:07:26,2025-04-14 16:07:26
2225,3371,Viviana Tomé,alberdirosa@example.net,F,1982-12-07,Dominican Republic,San Pedro de Macorís,Software Engineer,63,Honorary,Active,2026-03-11 14:40:56,2026-05-23 14:40:56
2226,3372,Valeria Briones,velasconadia@example.com,M,1985-05-31,Dominican Republic,Santiago,Marketing Specialist,214,Honorary,Active,2021-11-01 14:24:07,2021-11-18 14:24:07
2227,3373,Miguel Ángel Andrés,harolorenza@example.org,F,2002-02-15,Dominican Republic,Santo Domingo,Business Consultant,170,Corporate,Active,2022-11-19 03:09:11,2023-01-18 03:09:11
2228,3374,Alonso Ibarra,nerea49@example.com,M,1990-02-26,Dominican Republic,Puerto Plata,Accountant,89,Individual,Active,2021-10-07 21:41:54,2021-11-27 21:41:54
2229,3375,América Benito,tere87@example.com,M,1987-04-07,Dominican Republic,Puerto Plata,Civil Engineer,264,Corporate,Active,2022-01-09 18:43:29,2022-03-05 18:43:29
2230,3377,Laura Segovia,jaimebenet@example.com,M,2001-04-01,Dominican Republic,Punta Cana,Software Engineer,119,Individual,Active,2023-04-23 17:20:35,2023-06-23 17:20:35
2231,3378,Desiderio Prado,ferrandezgloria@example.com,M,2008-03-07,Dominican Republic,San Pedro de Macorís,Architect,151,Student,Active,2025-10-25 19:46:05,2025-12-05 19:46:05
2232,3379,Luisa Benítez,ballesterosmaximiano@example.net,F,2001-03-21,Dominican Republic,Santiago,Civil Engineer,245,Student,Active,2025-04-08 22:31:12,2025-05-22 22:31:12
2233,3380,Rebeca Anguita,martinapinilla@example.org,M,1977-08-01,Dominican Republic,Santo Domingo,Business Consultant,195,Individual,Active,2025-02-21 10:30:38,2025-05-02 10:30:38
2234,3383,Isaías Serra,andresamerica@example.org,M,2000-10-12,Dominican Republic,Santiago,Architect,2,Corporate,Active,2024-03-28 07:56:20,2024-05-24 07:56:20
2235,3385,Celia Rivero,josepesparza@example.org,F,1985-09-04,Dominican Republic,Punta Cana,Civil Engineer,214,Individual,Active,2023-05-13 23:52:57,2023-07-06 23:52:57
2236,3387,Socorro Zorrilla,estrelladonoso@example.org,M,1991-06-16,Dominican Republic,San Francisco de Macorís,Software Engineer,289,Student,Active,2024-05-19 11:00:41,2024-06-20 11:00:41
2237,3388,Eli Adadia,jestrada@example.net,F,2004-06-24,Dominican Republic,Santo Domingo,Data Analyst,209,Student,Active,2024-04-18 07:01:31,2024-05-23 07:01:31
2238,3389,Xiomara Cid,carmelita54@example.com,F,1986-04-17,Dominican Republic,La Romana,Accountant,182,Student,Active,2022-06-28 05:23:46,2022-08-11 05:23:46
2239,3391,Mayte Gutierrez,ivalcarcel@example.net,F,2006-06-15,Dominican Republic,Santo Domingo,Project Manager,46,Individual,Active,2023-04-15 02:21:48,2023-06-07 02:21:48
2240,3392,Carla Torrijos,ruyfernandez@example.org,M,2007-12-13,Dominican Republic,San Pedro de Macorís,Civil Engineer,96,Honorary,Active,2023-07-30 18:06:32,2023-09-07 18:06:32
2241,3393,Bernardita Alegria,jordajordana@example.org,M,1989-07-09,Dominican Republic,La Romana,Lawyer,271,Corporate,Active,2023-09-14 18:50:08,2023-11-04 18:50:08
2242,3396,Eladio Arias,ggoni@example.com,M,1986-11-09,Dominican Republic,La Romana,Business Consultant,77,Student,Active,2024-06-20 00:06:19,2024-07-22 00:06:19
2243,3397,Tania Domingo,zterron@example.org,F,1979-09-04,Dominican Republic,Santiago,Architect,197,Corporate,Active,2023-09-29 17:38:24,2023-11-19 17:38:24
2244,3398,Pepito Vilanova,adalberto81@example.org,F,2001-01-08,Dominican Republic,San Pedro de Macorís,Project Manager,177,Honorary,Active,2023-10-28 08:08:17,2023-11-17 08:08:17
2245,3400,Leonor Gargallo,ebayona@example.com,F,1993-11-13,Dominican Republic,Santiago,Architect,13,Student,Active,2024-10-09 20:36:24,2024-11-21 20:36:24
2246,3402,Ascensión Delgado,yalonso@example.com,F,1987-02-26,Dominican Republic,San Francisco de Macorís,Civil Engineer,139,Individual,Active,2024-06-03 03:48:39,2024-08-05 03:48:39
2247,3404,Angelita Huerta,wvelazquez@example.com,M,2006-12-31,Dominican Republic,La Romana,Civil Engineer,291,Honorary,Active,2023-07-02 15:33:07,2023-07-21 15:33:07
2248,3405,Angelina Sans,lasanoemi@example.org,F,1982-04-12,Dominican Republic,La Romana,Accountant,199,Honorary,Active,2023-12-31 16:36:52,2024-02-18 16:36:52
2249,3408,Cirino Riba,evaristovalderrama@example.org,F,2008-01-27,Dominican Republic,San Pedro de Macorís,Civil Engineer,265,Honorary,Active,2023-05-29 16:43:47,2023-06-29 16:43:47
2250,3409,Azeneth Peñalver,rlasa@example.org,F,1999-01-08,Dominican Republic,San Francisco de Macorís,Business Consultant,232,Student,Active,2022-05-17 00:25:22,2022-06-25 00:25:22
2251,3410,Florinda Salgado,rosarioguardiola@example.net,M,1988-01-15,Dominican Republic,San Pedro de Macorís,Business Consultant,173,Corporate,Active,2022-01-01 11:08:38,2022-01-24 11:08:38
2252,3411,Custodia Morcillo,yalmazan@example.net,F,1982-02-12,Dominican Republic,Santo Domingo,Lawyer,30,Honorary,Active,2023-09-25 01:01:14,2023-11-23 01:01:14
2253,3416,Obdulia Escudero,jose-mari49@example.net,M,1988-09-13,Dominican Republic,San Pedro de Macorís,Financial Analyst,84,Student,Active,2025-03-03 10:42:08,2025-03-21 10:42:08
2254,3417,Coral Mur,emiliano17@example.net,F,1999-04-14,Dominican Republic,Santiago,Civil Engineer,134,Honorary,Active,2024-07-16 11:29:28,2024-09-13 11:29:28
2255,3418,Ramona Rozas,aitananovoa@example.org,F,1992-07-22,Dominican Republic,San Francisco de Macorís,Business Consultant,297,Honorary,Active,2021-08-06 13:39:10,2021-09-30 13:39:10
2256,3419,Albano Caparrós,pbatlle@example.com,F,1982-06-29,Dominican Republic,San Pedro de Macorís,Marketing Specialist,270,Individual,Active,2023-11-02 03:31:03,2023-12-03 03:31:03
2257,3420,Mariano Serra,josefina59@example.org,M,1983-07-01,Dominican Republic,Punta Cana,Civil Engineer,225,Honorary,Active,2024-03-12 01:52:55,2024-05-25 01:52:55
2258,3421,Ileana Carpio,jgarcia@example.org,F,2003-07-17,Dominican Republic,San Francisco de Macorís,Accountant,88,Student,Active,2022-11-29 18:01:06,2023-01-17 18:01:06
2259,3422,Telmo Lopez,rbou@example.net,F,2004-07-11,Dominican Republic,San Pedro de Macorís,Data Analyst,260,Corporate,Active,2021-12-03 23:14:17,2022-01-30 23:14:17
2260,3423,Balduino Botella,dalberto@example.net,M,2008-05-24,Dominican Republic,La Romana,Architect,78,Honorary,Active,2022-05-30 20:37:30,2022-08-01 20:37:30
2261,3427,Almudena Dominguez,zpalomar@example.net,F,1992-04-07,Dominican Republic,Santiago,Civil Engineer,79,Individual,Active,2026-05-31 03:36:09,2026-07-22 03:36:09
2262,3429,Reyes Llanos,gsureda@example.org,F,1987-02-25,Dominican Republic,Puerto Plata,Lawyer,133,Student,Active,2025-12-07 18:33:45,2026-02-04 18:33:45
2263,3430,Charo Castillo,zamoranorosenda@example.com,M,2008-03-08,Dominican Republic,Puerto Plata,Architect,202,Student,Active,2021-11-07 01:13:28,2022-01-27 01:13:28
2264,3431,Imelda Vélez,camilo07@example.net,M,1995-02-26,Dominican Republic,San Francisco de Macorís,Accountant,182,Corporate,Active,2022-07-23 20:40:31,2022-10-09 20:40:31
2265,3433,Rico Bilbao,vargasjose-angel@example.org,F,2001-04-30,Dominican Republic,Puerto Plata,Software Engineer,115,Honorary,Active,2025-06-03 19:30:53,2025-08-02 19:30:53
2266,3434,Primitivo Mateos,lupitamatas@example.com,M,1982-10-09,Dominican Republic,Santiago,Business Consultant,24,Student,Active,2025-12-03 04:47:01,2026-02-12 04:47:01
2267,3438,Faustino Bolaños,cardenasmarisol@example.org,F,1989-05-07,Dominican Republic,Punta Cana,Accountant,117,Honorary,Active,2025-08-22 07:57:53,2025-09-20 07:57:53
2268,3439,Concha Barrena,aramis@example.net,M,1976-03-11,Dominican Republic,Punta Cana,Financial Analyst,200,Individual,Active,2022-10-17 13:17:15,2022-12-10 13:17:15
2269,3440,Camila Ros,visitacion38@example.org,F,2003-09-25,Dominican Republic,La Romana,Business Consultant,143,Corporate,Active,2026-05-22 19:12:48,2026-06-07 19:12:48
2270,3441,Flor Paniagua,abarroso@example.com,M,1989-03-23,Dominican Republic,Punta Cana,Architect,141,Honorary,Active,2026-01-13 21:55:02,2026-02-14 21:55:02
2271,3442,Eliseo Camps,alcalagonzalo@example.net,M,2000-11-16,Dominican Republic,La Romana,Marketing Specialist,225,Individual,Active,2025-07-20 03:17:11,2025-08-12 03:17:11
2272,3443,Agapito Almazán,zartigas@example.org,F,1992-02-11,Dominican Republic,Santiago,Marketing Specialist,5,Corporate,Active,2025-12-15 15:33:17,2026-02-14 15:33:17
2273,3444,Maxi Barrera,wroyo@example.net,M,1983-03-06,Dominican Republic,Punta Cana,Marketing Specialist,113,Individual,Active,2022-12-05 16:49:29,2023-02-11 16:49:29
2274,3445,Angelino Valenzuela,villajoel@example.com,M,1992-09-12,Dominican Republic,Punta Cana,Civil Engineer,13,Student,Active,2023-11-03 10:40:12,2023-12-12 10:40:12
2275,3446,Dorotea Cortes,utellez@example.com,F,1993-12-06,Dominican Republic,San Pedro de Macorís,Lawyer,131,Honorary,Active,2025-04-11 07:36:47,2025-06-04 07:36:47
2276,3447,Rosaura Recio,encarnacionredondo@example.com,F,1977-07-18,Dominican Republic,Punta Cana,Data Analyst,40,Student,Active,2025-07-27 13:09:13,2025-10-02 13:09:13
2277,3448,Nazaret Macías,octavia56@example.com,F,1990-07-22,Dominican Republic,Punta Cana,Business Consultant,88,Honorary,Active,2022-08-31 10:03:55,2022-10-15 10:03:55
2278,3450,Felipe Vallés,salomdelia@example.com,F,1992-06-27,Dominican Republic,San Francisco de Macorís,Architect,274,Corporate,Active,2025-08-02 07:37:42,2025-10-11 07:37:42
2279,3451,Crescencia Olmo,arjonaguillermo@example.com,M,1986-11-20,Dominican Republic,Punta Cana,Lawyer,71,Corporate,Active,2022-08-28 18:19:41,2022-09-26 18:19:41
2280,3453,Bautista Gascón,ramonaporcel@example.net,F,2007-12-03,Dominican Republic,Santiago,Marketing Specialist,180,Corporate,Active,2023-09-15 21:09:20,2023-11-05 21:09:20
2281,3455,Íñigo Jordá,piquerjavi@example.com,F,1978-06-22,Dominican Republic,La Romana,Software Engineer,27,Corporate,Active,2025-03-18 18:35:26,2025-05-04 18:35:26
2282,3456,Aránzazu Novoa,florcomas@example.com,M,1991-05-08,Dominican Republic,San Pedro de Macorís,Data Analyst,66,Honorary,Active,2024-12-06 08:17:01,2025-02-12 08:17:01
2283,3457,Marcela Tejero,donato25@example.net,F,1994-07-07,Dominican Republic,Santo Domingo,Marketing Specialist,126,Honorary,Active,2023-03-27 04:33:06,2023-04-26 04:33:06
2284,3458,Alma Amat,palmapriscila@example.org,M,1989-02-13,Dominican Republic,Santo Domingo,Civil Engineer,22,Student,Active,2025-01-01 16:47:23,2025-02-23 16:47:23
2285,3459,Eli Gallardo,eliasugarte@example.com,F,1983-05-17,Dominican Republic,Puerto Plata,Business Consultant,6,Individual,Active,2023-05-18 23:41:37,2023-07-19 23:41:37
2286,3460,Juan Castilla,bertapacheco@example.net,M,1989-02-23,Dominican Republic,San Francisco de Macorís,Lawyer,96,Student,Active,2022-11-20 12:54:28,2023-01-24 12:54:28
2287,3462,Gilberto Navas,cristianaranda@example.org,F,2003-02-01,Dominican Republic,Santiago,Marketing Specialist,259,Corporate,Active,2023-06-26 06:58:06,2023-09-01 06:58:06
2288,3463,Liliana Soto,aguilarcandelaria@example.net,M,1995-05-27,Dominican Republic,Punta Cana,Financial Analyst,1,Corporate,Active,2024-03-09 10:28:08,2024-05-09 10:28:08
2289,3464,Erasmo Galiano,teresita03@example.net,M,1990-09-11,Dominican Republic,Santo Domingo,Project Manager,59,Honorary,Active,2021-08-17 02:17:28,2021-09-20 02:17:28
2290,3466,Susana Vilar,bibianalucas@example.com,F,1989-02-02,Dominican Republic,San Pedro de Macorís,Marketing Specialist,5,Honorary,Active,2022-03-26 18:27:21,2022-05-11 18:27:21
2291,3467,Edu Palomino,ralberola@example.com,M,1982-12-26,Dominican Republic,Santiago,Marketing Specialist,144,Individual,Active,2025-04-10 04:01:50,2025-06-09 04:01:50
2292,3471,Máxima Girón,bcriado@example.com,M,1976-07-21,Dominican Republic,Santiago,Data Analyst,97,Corporate,Active,2024-04-12 15:47:21,2024-05-26 15:47:21
2293,3472,Hilario Codina,pfiguerola@example.net,M,1990-02-11,Dominican Republic,Santiago,Architect,125,Corporate,Active,2025-12-22 12:10:01,2026-03-05 12:10:01
2294,3474,Fabiola Arellano,elisasaura@example.net,M,2006-07-01,Dominican Republic,Santiago,Architect,147,Honorary,Active,2025-07-08 20:03:29,2025-08-08 20:03:29
2295,3479,Manuel Urrutia,fsotelo@example.com,M,2003-09-24,Dominican Republic,Santo Domingo,Data Analyst,153,Student,Active,2026-05-13 22:44:09,2026-06-25 22:44:09
2296,3482,Rocío Soria,jdomingo@example.org,M,1986-08-06,Dominican Republic,Santiago,Architect,246,Honorary,Active,2024-07-12 13:38:05,2024-08-06 13:38:05
2297,3483,Clarisa Pérez,vilmasala@example.com,F,1982-07-14,Dominican Republic,Puerto Plata,Business Consultant,132,Individual,Active,2026-05-27 23:44:42,2026-07-13 23:44:42
2298,3487,Balduino Conde,alcazargloria@example.org,M,2000-07-31,Dominican Republic,San Pedro de Macorís,Architect,185,Individual,Active,2025-07-05 17:01:29,2025-08-15 17:01:29
2299,3490,Francisco Fuente,zaida87@example.com,M,1994-09-23,Dominican Republic,La Romana,Software Engineer,296,Honorary,Active,2023-05-08 19:41:38,2023-07-01 19:41:38
2300,3491,Elba Bas,aposada@example.org,M,1995-04-10,Dominican Republic,San Francisco de Macorís,Accountant,259,Student,Active,2022-08-02 05:56:54,2022-09-16 05:56:54
2301,3492,Anastasio Alarcón,carlota86@example.com,F,2000-01-10,Dominican Republic,Santo Domingo,Business Consultant,165,Student,Active,2021-09-22 15:32:18,2021-10-25 15:32:18
2302,3494,Ámbar Salvà,gracianasomoza@example.net,F,1987-09-09,Dominican Republic,Santo Domingo,Lawyer,28,Individual,Active,2024-08-14 11:51:04,2024-10-02 11:51:04
2303,3496,Elena Figuerola,acaballero@example.com,F,2006-09-02,Dominican Republic,La Romana,Software Engineer,277,Student,Active,2024-08-22 19:39:47,2024-10-19 19:39:47
2304,3497,Felicia Campos,machadopancho@example.com,F,2003-03-31,Dominican Republic,Santiago,Software Engineer,82,Student,Active,2023-08-19 15:38:23,2023-10-01 15:38:23
2305,3500,Marcela Morell,angelicaandres@example.net,F,1986-10-25,Dominican Republic,Santiago,Lawyer,255,Student,Active,2024-11-03 00:52:06,2024-12-29 00:52:06
2306,3502,Manola Sancho,lbotella@example.net,F,2006-11-29,Dominican Republic,San Pedro de Macorís,Lawyer,281,Individual,Active,2026-02-14 09:57:41,2026-04-07 09:57:41
2307,3503,Ani Guzmán,pllanos@example.com,F,1987-08-07,Dominican Republic,Puerto Plata,Accountant,98,Student,Active,2021-11-25 07:26:11,2021-12-27 07:26:11
2308,3504,Eloísa Quintana,esperanza38@example.org,M,1988-12-20,Dominican Republic,Punta Cana,Project Manager,286,Honorary,Active,2022-11-15 13:44:06,2023-01-15 13:44:06
2309,3506,Filomena Porta,ruben92@example.com,M,2007-03-08,Dominican Republic,Puerto Plata,Lawyer,197,Corporate,Active,2023-06-04 02:50:09,2023-06-28 02:50:09
2310,3509,Anna Sans,adadiaazahar@example.net,F,1977-01-22,Dominican Republic,Punta Cana,Data Analyst,269,Honorary,Active,2023-04-25 14:46:54,2023-06-29 14:46:54
2311,3511,Diana Barral,albinaquevedo@example.com,M,1990-07-18,Dominican Republic,Puerto Plata,Project Manager,46,Individual,Active,2023-11-18 14:54:15,2024-01-30 14:54:15
2312,3512,Ángel Ros,bilbaoteodosio@example.org,F,1981-11-12,Dominican Republic,Puerto Plata,Data Analyst,173,Corporate,Active,2023-01-15 16:56:05,2023-03-21 16:56:05
2313,3513,David Neira,gamezlucia@example.net,M,2003-04-19,Dominican Republic,Puerto Plata,Financial Analyst,35,Individual,Active,2024-12-22 23:05:11,2025-02-21 23:05:11
2314,3516,Ildefonso Gascón,eleuterio86@example.net,F,1999-11-11,Dominican Republic,San Francisco de Macorís,Data Analyst,200,Honorary,Active,2024-12-10 15:13:50,2025-01-27 15:13:50
2315,3521,Rogelio Botella,ema99@example.org,F,1981-12-25,Dominican Republic,San Francisco de Macorís,Marketing Specialist,171,Student,Active,2024-12-10 21:08:07,2025-01-09 21:08:07
2316,3522,Eufemia Pereira,palacionicodemo@example.org,M,1995-02-11,Dominican Republic,San Pedro de Macorís,Lawyer,126,Honorary,Active,2022-05-04 07:01:11,2022-07-09 07:01:11
2317,3523,Hilda Girón,frios@example.net,M,1990-04-07,Dominican Republic,Punta Cana,Lawyer,244,Individual,Active,2025-09-20 11:42:29,2025-11-11 11:42:29
2318,3525,Edelmira Frías,maricruzpavon@example.org,M,1992-03-19,Dominican Republic,La Romana,Architect,72,Corporate,Active,2022-05-24 13:30:24,2022-07-09 13:30:24
2319,3526,Eli Rocamora,corraldomitila@example.org,F,1982-08-04,Dominican Republic,Santiago,Marketing Specialist,263,Corporate,Active,2022-09-22 23:49:14,2022-10-29 23:49:14
2320,3527,Carlito Ferreras,corona52@example.org,F,1976-12-17,Dominican Republic,La Romana,Architect,45,Honorary,Active,2026-04-26 05:26:05,2026-06-02 05:26:05
2321,3528,Salomé Lara,azorinpascuala@example.org,M,1991-10-17,Dominican Republic,Punta Cana,Accountant,230,Corporate,Active,2022-02-25 09:58:49,2022-04-17 09:58:49
2322,3534,Paz Barroso,carrionguadalupe@example.net,M,1980-01-05,Dominican Republic,San Francisco de Macorís,Software Engineer,39,Honorary,Active,2023-06-28 03:18:00,2023-08-29 03:18:00
2323,3535,Sandra Giralt,benignoespada@example.com,F,1987-09-06,Dominican Republic,San Francisco de Macorís,Marketing Specialist,11,Individual,Active,2025-11-07 16:27:51,2026-01-11 16:27:51
2324,3536,María José Valbuena,benignoromeu@example.org,F,1983-01-20,Dominican Republic,Santiago,Marketing Specialist,141,Corporate,Active,2022-07-05 20:15:41,2022-09-06 20:15:41
2325,3540,Epifanio Avilés,monicaroca@example.org,F,1993-03-08,Dominican Republic,Santo Domingo,Marketing Specialist,167,Honorary,Active,2022-07-28 22:03:42,2022-09-13 22:03:42
2326,3542,Primitiva Arnau,valerovictoria@example.org,M,1984-04-05,Dominican Republic,San Pedro de Macorís,Project Manager,237,Student,Active,2021-11-08 23:35:40,2022-01-03 23:35:40
2327,3543,Nilda Guzman,teodoro95@example.com,M,1985-01-26,Dominican Republic,Santo Domingo,Accountant,76,Corporate,Active,2026-05-07 02:31:38,2026-06-05 02:31:38
2328,3545,Patricia Valls,ribapastora@example.org,M,1999-01-31,Dominican Republic,San Francisco de Macorís,Data Analyst,6,Individual,Active,2025-06-01 12:06:43,2025-08-05 12:06:43
2329,3548,Cayetano Mayol,gracielaalcazar@example.com,M,1996-08-19,Dominican Republic,La Romana,Financial Analyst,30,Individual,Active,2024-08-02 03:02:14,2024-09-11 03:02:14
2330,3549,Wálter Salazar,uescamilla@example.org,M,1998-06-24,Dominican Republic,Punta Cana,Marketing Specialist,240,Individual,Active,2026-01-26 11:43:11,2026-03-10 11:43:11
2331,3550,Lucio Santos,mportero@example.org,M,2005-05-29,Dominican Republic,San Francisco de Macorís,Civil Engineer,39,Corporate,Active,2024-06-20 14:13:14,2024-08-31 14:13:14
2332,3552,Beatriz Pérez,sorialazaro@example.net,F,1999-10-05,Dominican Republic,Punta Cana,Data Analyst,276,Honorary,Active,2024-09-21 13:50:27,2024-10-28 13:50:27
2333,3554,Emelina Salmerón,hblazquez@example.com,M,1988-09-10,Dominican Republic,Punta Cana,Marketing Specialist,15,Honorary,Active,2022-09-12 10:55:18,2022-11-19 10:55:18
2334,3555,María José Pujol,xaguilo@example.org,F,1986-01-09,Dominican Republic,Santiago,Business Consultant,252,Student,Active,2025-12-21 13:41:47,2026-01-28 13:41:47
2335,3556,Edu León,erey@example.net,M,1977-02-03,Dominican Republic,San Pedro de Macorís,Architect,130,Student,Active,2022-08-05 15:29:36,2022-09-27 15:29:36
2336,3557,Ruy Peiró,fcriado@example.net,F,1992-03-27,Dominican Republic,San Francisco de Macorís,Financial Analyst,232,Honorary,Active,2024-01-17 02:39:45,2024-02-01 02:39:45
2337,3559,Hilario Bolaños,mohamedcolomer@example.com,M,1981-08-18,Dominican Republic,La Romana,Marketing Specialist,23,Corporate,Active,2023-04-05 10:15:53,2023-05-21 10:15:53
2338,3560,Noé Cordero,pastora60@example.org,F,1993-04-03,Dominican Republic,San Pedro de Macorís,Software Engineer,115,Corporate,Active,2024-04-05 21:15:19,2024-05-17 21:15:19
2339,3561,Marcia Yáñez,eli61@example.com,M,1981-08-23,Dominican Republic,San Francisco de Macorís,Marketing Specialist,46,Individual,Active,2022-06-14 00:41:31,2022-07-16 00:41:31
2340,3563,Natalio Flor,fabraloida@example.org,F,1993-01-19,Dominican Republic,Punta Cana,Data Analyst,122,Honorary,Active,2023-11-06 03:55:46,2023-12-15 03:55:46
2341,3564,Ramiro Riba,muremperatriz@example.net,M,1983-05-09,Dominican Republic,San Pedro de Macorís,Accountant,167,Individual,Active,2023-12-25 17:59:07,2024-02-24 17:59:07
2342,3565,Gracia Company,eutimiocastaneda@example.net,M,1999-12-14,Dominican Republic,Punta Cana,Financial Analyst,37,Honorary,Active,2022-08-01 10:21:05,2022-09-09 10:21:05
2343,3568,Ángeles Torralba,juan-manuelfigueras@example.net,F,2004-03-16,Dominican Republic,Santiago,Business Consultant,271,Corporate,Active,2025-06-28 23:28:33,2025-08-03 23:28:33
2344,3569,Sara Tirado,jennifermateu@example.org,F,2001-04-06,Dominican Republic,San Pedro de Macorís,Project Manager,250,Individual,Active,2022-10-18 03:04:43,2022-11-29 03:04:43
2345,3570,Clemente Cardona,ocolom@example.org,F,1982-11-29,Dominican Republic,San Pedro de Macorís,Accountant,237,Student,Active,2025-09-19 08:11:57,2025-11-10 08:11:57
2346,3575,Ani Yáñez,gustavouribe@example.net,M,1980-08-07,Dominican Republic,Puerto Plata,Architect,30,Individual,Active,2024-03-16 19:25:24,2024-05-10 19:25:24
2347,3576,María Marqués,eduardomontserrat@example.org,F,1986-08-27,Dominican Republic,La Romana,Software Engineer,60,Individual,Active,2022-07-11 05:29:00,2022-08-25 05:29:00
2348,3578,José Navarrete,jeremias88@example.org,F,1992-11-27,Dominican Republic,Puerto Plata,Data Analyst,41,Student,Active,2025-07-18 02:06:42,2025-09-05 02:06:42
2349,3579,Federico Aguilar,valero67@example.com,M,1988-06-12,Dominican Republic,San Pedro de Macorís,Financial Analyst,251,Student,Active,2024-10-02 13:42:30,2024-10-18 13:42:30
2350,3580,Leandra Arregui,calixtavalbuena@example.com,M,1986-06-13,Dominican Republic,Santo Domingo,Lawyer,226,Honorary,Active,2025-10-15 15:35:58,2025-12-31 15:35:58
2351,3582,Isaura Garrido,mpalomino@example.org,F,1979-01-09,Dominican Republic,San Francisco de Macorís,Architect,38,Student,Active,2024-09-09 10:30:12,2024-10-13 10:30:12
2352,3584,Alicia Marqués,jimenezmorena@example.com,F,1983-01-04,Dominican Republic,Santo Domingo,Project Manager,287,Student,Active,2021-07-25 06:23:31,2021-09-24 06:23:31
2353,3585,Fabiola Carro,ponceceferino@example.com,F,2006-11-24,Dominican Republic,Santo Domingo,Business Consultant,147,Student,Active,2023-12-19 12:55:15,2024-02-14 12:55:15
2354,3586,Pelayo Cisneros,wmaza@example.net,F,1991-03-24,Dominican Republic,San Pedro de Macorís,Architect,28,Student,Active,2024-03-08 11:41:03,2024-04-15 11:41:03
2355,3587,Kike Fuentes,brunotejero@example.org,M,2003-02-11,Dominican Republic,Punta Cana,Software Engineer,277,Corporate,Active,2022-07-29 00:30:09,2022-09-07 00:30:09
2356,3589,Fidel Rosell,fandrade@example.org,F,2001-01-17,Dominican Republic,La Romana,Marketing Specialist,295,Student,Active,2021-12-02 11:50:07,2022-01-30 11:50:07
2357,3590,Margarita Fuster,jaime44@example.net,M,1995-12-07,Dominican Republic,San Francisco de Macorís,Civil Engineer,158,Student,Active,2025-10-02 12:58:06,2025-11-29 12:58:06
2358,3591,Pánfilo Pagès,ubayona@example.net,F,1993-05-04,Dominican Republic,Punta Cana,Business Consultant,66,Honorary,Active,2025-11-03 09:33:21,2025-12-22 09:33:21
2359,3592,Cirino Tamayo,tbaeza@example.org,M,1979-06-18,Dominican Republic,San Francisco de Macorís,Data Analyst,212,Student,Active,2024-08-24 17:04:38,2024-10-22 17:04:38
2360,3594,Aránzazu Castell,lmaldonado@example.org,M,2007-12-10,Dominican Republic,Santo Domingo,Software Engineer,1,Individual,Active,2023-04-28 23:14:57,2023-05-30 23:14:57
2361,3595,Iker Carpio,florencioestrada@example.org,M,2005-02-28,Dominican Republic,Puerto Plata,Lawyer,186,Student,Active,2024-04-07 07:50:52,2024-05-24 07:50:52
2362,3596,Juan Luis Armas,salcala@example.com,M,1982-07-25,Dominican Republic,Puerto Plata,Accountant,32,Corporate,Active,2022-07-14 00:54:40,2022-08-24 00:54:40
2363,3597,Mateo Zapata,nayaraprieto@example.net,F,1991-04-17,Dominican Republic,Puerto Plata,Civil Engineer,129,Corporate,Active,2024-03-01 13:03:51,2024-04-25 13:03:51
2364,3599,Samuel Plaza,zosuna@example.org,M,1975-08-28,Dominican Republic,San Pedro de Macorís,Software Engineer,291,Honorary,Active,2025-05-09 08:23:39,2025-07-03 08:23:39
2365,3604,Fidela Rosa,gloriaarco@example.com,M,1989-03-03,Dominican Republic,San Pedro de Macorís,Data Analyst,285,Student,Active,2024-11-28 04:57:41,2025-02-03 04:57:41
2366,3606,Hernán Nieto,cristina81@example.org,M,2008-06-01,Dominican Republic,Santo Domingo,Architect,85,Student,Active,2025-12-17 17:20:11,2026-02-27 17:20:11
2367,3607,Gema Mendoza,gortega@example.org,F,2008-06-04,Dominican Republic,La Romana,Business Consultant,178,Individual,Active,2023-10-03 14:06:52,2023-12-03 14:06:52
2368,3611,Lucía Neira,angela58@example.net,F,1999-09-05,Dominican Republic,Santo Domingo,Architect,164,Corporate,Active,2024-09-12 02:13:57,2024-10-26 02:13:57
2369,3612,Constanza Jordá,candelariohuerta@example.com,F,1995-01-20,Dominican Republic,San Francisco de Macorís,Civil Engineer,61,Honorary,Active,2023-03-18 13:50:54,2023-05-03 13:50:54
2370,3613,África Calvet,maria-carmenredondo@example.org,F,2006-06-23,Dominican Republic,Puerto Plata,Marketing Specialist,59,Honorary,Active,2024-11-18 05:11:34,2025-01-25 05:11:34
2371,3614,Nicodemo Valderrama,amayapulido@example.com,F,1990-01-29,Dominican Republic,La Romana,Financial Analyst,13,Individual,Active,2025-12-14 00:45:10,2026-02-08 00:45:10
2372,3615,América Tamayo,kpaz@example.org,F,1987-10-22,Dominican Republic,San Francisco de Macorís,Data Analyst,120,Student,Active,2026-04-15 05:36:30,2026-05-23 05:36:30
2373,3617,Dulce Beltran,isidro80@example.net,F,1997-09-22,Dominican Republic,La Romana,Architect,186,Individual,Active,2026-02-28 22:29:43,2026-04-19 22:29:43
2374,3618,Nerea Martorell,tonitur@example.org,M,1982-01-22,Dominican Republic,La Romana,Civil Engineer,77,Honorary,Active,2023-03-28 08:45:44,2023-05-06 08:45:44
2375,3619,Ema Alberto,hramis@example.com,M,2004-12-27,Dominican Republic,Santiago,Lawyer,56,Student,Active,2021-10-07 03:14:29,2021-11-15 03:14:29
2376,3622,Seve Iglesias,wcrespi@example.org,F,1984-06-05,Dominican Republic,San Pedro de Macorís,Accountant,77,Individual,Active,2021-08-22 03:30:50,2021-09-22 03:30:50
2377,3623,Chucho Acedo,zcabanillas@example.com,M,2001-12-23,Dominican Republic,San Francisco de Macorís,Marketing Specialist,120,Corporate,Active,2023-08-29 11:36:01,2023-09-28 11:36:01
2378,3627,Gerardo Arce,ccarrasco@example.org,F,2001-06-11,Dominican Republic,Puerto Plata,Marketing Specialist,77,Individual,Active,2023-03-07 04:47:23,2023-04-12 04:47:23
2379,3628,Álvaro Escudero,omayoral@example.net,M,1981-06-06,Dominican Republic,La Romana,Data Analyst,150,Corporate,Active,2022-01-06 23:52:29,2022-03-04 23:52:29
2380,3629,Prudencio Verdú,krodenas@example.com,M,2006-07-13,Dominican Republic,La Romana,Marketing Specialist,122,Honorary,Active,2024-08-14 12:12:20,2024-10-02 12:12:20
2381,3630,Estela Somoza,pascualporfirio@example.net,F,1990-08-19,Dominican Republic,San Pedro de Macorís,Marketing Specialist,280,Individual,Active,2023-03-12 18:50:08,2023-05-21 18:50:08
2382,3631,Faustino Torrijos,haguilar@example.org,M,1998-09-16,Dominican Republic,La Romana,Civil Engineer,61,Individual,Active,2024-05-21 06:56:02,2024-07-23 06:56:02
2383,3633,Luna Riba,rodrigoapolonia@example.com,F,1989-05-09,Dominican Republic,La Romana,Software Engineer,200,Honorary,Active,2025-11-08 23:36:30,2025-12-16 23:36:30
2384,3635,Herberto Oliver,ltejero@example.com,F,2003-09-29,Dominican Republic,La Romana,Business Consultant,57,Student,Active,2023-05-04 19:35:01,2023-06-29 19:35:01
2385,3636,Josefina Ferreras,rllanos@example.com,F,1977-04-07,Dominican Republic,Punta Cana,Civil Engineer,140,Corporate,Active,2022-12-18 02:42:09,2023-01-25 02:42:09
2386,3637,Roberto Font,ameliapriego@example.com,M,1997-11-29,Dominican Republic,Puerto Plata,Lawyer,90,Individual,Active,2025-02-20 17:28:30,2025-04-13 17:28:30
2387,3639,Gabriela Ponce,ljover@example.net,F,1984-07-19,Dominican Republic,La Romana,Financial Analyst,32,Honorary,Active,2025-04-18 15:38:06,2025-06-18 15:38:06
2388,3640,Marcela Bermudez,paulino34@example.com,M,2006-05-24,Dominican Republic,Punta Cana,Project Manager,126,Honorary,Active,2023-09-06 17:22:10,2023-10-06 17:22:10
2389,3641,Rosario Montenegro,castillajose-luis@example.org,M,2001-11-20,Dominican Republic,San Pedro de Macorís,Civil Engineer,21,Individual,Active,2024-08-19 02:01:35,2024-10-01 02:01:35
2390,3643,Luciana Llamas,omiranda@example.net,F,1996-10-01,Dominican Republic,San Pedro de Macorís,Civil Engineer,207,Student,Active,2023-09-25 05:31:54,2023-11-13 05:31:54
2391,3644,Nazaret Amores,valeroolmedo@example.com,F,1994-05-18,Dominican Republic,Puerto Plata,Marketing Specialist,236,Corporate,Active,2021-10-22 13:48:38,2021-12-19 13:48:38
2392,3645,María Teresa Toledo,pererajeremias@example.net,F,1982-11-16,Dominican Republic,Santo Domingo,Lawyer,145,Corporate,Active,2023-03-22 21:21:09,2023-04-27 21:21:09
2393,3646,Luisina Peral,lfabregat@example.net,F,1996-03-09,Dominican Republic,Puerto Plata,Project Manager,225,Honorary,Active,2022-07-23 23:59:10,2022-09-19 23:59:10
2394,3651,Jeremías Sans,mfuster@example.com,M,2006-12-26,Dominican Republic,Santiago,Business Consultant,185,Corporate,Active,2024-11-20 08:43:40,2024-12-25 08:43:40
2395,3652,Adelia Lucas,slarrea@example.com,F,2004-12-01,Dominican Republic,Santiago,Data Analyst,189,Corporate,Active,2025-03-16 07:10:05,2025-05-16 07:10:05
2396,3653,Marcia Arcos,isaiascerezo@example.com,M,1982-03-20,Dominican Republic,San Pedro de Macorís,Financial Analyst,292,Corporate,Active,2026-05-20 13:56:00,2026-07-11 13:56:00
2397,3654,Estefanía Sánchez,dani59@example.org,F,2002-02-26,Dominican Republic,Santo Domingo,Accountant,233,Corporate,Active,2021-12-27 06:41:24,2022-01-30 06:41:24
2398,3656,Eusebia Torrijos,earribas@example.net,M,1979-04-12,Dominican Republic,San Pedro de Macorís,Lawyer,59,Honorary,Active,2024-04-27 05:25:58,2024-07-07 05:25:58
2399,3657,Darío Pou,aura49@example.com,F,1991-09-19,Dominican Republic,San Pedro de Macorís,Business Consultant,181,Corporate,Active,2026-05-06 07:18:57,2026-07-10 07:18:57
2400,3659,Teófilo Bonet,jose35@example.com,M,2004-11-12,Dominican Republic,Santo Domingo,Business Consultant,116,Individual,Active,2024-09-08 18:37:34,2024-10-29 18:37:34
2401,3661,Guiomar Español,langulo@example.com,F,1976-07-07,Dominican Republic,San Francisco de Macorís,Project Manager,42,Corporate,Active,2024-12-18 01:48:48,2025-02-03 01:48:48
2402,3663,Che Carretero,eliesparza@example.org,F,2005-07-29,Dominican Republic,Santo Domingo,Lawyer,188,Corporate,Active,2024-12-04 12:38:39,2025-01-11 12:38:39
2403,3664,Ágata Bustamante,clotildecanals@example.org,F,1981-11-29,Dominican Republic,Santiago,Data Analyst,185,Student,Active,2025-09-19 00:35:48,2025-11-21 00:35:48
2404,3665,Íñigo Izaguirre,elba98@example.com,F,2008-03-10,Dominican Republic,San Francisco de Macorís,Software Engineer,40,Individual,Active,2022-05-27 19:07:06,2022-06-30 19:07:06
2405,3666,Juana Galan,andreareina@example.net,F,1990-09-13,Dominican Republic,Santo Domingo,Project Manager,125,Individual,Active,2021-08-10 09:18:19,2021-10-14 09:18:19
2406,3667,Nicanor Vazquez,tovarcristina@example.org,F,2001-05-03,Dominican Republic,Punta Cana,Business Consultant,39,Honorary,Active,2021-11-29 21:20:57,2022-01-03 21:20:57
2407,3669,Andrés Felipe Sanz,mariamata@example.com,M,1993-08-04,Dominican Republic,San Francisco de Macorís,Project Manager,153,Honorary,Active,2023-10-26 22:34:22,2023-12-04 22:34:22
2408,3670,Ariel Ferrández,gonijose-manuel@example.net,F,2004-02-27,Dominican Republic,Santiago,Data Analyst,147,Honorary,Active,2024-07-08 20:07:16,2024-09-01 20:07:16
2409,3674,Jose Ignacio Porta,jose-luis16@example.com,M,2000-11-06,Dominican Republic,Punta Cana,Marketing Specialist,237,Individual,Active,2025-12-12 18:13:50,2026-01-24 18:13:50
2410,3676,Valentina Moles,amadofolch@example.org,F,1996-10-24,Dominican Republic,Santo Domingo,Data Analyst,11,Student,Active,2021-10-26 02:31:51,2021-12-11 02:31:51
2411,3677,Íñigo Peral,tadadia@example.com,F,1980-10-14,Dominican Republic,Santiago,Business Consultant,224,Honorary,Active,2025-02-17 17:01:52,2025-04-23 17:01:52
2412,3680,Visitación Hoyos,remedios65@example.com,M,2008-07-01,Dominican Republic,Puerto Plata,Project Manager,5,Student,Active,2021-07-23 11:28:18,2021-09-17 11:28:18
2413,3682,Nilda Escolano,kgalindo@example.org,M,1979-07-11,Dominican Republic,Santiago,Financial Analyst,93,Corporate,Active,2022-10-09 23:51:57,2022-11-30 23:51:57
2414,3683,Roxana Palau,ciromorera@example.org,M,1976-04-11,Dominican Republic,Punta Cana,Accountant,59,Individual,Active,2024-01-07 08:03:59,2024-02-29 08:03:59
2415,3684,Eduardo Fonseca,chavesjuana@example.org,M,2001-04-27,Dominican Republic,Santiago,Financial Analyst,87,Student,Active,2024-10-20 02:41:39,2024-11-05 02:41:39
2416,3686,Claudia Gámez,olivaresmanuel@example.net,M,1985-04-28,Dominican Republic,Santiago,Marketing Specialist,136,Corporate,Active,2025-05-06 06:19:39,2025-07-05 06:19:39
2417,3687,Isaac Villalonga,vicente79@example.com,M,2005-08-22,Dominican Republic,San Pedro de Macorís,Business Consultant,89,Corporate,Active,2023-04-10 01:41:58,2023-06-04 01:41:58
2418,3691,Reyes Catalá,rufina18@example.com,F,1981-10-23,Dominican Republic,San Pedro de Macorís,Data Analyst,162,Individual,Active,2024-08-12 05:21:32,2024-09-11 05:21:32
2419,3694,Luisa Moya,juan-francisco87@example.com,M,1979-01-16,Dominican Republic,Santiago,Civil Engineer,285,Honorary,Active,2024-05-30 10:15:26,2024-07-21 10:15:26
2420,3695,Albino Mariscal,delfina15@example.net,M,1976-07-25,Dominican Republic,Puerto Plata,Business Consultant,35,Honorary,Active,2025-11-15 07:20:28,2025-12-12 07:20:28
2421,3696,Concha Cerdán,luis64@example.org,F,1983-08-09,Dominican Republic,San Pedro de Macorís,Civil Engineer,221,Individual,Active,2024-05-11 07:49:47,2024-06-27 07:49:47
2422,3697,Amando Salcedo,wpaniagua@example.com,M,1995-12-28,Dominican Republic,La Romana,Data Analyst,104,Corporate,Active,2023-04-27 22:56:19,2023-05-28 22:56:19
2423,3698,Rafa Méndez,barrioanunciacion@example.net,F,1980-02-03,Dominican Republic,Santiago,Marketing Specialist,179,Individual,Active,2022-10-30 10:03:09,2022-12-19 10:03:09
2424,3699,Victoriano Ródenas,marcelo77@example.net,F,1992-06-05,Dominican Republic,San Pedro de Macorís,Software Engineer,217,Student,Active,2025-09-22 16:17:05,2025-11-19 16:17:05
2425,3703,Sandra Muro,eli48@example.com,F,1994-11-23,Dominican Republic,Puerto Plata,Accountant,26,Student,Active,2025-01-26 02:52:37,2025-03-21 02:52:37
2426,3704,Íñigo Lara,rubioteodosio@example.org,F,1982-04-01,Dominican Republic,Santo Domingo,Project Manager,256,Corporate,Active,2026-04-29 15:37:32,2026-06-30 15:37:32
2427,3705,Néstor Robles,jcarpio@example.com,F,1987-11-30,Dominican Republic,La Romana,Lawyer,230,Corporate,Active,2023-05-31 02:18:45,2023-08-04 02:18:45
2428,3707,Etelvina Almansa,hmascaro@example.org,M,2006-07-14,Dominican Republic,Puerto Plata,Civil Engineer,38,Individual,Active,2022-10-31 23:20:30,2022-11-27 23:20:30
2429,3709,Lorenzo Pedro,franchleoncio@example.org,M,1992-06-02,Dominican Republic,Punta Cana,Civil Engineer,17,Honorary,Active,2021-12-14 01:00:36,2022-02-13 01:00:36
2430,3713,Severino Verdú,palaciomarta@example.org,M,1985-10-15,Dominican Republic,Puerto Plata,Data Analyst,66,Honorary,Active,2022-04-24 06:05:37,2022-06-20 06:05:37
2431,3714,Amor Valverde,sazcona@example.org,M,1978-03-26,Dominican Republic,Santiago,Financial Analyst,153,Student,Active,2025-07-24 01:26:51,2025-08-27 01:26:51
2432,3715,Chus Pellicer,irma78@example.com,F,2001-08-04,Dominican Republic,San Francisco de Macorís,Data Analyst,190,Corporate,Active,2022-11-18 11:18:00,2022-12-21 11:18:00
2433,3717,Melania Herrera,riveraandres-felipe@example.net,M,1995-02-13,Dominican Republic,Santiago,Business Consultant,63,Honorary,Active,2025-12-07 18:37:10,2026-02-01 18:37:10
2434,3718,Antonia Ordóñez,borjaanastasio@example.com,M,1988-03-06,Dominican Republic,San Pedro de Macorís,Software Engineer,30,Corporate,Active,2026-03-24 01:50:53,2026-04-22 01:50:53
2435,3719,Haroldo Bermudez,campoyrafael@example.org,M,1981-06-03,Dominican Republic,Puerto Plata,Financial Analyst,244,Honorary,Active,2021-11-26 06:52:51,2021-12-22 06:52:51
2436,3722,Virginia Abril,candelariasalva@example.net,M,1981-04-19,Dominican Republic,La Romana,Civil Engineer,99,Corporate,Active,2022-01-24 13:05:58,2022-03-30 13:05:58
2437,3726,Gilberto Mariscal,manuelitaquiroga@example.com,M,1985-06-20,Dominican Republic,Santo Domingo,Financial Analyst,50,Student,Active,2025-08-15 01:45:55,2025-10-11 01:45:55
2438,3727,Leopoldo Comas,rmelero@example.org,F,1984-04-18,Dominican Republic,Punta Cana,Accountant,270,Corporate,Active,2025-06-21 06:49:57,2025-08-14 06:49:57
2439,3729,Santos Heras,hmoran@example.org,F,1998-10-09,Dominican Republic,Santo Domingo,Data Analyst,156,Corporate,Active,2026-03-17 05:40:08,2026-04-29 05:40:08
2440,3730,Ainoa Salcedo,leandro99@example.org,M,1986-02-11,Dominican Republic,Punta Cana,Financial Analyst,140,Honorary,Active,2024-10-31 11:40:18,2024-12-30 11:40:18
2441,3731,Belen Salmerón,mazajose-angel@example.com,M,2003-04-11,Dominican Republic,San Francisco de Macorís,Marketing Specialist,188,Honorary,Active,2023-05-19 09:11:05,2023-06-15 09:11:05
2442,3734,Eugenia Pinedo,perezjulio@example.net,M,1988-10-01,Dominican Republic,Santiago,Accountant,128,Student,Active,2024-11-07 15:21:31,2024-12-18 15:21:31
2443,3736,Corona Coello,gracianacerezo@example.com,M,1988-08-01,Dominican Republic,Santiago,Software Engineer,295,Honorary,Active,2026-04-18 22:00:29,2026-06-20 22:00:29
2444,3738,Jeremías Torre,balduino61@example.org,F,1993-01-15,Dominican Republic,San Pedro de Macorís,Accountant,5,Honorary,Active,2025-01-18 17:20:26,2025-03-24 17:20:26
2445,3742,Baltasar Osorio,bonifacio26@example.net,M,2000-12-31,Dominican Republic,Santiago,Software Engineer,273,Corporate,Active,2025-08-09 14:44:37,2025-09-20 14:44:37
2446,3743,Florinda Rodriguez,feliciana49@example.com,M,1982-11-02,Dominican Republic,San Pedro de Macorís,Data Analyst,282,Student,Active,2025-01-20 10:54:00,2025-02-10 10:54:00
2447,3745,José Mari Rovira,guadalupe44@example.org,F,1976-12-19,Dominican Republic,San Francisco de Macorís,Marketing Specialist,237,Student,Active,2022-01-20 09:45:58,2022-02-21 09:45:58
2448,3746,Lupe Corbacho,vianatomas@example.com,M,1984-01-14,Dominican Republic,Santo Domingo,Business Consultant,25,Honorary,Active,2025-05-29 22:56:09,2025-07-20 22:56:09
2449,3748,Concha Álamo,herminia05@example.com,M,1988-04-03,Dominican Republic,Puerto Plata,Business Consultant,177,Individual,Active,2022-05-24 03:42:14,2022-07-30 03:42:14
2450,3751,Angelita Tamarit,treig@example.org,M,1981-11-11,Dominican Republic,Santiago,Financial Analyst,280,Honorary,Active,2025-09-12 18:17:28,2025-11-17 18:17:28
2451,3755,Porfirio Almansa,rebeca27@example.org,F,1999-06-17,Dominican Republic,San Francisco de Macorís,Software Engineer,188,Student,Active,2023-01-24 07:33:23,2023-03-21 07:33:23
2452,3758,Alejandra Pazos,ginerapolinar@example.com,F,1978-02-21,Dominican Republic,San Francisco de Macorís,Civil Engineer,270,Corporate,Active,2021-08-16 03:50:41,2021-09-18 03:50:41
2453,3761,Jorge Cortina,luquejose-luis@example.org,F,1996-04-08,Dominican Republic,San Francisco de Macorís,Architect,67,Honorary,Active,2022-08-09 18:08:30,2022-09-29 18:08:30
2454,3762,Vicente Luján,nereidabonet@example.org,M,1989-08-10,Dominican Republic,La Romana,Data Analyst,36,Corporate,Active,2025-02-22 20:46:32,2025-05-06 20:46:32
2455,3763,Sergio Ortega,laroca@example.org,F,1982-05-18,Dominican Republic,San Francisco de Macorís,Financial Analyst,119,Student,Active,2024-12-12 12:58:33,2025-02-16 12:58:33
2456,3764,Chema Riba,norberto80@example.com,M,2001-06-26,Dominican Republic,San Francisco de Macorís,Software Engineer,269,Honorary,Active,2022-10-08 16:16:19,2022-12-02 16:16:19
2457,3765,Josué Santiago,natanael52@example.com,F,1991-01-28,Dominican Republic,San Francisco de Macorís,Project Manager,16,Individual,Active,2022-09-17 20:41:33,2022-10-28 20:41:33
2458,3767,Wálter Miralles,aguileraadrian@example.com,F,2006-04-08,Dominican Republic,La Romana,Business Consultant,269,Corporate,Active,2025-03-31 00:35:21,2025-05-06 00:35:21
2459,3768,Carmelita Torrent,rojascristina@example.org,F,1986-05-22,Dominican Republic,San Pedro de Macorís,Marketing Specialist,160,Individual,Active,2025-06-18 23:40:48,2025-08-19 23:40:48
2460,3769,Carlos Belda,celsoyanez@example.org,M,2004-06-05,Dominican Republic,Puerto Plata,Architect,296,Student,Active,2024-10-15 15:28:27,2024-12-07 15:28:27
2461,3772,Ceferino Riquelme,ainara07@example.net,M,1985-08-17,Dominican Republic,Punta Cana,Financial Analyst,139,Individual,Active,2023-02-18 15:38:52,2023-03-25 15:38:52
2462,3773,Espiridión Campoy,amilcarcoloma@example.com,F,1981-07-16,Dominican Republic,Santiago,Financial Analyst,120,Honorary,Active,2024-11-24 15:22:39,2025-01-06 15:22:39
2463,3774,Isabela Landa,yalvaro@example.com,M,1996-11-24,Dominican Republic,Punta Cana,Architect,117,Corporate,Active,2024-05-06 14:35:51,2024-06-13 14:35:51
2464,3778,Loreto Huguet,sigfridofranco@example.org,F,1975-10-01,Dominican Republic,Puerto Plata,Project Manager,225,Honorary,Active,2024-03-20 08:34:35,2024-05-19 08:34:35
2465,3780,Trinidad Luján,ramirezmaria-manuela@example.com,F,1983-06-20,Dominican Republic,San Francisco de Macorís,Marketing Specialist,256,Corporate,Active,2025-05-14 04:27:01,2025-07-06 04:27:01
2466,3782,Valero Barriga,espejonestor@example.net,F,1999-05-08,Dominican Republic,Puerto Plata,Architect,172,Student,Active,2022-12-22 11:09:02,2023-01-06 11:09:02
2467,3787,Tecla Blanes,pfajardo@example.net,M,1997-08-29,Dominican Republic,Santo Domingo,Lawyer,13,Student,Active,2022-02-27 06:17:41,2022-04-18 06:17:41
2468,3788,Amarilis Galán,pmadrigal@example.com,M,1976-06-24,Dominican Republic,Punta Cana,Architect,194,Honorary,Active,2025-12-12 08:53:32,2026-01-06 08:53:32
2469,3789,Eligia Jiménez,armando65@example.net,F,1999-12-09,Dominican Republic,Santiago,Data Analyst,99,Honorary,Active,2024-01-19 04:05:26,2024-03-05 04:05:26
2470,3790,Íngrid Pacheco,manolamuniz@example.net,F,1982-06-04,Dominican Republic,Santo Domingo,Marketing Specialist,21,Student,Active,2024-08-31 17:01:14,2024-09-24 17:01:14
2471,3791,Adelia Almazán,xpina@example.org,M,1995-02-23,Dominican Republic,San Pedro de Macorís,Project Manager,128,Corporate,Active,2023-10-02 06:09:34,2023-11-17 06:09:34
2472,3792,Ruben Escolano,somozabrigida@example.net,M,1986-06-06,Dominican Republic,Santo Domingo,Civil Engineer,156,Student,Active,2025-02-24 02:07:16,2025-05-06 02:07:16
2473,3795,Domingo Rubio,carpioamando@example.net,F,2005-09-05,Dominican Republic,Santo Domingo,Business Consultant,151,Corporate,Active,2023-05-28 20:51:10,2023-07-24 20:51:10
2474,3796,Tristán Acero,lopezrafaela@example.net,F,1975-08-25,Dominican Republic,Puerto Plata,Business Consultant,199,Individual,Active,2026-04-05 03:06:10,2026-05-17 03:06:10
2475,3798,Jenny Ramis,belenamador@example.com,M,2007-02-21,Dominican Republic,Santo Domingo,Accountant,261,Corporate,Active,2025-12-27 03:07:30,2026-03-08 03:07:30
2476,3800,Hilda Simó,josepol@example.net,M,1979-12-07,Dominican Republic,San Pedro de Macorís,Data Analyst,125,Individual,Active,2022-05-21 21:38:36,2022-07-27 21:38:36
2477,3801,Cruz Narváez,tquero@example.com,F,1976-06-27,Dominican Republic,Santiago,Business Consultant,115,Individual,Active,2025-09-15 12:32:58,2025-10-12 12:32:58
2478,3802,Vinicio Francisco,dorotea56@example.net,M,2002-09-08,Dominican Republic,Punta Cana,Marketing Specialist,195,Individual,Active,2026-04-27 10:45:00,2026-05-12 10:45:00
2479,3803,Itziar Caparrós,eustaquioarco@example.com,F,2004-12-20,Dominican Republic,San Francisco de Macorís,Financial Analyst,15,Corporate,Active,2022-07-21 16:52:07,2022-09-15 16:52:07
2480,3804,Hernando Pedrosa,uheredia@example.net,F,2007-04-20,Dominican Republic,Puerto Plata,Lawyer,76,Student,Active,2025-06-10 07:08:32,2025-08-04 07:08:32
2481,3805,Nayara Lumbreras,pastorarribas@example.org,F,1992-05-27,Dominican Republic,La Romana,Data Analyst,109,Individual,Active,2024-07-26 09:48:24,2024-09-23 09:48:24
2482,3807,Feliciana Suárez,primitivocarrillo@example.net,M,1979-12-23,Dominican Republic,La Romana,Accountant,182,Honorary,Active,2022-06-29 13:54:12,2022-08-10 13:54:12
2483,3808,Amelia Valdés,araceli74@example.com,F,1990-11-17,Dominican Republic,Santiago,Business Consultant,154,Student,Active,2023-07-25 06:41:00,2023-09-20 06:41:00
2484,3809,Raúl Mínguez,inocencio83@example.com,M,1988-09-06,Dominican Republic,Puerto Plata,Financial Analyst,53,Individual,Active,2025-07-11 17:09:20,2025-08-15 17:09:20
2485,3810,Maricruz Casanova,pascualcoca@example.org,F,2004-03-10,Dominican Republic,Santiago,Data Analyst,38,Individual,Active,2022-03-19 19:44:39,2022-04-15 19:44:39
2486,3812,Eustaquio Pizarro,kcaparros@example.org,M,1994-11-16,Dominican Republic,Punta Cana,Project Manager,48,Honorary,Active,2025-02-08 02:06:51,2025-03-14 02:06:51
2487,3817,Maura Tudela,alexandra81@example.org,F,1981-11-13,Dominican Republic,Santo Domingo,Business Consultant,149,Corporate,Active,2026-04-13 18:38:47,2026-06-12 18:38:47
2488,3818,Fausto Quintana,luis-angelpedrosa@example.org,M,1990-11-28,Dominican Republic,La Romana,Architect,236,Individual,Active,2023-06-30 10:10:30,2023-08-18 10:10:30
2489,3819,Concepción Dalmau,emigdioginer@example.org,F,1990-07-08,Dominican Republic,Punta Cana,Software Engineer,101,Corporate,Active,2025-06-11 22:23:31,2025-08-09 22:23:31
2490,3820,Arcelia Rosado,vicenta03@example.net,F,1997-09-05,Dominican Republic,San Pedro de Macorís,Architect,178,Individual,Active,2023-11-20 18:58:28,2024-01-17 18:58:28
2491,3822,Jimena Uría,dbermudez@example.com,M,1982-06-19,Dominican Republic,Santiago,Financial Analyst,43,Student,Active,2022-02-28 21:40:05,2022-03-24 21:40:05
2492,3826,Ricardo Perea,aortuno@example.org,M,2005-07-16,Dominican Republic,San Pedro de Macorís,Lawyer,229,Corporate,Active,2023-09-18 15:44:13,2023-11-27 15:44:13
2493,3827,Haroldo Flores,ramirezblanca@example.com,F,2005-10-22,Dominican Republic,San Pedro de Macorís,Marketing Specialist,98,Student,Active,2025-06-13 13:18:09,2025-07-16 13:18:09
2494,3828,Adalberto Viñas,moreno06@example.net,M,2001-05-09,Dominican Republic,San Pedro de Macorís,Business Consultant,3,Honorary,Active,2023-11-06 09:58:11,2024-01-02 09:58:11
2495,3830,Marcelo Coello,qsaez@example.net,M,1982-02-03,Dominican Republic,Santo Domingo,Architect,164,Individual,Active,2024-07-01 04:34:45,2024-08-30 04:34:45
2496,3831,León Conesa,abellacustodio@example.net,F,2002-09-27,Dominican Republic,La Romana,Lawyer,262,Corporate,Active,2022-02-19 02:00:15,2022-04-07 02:00:15
2497,3832,Anselma Ricart,gargallofabricio@example.net,F,1995-06-23,Dominican Republic,Punta Cana,Marketing Specialist,135,Honorary,Active,2023-08-14 23:25:40,2023-09-18 23:25:40
2498,3834,Cosme Borrell,lilia70@example.org,F,1985-09-20,Dominican Republic,Puerto Plata,Civil Engineer,166,Individual,Active,2025-06-05 14:41:24,2025-07-24 14:41:24
2499,3835,Rafael Priego,brusabina@example.com,F,1985-04-08,Dominican Republic,Puerto Plata,Lawyer,2,Individual,Active,2022-11-26 20:19:34,2023-01-19 20:19:34
2500,3838,Esther Doménech,graciaiborra@example.net,F,1985-03-17,Dominican Republic,Puerto Plata,Business Consultant,3,Student,Active,2021-07-25 19:19:11,2021-09-04 19:19:11
2501,3839,Amelia Blanco,qhoz@example.com,F,1983-04-28,Dominican Republic,La Romana,Marketing Specialist,235,Student,Active,2023-11-18 14:10:16,2024-01-27 14:10:16
2502,3840,Rogelio Piñol,ninoperla@example.com,M,1991-08-07,Dominican Republic,San Francisco de Macorís,Lawyer,33,Honorary,Active,2021-12-14 13:05:37,2022-01-17 13:05:37
2503,3841,Lorena Ayuso,yayuso@example.org,F,2007-01-18,Dominican Republic,Santiago,Accountant,92,Honorary,Active,2026-05-21 12:36:34,2026-07-03 12:36:34
2504,3842,Begoña Benítez,salacrescencia@example.com,M,1979-03-20,Dominican Republic,San Francisco de Macorís,Civil Engineer,179,Honorary,Active,2024-11-09 20:18:12,2024-12-20 20:18:12
2505,3844,Manola Elías,donairefito@example.com,M,1997-01-25,Dominican Republic,Puerto Plata,Business Consultant,74,Corporate,Active,2022-06-09 23:16:38,2022-07-09 23:16:38
2506,3846,Tristán Isern,alvarolupita@example.com,M,1984-09-16,Dominican Republic,Punta Cana,Accountant,240,Corporate,Active,2022-07-27 01:07:08,2022-09-09 01:07:08
2507,3847,Gregorio Gil,trinidadpou@example.com,M,2000-05-24,Dominican Republic,Puerto Plata,Civil Engineer,162,Honorary,Active,2021-08-20 19:12:34,2021-10-09 19:12:34
2508,3848,Enrique Villaverde,edelmira15@example.com,F,1999-03-26,Dominican Republic,Puerto Plata,Civil Engineer,74,Honorary,Active,2024-04-01 02:49:32,2024-06-01 02:49:32
2509,3850,Carlota Donaire,murgalo@example.net,M,2002-11-07,Dominican Republic,La Romana,Software Engineer,271,Student,Active,2024-02-13 00:47:51,2024-04-02 00:47:51
2510,3852,Florina Luna,concepcionleon@example.net,M,1979-05-16,Dominican Republic,San Pedro de Macorís,Accountant,121,Honorary,Active,2024-01-01 01:57:47,2024-01-19 01:57:47
2511,3853,Damián Luís,blascoinocencio@example.net,F,2008-03-29,Dominican Republic,La Romana,Accountant,33,Student,Active,2024-08-10 14:37:26,2024-08-30 14:37:26
2512,3854,Joaquina Puente,custodiacarrillo@example.com,M,2004-08-11,Dominican Republic,La Romana,Data Analyst,147,Honorary,Active,2022-12-18 17:02:07,2023-01-16 17:02:07
2513,3857,Flor Mate,tristan98@example.net,M,2008-03-15,Dominican Republic,Punta Cana,Software Engineer,228,Individual,Active,2025-12-16 20:15:05,2026-01-17 20:15:05
2514,3859,Eugenio Sierra,nereacasanovas@example.org,F,1998-01-20,Dominican Republic,Punta Cana,Business Consultant,254,Individual,Active,2024-10-23 10:54:02,2024-12-01 10:54:02
2515,3862,Fátima Amigó,cabellograciano@example.org,M,1993-02-17,Dominican Republic,San Francisco de Macorís,Data Analyst,296,Corporate,Active,2024-03-17 01:15:12,2024-04-05 01:15:12
2516,3864,María Fernanda Donaire,luis-miguelespana@example.net,F,1984-01-22,Dominican Republic,San Francisco de Macorís,Software Engineer,20,Student,Active,2021-08-20 21:57:16,2021-09-21 21:57:16
2517,3865,Lucía Casares,socorroinfante@example.com,M,1981-06-15,Dominican Republic,Punta Cana,Lawyer,73,Individual,Active,2024-11-15 16:41:31,2025-01-04 16:41:31
2518,3867,Jose Manuel Isern,jose-antoniorodrigo@example.com,M,2002-09-29,Dominican Republic,La Romana,Data Analyst,153,Individual,Active,2021-11-12 18:04:48,2022-02-01 18:04:48
2519,3869,Esperanza Figuerola,troldan@example.com,M,2006-06-28,Dominican Republic,Santiago,Architect,64,Student,Active,2025-07-11 23:52:25,2025-08-27 23:52:25
2520,3872,Jose Angel Gil,pellicerricarda@example.org,F,1976-03-01,Dominican Republic,Santo Domingo,Software Engineer,13,Honorary,Active,2025-09-22 07:48:12,2025-11-17 07:48:12
2521,3873,Yéssica Coca,nazaret72@example.com,F,1984-12-08,Dominican Republic,Santo Domingo,Accountant,201,Student,Active,2023-02-01 13:38:33,2023-04-01 13:38:33
2522,3874,Toni Olivares,sonia16@example.net,M,2003-02-12,Dominican Republic,La Romana,Financial Analyst,160,Student,Active,2026-01-20 21:10:00,2026-04-05 21:10:00
2523,3876,Custodia Montaña,isidorocalderon@example.net,M,1981-04-15,Dominican Republic,Punta Cana,Software Engineer,21,Student,Active,2025-11-18 00:05:00,2025-12-31 00:05:00
2524,3877,Corona Farré,qfeliu@example.net,M,1981-03-11,Dominican Republic,Punta Cana,Accountant,260,Individual,Active,2025-06-09 20:25:46,2025-07-12 20:25:46
2525,3878,Carmela Roldan,tejerasoledad@example.net,F,2006-10-14,Dominican Republic,Santo Domingo,Architect,176,Student,Active,2021-11-13 22:11:38,2021-12-29 22:11:38
2526,3880,Azahar Pedrero,calistoberrocal@example.net,F,1990-01-13,Dominican Republic,Punta Cana,Lawyer,20,Student,Active,2023-02-14 17:45:41,2023-02-28 17:45:41
2527,3882,Lola Barberá,adrian70@example.com,M,1991-11-04,Dominican Republic,Santo Domingo,Architect,5,Honorary,Active,2024-09-20 10:21:23,2024-11-09 10:21:23
2528,3883,Adolfo Martorell,genoveva99@example.net,F,2002-06-28,Dominican Republic,Puerto Plata,Accountant,98,Student,Active,2024-12-05 16:22:41,2025-01-29 16:22:41
2529,3884,Hector Olivares,gpina@example.com,F,1999-06-30,Dominican Republic,San Pedro de Macorís,Financial Analyst,251,Student,Active,2025-01-21 14:39:47,2025-03-18 14:39:47
2530,3885,Edgardo Bejarano,carinaalberdi@example.com,M,2006-07-23,Dominican Republic,Puerto Plata,Data Analyst,245,Individual,Active,2024-07-31 00:03:16,2024-10-14 00:03:16
2531,3888,Manuelita Morán,orozcomacario@example.org,M,1995-04-29,Dominican Republic,Punta Cana,Software Engineer,115,Student,Active,2025-01-18 02:11:19,2025-01-31 02:11:19
2532,3889,Horacio Pablo,cabezasamancio@example.net,F,1989-07-03,Dominican Republic,Punta Cana,Accountant,262,Individual,Active,2025-10-07 08:31:45,2025-11-24 08:31:45
2533,3890,Martin Noriega,graurosalinda@example.com,M,1983-05-02,Dominican Republic,La Romana,Project Manager,143,Student,Active,2024-12-13 03:38:08,2025-02-19 03:38:08
2534,3891,Maristela Pagès,naranjomacarena@example.org,F,1984-02-05,Dominican Republic,Punta Cana,Civil Engineer,254,Student,Active,2022-01-31 01:48:22,2022-03-19 01:48:22
2535,3893,Simón Torrens,tariza@example.org,F,2005-08-04,Dominican Republic,Santiago,Software Engineer,232,Student,Active,2022-12-31 09:18:55,2023-03-03 09:18:55
2536,3895,Olalla Grau,rosalinda47@example.net,M,1998-09-25,Dominican Republic,La Romana,Software Engineer,250,Student,Active,2024-04-03 04:15:05,2024-05-16 04:15:05
2537,3896,Saturnina Chamorro,bejaranovanesa@example.org,M,1990-07-17,Dominican Republic,Punta Cana,Civil Engineer,214,Individual,Active,2024-03-24 21:46:53,2024-05-10 21:46:53
2538,3897,Cándida Rocha,maritavalenciano@example.org,F,1977-12-03,Dominican Republic,Santo Domingo,Financial Analyst,185,Corporate,Active,2022-04-11 21:27:04,2022-05-10 21:27:04
2539,3898,Mariano Fuster,cruzalegre@example.net,F,1992-09-02,Dominican Republic,Puerto Plata,Architect,227,Corporate,Active,2024-12-15 18:48:18,2025-02-17 18:48:18
2540,3899,Felix Hernando,rosaleslupita@example.com,F,2002-02-12,Dominican Republic,La Romana,Accountant,93,Corporate,Active,2023-09-27 11:02:20,2023-11-12 11:02:20
2541,3902,Ligia Bru,arribasefrain@example.org,M,1992-07-26,Dominican Republic,Santiago,Marketing Specialist,129,Student,Active,2022-11-01 01:00:54,2022-12-27 01:00:54
2542,3903,Marco Benitez,amado81@example.com,M,1977-01-28,Dominican Republic,Santiago,Financial Analyst,84,Honorary,Active,2022-09-05 00:44:32,2022-09-12 00:44:32
2543,3904,Aura Juárez,bbarros@example.net,M,1994-04-01,Dominican Republic,Santiago,Project Manager,14,Student,Active,2025-07-14 12:44:05,2025-09-22 12:44:05
2544,3906,Ale Alba,gracianacastellanos@example.org,F,1985-01-22,Dominican Republic,San Pedro de Macorís,Architect,182,Corporate,Active,2023-02-16 16:06:28,2023-04-11 16:06:28
2545,3907,Fidela Merino,njaume@example.net,F,1982-07-02,Dominican Republic,San Pedro de Macorís,Financial Analyst,51,Student,Active,2024-02-21 15:16:46,2024-03-25 15:16:46
2546,3908,Marcos Castilla,arocasergio@example.com,F,1977-10-14,Dominican Republic,Puerto Plata,Business Consultant,65,Individual,Active,2021-11-30 05:52:37,2022-01-05 05:52:37
2547,3909,Noa Almansa,pia60@example.org,M,1975-12-08,Dominican Republic,San Francisco de Macorís,Data Analyst,129,Corporate,Active,2024-01-07 14:45:26,2024-03-30 14:45:26
2548,3910,Dan Flores,guitartnicodemo@example.com,F,1986-11-22,Dominican Republic,Punta Cana,Business Consultant,162,Student,Active,2025-05-27 18:52:55,2025-07-11 18:52:55
2549,3913,René Benítez,fsantiago@example.com,M,1991-09-24,Dominican Republic,Santiago,Accountant,213,Student,Active,2025-04-04 03:50:16,2025-06-13 03:50:16
2550,3915,Eduardo Garcés,godoyencarnacion@example.com,F,1997-05-31,Dominican Republic,Punta Cana,Business Consultant,208,Honorary,Active,2022-11-24 21:00:14,2022-12-30 21:00:14
2551,3916,Ariel Lobato,cgomila@example.com,M,1987-10-27,Dominican Republic,San Francisco de Macorís,Marketing Specialist,175,Corporate,Active,2022-07-11 16:57:53,2022-09-04 16:57:53
2552,3917,Diana Iriarte,nestor86@example.net,F,2003-01-14,Dominican Republic,Santo Domingo,Architect,197,Corporate,Active,2022-04-01 23:56:45,2022-05-03 23:56:45
2553,3918,Filomena Sastre,lisandrocarballo@example.net,M,1994-06-06,Dominican Republic,Puerto Plata,Lawyer,271,Corporate,Active,2021-10-16 14:51:50,2021-12-07 14:51:50
2554,3919,Andrea Quevedo,luisa03@example.net,M,1997-02-02,Dominican Republic,Santiago,Marketing Specialist,91,Honorary,Active,2022-06-10 17:52:02,2022-08-12 17:52:02
2555,3920,Pablo Tormo,arcelia59@example.org,F,2006-05-24,Dominican Republic,Santo Domingo,Project Manager,298,Corporate,Active,2026-05-15 11:01:04,2026-07-13 11:01:04
2556,3921,Curro Morell,giselaposada@example.net,F,1980-04-19,Dominican Republic,Santiago,Civil Engineer,3,Corporate,Active,2021-10-23 21:52:41,2021-11-29 21:52:41
2557,3922,Porfirio Lorenzo,eliana33@example.net,M,1981-09-29,Dominican Republic,Santiago,Financial Analyst,134,Corporate,Active,2025-05-05 13:14:22,2025-06-30 13:14:22
2558,3924,Teresita Sastre,checabaltasar@example.net,F,1991-06-18,Dominican Republic,La Romana,Architect,135,Student,Active,2022-03-02 13:52:58,2022-04-02 13:52:58
2559,3925,María Jesús Padilla,alvarolorenzo@example.org,M,1977-05-28,Dominican Republic,Santo Domingo,Marketing Specialist,29,Individual,Active,2024-06-23 14:27:43,2024-08-14 14:27:43
2560,3928,Sandra Zaragoza,fidelacerda@example.org,M,2001-06-19,Dominican Republic,Punta Cana,Project Manager,71,Honorary,Active,2021-10-18 16:15:57,2021-12-13 16:15:57
2561,3929,Manu Arias,rchaves@example.net,M,1975-11-03,Dominican Republic,San Pedro de Macorís,Accountant,294,Individual,Active,2023-11-21 19:29:39,2023-12-22 19:29:39
2562,3931,Curro Salcedo,guiomar78@example.net,F,1976-01-23,Dominican Republic,La Romana,Business Consultant,160,Student,Active,2023-11-28 19:46:36,2024-01-08 19:46:36
2563,3932,Claudio Alvarado,carmina66@example.com,M,1978-04-24,Dominican Republic,Santo Domingo,Architect,117,Honorary,Active,2025-12-20 17:03:42,2026-01-22 17:03:42
2564,3933,Silvio Jimenez,eustaquio62@example.com,F,1985-10-03,Dominican Republic,Punta Cana,Project Manager,294,Student,Active,2025-10-06 08:44:08,2025-11-16 08:44:08
2565,3934,Benigno Jordán,fsoriano@example.org,M,2002-12-04,Dominican Republic,San Francisco de Macorís,Business Consultant,189,Individual,Active,2021-08-31 04:09:17,2021-11-12 04:09:17
2566,3935,Desiderio Vallés,xsolano@example.org,F,1983-05-21,Dominican Republic,La Romana,Lawyer,98,Student,Active,2023-08-04 22:24:02,2023-10-01 22:24:02
2567,3937,Jacobo Andres,ihidalgo@example.com,F,2004-02-11,Dominican Republic,Puerto Plata,Data Analyst,143,Individual,Active,2024-09-24 07:41:18,2024-10-22 07:41:18
2568,3938,Georgina Rocha,mjerez@example.net,M,1977-07-25,Dominican Republic,Puerto Plata,Business Consultant,34,Student,Active,2023-05-08 16:54:04,2023-06-12 16:54:04
2569,3939,Feliciana Barberá,nazaret38@example.org,F,2002-11-04,Dominican Republic,Santiago,Data Analyst,101,Student,Active,2025-06-24 04:44:00,2025-08-20 04:44:00
2570,3941,Adelia Alonso,rita81@example.org,M,2007-02-21,Dominican Republic,Santiago,Accountant,102,Individual,Active,2023-02-28 22:00:00,2023-05-03 22:00:00
2571,3942,Benigno Buendía,pmaldonado@example.org,M,1983-12-13,Dominican Republic,Punta Cana,Accountant,98,Honorary,Active,2022-03-30 15:32:14,2022-05-01 15:32:14
2572,3943,Odalys Lamas,jennifer65@example.org,M,1992-11-19,Dominican Republic,Santiago,Marketing Specialist,150,Corporate,Active,2022-08-04 21:46:50,2022-09-15 21:46:50
2573,3944,Flavio Silva,dorotea17@example.org,M,1976-04-06,Dominican Republic,Santiago,Data Analyst,6,Student,Active,2023-08-15 22:35:08,2023-09-11 22:35:08
2574,3946,Paulino Piquer,bmarti@example.net,F,1986-10-11,Dominican Republic,Punta Cana,Marketing Specialist,117,Corporate,Active,2023-04-26 21:12:12,2023-05-27 21:12:12
2575,3947,Ricardo Cervera,ciriaco23@example.org,M,1978-01-05,Dominican Republic,La Romana,Software Engineer,238,Student,Active,2024-05-24 03:06:35,2024-07-26 03:06:35
2576,3948,Juan Canales,carballodora@example.org,M,1997-04-22,Dominican Republic,San Francisco de Macorís,Software Engineer,262,Individual,Active,2022-09-13 16:58:44,2022-11-10 16:58:44
2577,3949,Amaro Pinilla,torrijoscristian@example.org,M,2000-08-09,Dominican Republic,Punta Cana,Lawyer,168,Corporate,Active,2024-12-13 11:43:23,2025-02-23 11:43:23
2578,3950,Florentina Frías,aparicioponcio@example.org,F,1981-07-14,Dominican Republic,San Pedro de Macorís,Accountant,283,Student,Active,2022-03-04 16:52:54,2022-04-29 16:52:54
2579,3951,Imelda Mendoza,fernando67@example.net,M,2007-09-22,Dominican Republic,Santiago,Accountant,130,Student,Active,2023-08-11 15:12:06,2023-10-15 15:12:06
2580,3956,Benita Castejón,benito81@example.com,M,2004-07-02,Dominican Republic,San Pedro de Macorís,Data Analyst,12,Corporate,Active,2024-03-05 13:18:53,2024-04-02 13:18:53
2581,3957,Amílcar España,eliseoferrero@example.com,M,1994-06-02,Dominican Republic,La Romana,Data Analyst,281,Corporate,Active,2024-09-06 09:27:34,2024-10-15 09:27:34
2582,3960,Salud Valencia,sanmartinnuria@example.org,F,1987-10-20,Dominican Republic,Santiago,Accountant,43,Honorary,Active,2023-09-26 22:27:09,2023-11-16 22:27:09
2583,3961,Modesta Mariño,pepitoescriva@example.com,M,1999-06-22,Dominican Republic,Puerto Plata,Financial Analyst,45,Corporate,Active,2025-07-23 03:56:56,2025-08-20 03:56:56
2584,3964,Atilio Royo,pomaresclementina@example.net,M,2005-04-05,Dominican Republic,Punta Cana,Lawyer,177,Student,Active,2025-11-17 05:03:27,2025-12-26 05:03:27
2585,3965,Ámbar Cerdá,imartorell@example.com,M,1979-10-24,Dominican Republic,Santiago,Financial Analyst,225,Honorary,Active,2025-06-03 19:21:36,2025-06-27 19:21:36
2586,3967,Pastor Manrique,lalmansa@example.org,F,1980-04-13,Dominican Republic,Punta Cana,Marketing Specialist,7,Individual,Active,2022-07-25 07:08:19,2022-08-27 07:08:19
2587,3968,Alfredo Izquierdo,solefaustino@example.com,F,1984-02-23,Dominican Republic,Puerto Plata,Accountant,191,Individual,Active,2024-07-18 00:43:43,2024-09-08 00:43:43
2588,3969,Lupe Figuerola,farranz@example.com,M,1977-08-02,Dominican Republic,La Romana,Project Manager,83,Student,Active,2026-05-30 07:11:59,2026-07-05 07:11:59
2589,3970,Perla Girón,purificacioniriarte@example.com,M,1976-08-02,Dominican Republic,La Romana,Marketing Specialist,55,Honorary,Active,2025-04-11 15:13:45,2025-05-12 15:13:45
2590,3971,Cintia Clemente,xcerdan@example.net,F,2007-06-13,Dominican Republic,Santo Domingo,Marketing Specialist,106,Honorary,Active,2022-06-02 01:47:29,2022-08-18 01:47:29
2591,3972,Lara Tapia,heriberto16@example.org,M,1982-12-07,Dominican Republic,Santo Domingo,Marketing Specialist,107,Individual,Active,2022-08-26 15:34:29,2022-10-03 15:34:29
2592,3976,Clotilde Ribas,nicodemo49@example.net,M,2000-12-29,Dominican Republic,La Romana,Accountant,269,Honorary,Active,2024-07-18 09:24:39,2024-09-11 09:24:39
2593,3978,Lucila Canales,rmaestre@example.net,M,2004-11-24,Dominican Republic,San Francisco de Macorís,Project Manager,8,Student,Active,2022-10-03 00:41:10,2022-12-02 00:41:10
2594,3979,Valentín Campillo,eligiocodina@example.net,M,1985-01-18,Dominican Republic,Santo Domingo,Architect,141,Individual,Active,2021-09-25 00:26:24,2021-11-20 00:26:24
2595,3981,Íñigo Real,leocadia04@example.org,F,1984-12-28,Dominican Republic,Santo Domingo,Civil Engineer,194,Corporate,Active,2024-11-04 10:14:42,2024-12-22 10:14:42
2596,3982,Nicodemo Pazos,berrocalfernando@example.net,F,1988-05-19,Dominican Republic,Puerto Plata,Financial Analyst,115,Student,Active,2023-07-02 10:29:37,2023-08-25 10:29:37
2597,3983,Anna Bernad,alcazarpancho@example.org,M,2007-06-08,Dominican Republic,Santiago,Project Manager,27,Honorary,Active,2022-09-08 13:50:40,2022-10-27 13:50:40
2598,3984,Laura Castro,anselmotapia@example.net,M,1985-06-18,Dominican Republic,Punta Cana,Software Engineer,171,Student,Active,2024-05-30 04:43:30,2024-07-19 04:43:30
2599,3985,Diana Palacios,nadiazorrilla@example.net,M,2007-10-06,Dominican Republic,San Pedro de Macorís,Software Engineer,207,Student,Active,2022-09-05 09:23:01,2022-09-30 09:23:01
2600,3986,Vasco Rivera,ytirado@example.com,M,1981-09-27,Dominican Republic,San Pedro de Macorís,Business Consultant,233,Corporate,Active,2023-04-15 08:47:44,2023-06-18 08:47:44
2601,3988,Guillermo Cañas,nvina@example.net,M,1989-10-04,Dominican Republic,La Romana,Project Manager,45,Honorary,Active,2023-02-14 19:17:34,2023-04-07 19:17:34
2602,3989,Cebrián Ocaña,armengolalbano@example.org,M,1988-06-08,Dominican Republic,San Pedro de Macorís,Project Manager,242,Corporate,Active,2021-07-17 21:06:53,2021-08-25 21:06:53
2603,3990,Amelia Sainz,borjajimenez@example.org,M,2005-12-12,Dominican Republic,Santiago,Financial Analyst,208,Honorary,Active,2023-09-02 11:55:11,2023-11-08 11:55:11
2604,3991,Josefina Vélez,ypineiro@example.com,M,1982-11-24,Dominican Republic,San Francisco de Macorís,Accountant,244,Student,Active,2025-10-03 17:35:47,2025-11-17 17:35:47
2605,3992,Borja Paniagua,alba31@example.org,M,1987-08-24,Dominican Republic,San Francisco de Macorís,Marketing Specialist,281,Student,Active,2023-01-28 10:20:35,2023-02-24 10:20:35
2606,3993,Adalberto Ferreras,santanaivan@example.org,F,1998-03-01,Dominican Republic,San Pedro de Macorís,Software Engineer,136,Individual,Active,2026-05-14 06:25:51,2026-06-25 06:25:51
2607,3996,Asunción Nieto,cuestaisaura@example.net,M,1990-12-21,Dominican Republic,La Romana,Accountant,246,Student,Active,2024-09-14 17:18:29,2024-11-12 17:18:29
2608,3998,Agustina Contreras,amarotejedor@example.org,M,2005-03-06,Dominican Republic,Santiago,Civil Engineer,271,Individual,Active,2022-11-12 02:10:53,2022-12-17 02:10:53
2609,3999,Marisa Carrión,ovidio23@example.net,M,1997-05-31,Dominican Republic,Santo Domingo,Project Manager,151,Honorary,Active,2024-04-13 02:14:26,2024-06-02 02:14:26
2610,4000,Clotilde Reyes,catalajoel@example.org,F,1978-02-03,Dominican Republic,San Francisco de Macorís,Lawyer,219,Individual,Active,2024-04-27 02:02:48,2024-06-13 02:02:48
2611,4001,Obdulia Villalobos,horozco@example.com,F,1987-10-21,Dominican Republic,Santiago,Architect,138,Individual,Active,2025-04-27 12:58:10,2025-06-15 12:58:10
2612,4002,Montserrat Andreu,florencioferrandiz@example.org,F,2003-05-25,Dominican Republic,San Francisco de Macorís,Architect,263,Corporate,Active,2026-03-20 18:05:28,2026-05-14 18:05:28
2613,4003,Begoña Barberá,macero@example.com,F,2007-06-23,Dominican Republic,San Pedro de Macorís,Marketing Specialist,295,Individual,Active,2022-02-06 18:16:37,2022-03-01 18:16:37
2614,4004,Adela Navarrete,domingueznatalia@example.net,F,1985-01-16,Dominican Republic,Santiago,Business Consultant,290,Honorary,Active,2022-07-26 18:58:32,2022-09-16 18:58:32
2615,4006,Ana Olmedo,vmorata@example.net,F,1993-12-10,Dominican Republic,San Francisco de Macorís,Marketing Specialist,281,Individual,Active,2024-05-28 20:59:29,2024-06-22 20:59:29
2616,4008,Gabriel Hurtado,nrevilla@example.com,F,1998-07-27,Dominican Republic,La Romana,Data Analyst,233,Individual,Active,2024-11-16 13:36:11,2025-01-22 13:36:11
2617,4009,Eduardo Salinas,angelicaroman@example.com,F,1979-01-30,Dominican Republic,Santo Domingo,Financial Analyst,225,Student,Active,2026-02-15 18:05:13,2026-04-18 18:05:13
2618,4010,Viviana Casanovas,maria-fernanda20@example.com,F,2002-07-08,Dominican Republic,Santo Domingo,Civil Engineer,43,Student,Active,2023-06-15 12:47:24,2023-08-09 12:47:24
2619,4012,Amanda Polo,gloria34@example.net,M,2005-02-14,Dominican Republic,Santo Domingo,Data Analyst,287,Individual,Active,2023-03-30 13:24:35,2023-05-17 13:24:35
2620,4014,Vidal Jerez,salacayetana@example.net,M,1994-07-29,Dominican Republic,Puerto Plata,Architect,286,Student,Active,2025-02-05 17:11:03,2025-03-28 17:11:03
2621,4018,Brígida Molins,waltersuarez@example.org,F,1977-12-29,Dominican Republic,San Francisco de Macorís,Business Consultant,236,Student,Active,2022-11-22 22:04:59,2023-01-18 22:04:59
2622,4020,Eugenio Jordán,valentinalcaraz@example.com,F,1990-07-07,Dominican Republic,Santo Domingo,Data Analyst,234,Student,Active,2021-07-22 00:07:17,2021-09-20 00:07:17
2623,4021,Luís Ariza,yfont@example.com,M,1977-11-07,Dominican Republic,Santiago,Architect,199,Honorary,Active,2025-11-10 18:27:46,2025-12-14 18:27:46
2624,4022,Pili Salvador,rufino92@example.com,F,2006-02-24,Dominican Republic,San Pedro de Macorís,Civil Engineer,214,Student,Active,2022-09-20 02:04:16,2022-10-25 02:04:16
2625,4023,Marita Ayllón,guiomarcuenca@example.com,M,2007-12-13,Dominican Republic,Santo Domingo,Lawyer,194,Individual,Active,2023-04-21 18:45:23,2023-06-06 18:45:23
2626,4026,Mercedes Noguera,kvelasco@example.com,F,2002-04-30,Dominican Republic,Punta Cana,Financial Analyst,143,Individual,Active,2022-07-06 04:58:17,2022-08-08 04:58:17
2627,4028,Ricardo Aller,abascalsara@example.com,F,2006-09-22,Dominican Republic,San Pedro de Macorís,Civil Engineer,297,Individual,Active,2025-09-16 07:03:44,2025-10-19 07:03:44
2628,4032,Juanito Salcedo,vamoros@example.com,F,2002-10-16,Dominican Republic,San Pedro de Macorís,Data Analyst,271,Corporate,Active,2021-11-25 15:53:43,2022-01-22 15:53:43
2629,4033,Teodosio Arregui,valenzuelalalo@example.com,M,1978-11-28,Dominican Republic,Santiago,Financial Analyst,249,Honorary,Active,2023-11-24 04:30:38,2024-01-28 04:30:38
2630,4034,Mirta Heras,salomesalgado@example.org,M,1977-04-05,Dominican Republic,Punta Cana,Financial Analyst,230,Honorary,Active,2023-11-23 12:15:49,2024-01-26 12:15:49
2631,4036,Urbano Blanca,ggomez@example.net,F,1991-02-16,Dominican Republic,La Romana,Marketing Specialist,122,Honorary,Active,2025-03-31 03:32:31,2025-05-09 03:32:31
2632,4038,Mamen Morcillo,reinaldo86@example.com,M,1979-09-05,Dominican Republic,Santiago,Civil Engineer,43,Corporate,Active,2025-12-26 00:17:51,2026-02-20 00:17:51
2633,4040,Antonia Pardo,eulaliabartolome@example.com,M,1979-03-26,Dominican Republic,San Pedro de Macorís,Financial Analyst,79,Corporate,Active,2025-10-23 14:25:50,2025-12-21 14:25:50
2634,4042,Francisco Jose Blanca,eliasfuentes@example.net,F,1982-12-22,Dominican Republic,Punta Cana,Lawyer,206,Individual,Active,2025-12-27 23:15:44,2026-02-11 23:15:44
2635,4043,Teófila Cuervo,miralleschus@example.org,F,1976-01-06,Dominican Republic,Santiago,Marketing Specialist,282,Honorary,Active,2025-06-14 20:10:47,2025-07-23 20:10:47
2636,4045,Luis Miguel Llano,agueda56@example.com,M,2006-12-15,Dominican Republic,Puerto Plata,Architect,74,Individual,Active,2025-08-22 01:00:38,2025-10-31 01:00:38
2637,4046,Calisto Parra,dan76@example.com,F,1975-10-08,Dominican Republic,Punta Cana,Data Analyst,205,Student,Active,2024-01-21 07:12:48,2024-03-12 07:12:48
2638,4047,Maximiano Rios,coronablazquez@example.org,M,1989-03-15,Dominican Republic,La Romana,Financial Analyst,112,Honorary,Active,2024-03-02 23:34:05,2024-05-06 23:34:05
2639,4048,Raimundo Sacristán,ytur@example.net,M,2007-09-20,Dominican Republic,La Romana,Financial Analyst,41,Corporate,Active,2025-05-11 22:56:13,2025-06-24 22:56:13
2640,4049,Maricruz Pulido,olga76@example.com,M,1989-03-02,Dominican Republic,Puerto Plata,Lawyer,73,Corporate,Active,2023-09-03 12:17:36,2023-10-26 12:17:36
2641,4050,Alicia Prado,osorioedgardo@example.org,F,1992-07-18,Dominican Republic,San Francisco de Macorís,Financial Analyst,243,Corporate,Active,2024-06-10 02:40:10,2024-08-04 02:40:10
2642,4051,Remedios Chaves,vmercader@example.com,M,2007-01-21,Dominican Republic,Puerto Plata,Marketing Specialist,85,Honorary,Active,2023-02-08 09:34:48,2023-03-17 09:34:48
2643,4052,Calisto Tudela,bernabe49@example.net,M,1993-10-23,Dominican Republic,San Pedro de Macorís,Project Manager,91,Individual,Active,2025-12-13 05:25:21,2026-01-18 05:25:21
2644,4053,Ana Belén Ángel,doritavallejo@example.com,M,1980-05-31,Dominican Republic,Punta Cana,Software Engineer,258,Corporate,Active,2025-07-06 13:40:02,2025-09-04 13:40:02
2645,4054,Poncio Martínez,erasmo20@example.com,F,1978-02-23,Dominican Republic,San Pedro de Macorís,Project Manager,38,Honorary,Active,2026-03-30 17:36:45,2026-05-17 17:36:45
2646,4055,Porfirio Armas,mdominguez@example.net,F,1991-06-07,Dominican Republic,Punta Cana,Business Consultant,69,Individual,Active,2023-07-04 18:39:40,2023-08-22 18:39:40
2647,4056,Filomena Zorrilla,cllorens@example.org,M,1988-06-15,Dominican Republic,San Francisco de Macorís,Business Consultant,120,Individual,Active,2025-08-09 12:53:36,2025-09-29 12:53:36
2648,4057,Enrique Mayoral,mrosales@example.net,F,1976-10-20,Dominican Republic,Santiago,Lawyer,208,Honorary,Active,2023-08-16 00:20:05,2023-09-12 00:20:05
2649,4062,Pelayo Corral,vcalvet@example.org,F,1984-12-07,Dominican Republic,La Romana,Marketing Specialist,178,Student,Active,2023-03-04 16:04:34,2023-05-10 16:04:34
2650,4064,Víctor Folch,qborrell@example.org,M,1986-09-11,Dominican Republic,Punta Cana,Marketing Specialist,104,Honorary,Active,2024-07-02 02:11:16,2024-08-19 02:11:16
2651,4065,Régulo Rodrigo,qhuertas@example.org,M,2003-01-07,Dominican Republic,Puerto Plata,Lawyer,268,Student,Active,2026-02-23 07:27:38,2026-04-14 07:27:38
2652,4066,Leticia Padilla,eibanez@example.com,M,1997-10-04,Dominican Republic,La Romana,Lawyer,251,Corporate,Active,2026-01-27 04:54:57,2026-03-14 04:54:57
2653,4067,Águeda Chico,isabel60@example.net,M,1979-09-14,Dominican Republic,Punta Cana,Architect,39,Honorary,Active,2022-06-22 20:28:02,2022-07-23 20:28:02
2654,4068,Matilde Rosell,juan-luisrodriguez@example.net,F,1985-12-16,Dominican Republic,Santiago,Business Consultant,65,Individual,Active,2025-07-14 08:37:22,2025-08-21 08:37:22
2655,4070,Rosalina Paredes,torodominga@example.com,F,1982-01-13,Dominican Republic,Santiago,Financial Analyst,120,Individual,Active,2025-03-23 04:57:50,2025-05-13 04:57:50
2656,4071,Alicia Atienza,acostaeleuterio@example.net,M,2007-03-11,Dominican Republic,La Romana,Software Engineer,146,Student,Active,2025-09-26 16:41:39,2025-11-06 16:41:39
2657,4072,Odalis Benítez,millaroberta@example.net,F,2000-09-30,Dominican Republic,Santiago,Software Engineer,125,Honorary,Active,2022-08-12 16:49:11,2022-10-06 16:49:11
2658,4073,Piedad Agullo,calistasantos@example.org,M,1978-12-17,Dominican Republic,San Francisco de Macorís,Software Engineer,186,Corporate,Active,2022-08-17 01:09:22,2022-10-14 01:09:22
2659,4074,Edelmiro Pavón,armengolfabiana@example.com,M,2006-02-12,Dominican Republic,Santiago,Project Manager,10,Individual,Active,2024-07-10 14:53:57,2024-08-17 14:53:57
2660,4075,Lupe Piñeiro,pascualamayol@example.net,M,1984-09-26,Dominican Republic,Santo Domingo,Marketing Specialist,262,Honorary,Active,2025-01-29 06:45:56,2025-04-24 06:45:56
2661,4077,Saturnino Gaya,eligiagaray@example.net,F,1987-07-14,Dominican Republic,Punta Cana,Financial Analyst,200,Honorary,Active,2021-11-03 18:57:31,2022-01-16 18:57:31
2662,4078,Azahara Cortés,gonzalo26@example.org,M,1986-07-09,Dominican Republic,La Romana,Business Consultant,294,Corporate,Active,2023-07-30 22:42:43,2023-09-19 22:42:43
2663,4079,Ignacia Bravo,alberto30@example.net,F,1992-05-09,Dominican Republic,Puerto Plata,Project Manager,260,Corporate,Active,2024-03-14 16:05:24,2024-05-08 16:05:24
2664,4080,Matías Águila,blas42@example.org,F,1980-05-01,Dominican Republic,Santo Domingo,Data Analyst,187,Student,Active,2023-12-09 23:44:57,2024-01-24 23:44:57
2665,4081,Benigna Martorell,marisaolivares@example.org,M,1992-02-16,Dominican Republic,Puerto Plata,Software Engineer,168,Student,Active,2023-11-30 11:23:04,2024-01-16 11:23:04
2666,4084,Íngrid Francisco,amadorvilma@example.net,F,1975-12-09,Dominican Republic,San Francisco de Macorís,Business Consultant,220,Individual,Active,2025-07-06 16:28:21,2025-08-03 16:28:21
2667,4087,Tristán Pacheco,jose-angel76@example.org,M,1990-06-01,Dominican Republic,San Francisco de Macorís,Accountant,58,Honorary,Active,2022-08-12 21:48:48,2022-09-06 21:48:48
2668,4089,Ángeles Campillo,adelina12@example.com,F,1989-05-09,Dominican Republic,San Pedro de Macorís,Accountant,184,Student,Active,2025-03-04 04:53:25,2025-04-13 04:53:25
2669,4090,Curro Nicolás,custodiagaya@example.net,M,2000-11-16,Dominican Republic,Punta Cana,Project Manager,47,Corporate,Active,2022-08-13 17:25:47,2022-09-20 17:25:47
2670,4093,Fanny Iborra,ruedafausto@example.com,F,1996-07-31,Dominican Republic,San Pedro de Macorís,Lawyer,263,Individual,Active,2026-02-13 22:38:31,2026-04-15 22:38:31
2671,4094,Emperatriz Murillo,teclamaestre@example.com,M,1991-08-18,Dominican Republic,Santo Domingo,Software Engineer,178,Individual,Active,2023-02-20 12:15:51,2023-04-10 12:15:51
2672,4096,Jennifer Canals,vascoolivares@example.net,F,1983-10-11,Dominican Republic,La Romana,Project Manager,92,Student,Active,2026-05-11 04:57:55,2026-06-14 04:57:55
2673,4098,Tadeo Estévez,anastasioposada@example.net,M,2000-01-31,Dominican Republic,La Romana,Software Engineer,239,Individual,Active,2024-04-18 20:27:08,2024-05-23 20:27:08
2674,4099,Elba Borrego,acevedoliliana@example.com,F,2003-11-29,Dominican Republic,Puerto Plata,Software Engineer,19,Individual,Active,2023-09-02 15:29:07,2023-10-07 15:29:07
2675,4100,Goyo Prada,sarita36@example.com,F,1985-05-26,Dominican Republic,San Pedro de Macorís,Project Manager,69,Student,Active,2023-09-01 06:01:20,2023-10-22 06:01:20
2676,4103,Jorge Montaña,inigoverdugo@example.org,F,2004-05-09,Dominican Republic,Santiago,Architect,57,Honorary,Active,2025-11-05 12:27:12,2025-12-20 12:27:12
2677,4104,Vanesa Salmerón,guiomar71@example.org,M,1995-12-31,Dominican Republic,San Pedro de Macorís,Software Engineer,195,Individual,Active,2023-05-22 17:10:01,2023-07-19 17:10:01
2678,4105,Godofredo Perales,anibalalcaraz@example.org,F,1995-07-15,Dominican Republic,San Pedro de Macorís,Marketing Specialist,279,Corporate,Active,2021-11-25 06:47:43,2021-12-21 06:47:43
2679,4106,Trinidad Barreda,ogalan@example.org,M,1987-03-03,Dominican Republic,Puerto Plata,Data Analyst,298,Corporate,Active,2025-11-27 21:55:25,2026-01-13 21:55:25
2680,4107,Lupe Rodrigo,vsalmeron@example.com,F,1989-03-22,Dominican Republic,Santiago,Civil Engineer,63,Student,Active,2024-09-04 00:38:28,2024-10-12 00:38:28
2681,4110,Isidro Espejo,oriana65@example.net,F,2002-05-16,Dominican Republic,La Romana,Business Consultant,125,Student,Active,2025-01-16 23:14:33,2025-03-11 23:14:33
2682,4112,Macaria Font,dionisio75@example.com,F,1982-06-21,Dominican Republic,La Romana,Accountant,2,Corporate,Active,2024-03-13 17:58:21,2024-04-14 17:58:21
2683,4113,Maristela Bayo,candido76@example.net,M,1998-06-25,Dominican Republic,Santiago,Architect,258,Corporate,Active,2024-10-26 14:56:03,2024-12-18 14:56:03
2684,4114,Plinio Paniagua,ymoran@example.com,M,1975-12-16,Dominican Republic,Punta Cana,Architect,5,Individual,Active,2021-11-20 06:33:47,2022-01-23 06:33:47
2685,4117,Feliciano Espejo,maximobru@example.net,M,1984-07-25,Dominican Republic,La Romana,Architect,147,Individual,Active,2024-05-30 04:50:11,2024-08-10 04:50:11
2686,4118,Patricio Tena,primitiva37@example.net,F,1979-12-20,Dominican Republic,San Pedro de Macorís,Financial Analyst,215,Student,Active,2023-06-27 14:36:49,2023-08-27 14:36:49
2687,4119,Amada Puente,rarrieta@example.org,M,1985-03-20,Dominican Republic,Santo Domingo,Financial Analyst,153,Honorary,Active,2022-10-03 15:10:49,2022-11-08 15:10:49
2688,4120,Timoteo Melero,baudelioesteban@example.net,M,2004-04-27,Dominican Republic,San Francisco de Macorís,Civil Engineer,96,Student,Active,2025-07-18 12:19:37,2025-08-21 12:19:37
2689,4122,Eric Carro,fonsecaporfirio@example.net,F,2001-04-17,Dominican Republic,San Pedro de Macorís,Business Consultant,62,Corporate,Active,2022-10-18 04:22:30,2022-12-10 04:22:30
2690,4123,María Falcón,flaviopeiro@example.org,M,1978-06-27,Dominican Republic,Santo Domingo,Data Analyst,51,Student,Active,2024-02-17 23:40:21,2024-04-29 23:40:21
2691,4124,Clementina Prado,ceciliajulia@example.org,F,1991-03-18,Dominican Republic,San Francisco de Macorís,Business Consultant,123,Individual,Active,2025-03-18 06:27:48,2025-05-05 06:27:48
2692,4130,Vicenta Alegre,nico92@example.com,F,2002-04-24,Dominican Republic,Santo Domingo,Project Manager,164,Individual,Active,2025-03-01 15:58:02,2025-04-04 15:58:02
2693,4132,Humberto Clavero,victorino27@example.org,F,1997-01-12,Dominican Republic,Puerto Plata,Financial Analyst,218,Corporate,Active,2024-02-13 12:09:45,2024-04-14 12:09:45
2694,4133,Lina Rey,ainaraballesteros@example.net,M,1998-09-25,Dominican Republic,Santiago,Civil Engineer,38,Student,Active,2023-10-31 20:11:08,2023-12-25 20:11:08
2695,4136,Marc Pomares,asensioreyes@example.net,F,1988-12-30,Dominican Republic,San Pedro de Macorís,Civil Engineer,93,Individual,Active,2022-12-19 22:42:25,2023-03-02 22:42:25
2696,4139,Ester Morante,obolanos@example.net,F,1985-09-22,Dominican Republic,Puerto Plata,Business Consultant,147,Corporate,Active,2023-11-08 21:22:01,2023-12-16 21:22:01
2697,4140,Asdrubal Goñi,rupertacadenas@example.net,F,1983-12-14,Dominican Republic,Puerto Plata,Data Analyst,293,Corporate,Active,2026-03-01 01:08:15,2026-04-26 01:08:15
2698,4142,Nilda Cepeda,anauribe@example.net,F,2008-07-06,Dominican Republic,Santiago,Architect,55,Corporate,Active,2023-08-22 01:36:43,2023-10-16 01:36:43
2699,4145,Cruz Cabezas,evaristo31@example.org,M,1983-10-11,Dominican Republic,San Pedro de Macorís,Project Manager,154,Student,Active,2024-11-21 15:17:03,2025-02-05 15:17:03
2700,4146,Febe Gaya,manuelmaria-jesus@example.org,M,1995-09-23,Dominican Republic,San Pedro de Macorís,Financial Analyst,295,Corporate,Active,2026-03-28 13:36:48,2026-05-20 13:36:48
2701,4147,Galo Bernad,amadaarroyo@example.org,F,1983-11-05,Dominican Republic,Santo Domingo,Accountant,145,Honorary,Active,2022-07-28 02:58:38,2022-09-02 02:58:38
2702,4148,Carmela Roldan,cexposito@example.org,M,1981-10-02,Dominican Republic,La Romana,Accountant,82,Corporate,Active,2024-06-27 16:46:23,2024-07-30 16:46:23
2703,4149,Elisabet Alfaro,climacosastre@example.com,F,1997-02-26,Dominican Republic,San Francisco de Macorís,Accountant,185,Student,Active,2024-04-03 07:26:34,2024-06-02 07:26:34
2704,4150,Sabas Alcalá,adanjenny@example.org,M,1997-11-08,Dominican Republic,Puerto Plata,Accountant,190,Student,Active,2022-03-16 11:51:53,2022-04-27 11:51:53
2705,4151,Abigaíl Peñalver,pia32@example.com,F,2004-06-12,Dominican Republic,Santiago,Business Consultant,209,Student,Active,2024-02-28 05:23:56,2024-04-17 05:23:56
2706,4152,Benita Gómez,isaias87@example.org,M,1988-03-17,Dominican Republic,Punta Cana,Civil Engineer,155,Honorary,Active,2022-02-24 10:46:16,2022-04-05 10:46:16
2707,4153,Matías López,bmayo@example.net,M,1979-06-14,Dominican Republic,Santiago,Architect,50,Individual,Active,2022-07-01 07:43:44,2022-08-13 07:43:44
2708,4156,Agapito Franch,eulalia91@example.org,F,2004-01-08,Dominican Republic,San Francisco de Macorís,Financial Analyst,222,Honorary,Active,2023-04-11 01:41:10,2023-05-06 01:41:10
2709,4157,Florencio Carbajo,balberola@example.com,F,2004-10-29,Dominican Republic,Puerto Plata,Lawyer,219,Honorary,Active,2023-05-11 12:24:33,2023-07-08 12:24:33
2710,4159,Glauco Sanmartín,xcueto@example.org,F,1997-10-31,Dominican Republic,La Romana,Project Manager,216,Student,Active,2021-11-23 20:45:49,2022-01-17 20:45:49
2711,4160,Soledad Céspedes,gimenezdani@example.org,F,1990-05-21,Dominican Republic,Santo Domingo,Business Consultant,33,Individual,Active,2025-07-04 09:40:44,2025-07-29 09:40:44
2712,4161,Cintia Olivares,fito83@example.org,F,2005-10-30,Dominican Republic,San Pedro de Macorís,Data Analyst,146,Individual,Active,2024-10-25 14:42:26,2024-12-29 14:42:26
2713,4167,Lorenzo Albero,maxima31@example.net,F,1993-04-15,Dominican Republic,Santiago,Data Analyst,133,Individual,Active,2023-12-03 13:21:24,2024-02-01 13:21:24
2714,4168,Melisa Benavente,noriegaamaro@example.com,M,1986-07-01,Dominican Republic,La Romana,Software Engineer,93,Individual,Active,2024-04-01 20:18:25,2024-05-06 20:18:25
2715,4169,Abilio Álamo,angelica52@example.net,M,1985-06-09,Dominican Republic,Santo Domingo,Financial Analyst,190,Individual,Active,2025-01-16 04:41:48,2025-03-06 04:41:48
2716,4171,Tristán Sans,uayala@example.org,M,1994-07-21,Dominican Republic,La Romana,Architect,90,Honorary,Active,2023-06-19 10:28:38,2023-07-11 10:28:38
2717,4172,Amado Sancho,qllamas@example.com,M,2003-10-18,Dominican Republic,Santiago,Data Analyst,30,Individual,Active,2021-11-15 19:22:29,2022-02-09 19:22:29
2718,4173,Norberto Viana,modestomosquera@example.net,M,2006-01-03,Dominican Republic,Santiago,Software Engineer,244,Corporate,Active,2021-08-06 15:35:56,2021-10-07 15:35:56
2719,4174,Cesar Valencia,vascodiego@example.com,F,1997-05-07,Dominican Republic,Santiago,Financial Analyst,144,Honorary,Active,2025-04-18 21:01:00,2025-06-25 21:01:00
2720,4175,Jose Carlos Cervantes,claraamigo@example.org,M,2004-05-04,Dominican Republic,Santiago,Data Analyst,94,Individual,Active,2026-03-09 09:34:03,2026-05-01 09:34:03
2721,4176,Vilma Guzman,aitorpaniagua@example.org,F,1978-08-04,Dominican Republic,Punta Cana,Marketing Specialist,63,Individual,Active,2022-11-15 06:50:16,2023-01-06 06:50:16
2722,4178,Camilo Ariza,amor24@example.org,F,1989-03-07,Dominican Republic,Puerto Plata,Lawyer,121,Corporate,Active,2024-03-17 12:38:22,2024-04-10 12:38:22
2723,4179,Bernardo Batalla,ellano@example.org,M,1999-12-29,Dominican Republic,Puerto Plata,Lawyer,29,Student,Active,2022-04-15 02:41:50,2022-06-14 02:41:50
2724,4180,Édgar Avilés,illabres@example.com,F,2007-06-26,Dominican Republic,San Francisco de Macorís,Data Analyst,130,Honorary,Active,2025-04-10 07:23:30,2025-05-14 07:23:30
2725,4181,Claudia Ruano,oferrero@example.net,M,1978-07-30,Dominican Republic,San Francisco de Macorís,Accountant,159,Student,Active,2022-12-03 13:05:36,2022-12-31 13:05:36
2726,4185,Jovita Ramírez,dquesada@example.com,F,1989-09-08,Dominican Republic,Santo Domingo,Civil Engineer,202,Corporate,Active,2022-02-19 18:38:15,2022-04-01 18:38:15
2727,4187,Alondra Arias,morenabusquets@example.com,M,1989-11-22,Dominican Republic,San Pedro de Macorís,Data Analyst,205,Honorary,Active,2024-02-20 12:11:36,2024-04-19 12:11:36
2728,4189,Graciela Fuster,infantejuliana@example.com,M,2008-02-06,Dominican Republic,Santiago,Project Manager,243,Corporate,Active,2023-06-28 01:51:24,2023-08-08 01:51:24
2729,4190,Marcos Sans,valeriosegui@example.net,F,1980-02-26,Dominican Republic,San Pedro de Macorís,Architect,254,Corporate,Active,2024-04-10 18:02:29,2024-04-23 18:02:29
2730,4191,Rosalva Falcó,benignoosuna@example.net,F,1995-07-16,Dominican Republic,Puerto Plata,Marketing Specialist,268,Student,Active,2023-01-31 18:12:06,2023-03-16 18:12:06
2731,4193,Félix Segarra,estefaniafalcon@example.org,M,1996-12-01,Dominican Republic,San Francisco de Macorís,Project Manager,209,Individual,Active,2024-06-02 02:50:20,2024-07-12 02:50:20
2732,4196,Mario Plana,bibiana44@example.org,M,1998-07-29,Dominican Republic,Santo Domingo,Lawyer,273,Individual,Active,2025-05-26 20:19:45,2025-07-31 20:19:45
2733,4199,Ainara Ibarra,roxana33@example.com,F,2005-12-24,Dominican Republic,Puerto Plata,Data Analyst,215,Individual,Active,2021-07-22 17:16:20,2021-09-07 17:16:20
2734,4200,Rosario Cruz,calvetsegismundo@example.com,M,1982-02-22,Dominican Republic,Santo Domingo,Data Analyst,112,Student,Active,2023-08-16 06:59:26,2023-10-09 06:59:26
2735,4203,Francisco Javier Álvarez,nespada@example.org,M,1987-12-06,Dominican Republic,San Francisco de Macorís,Lawyer,184,Student,Active,2025-06-09 16:42:28,2025-07-09 16:42:28
2736,4204,Amílcar Luque,juan-pablo55@example.net,F,1979-07-08,Dominican Republic,La Romana,Lawyer,126,Individual,Active,2024-02-20 16:36:03,2024-04-27 16:36:03
2737,4205,Herminio Lillo,eugenio11@example.org,M,1991-06-05,Dominican Republic,Punta Cana,Marketing Specialist,49,Corporate,Active,2024-06-02 09:04:44,2024-07-30 09:04:44
2738,4206,Juan Manuel Landa,clementina57@example.net,F,1985-05-10,Dominican Republic,Punta Cana,Software Engineer,145,Individual,Active,2022-12-13 09:41:13,2023-02-20 09:41:13
2739,4207,María Del Carmen Berrocal,gaston46@example.org,F,1992-09-25,Dominican Republic,La Romana,Architect,118,Individual,Active,2022-06-19 04:28:57,2022-07-27 04:28:57
2740,4208,Trini Pedraza,cuellaretelvina@example.org,F,1979-09-18,Dominican Republic,Santiago,Software Engineer,210,Corporate,Active,2024-12-31 16:36:52,2025-02-28 16:36:52
2741,4209,Leandro Tudela,valeriainfante@example.net,M,1988-09-16,Dominican Republic,San Pedro de Macorís,Lawyer,272,Honorary,Active,2023-12-26 02:48:46,2024-02-24 02:48:46
2742,4210,Gaspar Vallejo,qduran@example.com,F,2000-04-24,Dominican Republic,Puerto Plata,Marketing Specialist,22,Individual,Active,2023-04-09 05:06:48,2023-05-13 05:06:48
2743,4211,Mohamed Garmendia,wperera@example.net,F,1994-12-02,Dominican Republic,La Romana,Civil Engineer,93,Student,Active,2022-07-15 21:20:08,2022-07-27 21:20:08
2744,4212,Plácido Heredia,barrigaabril@example.com,F,2003-01-27,Dominican Republic,San Pedro de Macorís,Software Engineer,163,Individual,Active,2022-07-18 21:58:41,2022-08-24 21:58:41
2745,4213,Juan Carlos Pedrosa,angelisidro@example.com,M,1991-11-12,Dominican Republic,La Romana,Software Engineer,86,Corporate,Active,2026-05-15 19:04:41,2026-07-09 19:04:41
2746,4215,Moreno Ferrándiz,amigolourdes@example.net,F,1978-08-26,Dominican Republic,La Romana,Financial Analyst,23,Student,Active,2022-09-22 10:09:52,2022-11-12 10:09:52
2747,4216,José Quiroga,vera37@example.net,F,1997-04-21,Dominican Republic,Santo Domingo,Lawyer,77,Student,Active,2024-10-18 07:18:56,2024-11-21 07:18:56
2748,4218,Evelia Ricart,roigsosimo@example.net,F,2000-10-28,Dominican Republic,La Romana,Data Analyst,80,Corporate,Active,2024-11-03 20:39:29,2025-01-01 20:39:29
2749,4219,Danilo Amor,preyes@example.net,M,1990-09-13,Dominican Republic,San Pedro de Macorís,Project Manager,97,Student,Active,2024-03-01 02:26:36,2024-03-17 02:26:36
2750,4221,Elba Arco,aneira@example.com,M,1978-03-02,Dominican Republic,Santo Domingo,Software Engineer,141,Honorary,Active,2023-10-18 17:23:06,2023-12-01 17:23:06
2751,4223,Melchor Abril,luciafeijoo@example.org,M,1989-08-29,Dominican Republic,San Francisco de Macorís,Financial Analyst,136,Student,Active,2021-11-27 11:55:14,2022-02-22 11:55:14
2752,4225,Íngrid Ricart,felicianacanellas@example.org,F,2007-01-07,Dominican Republic,Punta Cana,Accountant,154,Honorary,Active,2022-12-31 21:27:47,2023-02-28 21:27:47
2753,4227,Manolo Chico,angelino79@example.com,M,2001-06-26,Dominican Republic,Punta Cana,Financial Analyst,24,Honorary,Active,2024-10-08 08:37:56,2024-12-06 08:37:56
2754,4228,Esmeralda Santamaría,fernando00@example.net,M,1977-10-28,Dominican Republic,Santo Domingo,Data Analyst,91,Corporate,Active,2023-12-18 19:09:08,2024-01-15 19:09:08
2755,4229,Cesar Lobo,elias46@example.org,F,1997-05-12,Dominican Republic,San Pedro de Macorís,Accountant,56,Student,Active,2025-07-30 09:17:01,2025-09-21 09:17:01
2756,4230,Jacinto Torres,jose-manuelrocha@example.org,M,1999-12-22,Dominican Republic,Santo Domingo,Accountant,281,Corporate,Active,2024-07-17 05:07:19,2024-07-25 05:07:19
2757,4232,Yago Morales,nrueda@example.com,F,1999-06-05,Dominican Republic,Puerto Plata,Marketing Specialist,82,Student,Active,2025-10-25 20:51:01,2025-11-30 20:51:01
2758,4233,Francisco Gras,nietomauricio@example.com,M,1991-10-15,Dominican Republic,Punta Cana,Lawyer,34,Corporate,Active,2025-07-10 07:49:59,2025-09-17 07:49:59
2759,4234,Georgina Gallardo,bsalcedo@example.org,M,1991-06-28,Dominican Republic,Santiago,Civil Engineer,210,Student,Active,2024-03-08 11:16:16,2024-04-09 11:16:16
2760,4237,Néstor Roura,canellasbernarda@example.com,M,2001-08-23,Dominican Republic,Puerto Plata,Accountant,134,Corporate,Active,2026-03-23 01:17:42,2026-05-11 01:17:42
2761,4240,Nacho Bilbao,chuchobarbera@example.org,M,1992-07-21,Dominican Republic,Punta Cana,Business Consultant,147,Individual,Active,2024-01-03 11:25:15,2024-03-08 11:25:15
2762,4241,Efraín Porras,graciacerro@example.com,M,1986-02-07,Dominican Republic,San Francisco de Macorís,Marketing Specialist,135,Individual,Active,2023-12-18 03:50:27,2024-02-07 03:50:27
2763,4242,Yaiza Calleja,castrillorita@example.com,F,1987-04-11,Dominican Republic,San Francisco de Macorís,Lawyer,268,Honorary,Active,2024-01-11 00:40:25,2024-03-01 00:40:25
2764,4243,Benjamín Valls,miriam93@example.com,M,1989-04-26,Dominican Republic,Santiago,Accountant,59,Corporate,Active,2024-09-15 21:50:48,2024-10-29 21:50:48
2765,4244,Jose Angel Navarrete,nicolasalloret@example.net,M,1983-11-02,Dominican Republic,San Pedro de Macorís,Software Engineer,235,Corporate,Active,2025-07-14 16:16:12,2025-08-01 16:16:12
2766,4245,María Teresa Santana,anselmo76@example.net,F,2007-01-20,Dominican Republic,Punta Cana,Financial Analyst,194,Corporate,Active,2024-08-12 19:09:17,2024-09-22 19:09:17
2767,4246,María Ángeles Mora,fgodoy@example.com,M,1994-08-03,Dominican Republic,Santo Domingo,Software Engineer,62,Corporate,Active,2024-07-13 00:49:43,2024-09-11 00:49:43
2768,4247,Lucía Cortes,carlos22@example.com,M,2007-06-14,Dominican Republic,Punta Cana,Financial Analyst,160,Student,Active,2026-03-20 18:54:46,2026-04-17 18:54:46
2769,4248,Paula Manrique,yseco@example.net,F,2004-04-21,Dominican Republic,Puerto Plata,Business Consultant,69,Individual,Active,2021-12-20 02:38:54,2022-01-21 02:38:54
2770,4249,Celestino Téllez,maria-teresa22@example.com,M,1995-07-27,Dominican Republic,San Francisco de Macorís,Project Manager,273,Student,Active,2023-01-08 16:09:30,2023-02-21 16:09:30
2771,4250,Ester Llanos,kmosquera@example.org,F,2002-04-16,Dominican Republic,La Romana,Data Analyst,37,Individual,Active,2024-11-29 04:31:01,2025-01-11 04:31:01
2772,4252,Norberto Leon,rioaaron@example.org,M,1994-08-04,Dominican Republic,Santo Domingo,Business Consultant,9,Honorary,Active,2023-10-06 04:44:35,2023-11-14 04:44:35
2773,4253,Martina Borrás,concepcion12@example.com,F,1980-05-30,Dominican Republic,San Pedro de Macorís,Software Engineer,207,Corporate,Active,2025-01-22 09:05:59,2025-03-27 09:05:59
2774,4257,Mariana Diez,linaresbenigno@example.net,M,1987-07-31,Dominican Republic,La Romana,Lawyer,116,Individual,Active,2022-09-23 17:43:37,2022-11-04 17:43:37
2775,4258,Alfredo Puga,hernandolago@example.com,F,1978-02-14,Dominican Republic,San Francisco de Macorís,Financial Analyst,50,Honorary,Active,2022-02-12 16:42:51,2022-04-12 16:42:51
2776,4259,Belen Valentín,cfabregat@example.org,M,1993-04-07,Dominican Republic,San Pedro de Macorís,Architect,15,Honorary,Active,2023-01-22 08:24:55,2023-02-18 08:24:55
2777,4260,Florina Piñeiro,elisa33@example.net,M,1992-10-19,Dominican Republic,San Francisco de Macorís,Civil Engineer,281,Student,Active,2021-11-18 01:45:28,2021-12-24 01:45:28
2778,4261,Luciano Calatayud,teruelche@example.com,M,1977-03-03,Dominican Republic,La Romana,Accountant,272,Honorary,Active,2023-08-14 07:41:22,2023-09-27 07:41:22
2779,4262,Hermenegildo Guardia,vargasofelia@example.com,F,1985-06-17,Dominican Republic,Punta Cana,Civil Engineer,7,Corporate,Active,2023-12-04 16:09:49,2023-12-13 16:09:49
2780,4263,Chema Ángel,josep66@example.org,M,1998-02-25,Dominican Republic,Santiago,Civil Engineer,159,Individual,Active,2023-01-26 00:07:21,2023-03-20 00:07:21
2781,4265,Calixta Asensio,isaurabatlle@example.org,F,1995-04-11,Dominican Republic,San Francisco de Macorís,Lawyer,100,Honorary,Active,2023-07-30 01:18:49,2023-09-19 01:18:49
2782,4266,Severo Torralba,dvalenzuela@example.com,F,1991-01-03,Dominican Republic,Santiago,Financial Analyst,237,Individual,Active,2023-07-29 15:49:22,2023-09-22 15:49:22
2783,4267,Reyna Rico,maria-del-carmen76@example.com,M,1987-09-05,Dominican Republic,Santiago,Business Consultant,193,Corporate,Active,2024-06-30 12:38:16,2024-08-26 12:38:16
2784,4268,Marc Muro,galindojosue@example.net,M,1979-04-20,Dominican Republic,Santiago,Financial Analyst,215,Honorary,Active,2024-05-06 07:35:22,2024-06-21 07:35:22
2785,4271,Pacífica Avilés,gregorioibanez@example.org,F,1997-09-27,Dominican Republic,Punta Cana,Business Consultant,6,Individual,Active,2022-03-26 00:13:22,2022-05-10 00:13:22
2786,4272,Hernán Patiño,merinofatima@example.net,M,1986-03-30,Dominican Republic,San Francisco de Macorís,Marketing Specialist,148,Corporate,Active,2024-05-23 12:29:54,2024-07-25 12:29:54
2787,4274,Toni Chacón,yalcaraz@example.com,F,1985-02-07,Dominican Republic,Punta Cana,Data Analyst,169,Corporate,Active,2022-06-08 04:44:33,2022-07-18 04:44:33
2788,4276,Verónica Rivera,chita34@example.net,M,1980-02-24,Dominican Republic,Puerto Plata,Software Engineer,87,Corporate,Active,2025-05-21 10:05:28,2025-07-01 10:05:28
2789,4277,Josefina Santana,baltasardavila@example.net,M,1985-02-13,Dominican Republic,San Pedro de Macorís,Civil Engineer,154,Corporate,Active,2021-12-27 06:16:11,2022-01-23 06:16:11
2790,4279,Fausto Granados,anunciacion93@example.com,M,1991-04-02,Dominican Republic,San Francisco de Macorís,Lawyer,181,Individual,Active,2022-06-25 09:18:42,2022-08-06 09:18:42
2791,4280,Felipe Perelló,brunildalamas@example.net,F,2001-08-10,Dominican Republic,Punta Cana,Project Manager,206,Individual,Active,2026-04-16 06:57:17,2026-05-17 06:57:17
2792,4281,Elisa Blazquez,paulina95@example.org,M,1988-08-06,Dominican Republic,Puerto Plata,Accountant,177,Student,Active,2024-05-15 14:31:47,2024-06-21 14:31:47
2793,4283,María Fernanda Montoya,jordanaguado@example.org,F,1984-04-20,Dominican Republic,La Romana,Accountant,275,Honorary,Active,2022-02-23 21:20:02,2022-04-19 21:20:02
2794,4284,Raimundo Doménech,salud28@example.com,M,1992-05-22,Dominican Republic,Punta Cana,Marketing Specialist,222,Student,Active,2026-02-10 01:30:01,2026-04-01 01:30:01
2795,4285,Pío Murillo,ana01@example.net,M,1995-07-14,Dominican Republic,La Romana,Financial Analyst,254,Student,Active,2025-07-12 11:49:06,2025-08-12 11:49:06
2796,4290,Jose Antonio Lerma,rarnau@example.org,M,1979-02-17,Dominican Republic,Puerto Plata,Marketing Specialist,155,Student,Active,2025-01-18 12:14:46,2025-03-18 12:14:46
2797,4291,Clímaco Giralt,albano79@example.net,F,1979-11-13,Dominican Republic,Santiago,Civil Engineer,116,Honorary,Active,2022-04-12 06:38:40,2022-06-12 06:38:40
2798,4293,Flora Escamilla,ruthcasas@example.net,M,2001-03-13,Dominican Republic,San Francisco de Macorís,Accountant,14,Student,Active,2024-12-06 00:51:54,2024-12-19 00:51:54
2799,4294,Amelia Vallés,zoraida15@example.net,F,1977-04-22,Dominican Republic,Punta Cana,Civil Engineer,4,Student,Active,2025-02-16 09:40:17,2025-04-18 09:40:17
2800,4299,Josefa Reyes,bellidoisidoro@example.org,F,1995-07-03,Dominican Republic,La Romana,Marketing Specialist,171,Corporate,Active,2024-05-16 20:55:52,2024-06-28 20:55:52
2801,4301,Ariadna Comas,ruperto96@example.org,F,1995-09-21,Dominican Republic,Santiago,Marketing Specialist,109,Student,Active,2022-08-17 05:07:16,2022-09-23 05:07:16
2802,4302,Ceferino Codina,vsanmartin@example.com,M,1994-07-08,Dominican Republic,San Pedro de Macorís,Project Manager,1,Corporate,Active,2024-10-30 10:29:47,2024-12-24 10:29:47
2803,4303,Cruz Torre,begona79@example.net,F,1996-11-16,Dominican Republic,Santiago,Project Manager,1,Corporate,Active,2025-01-02 04:33:40,2025-02-03 04:33:40
2804,4305,Ana Belén Azcona,leandra36@example.net,F,2005-04-20,Dominican Republic,La Romana,Business Consultant,272,Student,Active,2023-02-02 16:09:22,2023-03-06 16:09:22
2805,4306,Geraldo Olivera,rocajosue@example.org,F,1983-07-12,Dominican Republic,La Romana,Civil Engineer,129,Honorary,Active,2021-07-26 22:02:29,2021-08-23 22:02:29
2806,4307,Dionisio Cañete,zlucena@example.net,M,2006-09-20,Dominican Republic,Santiago,Software Engineer,248,Honorary,Active,2021-08-13 11:51:50,2021-09-19 11:51:50
2807,4308,Dan Torrents,gfrias@example.net,F,1978-08-10,Dominican Republic,San Francisco de Macorís,Civil Engineer,127,Honorary,Active,2026-05-21 11:41:08,2026-07-14 11:41:08
2808,4309,Paola Vallés,dhervas@example.net,F,1997-09-12,Dominican Republic,San Pedro de Macorís,Business Consultant,154,Corporate,Active,2021-09-04 05:39:33,2021-10-15 05:39:33
2809,4310,Piedad Zamora,guadalupe53@example.com,M,1975-09-06,Dominican Republic,Punta Cana,Marketing Specialist,111,Student,Active,2025-02-07 13:37:27,2025-03-29 13:37:27
2810,4311,Modesta Conesa,guadalupealbero@example.com,F,1981-12-11,Dominican Republic,Puerto Plata,Financial Analyst,240,Individual,Active,2024-06-29 14:34:24,2024-07-31 14:34:24
2811,4312,Silvestre Sosa,felipaosorio@example.com,F,1991-01-01,Dominican Republic,Santiago,Data Analyst,217,Honorary,Active,2024-09-16 13:41:11,2024-10-27 13:41:11
2812,4313,Rosendo Mancebo,maria-doloresvinas@example.com,F,2002-10-05,Dominican Republic,La Romana,Civil Engineer,203,Individual,Active,2022-01-31 01:42:25,2022-04-11 01:42:25
2813,4314,Abel Martí,arandaisaac@example.net,F,1980-12-13,Dominican Republic,Puerto Plata,Lawyer,193,Individual,Active,2025-07-08 21:53:30,2025-08-23 21:53:30
2814,4317,Edu Grande,primitiva61@example.org,M,1994-06-22,Dominican Republic,Santo Domingo,Architect,180,Corporate,Active,2025-11-29 01:44:26,2026-01-06 01:44:26
2815,4320,Heraclio Baró,burgosgabriela@example.org,M,1992-08-17,Dominican Republic,San Francisco de Macorís,Civil Engineer,13,Honorary,Active,2022-03-14 16:35:13,2022-05-13 16:35:13
2816,4324,Nicodemo Agustín,herbertotur@example.net,F,1977-03-16,Dominican Republic,San Francisco de Macorís,Accountant,253,Honorary,Active,2023-01-02 01:50:06,2023-02-09 01:50:06
2817,4325,Guadalupe Lobo,gomilaamor@example.com,F,1982-12-21,Dominican Republic,Puerto Plata,Data Analyst,266,Student,Active,2024-06-19 11:21:07,2024-09-11 11:21:07
2818,4327,Edmundo Samper,severino71@example.net,F,1997-01-04,Dominican Republic,San Francisco de Macorís,Architect,108,Student,Active,2024-06-10 23:35:52,2024-07-25 23:35:52
2819,4329,Bernabé Sastre,casasjuanita@example.com,F,1986-10-01,Dominican Republic,La Romana,Architect,224,Individual,Active,2022-10-27 23:50:29,2022-12-08 23:50:29
2820,4330,Loreto Manzano,vallepelayo@example.org,F,2002-09-22,Dominican Republic,La Romana,Architect,206,Student,Active,2025-10-30 11:51:23,2025-11-23 11:51:23
2821,4334,Primitiva Olivares,apoloniadiaz@example.org,M,1999-06-15,Dominican Republic,San Francisco de Macorís,Software Engineer,196,Honorary,Active,2024-10-27 00:11:59,2024-12-04 00:11:59
2822,4338,Olegario Nieto,aragonlaura@example.net,M,2004-06-23,Dominican Republic,San Francisco de Macorís,Marketing Specialist,17,Corporate,Active,2022-04-20 08:35:56,2022-06-07 08:35:56
2823,4339,José Pedrero,lola67@example.net,M,1981-11-28,Dominican Republic,San Pedro de Macorís,Marketing Specialist,36,Student,Active,2022-09-26 13:33:44,2022-11-15 13:33:44
2824,4342,Matilde Morán,sebastianaramburu@example.net,F,1993-08-06,Dominican Republic,San Pedro de Macorís,Software Engineer,271,Corporate,Active,2025-09-21 07:39:03,2025-12-03 07:39:03
2825,4345,Marta Roldán,btapia@example.org,F,1990-08-06,Dominican Republic,Punta Cana,Project Manager,292,Corporate,Active,2022-12-04 16:14:53,2023-01-08 16:14:53
2826,4346,Ale Flores,sgodoy@example.com,M,1992-08-26,Dominican Republic,Santiago,Data Analyst,86,Individual,Active,2023-06-08 18:29:34,2023-07-08 18:29:34
2827,4348,Cruz Acedo,santiago57@example.com,M,2004-01-28,Dominican Republic,Santiago,Data Analyst,289,Honorary,Active,2023-03-07 13:22:32,2023-04-16 13:22:32
2828,4349,Dolores Raya,ctejera@example.com,F,1984-05-25,Dominican Republic,San Pedro de Macorís,Lawyer,84,Individual,Active,2024-11-09 13:38:05,2024-12-16 13:38:05
2829,4350,Olivia Sanjuan,elianahervas@example.org,M,1988-11-18,Dominican Republic,San Pedro de Macorís,Business Consultant,31,Corporate,Active,2023-09-02 02:42:52,2023-09-26 02:42:52
2830,4355,Teresa Atienza,mosqueraascension@example.org,F,1985-12-08,Dominican Republic,Santo Domingo,Financial Analyst,293,Honorary,Active,2021-08-26 09:08:52,2021-10-11 09:08:52
2831,4356,Reina Botella,rolando15@example.net,F,2002-04-28,Dominican Republic,San Pedro de Macorís,Data Analyst,246,Corporate,Active,2025-07-02 22:08:03,2025-08-03 22:08:03
2832,4359,José Ángel Poza,oguardiola@example.com,F,2000-04-25,Dominican Republic,Puerto Plata,Financial Analyst,225,Corporate,Active,2025-10-01 22:58:54,2025-10-30 22:58:54
2833,4361,Casandra Llorente,galvezcustodio@example.net,M,1993-08-07,Dominican Republic,La Romana,Marketing Specialist,124,Honorary,Active,2024-03-27 08:10:27,2024-05-28 08:10:27
2834,4362,Coral Pineda,hbauza@example.org,M,1980-05-29,Dominican Republic,Santiago,Lawyer,110,Student,Active,2022-06-17 18:55:05,2022-08-07 18:55:05
2835,4363,Herberto Alcalde,lazaro28@example.net,M,1984-02-21,Dominican Republic,Santo Domingo,Software Engineer,37,Corporate,Active,2023-01-08 15:13:53,2023-02-15 15:13:53
2836,4364,Plinio Bauzà,bolanosvanesa@example.net,F,1997-11-09,Dominican Republic,Punta Cana,Financial Analyst,92,Honorary,Active,2021-11-20 12:07:28,2022-01-19 12:07:28
2837,4366,Bernardino Escudero,clara79@example.net,M,2000-08-25,Dominican Republic,San Pedro de Macorís,Software Engineer,188,Student,Active,2021-11-03 10:08:59,2021-12-28 10:08:59
2838,4368,Roque Ros,poncepaz@example.org,F,2004-02-29,Dominican Republic,San Pedro de Macorís,Marketing Specialist,294,Individual,Active,2025-12-26 05:09:35,2026-02-07 05:09:35
2839,4371,Alfonso Álvarez,vicensharoldo@example.com,F,1983-08-27,Dominican Republic,Santiago,Marketing Specialist,164,Student,Active,2022-11-25 22:34:59,2023-01-06 22:34:59
2840,4372,Jessica Fuente,laguirre@example.com,F,2001-02-12,Dominican Republic,Santiago,Business Consultant,120,Corporate,Active,2024-10-11 22:34:16,2024-11-13 22:34:16
2841,4375,Araceli Ribera,nogueiraurbano@example.com,F,1989-05-05,Dominican Republic,Punta Cana,Business Consultant,272,Honorary,Active,2025-05-18 18:59:04,2025-07-03 18:59:04
2842,4376,Ana Bellido,juliecepeda@example.org,M,2005-04-14,Dominican Republic,San Pedro de Macorís,Project Manager,186,Student,Active,2023-06-20 19:48:39,2023-07-05 19:48:39
2843,4377,Benigno Costa,zmontenegro@example.com,F,1984-09-16,Dominican Republic,San Pedro de Macorís,Lawyer,53,Student,Active,2021-10-25 13:16:06,2021-11-13 13:16:06
2844,4378,Pepito Vara,jordanalberto@example.org,F,1989-09-27,Dominican Republic,Santo Domingo,Marketing Specialist,40,Corporate,Active,2021-08-22 17:55:39,2021-11-01 17:55:39
2845,4380,Juan Pablo Suarez,reyesmorales@example.com,F,2001-01-25,Dominican Republic,San Francisco de Macorís,Accountant,43,Student,Active,2025-06-28 05:27:59,2025-08-09 05:27:59
2846,4382,José Parra,mendozamaximiano@example.org,F,1990-12-05,Dominican Republic,San Francisco de Macorís,Marketing Specialist,122,Individual,Active,2024-07-24 18:38:25,2024-08-31 18:38:25
2847,4386,Alba Iborra,candelariaocana@example.org,F,1986-05-29,Dominican Republic,La Romana,Civil Engineer,147,Honorary,Active,2025-06-11 11:43:39,2025-07-18 11:43:39
2848,4387,Tiburcio Madrid,currutia@example.net,F,1988-01-22,Dominican Republic,Santiago,Financial Analyst,137,Corporate,Active,2022-01-16 18:44:07,2022-02-24 18:44:07
2849,4392,Jose Ignacio Mas,emiliano45@example.com,M,1977-05-09,Dominican Republic,La Romana,Marketing Specialist,166,Individual,Active,2024-05-31 17:23:48,2024-07-27 17:23:48
2850,4393,Carmelo Moliner,lorenza78@example.net,F,1980-01-26,Dominican Republic,Santo Domingo,Accountant,142,Student,Active,2024-12-14 18:50:09,2025-01-31 18:50:09
2851,4394,Gregorio Aguilera,nildadelgado@example.com,F,1998-07-28,Dominican Republic,Puerto Plata,Data Analyst,55,Student,Active,2022-10-08 01:12:54,2022-11-24 01:12:54
2852,4395,Abril Borrego,qcanet@example.net,F,2000-12-16,Dominican Republic,Punta Cana,Software Engineer,257,Honorary,Active,2024-11-05 04:30:55,2024-12-11 04:30:55
2853,4398,Omar Lorenzo,wsaldana@example.net,M,1981-11-02,Dominican Republic,Santiago,Civil Engineer,70,Corporate,Active,2025-01-17 06:37:22,2025-03-03 06:37:22
2854,4399,Belen Báez,zaidacasado@example.net,F,1980-10-20,Dominican Republic,San Pedro de Macorís,Accountant,120,Student,Active,2023-01-20 03:50:42,2023-03-20 03:50:42
2855,4400,Lourdes Lozano,echevarriajudith@example.org,M,1980-04-10,Dominican Republic,Puerto Plata,Civil Engineer,6,Individual,Active,2025-11-15 07:54:50,2025-12-10 07:54:50
2856,4402,Rufina Bustamante,leonardo55@example.com,F,1977-09-20,Dominican Republic,Puerto Plata,Marketing Specialist,18,Honorary,Active,2026-02-12 13:59:53,2026-03-11 13:59:53
2857,4405,Anselma Contreras,mtaboada@example.com,M,1998-04-01,Dominican Republic,San Francisco de Macorís,Business Consultant,63,Honorary,Active,2024-02-09 03:21:20,2024-04-03 03:21:20
2858,4406,Sabina Agullo,victoriano98@example.com,M,1987-10-15,Dominican Republic,La Romana,Business Consultant,93,Corporate,Active,2025-04-19 22:12:59,2025-06-05 22:12:59
2859,4409,Mauricio Polo,eufemia34@example.com,M,1988-09-06,Dominican Republic,Punta Cana,Business Consultant,181,Honorary,Active,2021-12-17 12:02:32,2022-01-16 12:02:32
2860,4410,Isidora Zabaleta,humbertoalmagro@example.net,F,1981-04-24,Dominican Republic,Puerto Plata,Business Consultant,140,Honorary,Active,2024-08-09 15:01:51,2024-09-16 15:01:51
2861,4411,Candelas Saavedra,azaharmancebo@example.com,M,1991-05-31,Dominican Republic,Santiago,Marketing Specialist,267,Individual,Active,2023-05-07 16:57:03,2023-06-27 16:57:03
2862,4413,Lázaro Ponce,calderonadora@example.org,F,2000-11-06,Dominican Republic,Santo Domingo,Architect,165,Honorary,Active,2024-11-19 00:10:06,2024-12-31 00:10:06
2863,4415,Mateo Avilés,micaela74@example.net,M,1978-04-11,Dominican Republic,Santo Domingo,Business Consultant,42,Corporate,Active,2022-04-20 01:12:43,2022-05-22 01:12:43
2864,4416,Toribio Heras,reyna30@example.org,F,2007-08-10,Dominican Republic,La Romana,Lawyer,181,Student,Active,2022-05-04 16:35:38,2022-07-10 16:35:38
2865,4417,Benjamín Cabañas,prequena@example.com,M,1990-03-18,Dominican Republic,Punta Cana,Accountant,175,Student,Active,2023-01-20 09:06:35,2023-03-22 09:06:35
2866,4419,Bibiana Muñoz,jpineda@example.org,M,2005-12-25,Dominican Republic,Punta Cana,Data Analyst,215,Honorary,Active,2024-07-11 02:15:56,2024-08-15 02:15:56
2867,4420,Carlos Calvet,vidalmateo@example.net,M,1990-01-21,Dominican Republic,La Romana,Lawyer,14,Honorary,Active,2022-03-18 09:49:22,2022-05-11 09:49:22
2868,4421,Angelino Piñeiro,varranz@example.net,M,2002-06-03,Dominican Republic,San Francisco de Macorís,Accountant,187,Student,Active,2022-01-16 07:31:18,2022-02-07 07:31:18
2869,4422,Gervasio Porras,martisilvio@example.net,F,1976-02-16,Dominican Republic,Puerto Plata,Data Analyst,4,Corporate,Active,2022-06-01 07:13:32,2022-07-25 07:13:32
2870,4423,Vasco Juárez,heraclio89@example.org,F,2006-06-16,Dominican Republic,San Francisco de Macorís,Accountant,110,Honorary,Active,2024-10-05 06:40:32,2024-11-26 06:40:32
2871,4424,Tatiana Cañete,leopoldo10@example.com,M,1988-10-04,Dominican Republic,Santiago,Business Consultant,12,Student,Active,2025-09-17 20:25:38,2025-10-23 20:25:38
2872,4425,Caridad Maestre,adoracion32@example.org,F,1990-03-06,Dominican Republic,San Francisco de Macorís,Accountant,67,Student,Active,2024-07-02 05:47:33,2024-07-16 05:47:33
2873,4426,Basilio Elías,ezequiel38@example.net,F,1982-03-01,Dominican Republic,Punta Cana,Architect,163,Individual,Active,2024-06-24 03:52:12,2024-08-10 03:52:12
2874,4427,Juan Pablo Izquierdo,sernacarmelo@example.org,F,1997-05-19,Dominican Republic,San Francisco de Macorís,Civil Engineer,267,Student,Active,2021-08-30 01:18:46,2021-10-05 01:18:46
2875,4428,Jacinta Simó,encarnitavillalobos@example.com,M,1976-05-05,Dominican Republic,Punta Cana,Data Analyst,278,Individual,Active,2022-12-20 07:58:43,2023-02-21 07:58:43
2876,4429,Jose Francisco Amigó,feliciana06@example.com,M,1990-08-27,Dominican Republic,Santo Domingo,Software Engineer,144,Student,Active,2022-05-02 10:03:34,2022-05-27 10:03:34
2877,4430,José Antonio Nicolás,ivanflor@example.org,M,1992-07-12,Dominican Republic,Santo Domingo,Project Manager,246,Honorary,Active,2022-03-20 19:59:32,2022-05-02 19:59:32
2878,4431,José Manuel Sarabia,pepe41@example.org,F,1994-09-06,Dominican Republic,Puerto Plata,Software Engineer,197,Corporate,Active,2026-03-25 17:45:47,2026-04-13 17:45:47
2879,4433,Anunciación Bello,miriam20@example.net,M,1995-06-26,Dominican Republic,Santiago,Financial Analyst,131,Honorary,Active,2024-07-17 23:47:13,2024-09-07 23:47:13
2880,4435,Silvestre Ropero,nicanorarroyo@example.com,M,2001-05-12,Dominican Republic,La Romana,Marketing Specialist,258,Corporate,Active,2022-01-06 17:14:24,2022-01-31 17:14:24
2881,4436,Albina Goñi,leonbarroso@example.org,M,2005-09-21,Dominican Republic,Santiago,Accountant,200,Individual,Active,2024-01-17 02:12:47,2024-02-25 02:12:47
2882,4438,Amanda Iglesia,ycornejo@example.org,F,1994-08-15,Dominican Republic,Santo Domingo,Data Analyst,244,Student,Active,2023-06-29 04:00:58,2023-07-26 04:00:58
2883,4444,Rita Valbuena,nadaldaniela@example.org,M,2003-12-25,Dominican Republic,Punta Cana,Marketing Specialist,98,Student,Active,2024-03-18 00:11:45,2024-05-12 00:11:45
2884,4446,Encarnacion Azorin,sisern@example.com,M,1991-07-16,Dominican Republic,Santiago,Architect,38,Individual,Active,2026-05-26 19:55:27,2026-07-28 19:55:27
2885,4447,Jessica Guardiola,bellidoadriana@example.org,M,1992-01-05,Dominican Republic,La Romana,Civil Engineer,1,Corporate,Active,2023-09-02 15:09:11,2023-11-06 15:09:11
2886,4449,Belén Varela,yolanda86@example.com,M,1998-06-20,Dominican Republic,San Pedro de Macorís,Financial Analyst,88,Individual,Active,2025-09-02 19:17:52,2025-10-30 19:17:52
2887,4451,Sandalio Pi,salaselpidio@example.org,F,1988-12-04,Dominican Republic,Santo Domingo,Architect,94,Individual,Active,2024-10-01 06:32:15,2024-10-25 06:32:15
2888,4452,Luna Barco,renata74@example.org,M,1980-07-25,Dominican Republic,San Francisco de Macorís,Marketing Specialist,7,Corporate,Active,2021-08-03 05:41:29,2021-10-06 05:41:29
2889,4453,Celestina Camacho,ferrandotristan@example.net,F,1995-09-30,Dominican Republic,Santiago,Civil Engineer,58,Individual,Active,2023-04-29 02:57:53,2023-06-22 02:57:53
2890,4454,Angélica Correa,priscila28@example.net,M,2007-08-27,Dominican Republic,San Francisco de Macorís,Project Manager,282,Student,Active,2023-12-06 17:57:42,2024-01-02 17:57:42
2891,4457,Jenny Ros,jmanjon@example.org,M,1982-11-30,Dominican Republic,Puerto Plata,Business Consultant,103,Individual,Active,2022-05-15 23:15:20,2022-06-24 23:15:20
2892,4458,Teófilo Ferrándiz,hsoriano@example.org,F,1991-03-06,Dominican Republic,Punta Cana,Architect,163,Student,Active,2024-03-18 11:04:10,2024-05-01 11:04:10
2893,4461,Aitor Gallart,jose-angel95@example.org,M,2000-09-21,Dominican Republic,Puerto Plata,Lawyer,107,Corporate,Active,2024-11-28 07:51:58,2024-12-30 07:51:58
2894,4463,Serafina Guzmán,julie01@example.org,F,1984-03-03,Dominican Republic,San Francisco de Macorís,Project Manager,14,Corporate,Active,2025-09-09 05:47:17,2025-10-31 05:47:17
2895,4466,Coral Rincón,mbauza@example.com,M,1987-12-08,Dominican Republic,San Francisco de Macorís,Software Engineer,293,Individual,Active,2024-11-04 04:19:00,2025-01-02 04:19:00
2896,4467,Rosalina Navarrete,osanmartin@example.net,F,1988-08-16,Dominican Republic,Punta Cana,Civil Engineer,198,Honorary,Active,2022-05-01 19:37:16,2022-06-20 19:37:16
2897,4469,Hernán Querol,azconaaurelia@example.net,M,1976-03-19,Dominican Republic,Puerto Plata,Project Manager,87,Student,Active,2024-01-10 20:27:12,2024-02-20 20:27:12
2898,4470,Nélida Canals,bmir@example.net,F,1997-04-10,Dominican Republic,Santiago,Project Manager,249,Individual,Active,2023-11-23 22:20:46,2024-01-07 22:20:46
2899,4472,Noa Calvet,zsantiago@example.org,M,1998-07-30,Dominican Republic,La Romana,Data Analyst,250,Honorary,Active,2025-02-20 20:55:26,2025-04-15 20:55:26
2900,4476,Rogelio Mosquera,jcuesta@example.org,M,1994-05-09,Dominican Republic,La Romana,Data Analyst,212,Individual,Active,2022-10-02 12:59:40,2022-11-12 12:59:40
2901,4478,Araceli Pedraza,juanbaro@example.net,F,2005-06-11,Dominican Republic,Santiago,Marketing Specialist,182,Student,Active,2024-12-20 16:57:50,2025-02-19 16:57:50
2902,4479,Amancio Manzano,oliverasines@example.net,M,2002-01-05,Dominican Republic,La Romana,Accountant,34,Corporate,Active,2024-05-18 11:12:28,2024-07-02 11:12:28
2903,4480,Sara Pedro,adelagonzalez@example.org,M,1999-07-22,Dominican Republic,Santiago,Data Analyst,12,Student,Active,2023-11-24 12:15:10,2024-01-19 12:15:10
2904,4482,Clarisa Quintanilla,falmeida@example.org,F,1990-05-03,Dominican Republic,La Romana,Civil Engineer,196,Corporate,Active,2023-09-15 03:24:56,2023-11-05 03:24:56
2905,4483,José Mari Bustos,maribel40@example.org,F,1977-07-16,Dominican Republic,Santo Domingo,Marketing Specialist,290,Individual,Active,2023-11-04 17:08:39,2024-01-08 17:08:39
2906,4484,Angelino Sales,segismundo02@example.org,M,2001-11-14,Dominican Republic,Punta Cana,Marketing Specialist,14,Honorary,Active,2022-07-30 17:55:08,2022-09-12 17:55:08
2907,4485,Aurelio Rocamora,maura07@example.net,F,1992-01-28,Dominican Republic,San Pedro de Macorís,Data Analyst,284,Corporate,Active,2022-11-19 04:32:59,2023-01-21 04:32:59
2908,4487,Maribel Mayoral,wilfredofabregas@example.net,F,1984-08-16,Dominican Republic,San Pedro de Macorís,Accountant,299,Corporate,Active,2023-09-24 23:55:45,2023-10-28 23:55:45
2909,4490,Luz Pazos,qhervia@example.com,M,2006-06-26,Dominican Republic,La Romana,Project Manager,29,Honorary,Active,2022-02-06 10:00:55,2022-03-03 10:00:55
2910,4491,Visitación Barreda,godofredo92@example.com,F,1997-07-24,Dominican Republic,San Francisco de Macorís,Accountant,93,Honorary,Active,2021-12-31 19:22:53,2022-03-04 19:22:53
2911,4492,Natividad Ropero,hsegura@example.net,M,1986-07-19,Dominican Republic,La Romana,Project Manager,43,Honorary,Active,2023-03-11 10:47:33,2023-04-20 10:47:33
2912,4493,Lidia Quero,campilloaitana@example.com,M,2007-02-12,Dominican Republic,Santiago,Software Engineer,223,Corporate,Active,2023-06-10 16:00:30,2023-07-21 16:00:30
2913,4494,Juanita Almagro,benjamin25@example.com,M,2007-12-29,Dominican Republic,San Francisco de Macorís,Accountant,57,Honorary,Active,2022-01-12 09:26:10,2022-03-16 09:26:10
2914,4495,Arturo Marin,fonttrinidad@example.org,M,1989-06-11,Dominican Republic,Puerto Plata,Software Engineer,34,Student,Active,2024-11-27 10:33:31,2025-01-17 10:33:31
2915,4497,Urbano Cano,socorrosamper@example.net,F,1999-07-28,Dominican Republic,La Romana,Financial Analyst,198,Corporate,Active,2025-07-08 17:22:36,2025-08-11 17:22:36
2916,4498,Cristian Saavedra,vgarces@example.com,M,1975-11-05,Dominican Republic,Punta Cana,Project Manager,248,Student,Active,2025-01-08 15:49:51,2025-03-12 15:49:51
2917,4500,Javiera Mariscal,arielcabrero@example.com,M,2006-06-09,Dominican Republic,Santiago,Civil Engineer,189,Corporate,Active,2024-12-29 14:47:44,2025-02-22 14:47:44
2918,4501,Íñigo Puga,rosauradiez@example.com,M,1976-09-15,Dominican Republic,Puerto Plata,Business Consultant,15,Individual,Active,2022-10-03 08:49:30,2022-11-02 08:49:30
2919,4502,Malena Oliveras,jose-manuel16@example.net,M,1983-06-05,Dominican Republic,San Francisco de Macorís,Lawyer,236,Corporate,Active,2022-02-05 20:29:33,2022-03-28 20:29:33
2920,4504,Baltasar Luna,gsolsona@example.org,M,1997-10-04,Dominican Republic,Santiago,Business Consultant,102,Corporate,Active,2021-11-29 16:21:36,2022-01-09 16:21:36
2921,4505,Isabel Fuente,zalmazan@example.net,F,2006-06-04,Dominican Republic,Santo Domingo,Marketing Specialist,16,Corporate,Active,2022-06-12 11:19:34,2022-08-03 11:19:34
2922,4506,Miguel Orozco,estebanruben@example.org,M,1983-08-12,Dominican Republic,San Pedro de Macorís,Business Consultant,157,Honorary,Active,2023-09-21 02:13:05,2023-11-19 02:13:05
2923,4507,Amor Soto,cirocepeda@example.org,M,2002-07-05,Dominican Republic,San Pedro de Macorís,Marketing Specialist,253,Honorary,Active,2022-01-01 16:13:07,2022-01-30 16:13:07
2924,4508,Olalla Rosales,bsaavedra@example.com,M,1986-07-08,Dominican Republic,San Francisco de Macorís,Civil Engineer,292,Student,Active,2023-12-20 13:36:40,2024-02-10 13:36:40
2925,4509,Gabriela Acosta,joaquin24@example.org,M,1996-11-13,Dominican Republic,Puerto Plata,Financial Analyst,204,Student,Active,2022-07-02 10:01:54,2022-08-28 10:01:54
2926,4510,Jesusa Requena,ismael53@example.net,F,1981-03-14,Dominican Republic,Santo Domingo,Architect,91,Corporate,Active,2025-10-15 17:28:23,2025-11-08 17:28:23
2927,4511,Marcia Rovira,solercarmelita@example.net,F,1975-12-09,Dominican Republic,Santiago,Financial Analyst,244,Honorary,Active,2024-08-22 15:38:25,2024-09-23 15:38:25
2928,4512,Casandra Bauzà,aureliaanton@example.com,M,1990-12-11,Dominican Republic,San Francisco de Macorís,Data Analyst,15,Student,Active,2023-06-10 12:26:26,2023-07-06 12:26:26
2929,4513,Glauco Carmona,reyessalcedo@example.net,M,2001-04-17,Dominican Republic,La Romana,Architect,16,Honorary,Active,2026-04-18 15:00:15,2026-06-09 15:00:15
2930,4514,Rogelio Martin,nazaret52@example.com,M,1979-04-12,Dominican Republic,Santiago,Business Consultant,0,Honorary,Active,2024-03-19 02:16:38,2024-06-12 02:16:38
2931,4515,Dimas Andrés,valba@example.com,M,1998-03-05,Dominican Republic,Punta Cana,Business Consultant,138,Individual,Active,2024-08-21 17:31:53,2024-10-01 17:31:53
2932,4516,Anastasia Aguirre,faustino95@example.org,F,1994-08-27,Dominican Republic,San Pedro de Macorís,Marketing Specialist,104,Student,Active,2024-12-02 12:14:26,2025-01-02 12:14:26
2933,4517,Bernardita Ureña,luis-miguel12@example.org,M,1987-03-23,Dominican Republic,Punta Cana,Project Manager,54,Individual,Active,2026-03-06 08:26:17,2026-05-19 08:26:17
2934,4519,Jose Manuel Mir,camaya@example.com,M,1997-08-01,Dominican Republic,La Romana,Civil Engineer,161,Student,Active,2023-02-14 17:45:24,2023-03-14 17:45:24
2935,4520,Nicanor Oliva,pazchucho@example.com,F,2002-10-05,Dominican Republic,San Francisco de Macorís,Architect,211,Individual,Active,2025-05-01 10:38:13,2025-06-29 10:38:13
2936,4521,Jordana Parejo,fontaitana@example.net,F,1984-01-19,Dominican Republic,Santo Domingo,Architect,213,Individual,Active,2024-05-17 23:20:51,2024-06-20 23:20:51
2937,4522,Isaías Bautista,walterfiguerola@example.com,M,2001-07-25,Dominican Republic,Santiago,Lawyer,243,Corporate,Active,2023-09-01 20:47:23,2023-11-13 20:47:23
2938,4523,Noemí Múñiz,batallaetelvina@example.com,F,1989-12-04,Dominican Republic,Santo Domingo,Lawyer,18,Student,Active,2022-11-21 01:02:33,2023-01-13 01:02:33
2939,4524,Dani Figueroa,sigfrido16@example.com,M,1998-10-11,Dominican Republic,San Francisco de Macorís,Financial Analyst,127,Honorary,Active,2024-09-25 20:54:08,2024-10-28 20:54:08
2940,4525,Carmelo Montero,juanarosado@example.com,M,1983-12-23,Dominican Republic,Santo Domingo,Lawyer,230,Corporate,Active,2022-10-26 03:31:24,2022-12-21 03:31:24
2941,4526,Octavia Cid,rebecajurado@example.com,F,1976-11-10,Dominican Republic,Santo Domingo,Business Consultant,28,Corporate,Active,2025-11-14 04:16:12,2025-12-23 04:16:12
2942,4529,Jose Manuel Salvà,casandra12@example.com,M,1993-01-23,Dominican Republic,Punta Cana,Marketing Specialist,36,Student,Active,2022-06-20 03:13:31,2022-08-14 03:13:31
2943,4530,Amarilis Iborra,alcarazazahar@example.org,F,1986-07-16,Dominican Republic,Punta Cana,Financial Analyst,123,Corporate,Active,2025-11-29 11:39:38,2026-01-12 11:39:38
2944,4531,Camila Albero,reyna80@example.net,M,1979-08-21,Dominican Republic,Santiago,Lawyer,109,Individual,Active,2023-10-23 10:01:23,2023-12-09 10:01:23
2945,4532,Alcides Fernández,lorenzoamaya@example.com,F,1976-08-30,Dominican Republic,Santo Domingo,Business Consultant,127,Student,Active,2026-03-27 04:16:56,2026-06-03 04:16:56
2946,4533,Pili Capdevila,nicolaurenato@example.net,M,1983-01-22,Dominican Republic,Santiago,Accountant,51,Individual,Active,2024-06-07 18:50:49,2024-08-12 18:50:49
2947,4534,Felipa Villegas,oarellano@example.org,M,2008-03-29,Dominican Republic,Santo Domingo,Accountant,296,Corporate,Active,2022-06-06 18:16:14,2022-08-15 18:16:14
2948,4535,Mayte Guzman,cabanillassegismundo@example.net,M,1989-08-23,Dominican Republic,Santiago,Business Consultant,144,Individual,Active,2026-05-14 10:14:34,2026-07-05 10:14:34
2949,4536,Marcio Ripoll,cerrofanny@example.org,F,1980-12-30,Dominican Republic,Punta Cana,Accountant,25,Honorary,Active,2024-01-02 09:12:15,2024-01-31 09:12:15
2950,4537,Vicenta Ropero,xroca@example.com,M,1980-06-07,Dominican Republic,Santo Domingo,Architect,165,Individual,Active,2025-10-31 16:49:06,2025-12-05 16:49:06
2951,4538,Darío Company,clarisa83@example.com,M,2001-12-23,Dominican Republic,Punta Cana,Data Analyst,225,Individual,Active,2022-11-18 12:34:14,2022-12-18 12:34:14
2952,4540,Elena Benavides,roqueacuna@example.net,M,1980-08-02,Dominican Republic,La Romana,Architect,196,Corporate,Active,2021-07-14 23:57:08,2021-08-27 23:57:08
2953,4542,Jacinta Otero,wcarretero@example.com,M,1988-10-27,Dominican Republic,Santiago,Accountant,265,Honorary,Active,2024-07-18 15:16:26,2024-08-03 15:16:26
2954,4543,Amor Vila,galvanalonso@example.com,F,1995-01-31,Dominican Republic,Puerto Plata,Financial Analyst,273,Individual,Active,2024-06-20 11:46:03,2024-08-03 11:46:03
2955,4545,Luis Ángel Cabrera,wlillo@example.org,M,1993-07-04,Dominican Republic,La Romana,Marketing Specialist,147,Corporate,Active,2024-10-23 13:26:47,2024-11-19 13:26:47
2956,4546,Ernesto Moraleda,narcisacastillo@example.org,F,2004-05-07,Dominican Republic,Santo Domingo,Data Analyst,88,Student,Active,2023-06-15 23:33:56,2023-06-27 23:33:56
2957,4547,Alonso Suarez,kiketorrijos@example.com,M,1984-03-11,Dominican Republic,San Francisco de Macorís,Data Analyst,65,Student,Active,2022-05-01 14:36:54,2022-06-23 14:36:54
2958,4548,Yésica Estrada,ncabeza@example.net,F,2005-01-03,Dominican Republic,Puerto Plata,Accountant,164,Individual,Active,2026-05-14 18:48:05,2026-07-15 18:48:05
2959,4549,Prudencio Parejo,uiglesias@example.net,M,1989-01-12,Dominican Republic,San Pedro de Macorís,Financial Analyst,25,Student,Active,2022-07-16 20:48:48,2022-09-29 20:48:48
2960,4550,Anna Alcalde,rita83@example.net,F,1983-11-17,Dominican Republic,San Francisco de Macorís,Lawyer,172,Corporate,Active,2024-03-09 17:46:33,2024-04-25 17:46:33
2961,4551,Soledad Arce,rafalinares@example.net,M,2003-04-12,Dominican Republic,Punta Cana,Accountant,46,Student,Active,2023-11-28 02:15:00,2024-01-26 02:15:00
2962,4552,Priscila Chico,hvilla@example.com,M,1994-09-27,Dominican Republic,Punta Cana,Architect,216,Honorary,Active,2026-03-04 23:50:53,2026-04-25 23:50:53
2963,4553,Íngrid Viana,duenasalbino@example.com,F,1996-05-07,Dominican Republic,Puerto Plata,Business Consultant,61,Individual,Active,2024-10-15 15:38:32,2024-12-25 15:38:32
2964,4554,Ramón Piquer,gasparpellicer@example.net,F,2006-09-03,Dominican Republic,Puerto Plata,Accountant,81,Corporate,Active,2025-01-22 04:20:24,2025-03-23 04:20:24
2965,4557,Donato Fuster,norberto78@example.net,F,2002-01-14,Dominican Republic,Puerto Plata,Project Manager,168,Honorary,Active,2021-10-23 03:04:57,2021-12-09 03:04:57
2966,4558,Felipe Cañete,borjarosalinda@example.com,F,1992-06-11,Dominican Republic,Punta Cana,Civil Engineer,176,Student,Active,2022-03-21 02:27:46,2022-05-01 02:27:46
2967,4560,Eliseo Pomares,juanito73@example.com,M,1998-03-22,Dominican Republic,Santo Domingo,Architect,254,Corporate,Active,2023-05-07 22:48:58,2023-07-01 22:48:58
2968,4561,Leopoldo Bustos,josefina39@example.org,F,1976-07-27,Dominican Republic,Punta Cana,Accountant,271,Corporate,Active,2023-05-18 13:28:39,2023-06-23 13:28:39
2969,4563,Adelina Ayllón,oroca@example.com,M,2008-03-07,Dominican Republic,Santiago,Data Analyst,147,Honorary,Active,2023-09-19 23:27:50,2023-11-14 23:27:50
2970,4564,Adoración Toledo,maricruzaznar@example.net,M,2007-01-22,Dominican Republic,Puerto Plata,Financial Analyst,168,Student,Active,2022-05-12 16:38:37,2022-06-10 16:38:37
2971,4565,Cebrián Barriga,abel83@example.net,M,1984-01-17,Dominican Republic,La Romana,Marketing Specialist,161,Individual,Active,2023-08-19 13:45:38,2023-09-20 13:45:38
2972,4567,Victoriano Somoza,poliva@example.org,F,1981-12-09,Dominican Republic,Santo Domingo,Financial Analyst,105,Corporate,Active,2023-12-08 04:24:59,2024-02-08 04:24:59
2973,4569,Juan Luis Castellanos,sonia77@example.com,M,2001-09-22,Dominican Republic,Puerto Plata,Marketing Specialist,101,Honorary,Active,2023-01-28 06:05:11,2023-03-13 06:05:11
2974,4570,Xavier Sastre,porfirio75@example.org,F,1981-02-19,Dominican Republic,La Romana,Project Manager,106,Student,Active,2022-06-09 20:02:47,2022-07-20 20:02:47
2975,4572,Toni Arana,leonorpinedo@example.org,F,1993-08-09,Dominican Republic,Punta Cana,Data Analyst,226,Honorary,Active,2023-06-28 23:28:35,2023-08-09 23:28:35
2976,4573,Dafne Prieto,tvega@example.org,F,2003-02-18,Dominican Republic,Santo Domingo,Software Engineer,236,Honorary,Active,2021-08-31 14:48:28,2021-10-18 14:48:28
2977,4574,Marta Machado,smunoz@example.net,M,1999-01-27,Dominican Republic,Puerto Plata,Architect,163,Corporate,Active,2026-04-19 17:27:49,2026-05-20 17:27:49
2978,4575,Jose Manuel Pedrosa,victoriano70@example.com,F,1995-02-19,Dominican Republic,Santo Domingo,Financial Analyst,265,Student,Active,2023-08-11 22:27:18,2023-09-28 22:27:18
2979,4577,Martín Ramón,rivasleticia@example.net,M,1999-06-26,Dominican Republic,Santo Domingo,Project Manager,198,Student,Active,2025-07-25 18:34:00,2025-09-24 18:34:00
2980,4578,Dora Manjón,psalgado@example.com,F,1993-05-27,Dominican Republic,Puerto Plata,Civil Engineer,122,Individual,Active,2022-02-10 12:33:06,2022-03-31 12:33:06
2981,4580,Samanta Gomila,esperanza45@example.net,M,1980-02-15,Dominican Republic,La Romana,Financial Analyst,202,Individual,Active,2022-01-30 07:44:09,2022-03-17 07:44:09
2982,4581,Darío Naranjo,oduran@example.net,F,1986-10-31,Dominican Republic,Santiago,Accountant,160,Corporate,Active,2021-12-20 23:34:15,2022-01-15 23:34:15
2983,4582,Chucho Lucas,fgarcia@example.com,F,1994-12-15,Dominican Republic,La Romana,Business Consultant,99,Honorary,Active,2025-02-15 04:57:06,2025-03-23 04:57:06
2984,4583,Emigdio Quero,anselmapinilla@example.com,M,1985-06-19,Dominican Republic,San Pedro de Macorís,Marketing Specialist,135,Honorary,Active,2026-04-26 19:23:38,2026-06-17 19:23:38
2985,4585,Nélida Cepeda,arreguicarmelita@example.net,F,1997-06-20,Dominican Republic,Puerto Plata,Lawyer,12,Honorary,Active,2022-07-31 15:22:44,2022-09-13 15:22:44
2986,4586,Alonso Andrés,jaumegaspar@example.net,F,2003-04-30,Dominican Republic,Santo Domingo,Financial Analyst,118,Corporate,Active,2024-12-31 11:21:34,2025-03-07 11:21:34
2987,4587,Guadalupe Rico,pratsgerman@example.com,M,1978-06-13,Dominican Republic,Santo Domingo,Project Manager,120,Student,Active,2024-04-08 07:35:49,2024-06-16 07:35:49
2988,4590,Evangelina Osuna,respanol@example.org,F,1997-12-13,Dominican Republic,Punta Cana,Financial Analyst,279,Honorary,Active,2023-01-06 14:54:58,2023-02-17 14:54:58
2989,4591,Alondra Marcos,wroda@example.net,M,1997-12-16,Dominican Republic,Santiago,Data Analyst,211,Corporate,Active,2022-08-16 17:53:27,2022-08-29 17:53:27
2990,4595,Abigaíl Perea,ftome@example.com,M,1982-10-07,Dominican Republic,San Francisco de Macorís,Project Manager,12,Corporate,Active,2023-08-31 08:27:02,2023-11-02 08:27:02
2991,4596,Vanesa Castillo,inadal@example.com,F,1986-07-05,Dominican Republic,Santo Domingo,Accountant,129,Student,Active,2021-12-09 21:18:20,2022-01-07 21:18:20
2992,4597,Hilario Baños,marileandra@example.net,M,1995-08-12,Dominican Republic,La Romana,Financial Analyst,211,Student,Active,2025-04-03 01:39:41,2025-05-03 01:39:41
2993,4598,Elena Briones,abel77@example.org,F,1996-12-12,Dominican Republic,San Francisco de Macorís,Software Engineer,0,Corporate,Active,2023-01-30 22:57:04,2023-04-12 22:57:04
2994,4599,Rufina Viana,reyche@example.net,F,1995-02-21,Dominican Republic,San Francisco de Macorís,Architect,285,Student,Active,2021-10-30 22:33:40,2021-12-19 22:33:40
2995,4600,Alicia Lamas,tpozo@example.com,M,1996-02-02,Dominican Republic,Santiago,Business Consultant,128,Student,Active,2025-10-06 06:34:24,2025-11-02 06:34:24
2996,4601,Pepita Llano,ycordero@example.net,F,1978-08-05,Dominican Republic,Puerto Plata,Marketing Specialist,103,Honorary,Active,2025-06-09 23:40:16,2025-07-08 23:40:16
2997,4602,Dimas Domínguez,maria-jesus35@example.com,M,1989-12-05,Dominican Republic,San Francisco de Macorís,Civil Engineer,58,Individual,Active,2025-10-15 07:59:49,2025-12-25 07:59:49
2998,4603,Gala Hierro,gibertfabio@example.com,M,2001-04-16,Dominican Republic,La Romana,Business Consultant,295,Corporate,Active,2023-03-18 05:47:58,2023-05-02 05:47:58
2999,4606,Charo Bueno,valeragabriel@example.net,M,1998-12-16,Dominican Republic,Santo Domingo,Accountant,53,Corporate,Active,2023-06-09 10:02:44,2023-07-25 10:02:44
3000,4608,Gervasio Pinedo,juliaemilia@example.net,M,1997-04-09,Dominican Republic,San Pedro de Macorís,Project Manager,78,Corporate,Active,2023-04-10 04:23:13,2023-05-24 04:23:13
3001,4613,Roque Jove,salinasarcelia@example.com,M,2005-02-18,Dominican Republic,San Francisco de Macorís,Accountant,56,Corporate,Active,2022-01-01 19:57:29,2022-01-30 19:57:29
3002,4615,María Del Carmen Ferrán,mhoz@example.com,M,1987-12-11,Dominican Republic,Santiago,Lawyer,32,Student,Active,2022-11-22 20:53:03,2023-01-11 20:53:03
3003,4616,Almudena Cárdenas,custodia86@example.com,F,1991-03-17,Dominican Republic,Santo Domingo,Software Engineer,168,Individual,Active,2025-07-09 00:50:19,2025-09-07 00:50:19
3004,4618,Ainoa Borrell,joaquinaplana@example.net,M,2001-07-30,Dominican Republic,La Romana,Architect,53,Student,Active,2022-05-08 01:15:32,2022-06-10 01:15:32
3005,4619,Máximo Manzano,pacatejera@example.org,M,1977-03-20,Dominican Republic,La Romana,Lawyer,37,Individual,Active,2022-08-12 23:12:27,2022-09-08 23:12:27
3006,4621,Araceli Ferrero,ajuarez@example.org,F,1980-11-09,Dominican Republic,San Francisco de Macorís,Data Analyst,63,Honorary,Active,2022-01-29 09:01:21,2022-02-20 09:01:21
3007,4622,Josep Rovira,carlos57@example.com,F,1978-05-16,Dominican Republic,La Romana,Accountant,294,Honorary,Active,2022-09-07 04:18:51,2022-10-05 04:18:51
3008,4623,Manuela Bauzà,francisco-jose51@example.net,M,1995-08-14,Dominican Republic,Punta Cana,Financial Analyst,223,Student,Active,2024-07-14 19:36:30,2024-09-22 19:36:30
3009,4624,Natividad Riba,suareztristan@example.net,M,2006-05-25,Dominican Republic,Santiago,Lawyer,5,Honorary,Active,2024-08-19 05:12:06,2024-10-19 05:12:06
3010,4625,Nicodemo Crespi,isidropedrosa@example.com,M,2005-07-27,Dominican Republic,San Francisco de Macorís,Financial Analyst,237,Individual,Active,2022-08-20 06:42:13,2022-09-08 06:42:13
3011,4626,Jessica Moraleda,bamigo@example.org,M,1975-09-22,Dominican Republic,La Romana,Financial Analyst,120,Individual,Active,2022-10-26 17:54:49,2022-12-19 17:54:49
3012,4627,María Jesús Coloma,emagisbert@example.org,F,1987-09-02,Dominican Republic,San Francisco de Macorís,Civil Engineer,211,Corporate,Active,2022-10-03 00:06:02,2022-11-28 00:06:02
3013,4629,Pascual Redondo,amada26@example.net,M,1998-02-16,Dominican Republic,La Romana,Civil Engineer,141,Honorary,Active,2024-03-02 00:09:53,2024-04-08 00:09:53
3014,4631,Isaura Corbacho,cristianagustin@example.org,F,1994-04-06,Dominican Republic,Puerto Plata,Civil Engineer,19,Honorary,Active,2024-07-15 12:42:23,2024-08-18 12:42:23
3015,4632,Lucila Avilés,tenoriomaximiano@example.com,F,2000-09-15,Dominican Republic,La Romana,Data Analyst,181,Individual,Active,2024-03-04 04:04:48,2024-04-17 04:04:48
3016,4633,Olivia Orozco,nevadocandela@example.org,F,1997-08-30,Dominican Republic,Santiago,Project Manager,232,Honorary,Active,2021-08-19 16:42:42,2021-10-26 16:42:42
3017,4638,Olga Saldaña,vlloret@example.net,M,1989-06-04,Dominican Republic,Punta Cana,Lawyer,258,Individual,Active,2023-06-24 13:26:15,2023-08-25 13:26:15
3018,4640,Encarnación Benavente,aaron23@example.com,M,1985-05-27,Dominican Republic,San Pedro de Macorís,Marketing Specialist,23,Individual,Active,2023-04-16 18:56:46,2023-06-29 18:56:46
3019,4641,Carmela Valenzuela,luismillan@example.org,F,1986-07-10,Dominican Republic,Punta Cana,Architect,262,Honorary,Active,2022-12-06 20:15:59,2023-01-25 20:15:59
3020,4646,Custodia Cardona,saavedramaricruz@example.com,F,1992-01-08,Dominican Republic,Puerto Plata,Lawyer,240,Individual,Active,2023-07-03 19:16:20,2023-09-25 19:16:20
3021,4648,Pancho Zamora,gmari@example.net,F,1995-10-17,Dominican Republic,Puerto Plata,Project Manager,43,Corporate,Active,2024-06-23 13:42:34,2024-07-23 13:42:34
3022,4649,Vanesa Paredes,pcarnero@example.org,M,2002-09-28,Dominican Republic,San Francisco de Macorís,Business Consultant,214,Honorary,Active,2026-01-31 08:29:23,2026-02-14 08:29:23
3023,4650,José Luis Jáuregui,monica96@example.org,F,2006-10-16,Dominican Republic,San Pedro de Macorís,Lawyer,99,Corporate,Active,2025-03-26 10:02:02,2025-05-21 10:02:02
3024,4651,Jose Carlos Montero,norbertotejero@example.com,F,1991-10-10,Dominican Republic,Punta Cana,Lawyer,99,Corporate,Active,2025-08-02 15:12:43,2025-10-05 15:12:43
3025,4652,Almudena Lobato,valentincruz@example.org,M,1980-05-06,Dominican Republic,Puerto Plata,Lawyer,70,Corporate,Active,2023-06-04 00:30:20,2023-06-30 00:30:20
3026,4655,Regina Giner,lupeexposito@example.net,M,1976-11-27,Dominican Republic,Puerto Plata,Project Manager,77,Corporate,Active,2021-10-09 22:19:02,2021-11-19 22:19:02
3027,4656,Zaida Barreda,dolores05@example.com,F,1987-06-18,Dominican Republic,San Francisco de Macorís,Marketing Specialist,91,Student,Active,2022-06-30 12:35:40,2022-08-14 12:35:40
3028,4657,Urbano Grau,jmontserrat@example.com,F,1985-03-16,Dominican Republic,La Romana,Civil Engineer,240,Individual,Active,2021-10-22 04:46:50,2021-12-25 04:46:50
3029,4659,Edgardo Soria,canizaresgodofredo@example.net,F,1983-07-02,Dominican Republic,Santiago,Data Analyst,32,Corporate,Active,2023-08-19 18:28:37,2023-09-12 18:28:37
3030,4660,Sol Baquero,pnavarrete@example.org,F,1988-03-07,Dominican Republic,La Romana,Data Analyst,252,Individual,Active,2023-03-10 13:08:11,2023-04-20 13:08:11
3031,4662,Concepción Priego,anitaestevez@example.net,M,1999-06-25,Dominican Republic,Santo Domingo,Data Analyst,12,Individual,Active,2022-07-21 10:17:23,2022-08-13 10:17:23
3032,4663,Dorotea Quintanilla,zapataamelia@example.net,M,1992-02-28,Dominican Republic,San Pedro de Macorís,Project Manager,64,Corporate,Active,2024-04-18 21:29:35,2024-05-17 21:29:35
3033,4664,Evita Sosa,maytetamayo@example.org,F,1991-05-09,Dominican Republic,San Pedro de Macorís,Lawyer,158,Corporate,Active,2025-02-22 16:10:19,2025-05-01 16:10:19
3034,4665,Jose Miguel Asenjo,osarmiento@example.net,M,1997-05-06,Dominican Republic,Santo Domingo,Architect,79,Individual,Active,2025-11-30 23:55:45,2026-01-19 23:55:45
3035,4666,Luciana Huertas,aplaza@example.org,F,1994-11-24,Dominican Republic,Santiago,Civil Engineer,252,Individual,Active,2025-10-12 10:22:56,2025-11-28 10:22:56
3036,4668,Leopoldo Pascual,salcedojulie@example.org,F,1995-12-19,Dominican Republic,San Pedro de Macorís,Civil Engineer,98,Individual,Active,2024-12-06 09:36:35,2025-02-24 09:36:35
3037,4669,Faustino Amores,alemanyursula@example.com,M,1996-05-10,Dominican Republic,La Romana,Marketing Specialist,282,Student,Active,2023-07-02 04:16:17,2023-08-29 04:16:17
3038,4671,Federico Ojeda,rolando30@example.com,F,1996-08-30,Dominican Republic,Santiago,Financial Analyst,56,Student,Active,2024-02-13 21:03:14,2024-03-24 21:03:14
3039,4674,Cipriano Seguí,velascohilda@example.net,M,1985-11-16,Dominican Republic,Santo Domingo,Accountant,265,Corporate,Active,2021-08-04 16:25:55,2021-09-29 16:25:55
3040,4675,Ana Belén Mur,maria-del-carmen38@example.org,F,1987-12-07,Dominican Republic,La Romana,Accountant,114,Student,Active,2023-03-13 19:14:42,2023-04-19 19:14:42
3041,4676,Manuela Pou,esperanza72@example.com,F,1993-04-10,Dominican Republic,Santiago,Data Analyst,107,Student,Active,2023-05-18 10:42:02,2023-06-18 10:42:02
3042,4679,Berto Castells,mollroman@example.net,F,1983-10-10,Dominican Republic,Santo Domingo,Data Analyst,17,Student,Active,2026-03-26 22:39:02,2026-04-30 22:39:02
3043,4680,Vinicio Anaya,alondravinas@example.com,M,1983-03-01,Dominican Republic,San Francisco de Macorís,Architect,51,Individual,Active,2025-05-10 22:46:47,2025-06-27 22:46:47
3044,4681,Cloe Cortés,maloluciana@example.net,M,1981-05-02,Dominican Republic,San Pedro de Macorís,Marketing Specialist,124,Individual,Active,2024-03-03 04:16:40,2024-03-21 04:16:40
3045,4682,Cesar Gisbert,ecalderon@example.org,M,1975-08-13,Dominican Republic,Santo Domingo,Architect,273,Individual,Active,2025-02-26 08:11:24,2025-05-01 08:11:24
3046,4684,Saturnino Julián,rosalindarodriguez@example.net,F,2007-02-18,Dominican Republic,Santiago,Financial Analyst,20,Corporate,Active,2022-08-01 13:32:52,2022-09-15 13:32:52
3047,4686,Arturo Pujol,xterron@example.com,F,1994-09-21,Dominican Republic,San Pedro de Macorís,Accountant,92,Individual,Active,2024-07-22 16:28:39,2024-08-27 16:28:39
3048,4689,Florina Vallés,amigoeusebia@example.net,M,2006-07-23,Dominican Republic,La Romana,Civil Engineer,50,Honorary,Active,2024-04-03 04:12:41,2024-06-10 04:12:41
3049,4690,Noelia Morell,ncorbacho@example.com,F,1992-01-05,Dominican Republic,Puerto Plata,Financial Analyst,288,Individual,Active,2025-10-25 21:25:16,2025-11-20 21:25:16
3050,4692,Luis Carbonell,maciasche@example.com,M,1977-07-18,Dominican Republic,Punta Cana,Marketing Specialist,162,Honorary,Active,2025-07-03 03:18:16,2025-08-14 03:18:16
3051,4693,Macaria Mateo,demetrioramis@example.com,M,1975-12-31,Dominican Republic,Puerto Plata,Architect,175,Individual,Active,2025-12-24 09:04:12,2026-02-03 09:04:12
3052,4694,Hilda Carrera,fcarbo@example.com,M,1997-02-21,Dominican Republic,Santo Domingo,Lawyer,295,Individual,Active,2024-08-25 20:31:06,2024-09-29 20:31:06
3053,4698,Santiago Arcos,mmenendez@example.com,M,1996-10-02,Dominican Republic,Santiago,Business Consultant,178,Individual,Active,2023-08-04 08:07:51,2023-09-10 08:07:51
3054,4699,Nazaret Ruiz,mamen80@example.net,F,1983-03-12,Dominican Republic,La Romana,Accountant,259,Honorary,Active,2024-11-17 19:05:02,2024-12-24 19:05:02
3055,4700,Héctor Gelabert,fmarco@example.org,M,2005-02-27,Dominican Republic,Santo Domingo,Project Manager,75,Corporate,Active,2022-12-07 07:42:46,2023-01-19 07:42:46
3056,4701,Marco Parejo,maria-manuela81@example.com,F,1976-10-31,Dominican Republic,San Pedro de Macorís,Financial Analyst,38,Student,Active,2025-12-27 10:11:39,2026-01-24 10:11:39
3057,4703,Juan Bautista Lladó,squerol@example.org,F,1998-05-14,Dominican Republic,Puerto Plata,Software Engineer,76,Corporate,Active,2021-10-30 21:37:57,2021-11-11 21:37:57
3058,4705,Alejandro Llano,ovalcarcel@example.org,F,2004-03-08,Dominican Republic,La Romana,Marketing Specialist,96,Honorary,Active,2024-03-21 19:30:13,2024-05-03 19:30:13
3059,4707,Clara Vallés,egalvez@example.com,M,2003-08-03,Dominican Republic,La Romana,Civil Engineer,235,Individual,Active,2021-08-25 16:55:02,2021-10-07 16:55:02
3060,4708,Dominga Vallejo,puigsantos@example.net,F,2006-07-11,Dominican Republic,San Francisco de Macorís,Accountant,79,Honorary,Active,2026-04-21 07:05:47,2026-06-19 07:05:47
3061,4709,Cristian Gisbert,grasrosa@example.net,M,1994-02-03,Dominican Republic,Puerto Plata,Architect,174,Honorary,Active,2024-01-13 02:06:26,2024-02-13 02:06:26
3062,4710,Reynaldo Camps,carmelabaez@example.com,M,1977-05-22,Dominican Republic,Punta Cana,Financial Analyst,199,Corporate,Active,2022-05-23 17:43:33,2022-07-09 17:43:33
3063,4712,Jesús Cantón,rosendaolmedo@example.org,F,1989-11-16,Dominican Republic,Santo Domingo,Project Manager,75,Student,Active,2022-06-14 01:01:41,2022-07-23 01:01:41
3064,4713,Edu Sainz,cvalle@example.com,M,1981-05-22,Dominican Republic,San Pedro de Macorís,Financial Analyst,196,Corporate,Active,2022-11-28 04:17:59,2023-01-02 04:17:59
3065,4715,Catalina Barreda,dcarretero@example.org,M,1997-09-18,Dominican Republic,San Pedro de Macorís,Civil Engineer,197,Corporate,Active,2023-05-29 11:05:32,2023-07-10 11:05:32
3066,4716,Chuy Navarro,bburgos@example.org,M,2005-12-09,Dominican Republic,San Francisco de Macorís,Marketing Specialist,97,Corporate,Active,2023-11-23 09:45:52,2024-01-11 09:45:52
3067,4718,Teófila Rincón,angelino44@example.org,F,1988-02-12,Dominican Republic,San Francisco de Macorís,Architect,246,Individual,Active,2023-02-09 08:40:31,2023-03-16 08:40:31
3068,4719,Tito Jurado,onofre82@example.net,F,2006-04-02,Dominican Republic,San Francisco de Macorís,Accountant,18,Honorary,Active,2025-01-20 00:11:18,2025-03-24 00:11:18
3069,4720,Mamen Macias,jose-angel19@example.org,F,2003-12-12,Dominican Republic,La Romana,Civil Engineer,192,Student,Active,2023-05-25 11:56:26,2023-08-04 11:56:26
3070,4721,Luna Sierra,izquierdodulce@example.net,F,1992-01-13,Dominican Republic,San Pedro de Macorís,Civil Engineer,262,Honorary,Active,2025-03-06 00:12:06,2025-04-29 00:12:06
3071,4722,Elpidio Almansa,obduliafernandez@example.com,F,1983-12-01,Dominican Republic,Santo Domingo,Financial Analyst,173,Individual,Active,2024-11-12 22:25:26,2024-12-14 22:25:26
3072,4724,Julie Torre,georgina14@example.com,M,1984-06-05,Dominican Republic,San Francisco de Macorís,Civil Engineer,228,Student,Active,2023-10-31 03:41:20,2023-11-20 03:41:20
3073,4726,Fabián Morell,nestor61@example.net,M,1982-03-31,Dominican Republic,La Romana,Financial Analyst,58,Student,Active,2022-10-01 22:39:28,2022-11-11 22:39:28
3074,4727,Olga Ros,pazborja@example.org,M,1993-09-04,Dominican Republic,Santo Domingo,Project Manager,107,Individual,Active,2023-09-16 07:44:44,2023-10-07 07:44:44
3075,4728,Donato Palomino,camilo09@example.net,F,1987-06-29,Dominican Republic,Santiago,Marketing Specialist,70,Corporate,Active,2023-11-09 04:39:14,2023-12-02 04:39:14
3076,4729,Eligio Paredes,roxanateruel@example.com,M,1975-10-03,Dominican Republic,Santiago,Lawyer,0,Honorary,Active,2024-08-29 04:04:42,2024-09-27 04:04:42
3077,4730,Samu Vaquero,vicensveronica@example.com,M,1997-07-20,Dominican Republic,Puerto Plata,Accountant,168,Honorary,Active,2026-01-01 10:32:43,2026-02-24 10:32:43
3078,4731,Ágata Dueñas,rodenasfaustino@example.com,F,1977-12-21,Dominican Republic,San Pedro de Macorís,Civil Engineer,71,Honorary,Active,2022-10-26 13:06:49,2022-12-11 13:06:49
3079,4732,Rosendo Fabra,marinoantunez@example.net,F,1998-02-13,Dominican Republic,Santo Domingo,Project Manager,79,Corporate,Active,2023-02-06 04:17:35,2023-03-24 04:17:35
3080,4733,Gala Galán,gavila@example.net,F,2002-03-03,Dominican Republic,San Pedro de Macorís,Civil Engineer,16,Honorary,Active,2023-08-23 17:00:41,2023-09-17 17:00:41
3081,4739,Amaya Olivares,ucrespo@example.com,M,1989-06-10,Dominican Republic,La Romana,Marketing Specialist,129,Honorary,Active,2025-10-28 07:48:21,2025-12-28 07:48:21
3082,4740,Juan Bautista Acuña,jeremias66@example.com,F,1997-07-07,Dominican Republic,La Romana,Marketing Specialist,198,Individual,Active,2025-10-18 06:23:05,2025-12-31 06:23:05
3083,4742,Sandra Campo,msandoval@example.org,F,1987-02-24,Dominican Republic,Santo Domingo,Architect,138,Individual,Active,2023-08-08 11:16:23,2023-10-19 11:16:23
3084,4747,Guillermo Bello,oteroleoncio@example.net,F,2005-12-13,Dominican Republic,Puerto Plata,Data Analyst,172,Corporate,Active,2023-08-01 03:35:18,2023-09-19 03:35:18
3085,4748,Chus Tomé,palomaresamada@example.org,F,1984-05-18,Dominican Republic,La Romana,Business Consultant,108,Individual,Active,2022-04-08 11:57:11,2022-05-12 11:57:11
3086,4749,Rosalina Moll,almeidaignacia@example.com,F,2001-11-23,Dominican Republic,Punta Cana,Accountant,154,Corporate,Active,2025-02-26 23:20:37,2025-04-12 23:20:37
3087,4750,Albano Vall,pespanol@example.net,F,1988-06-17,Dominican Republic,Puerto Plata,Marketing Specialist,230,Student,Active,2024-07-14 21:18:33,2024-09-24 21:18:33
3088,4751,Benito Manjón,jarellano@example.com,F,2006-08-03,Dominican Republic,Puerto Plata,Project Manager,118,Honorary,Active,2023-01-06 21:54:37,2023-03-11 21:54:37
3089,4752,Nélida Clemente,rosalia78@example.net,M,1996-02-13,Dominican Republic,San Francisco de Macorís,Architect,207,Individual,Active,2022-08-27 01:21:42,2022-11-08 01:21:42
3090,4753,Espiridión Navarro,collruperta@example.com,F,2008-04-01,Dominican Republic,Puerto Plata,Software Engineer,55,Honorary,Active,2022-05-17 23:53:28,2022-06-15 23:53:28
3091,4754,Mónica Hierro,armando62@example.org,F,1977-07-31,Dominican Republic,Punta Cana,Marketing Specialist,164,Corporate,Active,2026-01-13 03:59:41,2026-02-21 03:59:41
3092,4756,Águeda Alemán,tcerdan@example.net,F,2005-08-13,Dominican Republic,San Francisco de Macorís,Data Analyst,30,Corporate,Active,2025-12-25 19:06:17,2026-01-24 19:06:17
3093,4757,Bernardo Arcos,lotero@example.com,M,1993-08-05,Dominican Republic,La Romana,Financial Analyst,113,Corporate,Active,2024-11-23 18:09:38,2025-01-02 18:09:38
3094,4758,Silvio Perelló,garmendiasilvio@example.net,M,1978-09-10,Dominican Republic,Punta Cana,Financial Analyst,258,Honorary,Active,2024-11-10 07:31:10,2024-12-31 07:31:10
3095,4759,Cecilia Céspedes,mansoariel@example.com,M,2007-12-25,Dominican Republic,La Romana,Financial Analyst,221,Corporate,Active,2023-06-15 18:00:52,2023-07-15 18:00:52
3096,4760,Adriana Ferrández,zaragozaitziar@example.com,M,1978-05-06,Dominican Republic,San Francisco de Macorís,Software Engineer,79,Student,Active,2023-12-02 04:40:05,2024-01-29 04:40:05
3097,4762,Amancio Azorin,ramona62@example.com,F,2002-08-13,Dominican Republic,Santiago,Lawyer,296,Corporate,Active,2021-11-13 09:36:47,2021-12-20 09:36:47
3098,4763,Alma Aguilar,florindaluis@example.com,M,1985-03-29,Dominican Republic,Santo Domingo,Marketing Specialist,238,Honorary,Active,2025-11-25 09:17:50,2025-12-22 09:17:50
3099,4764,Paola Morera,tzabala@example.net,M,2004-03-19,Dominican Republic,Punta Cana,Architect,179,Honorary,Active,2026-01-14 01:09:11,2026-03-08 01:09:11
3100,4765,Encarnación Duarte,guardiaflorentino@example.com,M,1983-04-20,Dominican Republic,San Francisco de Macorís,Software Engineer,244,Corporate,Active,2026-01-24 07:10:56,2026-03-06 07:10:56
3101,4766,Desiderio Murillo,ezequielgalan@example.org,M,1980-02-17,Dominican Republic,San Pedro de Macorís,Marketing Specialist,27,Corporate,Active,2025-05-22 12:02:17,2025-07-01 12:02:17
3102,4767,Herminia Díaz,jose-maria01@example.com,F,1995-09-11,Dominican Republic,La Romana,Marketing Specialist,32,Corporate,Active,2023-08-25 13:03:53,2023-11-05 13:03:53
3103,4770,Baudelio Talavera,maitelerma@example.com,F,1982-11-25,Dominican Republic,Santiago,Software Engineer,287,Corporate,Active,2024-12-06 13:35:28,2024-12-31 13:35:28
3104,4771,Segismundo Zabala,aleordonez@example.com,F,1997-04-03,Dominican Republic,La Romana,Project Manager,217,Individual,Active,2024-08-22 01:36:25,2024-10-13 01:36:25
3105,4772,Flora Alegria,paz58@example.org,M,1993-11-21,Dominican Republic,Santo Domingo,Marketing Specialist,108,Honorary,Active,2025-09-21 16:14:08,2025-11-02 16:14:08
3106,4773,Poncio Arias,valeromariana@example.com,M,2008-07-05,Dominican Republic,Santiago,Marketing Specialist,88,Honorary,Active,2021-10-18 21:07:21,2021-12-15 21:07:21
3107,4774,Encarnita Ballester,davidsalcedo@example.org,F,1978-10-05,Dominican Republic,Puerto Plata,Data Analyst,18,Student,Active,2022-03-12 05:00:29,2022-04-13 05:00:29
3108,4775,Nadia González,diana80@example.com,F,1982-02-03,Dominican Republic,Puerto Plata,Architect,54,Individual,Active,2023-04-25 07:23:17,2023-05-08 07:23:17
3109,4776,Jordi Canet,ignacia69@example.com,M,1984-07-13,Dominican Republic,Punta Cana,Marketing Specialist,76,Corporate,Active,2021-09-08 14:35:19,2021-11-23 14:35:19
3110,4777,David Atienza,miguelsantiago@example.org,M,1978-08-12,Dominican Republic,Puerto Plata,Data Analyst,15,Student,Active,2023-03-26 12:56:27,2023-05-23 12:56:27
3111,4781,Vera Costa,cruzaguilera@example.org,M,1991-09-14,Dominican Republic,Puerto Plata,Financial Analyst,209,Student,Active,2022-04-05 18:58:22,2022-05-27 18:58:22
3112,4782,Jessica Sanchez,marquezmaximiliano@example.com,M,2006-11-15,Dominican Republic,Santo Domingo,Software Engineer,18,Corporate,Active,2023-08-29 08:34:23,2023-10-24 08:34:23
3113,4783,Arturo Múñiz,paredesambrosio@example.net,F,1978-01-12,Dominican Republic,Santo Domingo,Accountant,261,Student,Active,2021-08-18 13:38:19,2021-09-17 13:38:19
3114,4784,Adelardo Méndez,zsainz@example.org,F,1997-03-23,Dominican Republic,Santo Domingo,Financial Analyst,134,Student,Active,2024-07-30 02:17:00,2024-08-11 02:17:00
3115,4785,Fausto Rincón,panfilopeinado@example.org,F,1991-08-01,Dominican Republic,La Romana,Marketing Specialist,168,Honorary,Active,2025-03-17 06:38:11,2025-04-24 06:38:11
3116,4786,Jorge Pardo,juan-luiscanals@example.org,M,1997-09-19,Dominican Republic,Puerto Plata,Software Engineer,207,Individual,Active,2021-10-08 21:10:23,2021-11-20 21:10:23
3117,4787,Eutimio Estevez,gtejero@example.org,M,1989-01-11,Dominican Republic,Santiago,Project Manager,19,Individual,Active,2025-01-20 09:33:59,2025-03-22 09:33:59
3118,4788,Nacho Roda,domingomacario@example.net,F,1981-03-25,Dominican Republic,San Pedro de Macorís,Project Manager,51,Student,Active,2023-03-05 22:48:48,2023-04-17 22:48:48
3119,4789,Quique Salinas,ssalcedo@example.org,F,1998-02-17,Dominican Republic,Santiago,Architect,198,Honorary,Active,2024-02-03 16:49:33,2024-03-17 16:49:33
3120,4790,Cruz Arranz,adriana17@example.com,F,1982-01-18,Dominican Republic,San Francisco de Macorís,Lawyer,103,Individual,Active,2022-10-26 02:48:36,2022-12-15 02:48:36
3121,4791,Eduardo Valcárcel,koliveras@example.com,M,1979-09-06,Dominican Republic,Santiago,Data Analyst,51,Honorary,Active,2024-03-20 23:26:01,2024-05-22 23:26:01
3122,4792,Belen Sobrino,queroolalla@example.net,M,1994-05-16,Dominican Republic,Santo Domingo,Accountant,80,Student,Active,2023-08-26 22:50:30,2023-10-17 22:50:30
3123,4794,Juan Cámara,david24@example.net,M,2002-12-14,Dominican Republic,San Pedro de Macorís,Business Consultant,92,Honorary,Active,2025-10-16 06:18:02,2025-11-06 06:18:02
3124,4795,Mateo Pastor,sigfrido73@example.org,M,2006-09-03,Dominican Republic,San Pedro de Macorís,Financial Analyst,96,Honorary,Active,2023-04-07 22:49:32,2023-05-06 22:49:32
3125,4796,Vicente Benavente,flaguna@example.net,M,2005-11-09,Dominican Republic,San Francisco de Macorís,Financial Analyst,8,Corporate,Active,2021-07-15 04:19:13,2021-08-31 04:19:13
3126,4797,Isabel Redondo,tmontesinos@example.com,M,1997-10-20,Dominican Republic,Punta Cana,Architect,260,Student,Active,2021-12-26 17:11:50,2022-02-28 17:11:50
3127,4798,Candela Ortiz,madadia@example.com,F,1975-10-13,Dominican Republic,San Francisco de Macorís,Financial Analyst,19,Corporate,Active,2022-07-28 06:54:52,2022-08-20 06:54:52
3128,4799,Florentina Botella,fquintana@example.com,F,1976-07-06,Dominican Republic,San Francisco de Macorís,Marketing Specialist,83,Individual,Active,2024-10-27 16:51:43,2024-12-10 16:51:43
3129,4800,Cristóbal Fábregas,carballocristobal@example.net,M,1979-10-22,Dominican Republic,Punta Cana,Project Manager,150,Individual,Active,2025-05-17 14:17:43,2025-07-28 14:17:43
3130,4801,Ignacio Giralt,yusteevangelina@example.net,F,1978-07-08,Dominican Republic,San Francisco de Macorís,Accountant,227,Corporate,Active,2025-05-27 08:35:47,2025-07-18 08:35:47
3131,4804,Luis Ángel Castilla,tbarcelo@example.com,M,1994-05-05,Dominican Republic,San Francisco de Macorís,Civil Engineer,79,Corporate,Active,2022-10-18 00:27:48,2022-12-01 00:27:48
3132,4807,Maximiliano Manzanares,jrubio@example.com,M,2006-06-23,Dominican Republic,Santo Domingo,Civil Engineer,148,Individual,Active,2026-01-09 10:44:59,2026-02-14 10:44:59
3133,4809,Edmundo Beltrán,rocamorazoraida@example.net,M,1984-06-07,Dominican Republic,Santiago,Architect,166,Honorary,Active,2024-12-08 06:27:45,2025-02-04 06:27:45
3134,4813,Marina León,agapito60@example.com,F,1997-06-29,Dominican Republic,Puerto Plata,Software Engineer,79,Individual,Active,2023-12-25 05:52:44,2024-01-30 05:52:44
3135,4815,Felipa Rodríguez,eveliacalzada@example.net,M,1975-12-07,Dominican Republic,San Pedro de Macorís,Accountant,217,Student,Active,2025-10-02 15:20:56,2025-10-21 15:20:56
3136,4816,Candelaria Arroyo,kromero@example.net,M,2001-01-10,Dominican Republic,Santo Domingo,Data Analyst,127,Honorary,Active,2024-04-06 12:12:56,2024-06-09 12:12:56
3137,4818,Leocadio Campillo,fabiana44@example.com,M,1985-12-15,Dominican Republic,San Francisco de Macorís,Marketing Specialist,144,Student,Active,2025-10-08 16:13:18,2025-11-30 16:13:18
3138,4819,Jose Angel Gárate,judith35@example.net,M,2003-10-06,Dominican Republic,San Francisco de Macorís,Marketing Specialist,158,Honorary,Active,2025-07-08 23:40:16,2025-09-10 23:40:16
3139,4823,Alejandro Blanch,villegasnacio@example.net,F,1989-01-24,Dominican Republic,La Romana,Software Engineer,119,Corporate,Active,2026-04-09 01:10:52,2026-06-04 01:10:52
3140,4825,Alfonso Morán,anacleto95@example.com,M,2006-11-21,Dominican Republic,Santiago,Civil Engineer,23,Student,Active,2026-05-21 00:26:47,2026-07-22 00:26:47
3141,4826,Ezequiel Vallés,lasavictoriano@example.net,F,1980-09-29,Dominican Republic,Santiago,Business Consultant,224,Individual,Active,2024-11-07 22:41:47,2024-12-11 22:41:47
3142,4828,Lucio Benítez,fbustamante@example.net,M,1987-04-25,Dominican Republic,Puerto Plata,Lawyer,249,Individual,Active,2023-10-28 12:08:34,2023-12-01 12:08:34
3143,4830,Arcelia Balaguer,zvalles@example.org,M,1978-07-23,Dominican Republic,Santiago,Project Manager,10,Corporate,Active,2022-07-29 19:36:39,2022-09-19 19:36:39
3144,4831,Eutimio Carranza,mmarquez@example.org,F,2005-05-29,Dominican Republic,Punta Cana,Data Analyst,243,Individual,Active,2026-03-31 23:23:55,2026-06-01 23:23:55
3145,4832,Eustaquio Cueto,jose-antoniobertran@example.org,M,1986-09-25,Dominican Republic,Santiago,Accountant,3,Student,Active,2024-11-06 17:06:35,2025-01-04 17:06:35
3146,4833,Amalia Valentín,osvaldoabril@example.net,M,1999-08-20,Dominican Republic,Santo Domingo,Business Consultant,81,Corporate,Active,2023-05-09 22:43:29,2023-06-25 22:43:29
3147,4835,Juana Carmona,cirino34@example.org,F,1992-06-07,Dominican Republic,Santiago,Marketing Specialist,236,Student,Active,2025-09-27 00:57:35,2025-11-10 00:57:35
3148,4836,Gonzalo Cobo,maximianotellez@example.org,F,1999-05-01,Dominican Republic,Punta Cana,Project Manager,235,Corporate,Active,2025-09-13 02:12:41,2025-11-10 02:12:41
3149,4837,Rosalía Izquierdo,vilmacadenas@example.net,F,2006-01-04,Dominican Republic,Puerto Plata,Software Engineer,68,Corporate,Active,2024-03-01 02:57:51,2024-04-19 02:57:51
3150,4838,Lorenza Corbacho,iriartegil@example.org,F,1990-06-23,Dominican Republic,Punta Cana,Civil Engineer,210,Individual,Active,2023-07-24 08:26:54,2023-09-20 08:26:54
3151,4839,Teresita Teruel,dani58@example.com,M,1977-10-04,Dominican Republic,Punta Cana,Civil Engineer,251,Student,Active,2023-12-23 16:16:52,2024-01-16 16:16:52
3152,4841,Jaime Abril,plinio87@example.com,F,1996-03-17,Dominican Republic,Santiago,Civil Engineer,67,Student,Active,2023-06-08 14:39:48,2023-08-03 14:39:48
3153,4842,Ruperto Marquez,amayagalvez@example.com,F,1995-06-07,Dominican Republic,Puerto Plata,Lawyer,267,Corporate,Active,2024-06-29 09:56:10,2024-07-30 09:56:10
3154,4843,Wilfredo Company,azaharcabezas@example.com,M,2008-03-22,Dominican Republic,Punta Cana,Software Engineer,181,Individual,Active,2022-02-20 10:44:13,2022-04-13 10:44:13
3155,4846,Ramón Arregui,rupertajuan@example.com,F,1995-02-25,Dominican Republic,Santo Domingo,Architect,271,Honorary,Active,2023-11-27 01:19:49,2024-01-18 01:19:49
3156,4848,Gerardo Gracia,victoriaaragones@example.net,F,1992-01-01,Dominican Republic,San Francisco de Macorís,Software Engineer,238,Student,Active,2023-08-26 22:35:40,2023-10-01 22:35:40
3157,4849,Azucena Montoya,xbarranco@example.net,F,1995-02-10,Dominican Republic,Punta Cana,Marketing Specialist,132,Corporate,Active,2024-02-14 05:46:57,2024-04-05 05:46:57
3158,4850,Hipólito Calvo,alexandraalbero@example.net,F,1987-07-20,Dominican Republic,La Romana,Accountant,122,Student,Active,2026-04-24 02:40:59,2026-06-13 02:40:59
3159,4851,Selena Sabater,alexandradomenech@example.org,M,1983-03-11,Dominican Republic,San Pedro de Macorís,Software Engineer,165,Corporate,Active,2022-06-25 05:33:58,2022-08-14 05:33:58
3160,4853,Victoriano Bauzà,custodio93@example.org,M,2007-01-06,Dominican Republic,Punta Cana,Civil Engineer,60,Corporate,Active,2025-05-08 21:50:19,2025-07-28 21:50:19
3161,4856,Candelaria Casal,godoynadia@example.org,F,1990-09-07,Dominican Republic,Punta Cana,Civil Engineer,207,Individual,Active,2022-01-19 15:00:01,2022-04-17 15:00:01
3162,4857,Hilda Ibáñez,ruy24@example.com,F,1986-03-08,Dominican Republic,Puerto Plata,Financial Analyst,135,Student,Active,2024-02-27 05:27:37,2024-03-28 05:27:37
3163,4858,Américo Sabater,aalcantara@example.com,M,2006-08-14,Dominican Republic,San Pedro de Macorís,Data Analyst,180,Corporate,Active,2023-07-06 06:19:22,2023-08-10 06:19:22
3164,4860,Yéssica Laguna,casanovamelania@example.net,M,1976-06-17,Dominican Republic,San Francisco de Macorís,Marketing Specialist,117,Student,Active,2026-04-04 01:40:04,2026-06-07 01:40:04
3165,4863,Noé Villalba,opablo@example.com,M,1977-11-30,Dominican Republic,San Francisco de Macorís,Software Engineer,94,Individual,Active,2024-09-08 10:41:21,2024-11-01 10:41:21
3166,4864,Teodosio Mariño,montesinossoledad@example.org,F,1982-11-21,Dominican Republic,San Pedro de Macorís,Software Engineer,202,Honorary,Active,2021-10-25 00:10:06,2021-12-11 00:10:06
3167,4865,Victor Manuel Alegre,areig@example.net,M,2005-11-13,Dominican Republic,Punta Cana,Business Consultant,218,Student,Active,2025-09-23 11:30:12,2025-11-15 11:30:12
3168,4866,Benjamín Querol,maria-del-carmenguijarro@example.org,F,1978-12-05,Dominican Republic,La Romana,Architect,151,Corporate,Active,2026-05-28 22:50:35,2026-06-14 22:50:35
3169,4867,Modesta Bayón,gbueno@example.net,M,1986-11-02,Dominican Republic,La Romana,Financial Analyst,289,Student,Active,2024-05-25 09:06:18,2024-07-14 09:06:18
3170,4869,Prudencia Falcón,isidora03@example.com,F,1992-04-19,Dominican Republic,La Romana,Accountant,97,Student,Active,2022-03-10 06:06:30,2022-05-16 06:06:30
3171,4871,Obdulia Cerro,alcarazluciano@example.com,M,1993-02-17,Dominican Republic,Santo Domingo,Business Consultant,140,Corporate,Active,2022-08-20 02:32:49,2022-10-10 02:32:49
3172,4873,Vidal Martín,marcrosado@example.net,F,1984-09-18,Dominican Republic,Santiago,Software Engineer,72,Student,Active,2025-08-07 03:24:35,2025-10-25 03:24:35
3173,4874,Jose Francisco Colom,serafina50@example.com,F,2007-09-07,Dominican Republic,San Pedro de Macorís,Lawyer,115,Student,Active,2024-04-29 00:28:25,2024-06-27 00:28:25
3174,4875,Perlita Cañizares,naranjolilia@example.org,M,1988-08-12,Dominican Republic,Santiago,Financial Analyst,34,Corporate,Active,2025-04-14 02:39:53,2025-05-20 02:39:53
3175,4876,Etelvina Carretero,amadosanjuan@example.org,M,2006-05-16,Dominican Republic,San Pedro de Macorís,Data Analyst,262,Individual,Active,2021-10-27 18:10:39,2021-11-29 18:10:39
3176,4877,Ester Ojeda,oalsina@example.com,M,1999-03-10,Dominican Republic,Puerto Plata,Data Analyst,140,Honorary,Active,2024-04-05 05:45:59,2024-05-27 05:45:59
3177,4878,Aitor Cabeza,rjodar@example.com,M,1990-05-06,Dominican Republic,La Romana,Marketing Specialist,250,Student,Active,2024-04-23 07:46:53,2024-06-12 07:46:53
3178,4879,Juliana Salom,salvadorjuan-jose@example.com,F,1981-11-02,Dominican Republic,Santiago,Architect,240,Honorary,Active,2021-10-25 22:12:09,2021-12-01 22:12:09
3179,4880,Maxi Juliá,pardovera@example.org,M,2005-12-06,Dominican Republic,Santo Domingo,Accountant,237,Honorary,Active,2024-09-04 17:37:11,2024-11-17 17:37:11
3180,4881,Águeda Moreno,ztome@example.com,F,1975-11-09,Dominican Republic,Punta Cana,Lawyer,111,Corporate,Active,2026-04-30 16:43:48,2026-07-05 16:43:48
3181,4882,Miriam Dávila,caroluisina@example.com,F,1997-07-05,Dominican Republic,Puerto Plata,Financial Analyst,274,Student,Active,2025-10-09 00:04:14,2025-11-12 00:04:14
3182,4883,Nerea Molina,andres-felipeamador@example.org,F,1983-02-25,Dominican Republic,Punta Cana,Software Engineer,164,Student,Active,2023-09-21 11:48:05,2023-10-17 11:48:05
3183,4885,Baldomero Ponce,kaliaga@example.org,F,2004-03-17,Dominican Republic,Punta Cana,Data Analyst,62,Corporate,Active,2023-09-13 06:03:21,2023-10-28 06:03:21
3184,4887,Augusto Alcalde,marinanselmo@example.org,F,1985-06-29,Dominican Republic,Puerto Plata,Accountant,261,Honorary,Active,2025-01-14 14:10:35,2025-03-13 14:10:35
3185,4888,José Manuel Palmer,estrella76@example.net,F,2002-06-22,Dominican Republic,Punta Cana,Civil Engineer,245,Honorary,Active,2023-04-30 05:06:10,2023-06-18 05:06:10
3186,4890,Custodia Cifuentes,ruy62@example.com,F,1990-08-14,Dominican Republic,San Pedro de Macorís,Civil Engineer,128,Corporate,Active,2025-02-13 18:03:25,2025-03-17 18:03:25
3187,4891,Benito Blanco,bernardaariza@example.net,F,1991-07-16,Dominican Republic,San Pedro de Macorís,Financial Analyst,234,Student,Active,2024-05-08 02:41:19,2024-06-05 02:41:19
3188,4892,Mamen Bernad,vendrelldani@example.org,M,1998-03-30,Dominican Republic,Punta Cana,Marketing Specialist,133,Honorary,Active,2022-06-10 04:43:57,2022-07-15 04:43:57
3189,4894,Quirino Murcia,mendezjose-angel@example.org,F,1987-01-13,Dominican Republic,Santiago,Marketing Specialist,185,Honorary,Active,2021-09-18 09:18:20,2021-10-31 09:18:20
3190,4895,Valentín Bejarano,ejerez@example.net,M,1990-04-04,Dominican Republic,San Pedro de Macorís,Financial Analyst,65,Corporate,Active,2023-11-13 09:29:36,2024-01-10 09:29:36
3191,4896,Alicia Tomé,xfabregat@example.org,F,1996-10-27,Dominican Republic,La Romana,Architect,42,Honorary,Active,2021-11-14 08:28:37,2021-12-21 08:28:37
3192,4897,Jessica Granados,juanitahuertas@example.org,M,1995-05-25,Dominican Republic,San Francisco de Macorís,Marketing Specialist,280,Individual,Active,2025-06-07 04:47:42,2025-07-16 04:47:42
3193,4900,Lorenzo Pavón,josemendez@example.org,F,2007-07-25,Dominican Republic,San Francisco de Macorís,Software Engineer,19,Honorary,Active,2026-02-22 04:06:44,2026-05-04 04:06:44
3194,4901,Javier Esteve,borjaroberta@example.org,F,2004-12-03,Dominican Republic,San Francisco de Macorís,Accountant,191,Student,Active,2025-04-22 17:36:45,2025-05-31 17:36:45
3195,4903,Mercedes Seco,consuelo14@example.com,M,1993-07-27,Dominican Republic,Puerto Plata,Lawyer,135,Honorary,Active,2024-02-18 09:55:11,2024-05-12 09:55:11
3196,4904,Alex Adadia,rodrigo58@example.com,M,2006-01-19,Dominican Republic,Puerto Plata,Business Consultant,203,Individual,Active,2024-12-23 07:47:45,2025-02-04 07:47:45
3197,4905,Joel Cortes,charo87@example.net,M,1976-02-25,Dominican Republic,San Francisco de Macorís,Architect,280,Corporate,Active,2025-08-02 04:46:49,2025-09-22 04:46:49
3198,4906,Maricruz Hervás,qpuerta@example.net,M,1998-06-12,Dominican Republic,Santiago,Lawyer,181,Corporate,Active,2025-08-04 12:42:38,2025-10-05 12:42:38
3199,4907,Silvio Iñiguez,cfuster@example.net,M,1977-01-25,Dominican Republic,San Pedro de Macorís,Business Consultant,186,Honorary,Active,2024-04-07 17:59:29,2024-05-15 17:59:29
3200,4908,Jose Ramón Lledó,pascualcanton@example.net,F,1978-12-01,Dominican Republic,Puerto Plata,Financial Analyst,106,Honorary,Active,2026-02-09 01:14:55,2026-04-02 01:14:55
3201,4909,Wálter Casado,icastaneda@example.net,F,1990-09-19,Dominican Republic,San Francisco de Macorís,Architect,277,Student,Active,2024-02-21 02:12:03,2024-03-31 02:12:03
3202,4911,Marisa Barceló,carrenoeliana@example.org,M,2005-12-13,Dominican Republic,La Romana,Marketing Specialist,119,Honorary,Active,2024-08-19 19:37:40,2024-09-20 19:37:40
3203,4912,Fernando Pintor,edmundo59@example.net,F,1997-08-07,Dominican Republic,Puerto Plata,Civil Engineer,58,Individual,Active,2023-04-28 18:40:38,2023-06-30 18:40:38
3204,4915,Macarena Garcia,ctoro@example.net,M,1985-11-02,Dominican Republic,Puerto Plata,Civil Engineer,61,Corporate,Active,2023-11-22 13:27:00,2023-12-04 13:27:00
3205,4916,Milagros Salinas,hteruel@example.com,F,1976-09-08,Dominican Republic,La Romana,Data Analyst,17,Individual,Active,2024-07-21 18:56:08,2024-08-31 18:56:08
3206,4917,Noa Sanjuan,ibaquero@example.com,M,2007-11-28,Dominican Republic,Puerto Plata,Accountant,70,Corporate,Active,2021-09-08 06:01:44,2021-10-15 06:01:44
3207,4919,Felicidad Montes,imorante@example.com,F,1988-10-11,Dominican Republic,Santo Domingo,Architect,88,Individual,Active,2023-05-17 00:44:06,2023-06-16 00:44:06
3208,4922,Jenny Llabrés,abrahammugica@example.org,M,1994-10-06,Dominican Republic,Punta Cana,Software Engineer,227,Corporate,Active,2024-06-08 08:47:26,2024-07-25 08:47:26
3209,4923,Ildefonso Agustín,ecueto@example.net,M,1991-07-11,Dominican Republic,Santiago,Accountant,67,Honorary,Active,2022-08-23 16:21:02,2022-09-21 16:21:02
3210,4924,Belén Clavero,kporcel@example.com,F,1998-05-27,Dominican Republic,Punta Cana,Civil Engineer,185,Individual,Active,2025-11-06 06:16:01,2025-12-25 06:16:01
3211,4926,Olga Quintana,guitartsebastian@example.com,F,2003-02-14,Dominican Republic,San Francisco de Macorís,Financial Analyst,6,Individual,Active,2026-02-16 03:44:27,2026-04-03 03:44:27
3212,4931,Cintia Barón,porrasguadalupe@example.net,F,1990-02-07,Dominican Republic,Santiago,Data Analyst,112,Corporate,Active,2024-05-15 04:02:44,2024-06-14 04:02:44
3213,4932,Alfredo Sotelo,olegarioecheverria@example.com,F,1976-10-03,Dominican Republic,San Pedro de Macorís,Accountant,230,Honorary,Active,2022-05-17 09:39:26,2022-07-12 09:39:26
3214,4934,Etelvina Vergara,horaciobaeza@example.com,M,1998-04-28,Dominican Republic,Santo Domingo,Civil Engineer,196,Honorary,Active,2021-12-03 15:38:37,2022-02-08 15:38:37
3215,4936,Epifanio Gallardo,omari@example.org,F,2003-10-23,Dominican Republic,Puerto Plata,Financial Analyst,148,Corporate,Active,2025-03-17 06:27:47,2025-04-16 06:27:47
3216,4938,Josefina Pinilla,vilma99@example.org,F,1979-07-18,Dominican Republic,Santo Domingo,Project Manager,70,Corporate,Active,2023-01-06 18:33:30,2023-02-27 18:33:30
3217,4940,Candela Cortés,qbusquets@example.com,F,2006-08-28,Dominican Republic,La Romana,Business Consultant,270,Corporate,Active,2024-07-27 08:25:25,2024-09-22 08:25:25
3218,4942,Pascuala Gual,pedreroelisa@example.com,M,1990-03-27,Dominican Republic,San Francisco de Macorís,Business Consultant,195,Student,Active,2025-03-18 21:02:00,2025-05-01 21:02:00
3219,4943,Flavia Izaguirre,isaacmanrique@example.org,F,1994-07-02,Dominican Republic,San Francisco de Macorís,Project Manager,43,Individual,Active,2023-04-20 02:53:24,2023-06-02 02:53:24
3220,4945,Rogelio Herrera,ptello@example.com,M,1996-11-21,Dominican Republic,Punta Cana,Data Analyst,220,Individual,Active,2026-03-17 22:34:46,2026-05-16 22:34:46
3221,4946,Eva María Morata,herviaagapito@example.net,M,1981-08-18,Dominican Republic,Santo Domingo,Financial Analyst,95,Student,Active,2025-05-07 02:07:22,2025-07-01 02:07:22
3222,4948,Salvador Cuadrado,arturo55@example.org,M,1980-11-25,Dominican Republic,San Pedro de Macorís,Project Manager,118,Individual,Active,2025-02-21 09:59:30,2025-04-25 09:59:30
3223,4949,Vicente Coello,rosalva48@example.org,F,1999-01-15,Dominican Republic,Santo Domingo,Architect,67,Corporate,Active,2025-06-29 20:05:44,2025-08-27 20:05:44
3224,4951,Serafina Zurita,rosalinda91@example.org,F,2004-08-14,Dominican Republic,San Pedro de Macorís,Accountant,146,Student,Active,2026-01-04 11:19:10,2026-02-15 11:19:10
3225,4953,Modesta Pla,azorinmacario@example.org,F,1990-08-09,Dominican Republic,Puerto Plata,Project Manager,229,Individual,Active,2024-10-04 05:41:26,2024-12-05 05:41:26
3226,4956,Epifanio Alfaro,alex41@example.net,F,2006-01-03,Dominican Republic,San Francisco de Macorís,Business Consultant,133,Student,Active,2021-08-07 04:29:36,2021-09-12 04:29:36
3227,4957,Édgar Calatayud,canizaresdulce@example.com,F,1984-01-05,Dominican Republic,Punta Cana,Software Engineer,180,Honorary,Active,2023-08-24 12:38:01,2023-09-09 12:38:01
3228,4959,Lupe Priego,nereidapallares@example.com,F,1976-07-19,Dominican Republic,San Francisco de Macorís,Marketing Specialist,141,Student,Active,2022-03-15 18:21:21,2022-04-21 18:21:21
3229,4960,Dafne Gallego,hugo11@example.org,M,2005-07-19,Dominican Republic,Santo Domingo,Software Engineer,54,Honorary,Active,2022-07-02 01:19:02,2022-07-16 01:19:02
3230,4961,Loida Morales,rafael67@example.org,F,2008-01-01,Dominican Republic,Puerto Plata,Marketing Specialist,177,Honorary,Active,2022-04-24 03:54:46,2022-06-23 03:54:46
3231,4962,Odalis Gilabert,sbarcelo@example.org,F,2000-02-28,Dominican Republic,Punta Cana,Business Consultant,175,Corporate,Active,2022-02-02 07:25:17,2022-03-22 07:25:17
3232,4964,Amaro Valero,adolfoesteban@example.org,F,1999-07-16,Dominican Republic,La Romana,Business Consultant,111,Honorary,Active,2025-04-26 23:55:44,2025-06-12 23:55:44
3233,4965,Ignacio Santana,jonatanteruel@example.net,M,1997-12-13,Dominican Republic,Santiago,Financial Analyst,229,Individual,Active,2021-11-28 02:01:24,2022-01-23 02:01:24
3234,4967,Carmelo Cruz,lucilajulian@example.org,F,1975-07-14,Dominican Republic,Puerto Plata,Accountant,122,Student,Active,2025-01-25 17:27:53,2025-02-18 17:27:53
3235,4968,Casemiro Gallardo,rnadal@example.net,F,1995-09-22,Dominican Republic,San Pedro de Macorís,Business Consultant,44,Individual,Active,2025-02-27 03:00:20,2025-04-24 03:00:20
3236,4970,Kike Iborra,candela04@example.com,F,1978-05-15,Dominican Republic,La Romana,Data Analyst,227,Corporate,Active,2022-01-28 18:33:06,2022-03-11 18:33:06
3237,4971,Paula Anguita,mateonorberto@example.org,M,1978-05-08,Dominican Republic,Puerto Plata,Lawyer,140,Honorary,Active,2024-03-20 17:38:42,2024-05-16 17:38:42
3238,4972,Margarita Herrera,capdevilaconcha@example.com,M,1996-04-29,Dominican Republic,La Romana,Data Analyst,199,Individual,Active,2024-12-27 06:17:28,2025-02-27 06:17:28
3239,4973,Bautista Corbacho,mramis@example.org,F,2002-09-16,Dominican Republic,Santiago,Accountant,249,Corporate,Active,2023-11-11 20:45:26,2023-12-06 20:45:26
3240,4975,José María Vallés,renato25@example.com,F,1987-06-08,Dominican Republic,La Romana,Project Manager,162,Honorary,Active,2021-08-08 01:15:33,2021-09-29 01:15:33
3241,4976,Pilar Llano,gastonmenendez@example.com,M,2004-12-15,Dominican Republic,San Francisco de Macorís,Financial Analyst,70,Individual,Active,2023-10-02 04:36:48,2023-11-13 04:36:48
3242,4978,Severino Canals,qnebot@example.org,M,2000-08-30,Dominican Republic,La Romana,Accountant,284,Student,Active,2025-12-09 13:05:00,2026-02-04 13:05:00
3243,4979,Feliciano Valenzuela,ycanales@example.org,F,1985-09-27,Dominican Republic,San Francisco de Macorís,Lawyer,241,Honorary,Active,2026-04-23 19:13:24,2026-06-17 19:13:24
3244,4980,Celestina Caballero,xbaquero@example.net,F,1976-03-30,Dominican Republic,Santiago,Lawyer,265,Student,Active,2022-03-05 11:37:03,2022-03-22 11:37:03
3245,4981,Clementina Valera,paulino70@example.net,F,1981-04-29,Dominican Republic,Puerto Plata,Data Analyst,20,Student,Active,2024-12-11 21:06:58,2025-02-02 21:06:58
3246,4983,Ciriaco Martínez,margarita29@example.com,F,2001-08-01,Dominican Republic,San Francisco de Macorís,Project Manager,262,Individual,Active,2022-10-06 19:53:20,2022-11-26 19:53:20
3247,4986,Haydée Vigil,aelorza@example.net,M,1984-02-08,Dominican Republic,Puerto Plata,Project Manager,129,Student,Active,2025-04-23 16:54:41,2025-06-25 16:54:41
3248,4987,Armando Marcos,jose-manuelbarros@example.com,M,2000-03-20,Dominican Republic,Puerto Plata,Data Analyst,193,Individual,Active,2026-04-29 00:42:57,2026-06-17 00:42:57
3249,4988,Graciela Vazquez,marinoeutimio@example.org,F,1990-09-05,Dominican Republic,San Pedro de Macorís,Project Manager,54,Corporate,Active,2024-10-12 18:53:24,2024-11-28 18:53:24
3250,4989,Georgina Bermudez,calarcon@example.com,M,1993-09-23,Dominican Republic,Puerto Plata,Financial Analyst,71,Corporate,Active,2022-03-12 05:26:55,2022-05-05 05:26:55
3251,4991,Hilda Gonzalez,aposada@example.net,F,1979-02-04,Dominican Republic,Santiago,Civil Engineer,81,Individual,Active,2021-12-07 15:52:07,2022-01-27 15:52:07
3252,4992,Matías Infante,segoviamiguela@example.org,M,1986-07-02,Dominican Republic,Santo Domingo,Software Engineer,271,Individual,Active,2021-11-07 19:05:05,2022-01-16 19:05:05
3253,4993,Ambrosio Urrutia,falcala@example.net,F,2003-10-30,Dominican Republic,San Pedro de Macorís,Software Engineer,15,Individual,Active,2025-06-02 19:29:46,2025-07-24 19:29:46
3254,4994,Pablo Cantero,adantrini@example.com,M,2006-07-31,Dominican Republic,Santiago,Lawyer,104,Honorary,Active,2025-07-22 19:49:45,2025-08-28 19:49:45
3255,4997,Amarilis Castro,cuervonazaret@example.org,M,1994-05-09,Dominican Republic,Santiago,Software Engineer,248,Student,Active,2023-07-06 00:15:38,2023-08-23 00:15:38
3256,4998,Marcelino Carpio,hernan09@example.org,F,1979-04-19,Dominican Republic,Santo Domingo,Marketing Specialist,194,Individual,Active,2024-08-12 08:37:40,2024-09-13 08:37:40
