application_id,applicant_name,email,birth_date,profession,company_id,country,city,application_type,status,submitted_at,source_channel
0,Cleto Galván,penaelisa@example.net,2008-05-19,Accountant,119,Dominican Republic,San Pedro de Macorís,Honorary,Approved,2023-11-29 17:04:05,Walk-in
1,Amalia Sáenz,elisabet65@example.com,1998-11-05,Marketing Specialist,35,Dominican Republic,Punta Cana,Honorary,Approved,2024-07-26 16:37:22,Walk-in
2,Maxi Heras,graciela66@example.net,1977-08-05,Lawyer,179,Dominican Republic,Santiago,Student,Approved,2024-09-04 22:22:41,Event
3,Samanta Murillo,aceroyago@example.net,1989-04-26,Accountant,154,Dominican Republic,San Francisco de Macorís,Student,Pending Payment,2022-10-31 05:17:33,Walk-in
4,Amancio Casado,juana35@example.com,1996-09-07,Marketing Specialist,24,Dominican Republic,San Pedro de Macorís,Honorary,Submitted,2025-09-10 04:21:07,Website
5,Aránzazu Reyes,abrahammontserrat@example.org,1997-03-18,Project Manager,149,Dominican Republic,Santo Domingo,Individual,Withdrawn,2024-09-17 21:47:29,Event
6,Samanta Arroyo,irene73@example.net,1992-02-18,Architect,163,Dominican Republic,Santo Domingo,Corporate,Rejected,2025-01-20 01:23:37,Walk-in
7,Mamen Bertrán,tiburcio71@example.net,1988-09-27,Data Analyst,89,Dominican Republic,Santo Domingo,Honorary,Approved,2024-02-24 18:55:32,Email Campaign
8,Elvira Ferrero,ruthvina@example.net,2002-05-08,Civil Engineer,19,Dominican Republic,Puerto Plata,Student,Rejected,2025-12-10 15:20:53,Event
9,Amílcar Castell,tbonet@example.net,1994-04-26,Civil Engineer,44,Dominican Republic,Punta Cana,Corporate,Approved,2025-08-15 02:16:20,Referral
10,Florentino Salmerón,toledogloria@example.net,1983-11-04,Financial Analyst,181,Dominican Republic,San Francisco de Macorís,Student,Rejected,2023-09-20 20:51:11,Website
11,Héctor Donaire,camachotrinidad@example.net,1976-08-22,Marketing Specialist,219,Dominican Republic,Santiago,Honorary,Approved,2023-01-05 14:55:21,Walk-in
12,Úrsula Morera,olozano@example.net,1984-05-30,Lawyer,149,Dominican Republic,San Francisco de Macorís,Honorary,Approved,2025-09-13 14:35:20,Email Campaign
13,Tomasa Casal,agatatellez@example.org,2002-09-18,Accountant,146,Dominican Republic,Santiago,Corporate,Rejected,2024-06-24 18:21:51,Referral
14,Salomé Goicoechea,novoarene@example.net,2000-12-04,Accountant,48,Dominican Republic,San Pedro de Macorís,Student,Rejected,2024-11-23 12:50:19,Email Campaign
15,Francisca Rueda,jacintojove@example.org,1985-07-19,Financial Analyst,181,Dominican Republic,Punta Cana,Honorary,Approved,2022-05-25 04:50:04,Referral
16,Dani Borrell,manu93@example.net,2007-09-12,Financial Analyst,69,Dominican Republic,Puerto Plata,Student,Approved,2022-08-21 12:25:19,Event
17,Constanza Pedro,reynamillan@example.com,1995-04-11,Business Consultant,149,Dominican Republic,San Pedro de Macorís,Student,Approved,2021-08-31 00:04:19,Walk-in
18,María Barrio,rebecapons@example.com,1986-07-10,Financial Analyst,205,Dominican Republic,San Pedro de Macorís,Student,Approved,2024-10-02 21:03:53,Walk-in
19,Nayara Cases,custodioprats@example.org,1993-12-17,Financial Analyst,69,Dominican Republic,Santo Domingo,Individual,Approved,2025-07-26 19:56:46,Email Campaign
20,Maximiano Coca,pilar37@example.net,1991-02-26,Business Consultant,125,Dominican Republic,Punta Cana,Honorary,Approved,2022-11-26 19:44:45,Referral
21,Eliana Luque,margaritaaramburu@example.net,1986-07-16,Financial Analyst,51,Dominican Republic,Punta Cana,Student,Approved,2024-04-11 11:31:43,Event
22,Ani Casal,regina97@example.net,2003-11-04,Lawyer,153,Dominican Republic,La Romana,Individual,Approved,2023-06-26 23:02:59,Website
23,Ana Belén Manuel,zbarral@example.com,1980-11-03,Project Manager,203,Dominican Republic,Santiago,Corporate,Approved,2023-06-11 03:21:51,Walk-in
24,Regina Gomila,escamillarocio@example.com,2000-05-24,Accountant,85,Dominican Republic,Punta Cana,Individual,Approved,2024-12-25 02:13:34,Referral
25,Marcelino Cuervo,pozanicolas@example.com,1998-09-17,Marketing Specialist,102,Dominican Republic,San Francisco de Macorís,Student,Pending Payment,2025-09-04 15:47:19,Walk-in
26,Pablo Posada,hbello@example.net,1985-04-11,Software Engineer,88,Dominican Republic,San Francisco de Macorís,Honorary,Approved,2024-01-20 01:30:22,Walk-in
27,Josefina Ferrero,icabanillas@example.com,2001-03-29,Data Analyst,153,Dominican Republic,Puerto Plata,Corporate,Approved,2022-02-09 22:38:25,Referral
28,Remedios Mateu,kcespedes@example.org,1990-09-06,Business Consultant,208,Dominican Republic,San Pedro de Macorís,Student,Rejected,2025-10-02 16:22:34,Walk-in
29,Lupe Coca,isaiasferran@example.net,1997-10-21,Accountant,191,Dominican Republic,Santo Domingo,Individual,Approved,2021-09-23 03:53:02,Email Campaign
30,Porfirio Cal,renatoroldan@example.net,2004-04-13,Software Engineer,227,Dominican Republic,San Francisco de Macorís,Individual,Approved,2023-01-30 10:31:26,Referral
31,Ángeles Barbero,pagesainoa@example.org,2007-10-20,Project Manager,29,Dominican Republic,Santo Domingo,Individual,Rejected,2022-02-04 19:31:09,Event
32,Desiderio Villalba,dorita62@example.net,2000-03-25,Accountant,27,Dominican Republic,Punta Cana,Individual,Approved,2025-01-31 22:53:25,Event
33,Jose Ignacio Aragón,hernandoregulo@example.com,1985-12-11,Data Analyst,7,Dominican Republic,Santo Domingo,Corporate,Approved,2023-02-12 16:28:39,Email Campaign
34,Fortunata Perez,silvarosaura@example.net,1988-08-24,Project Manager,250,Dominican Republic,Santo Domingo,Honorary,Approved,2023-12-28 20:30:34,Email Campaign
35,Evelia Salgado,aitor11@example.org,1979-10-19,Software Engineer,56,Dominican Republic,San Francisco de Macorís,Student,Approved,2025-10-23 17:41:07,Website
36,Felipa Vergara,alonsotena@example.com,1999-04-02,Marketing Specialist,270,Dominican Republic,Santiago,Honorary,Under Review,2022-06-15 13:18:52,Referral
37,Narcisa Escrivá,ptome@example.net,1990-05-27,Software Engineer,200,Dominican Republic,Punta Cana,Student,Approved,2024-03-09 18:29:52,Event
38,Concha Casares,morellbernardo@example.net,2006-07-28,Software Engineer,289,Dominican Republic,Santiago,Student,Rejected,2026-03-22 18:38:40,Walk-in
39,Gil Ramirez,pradacayetana@example.net,2002-04-21,Lawyer,55,Dominican Republic,San Pedro de Macorís,Corporate,Approved,2026-02-27 17:06:54,Email Campaign
40,Amaya Bartolomé,galangenoveva@example.org,1981-10-17,Financial Analyst,216,Dominican Republic,La Romana,Student,Approved,2023-03-07 20:01:53,Walk-in
41,Adelardo Salvador,donato02@example.net,1982-08-30,Lawyer,52,Dominican Republic,Santiago,Student,Approved,2023-01-08 15:37:23,Website
42,Chucho Jerez,blazquezedelmiro@example.net,1985-10-21,Lawyer,17,Dominican Republic,Santiago,Corporate,Approved,2024-09-28 07:53:09,Event
43,Candelas Duarte,pabad@example.com,1977-03-20,Project Manager,201,Dominican Republic,San Francisco de Macorís,Corporate,Under Review,2026-01-25 15:23:48,Email Campaign
44,Verónica Marcos,kchaves@example.com,1999-04-19,Architect,288,Dominican Republic,Punta Cana,Corporate,Approved,2024-04-24 01:07:02,Website
45,Azeneth Ortuño,javieracabeza@example.net,2003-07-16,Marketing Specialist,237,Dominican Republic,Punta Cana,Corporate,Approved,2022-01-11 18:38:21,Walk-in
46,Jordi Arco,erasmomari@example.org,2008-03-22,Data Analyst,58,Dominican Republic,Santo Domingo,Student,Withdrawn,2022-10-16 18:11:18,Referral
47,Eligia Garzón,leopoldo29@example.com,1978-03-06,Marketing Specialist,168,Dominican Republic,San Pedro de Macorís,Individual,Approved,2026-04-30 02:35:55,Referral
48,José Mari Juliá,zcardenas@example.com,1978-06-24,Business Consultant,265,Dominican Republic,San Francisco de Macorís,Honorary,Approved,2023-10-24 11:54:12,Email Campaign
49,Inmaculada Roig,blancafrias@example.org,1997-01-25,Software Engineer,70,Dominican Republic,San Pedro de Macorís,Individual,Approved,2023-12-10 18:48:38,Website
50,Evita Fernández,cintia89@example.org,1989-12-04,Lawyer,91,Dominican Republic,San Pedro de Macorís,Corporate,Approved,2022-12-15 16:03:49,Walk-in
51,Maximiano Roura,mamo@example.org,1978-04-14,Project Manager,117,Dominican Republic,La Romana,Honorary,Approved,2023-12-13 00:54:42,Website
52,Edelmiro Canet,vbatalla@example.net,1978-09-03,Accountant,191,Dominican Republic,San Pedro de Macorís,Honorary,Approved,2024-09-26 00:41:44,Walk-in
53,Virginia Múgica,esteban34@example.org,1978-12-24,Financial Analyst,261,Dominican Republic,Santiago,Honorary,Approved,2024-11-09 13:42:09,Event
54,Iván Pinedo,casalgabino@example.net,2000-06-05,Data Analyst,75,Dominican Republic,San Francisco de Macorís,Honorary,Approved,2024-04-04 04:54:21,Website
55,Dionisia Tovar,angelpaco@example.net,1995-02-11,Financial Analyst,95,Dominican Republic,Santiago,Individual,Rejected,2024-01-18 22:06:51,Event
56,Carmen Linares,asensiofrancisco@example.com,2007-11-07,Civil Engineer,36,Dominican Republic,La Romana,Honorary,Approved,2024-12-18 02:51:43,Walk-in
57,Gerardo Ochoa,ltapia@example.org,1984-06-17,Civil Engineer,21,Dominican Republic,Santo Domingo,Student,Approved,2021-09-24 07:05:49,Website
58,Jacinta Vilanova,gemacases@example.org,1988-07-14,Software Engineer,17,Dominican Republic,Punta Cana,Individual,Approved,2023-12-04 11:27:35,Email Campaign
59,Balduino Pellicer,ireneripoll@example.net,1991-03-23,Software Engineer,190,Dominican Republic,Santo Domingo,Corporate,Approved,2023-03-17 16:10:38,Event
60,Valentín Otero,svalles@example.com,2008-01-22,Civil Engineer,21,Dominican Republic,Punta Cana,Corporate,Withdrawn,2025-04-15 19:23:27,Referral
61,Azahar Granados,fabiola14@example.com,2001-11-12,Civil Engineer,270,Dominican Republic,La Romana,Corporate,Approved,2024-04-23 10:16:07,Email Campaign
62,Ramona Bosch,benitezluna@example.org,2007-10-18,Business Consultant,284,Dominican Republic,San Pedro de Macorís,Student,Withdrawn,2022-06-12 16:44:33,Event
63,Fito Barceló,maciascasandra@example.com,2003-02-24,Marketing Specialist,149,Dominican Republic,Puerto Plata,Individual,Approved,2021-09-28 00:22:02,Event
64,Teobaldo Verdugo,alexandravalenciano@example.net,1998-12-16,Data Analyst,268,Dominican Republic,Santo Domingo,Honorary,Rejected,2026-03-06 22:13:56,Walk-in
65,José Casanovas,nalcala@example.org,2006-08-22,Architect,192,Dominican Republic,San Pedro de Macorís,Student,Submitted,2021-09-17 10:30:54,Event
66,Lidia Rodríguez,jose-ignacio89@example.org,1996-04-24,Marketing Specialist,287,Dominican Republic,Santo Domingo,Student,Approved,2025-06-19 16:50:06,Event
67,Florentino Zabaleta,gabinobenavides@example.com,2004-03-16,Lawyer,151,Dominican Republic,San Pedro de Macorís,Individual,Withdrawn,2022-10-13 23:53:05,Referral
68,Aroa Osuna,rocamoraana-sofia@example.com,1981-06-12,Data Analyst,85,Dominican Republic,Punta Cana,Individual,Approved,2024-10-28 12:57:51,Walk-in
69,Daniel Neira,pazcarranza@example.com,1985-10-29,Data Analyst,203,Dominican Republic,Punta Cana,Honorary,Approved,2025-10-04 19:18:07,Email Campaign
70,Lázaro Landa,abilioprada@example.org,2007-01-20,Financial Analyst,73,Dominican Republic,La Romana,Individual,Approved,2024-03-29 19:55:32,Referral
71,Úrsula Villalba,sierratecla@example.net,2004-07-05,Project Manager,213,Dominican Republic,Punta Cana,Corporate,Approved,2025-10-20 18:42:02,Website
72,Baudelio Pagès,seguinando@example.com,1987-09-09,Business Consultant,93,Dominican Republic,San Francisco de Macorís,Corporate,Rejected,2022-07-24 17:38:45,Event
73,Adelardo Olmo,samupacheco@example.org,1979-02-04,Civil Engineer,250,Dominican Republic,Santiago,Individual,Approved,2025-04-25 05:58:30,Walk-in
74,Amparo Figueroa,angelaroa@example.org,1989-08-15,Business Consultant,164,Dominican Republic,Punta Cana,Individual,Submitted,2022-09-14 13:17:28,Email Campaign
75,Xiomara Torrent,cortesmaria-jose@example.net,1984-02-27,Civil Engineer,184,Dominican Republic,San Pedro de Macorís,Individual,Pending Payment,2023-07-29 05:47:49,Walk-in
76,Adoración Prats,marcelino56@example.org,1993-11-24,Business Consultant,236,Dominican Republic,Punta Cana,Student,Withdrawn,2023-12-11 00:55:29,Email Campaign
77,César Ródenas,icaceres@example.com,2001-01-24,Business Consultant,175,Dominican Republic,Punta Cana,Student,Approved,2025-05-05 01:19:44,Website
78,Adelardo Palomar,danfalco@example.com,1977-01-06,Civil Engineer,196,Dominican Republic,La Romana,Individual,Approved,2022-10-15 02:50:32,Referral
79,Ruperto Robledo,valentina02@example.net,1982-06-01,Business Consultant,123,Dominican Republic,San Francisco de Macorís,Individual,Approved,2025-09-22 21:44:19,Referral
80,Graciela Larrañaga,robledoamaya@example.net,1992-07-04,Lawyer,115,Dominican Republic,La Romana,Corporate,Rejected,2022-09-25 17:04:53,Website
81,Moreno Pulido,hcatala@example.org,2002-08-14,Project Manager,194,Dominican Republic,San Francisco de Macorís,Student,Pending Payment,2021-10-30 12:08:14,Website
82,Edmundo Cortés,angelita03@example.org,1998-09-22,Project Manager,41,Dominican Republic,San Francisco de Macorís,Corporate,Approved,2024-07-23 18:47:46,Referral
83,Timoteo Aguiló,stenorio@example.com,1992-03-06,Software Engineer,159,Dominican Republic,Santo Domingo,Honorary,Approved,2022-05-09 11:07:38,Email Campaign
84,María Romeu,esmeraldacorominas@example.net,1993-01-15,Financial Analyst,88,Dominican Republic,Santo Domingo,Corporate,Rejected,2023-03-29 08:13:25,Referral
85,Josep Lucas,lagojuanita@example.org,1998-04-26,Business Consultant,31,Dominican Republic,Punta Cana,Student,Approved,2025-04-20 03:19:24,Email Campaign
86,Heliodoro Sáez,vallesemiliana@example.org,1982-01-24,Lawyer,156,Dominican Republic,Punta Cana,Corporate,Approved,2022-11-30 20:44:10,Email Campaign
87,Jenaro Carreño,salvadorarenas@example.com,1982-03-09,Accountant,76,Dominican Republic,San Francisco de Macorís,Corporate,Approved,2022-11-23 01:03:27,Event
88,Teodosio Alemán,ciriacoazcona@example.com,1989-07-03,Business Consultant,61,Dominican Republic,Punta Cana,Honorary,Rejected,2026-02-11 19:36:10,Walk-in
89,Mariano Guardia,nicodemorojas@example.com,1977-09-25,Civil Engineer,280,Dominican Republic,Punta Cana,Corporate,Approved,2025-12-26 21:06:24,Referral
90,Teófilo Aznar,damian45@example.com,2007-09-25,Architect,70,Dominican Republic,San Pedro de Macorís,Honorary,Approved,2024-08-20 09:11:56,Event
91,Leonor Ripoll,miguelasenjo@example.org,1977-01-14,Financial Analyst,155,Dominican Republic,Santiago,Student,Rejected,2021-08-27 10:52:35,Walk-in
92,Baldomero Montoya,luchosuarez@example.com,2006-07-23,Marketing Specialist,87,Dominican Republic,San Pedro de Macorís,Student,Approved,2022-07-04 20:15:04,Event
93,Tomás Esteban,amparo55@example.com,1979-06-11,Business Consultant,144,Dominican Republic,Santiago,Student,Approved,2022-06-22 19:20:56,Website
94,Haydée Alcalde,natanaelpalomo@example.net,2003-03-17,Marketing Specialist,200,Dominican Republic,La Romana,Corporate,Approved,2024-09-21 13:43:48,Event
95,Manuelita Ángel,jordan43@example.net,1988-09-17,Civil Engineer,116,Dominican Republic,San Pedro de Macorís,Student,Rejected,2022-05-23 19:20:31,Walk-in
96,Susana Camino,evacarreno@example.org,1995-08-09,Lawyer,125,Dominican Republic,Santo Domingo,Student,Approved,2023-04-09 10:40:22,Walk-in
97,Guadalupe Salinas,benavidescarina@example.net,1987-04-25,Business Consultant,267,Dominican Republic,Puerto Plata,Individual,Rejected,2024-03-19 10:37:31,Event
98,Luciana Sánchez,bibianacorral@example.org,1979-12-30,Project Manager,221,Dominican Republic,Santiago,Individual,Approved,2023-04-13 09:36:15,Website
99,Silvio Iriarte,teresa57@example.net,2000-01-20,Accountant,209,Dominican Republic,La Romana,Honorary,Approved,2022-08-25 15:03:01,Walk-in
100,Visitación Rubio,tolosasimon@example.net,2007-05-03,Software Engineer,103,Dominican Republic,San Pedro de Macorís,Student,Approved,2025-12-08 06:08:31,Event
101,Morena Almeida,elenalledo@example.net,2008-07-25,Data Analyst,174,Dominican Republic,San Francisco de Macorís,Corporate,Pending Payment,2022-09-30 08:56:53,Website
102,Luis Miguel Arroyo,falconmanu@example.com,1992-06-27,Architect,159,Dominican Republic,San Francisco de Macorís,Honorary,Approved,2026-03-07 02:44:38,Website
103,Sabina Vilanova,dalmauurbano@example.net,1988-09-19,Marketing Specialist,286,Dominican Republic,Puerto Plata,Student,Approved,2024-12-20 05:49:57,Email Campaign
104,Salvador Llabrés,geronimoacevedo@example.org,1995-02-08,Lawyer,243,Dominican Republic,Santiago,Individual,Approved,2023-07-03 11:50:06,Website
105,Dora Agullo,tvara@example.net,1993-07-06,Project Manager,108,Dominican Republic,La Romana,Honorary,Submitted,2023-11-07 23:01:21,Event
106,Marcio Giménez,leandra48@example.org,1981-06-20,Lawyer,73,Dominican Republic,Punta Cana,Honorary,Rejected,2023-07-22 12:18:16,Referral
107,Artemio Gárate,anibal24@example.org,1984-11-05,Data Analyst,143,Dominican Republic,San Francisco de Macorís,Student,Approved,2022-02-01 20:31:19,Event
108,Felisa Ibarra,bienvenidacarmona@example.org,1997-09-19,Accountant,101,Dominican Republic,Punta Cana,Student,Approved,2024-08-09 07:33:05,Walk-in
109,Evelia Peinado,celso84@example.net,1980-03-11,Lawyer,247,Dominican Republic,La Romana,Corporate,Approved,2025-02-14 11:09:58,Website
110,Tomasa Mariño,baudelio05@example.org,2000-07-02,Civil Engineer,163,Dominican Republic,Santiago,Honorary,Approved,2024-01-11 18:05:52,Referral
111,Gabriel Jaén,caminolorenza@example.net,1999-01-22,Accountant,146,Dominican Republic,San Pedro de Macorís,Student,Approved,2024-11-24 13:28:49,Website
112,Francisca Jiménez,olgasalamanca@example.org,1986-09-05,Financial Analyst,29,Dominican Republic,Santiago,Student,Approved,2023-12-08 21:36:39,Website
113,Herminio Prats,victor-manuelguardiola@example.net,2000-05-10,Lawyer,29,Dominican Republic,Santo Domingo,Individual,Approved,2025-05-04 21:06:32,Event
114,Rafa Colomer,fbueno@example.org,1991-04-12,Marketing Specialist,240,Dominican Republic,Punta Cana,Honorary,Approved,2023-03-23 15:36:13,Email Campaign
115,Olalla Echeverría,clotildetrujillo@example.net,1981-10-14,Financial Analyst,220,Dominican Republic,San Francisco de Macorís,Honorary,Rejected,2024-01-19 01:39:29,Website
116,Alfonso Menéndez,soniaelias@example.com,1999-01-13,Software Engineer,213,Dominican Republic,Santiago,Student,Submitted,2023-04-01 09:52:40,Email Campaign
117,Buenaventura Clemente,roldanjose-luis@example.com,2006-07-31,Financial Analyst,280,Dominican Republic,San Francisco de Macorís,Corporate,Approved,2025-01-27 07:48:36,Email Campaign
118,Cornelio Zurita,luciaalbero@example.net,1979-01-15,Project Manager,247,Dominican Republic,San Pedro de Macorís,Honorary,Under Review,2024-11-11 19:19:35,Event
119,Rodrigo Almansa,alcaldemaria-carmen@example.net,2007-06-13,Lawyer,119,Dominican Republic,Santiago,Student,Approved,2022-01-08 16:24:30,Event
120,Eligio Hurtado,lealeric@example.net,1996-01-19,Project Manager,51,Dominican Republic,San Pedro de Macorís,Individual,Rejected,2021-10-06 17:18:58,Website
121,Mónica Agustí,nevadoreyna@example.net,1978-07-15,Civil Engineer,298,Dominican Republic,Santiago,Honorary,Approved,2023-05-16 09:06:34,Email Campaign
122,Emilio Tenorio,tcardenas@example.com,1991-12-10,Data Analyst,222,Dominican Republic,Punta Cana,Individual,Pending Payment,2022-12-18 20:15:46,Email Campaign
123,Jose Francisco Barba,eulalia81@example.org,2003-09-18,Financial Analyst,133,Dominican Republic,Punta Cana,Individual,Approved,2022-01-11 03:00:08,Walk-in
124,Cristian Martin,vidalsoraya@example.com,1980-06-21,Accountant,278,Dominican Republic,Santo Domingo,Honorary,Approved,2021-08-29 13:10:10,Referral
125,Ximena Gomez,gonzalezteofilo@example.com,1980-08-29,Business Consultant,191,Dominican Republic,Punta Cana,Individual,Approved,2024-08-27 11:36:38,Email Campaign
126,Gabriela Madrid,africaplanas@example.net,2005-09-24,Architect,201,Dominican Republic,San Francisco de Macorís,Corporate,Approved,2022-08-10 00:42:44,Email Campaign
127,Amparo Doménech,gomezcristian@example.com,1987-10-21,Software Engineer,4,Dominican Republic,Punta Cana,Corporate,Pending Payment,2022-04-19 19:30:17,Referral
128,Encarnación Múgica,palomoagueda@example.org,2006-02-12,Civil Engineer,63,Dominican Republic,San Francisco de Macorís,Corporate,Approved,2022-01-07 11:05:19,Referral
129,Elodia Corbacho,tiburcionadal@example.net,1981-10-25,Data Analyst,46,Dominican Republic,San Francisco de Macorís,Honorary,Approved,2025-04-07 23:26:47,Email Campaign
130,Eutimio Mata,pablo14@example.com,1998-02-28,Project Manager,53,Dominican Republic,San Francisco de Macorís,Honorary,Submitted,2024-10-15 13:56:13,Referral
131,Juan Manuel Benito,comasmayte@example.net,1980-08-19,Project Manager,162,Dominican Republic,Punta Cana,Student,Approved,2024-05-16 18:55:58,Website
132,Eusebio Portero,etejera@example.org,1995-04-23,Data Analyst,133,Dominican Republic,San Pedro de Macorís,Student,Submitted,2025-04-14 20:07:54,Email Campaign
133,Lucía Lopez,ciprianomoraleda@example.org,1981-11-01,Civil Engineer,9,Dominican Republic,Puerto Plata,Student,Approved,2024-12-03 23:53:33,Email Campaign
134,Patricio Montaña,erodrigo@example.net,1989-09-24,Civil Engineer,136,Dominican Republic,Punta Cana,Individual,Approved,2024-06-26 19:52:40,Referral
135,Emiliano Hoyos,jriquelme@example.com,1993-12-23,Civil Engineer,206,Dominican Republic,Santo Domingo,Corporate,Approved,2026-03-11 03:44:18,Email Campaign
136,América Grau,lblanes@example.net,1989-12-31,Data Analyst,79,Dominican Republic,Santo Domingo,Student,Approved,2026-02-17 22:51:07,Event
137,Crescencia Gimenez,gutierrezporfirio@example.org,1982-07-25,Architect,138,Dominican Republic,Punta Cana,Individual,Approved,2021-10-18 02:03:29,Event
138,Primitivo Sáez,africacanet@example.org,2006-08-28,Project Manager,222,Dominican Republic,San Francisco de Macorís,Honorary,Approved,2024-08-15 04:09:17,Referral
139,Poncio Chaparro,edgar28@example.com,1983-11-24,Business Consultant,27,Dominican Republic,La Romana,Honorary,Approved,2023-06-11 12:37:53,Email Campaign
140,Pastora Gomez,cerveradesiderio@example.net,1999-08-07,Civil Engineer,18,Dominican Republic,Santiago,Student,Withdrawn,2022-11-13 07:28:38,Walk-in
141,René Amo,dperal@example.net,1979-04-03,Civil Engineer,258,Dominican Republic,San Pedro de Macorís,Honorary,Rejected,2022-04-11 23:37:34,Walk-in
142,Albina Cruz,colladopio@example.org,1978-05-02,Financial Analyst,99,Dominican Republic,Puerto Plata,Corporate,Rejected,2023-09-26 02:51:15,Website
143,Carmelo Alberola,wconde@example.org,1991-08-19,Data Analyst,180,Dominican Republic,Santo Domingo,Individual,Approved,2022-11-04 02:27:07,Referral
144,Marianela Álamo,adoracion65@example.com,2002-03-26,Civil Engineer,99,Dominican Republic,San Pedro de Macorís,Corporate,Approved,2021-10-05 19:52:49,Email Campaign
145,Luciano Cantero,benitoanton@example.net,2001-03-15,Accountant,154,Dominican Republic,La Romana,Corporate,Approved,2023-02-16 01:59:32,Email Campaign
146,Anita Cueto,prietopepita@example.com,1998-10-12,Project Manager,162,Dominican Republic,La Romana,Honorary,Approved,2025-07-07 05:43:02,Email Campaign
147,Casandra Jordá,leire36@example.org,1984-11-23,Civil Engineer,219,Dominican Republic,Santiago,Honorary,Approved,2022-06-07 10:11:55,Email Campaign
148,Azahara Pina,manuelitagalan@example.com,1996-09-16,Project Manager,66,Dominican Republic,San Pedro de Macorís,Corporate,Approved,2022-02-15 18:20:25,Referral
149,Isidoro Poza,pacificaberenguer@example.net,1991-08-02,Data Analyst,276,Dominican Republic,Punta Cana,Corporate,Approved,2025-09-17 01:39:05,Walk-in
150,Matías Quirós,dcozar@example.com,1997-08-25,Marketing Specialist,71,Dominican Republic,Santo Domingo,Individual,Approved,2025-04-04 19:11:29,Referral
151,Guiomar Lerma,calvetcasemiro@example.com,1996-03-03,Software Engineer,276,Dominican Republic,Santiago,Individual,Approved,2024-07-03 01:29:40,Referral
152,Amaro Heras,fermin81@example.org,1982-11-09,Business Consultant,136,Dominican Republic,Santo Domingo,Student,Withdrawn,2021-09-28 21:25:10,Referral
153,Maristela Mendoza,carmenfranch@example.net,2007-04-06,Lawyer,253,Dominican Republic,San Francisco de Macorís,Student,Approved,2021-12-04 08:21:26,Event
154,Jose Angel Leon,arribascintia@example.com,1977-03-14,Civil Engineer,37,Dominican Republic,Santiago,Individual,Rejected,2022-01-22 01:42:01,Email Campaign
155,Maxi Buendía,adan54@example.com,1992-08-31,Data Analyst,189,Dominican Republic,Santo Domingo,Individual,Approved,2023-04-23 06:29:48,Referral
156,Maxi Portillo,efrain15@example.com,2006-02-24,Marketing Specialist,243,Dominican Republic,Santo Domingo,Student,Approved,2025-12-07 08:26:30,Walk-in
157,Cosme Vallés,amadopina@example.com,1995-08-07,Software Engineer,211,Dominican Republic,San Pedro de Macorís,Corporate,Approved,2021-12-20 00:16:43,Event
158,Luis Ángel Cuéllar,isabelsierra@example.org,2005-10-06,Project Manager,34,Dominican Republic,Puerto Plata,Student,Approved,2022-06-11 15:11:07,Website
159,Lina Guardiola,noemichico@example.net,1981-02-15,Data Analyst,261,Dominican Republic,San Pedro de Macorís,Corporate,Under Review,2025-12-01 06:24:22,Referral
160,Ascensión Zabala,victorino25@example.com,1987-11-27,Civil Engineer,234,Dominican Republic,La Romana,Individual,Approved,2025-04-25 13:15:18,Walk-in
161,Aníbal Ponce,horaciobenavides@example.org,1994-12-08,Accountant,107,Dominican Republic,La Romana,Student,Approved,2025-11-18 12:54:19,Event
162,Cleto Alcolea,maria-doloresmendoza@example.net,2005-03-01,Software Engineer,23,Dominican Republic,Santo Domingo,Individual,Approved,2022-05-23 14:36:29,Website
163,Andrea Burgos,kmir@example.com,1981-02-20,Architect,198,Dominican Republic,Puerto Plata,Individual,Approved,2022-03-25 13:25:47,Walk-in
164,Lino Parra,chuy12@example.net,2001-11-29,Marketing Specialist,249,Dominican Republic,Puerto Plata,Student,Approved,2025-07-27 06:15:52,Email Campaign
165,Juan Sáenz,maria-carmen72@example.org,1994-12-30,Marketing Specialist,105,Dominican Republic,Puerto Plata,Student,Approved,2025-10-20 18:08:39,Walk-in
166,Aníbal Parra,salvador69@example.net,1980-01-13,Software Engineer,67,Dominican Republic,Santiago,Individual,Approved,2025-05-26 09:24:30,Website
167,Quique Vila,raul16@example.net,1990-12-17,Lawyer,30,Dominican Republic,Puerto Plata,Student,Approved,2023-11-20 08:44:52,Email Campaign
168,Saturnina Arnau,hierrojuana@example.net,1975-12-01,Business Consultant,243,Dominican Republic,San Francisco de Macorís,Corporate,Approved,2022-12-18 23:54:35,Event
169,Reyna Calzada,remigio29@example.com,2004-09-12,Architect,182,Dominican Republic,La Romana,Student,Approved,2022-04-09 12:35:56,Email Campaign
170,Jacinto Pont,wbueno@example.com,1991-08-03,Civil Engineer,44,Dominican Republic,Santiago,Student,Approved,2026-03-15 08:02:13,Website
171,Trinidad Sola,boadageraldo@example.net,1979-05-02,Marketing Specialist,95,Dominican Republic,San Pedro de Macorís,Honorary,Approved,2025-01-10 01:16:10,Event
172,María Jesús Rosselló,samumulet@example.org,1986-06-11,Project Manager,96,Dominican Republic,Santo Domingo,Student,Under Review,2024-07-24 15:51:51,Email Campaign
173,Elisabet Torre,juliatamayo@example.org,1985-02-12,Architect,66,Dominican Republic,Santo Domingo,Individual,Withdrawn,2025-07-08 02:45:19,Referral
174,Antonio Cortés,ocoello@example.org,1986-07-17,Financial Analyst,228,Dominican Republic,San Pedro de Macorís,Corporate,Approved,2021-12-01 02:32:42,Referral
175,Eliana Pinto,pardomontserrat@example.com,1991-10-03,Civil Engineer,180,Dominican Republic,Santo Domingo,Individual,Approved,2023-06-19 20:43:30,Email Campaign
176,Baltasar Galán,rochajulian@example.com,1997-04-11,Civil Engineer,241,Dominican Republic,Punta Cana,Honorary,Approved,2023-02-23 22:18:04,Website
177,Celso Cifuentes,llanossandalio@example.org,1985-10-18,Project Manager,211,Dominican Republic,San Francisco de Macorís,Honorary,Approved,2025-06-28 07:17:54,Event
178,Salomé Rivas,haydeejover@example.org,2003-11-27,Software Engineer,91,Dominican Republic,San Francisco de Macorís,Honorary,Approved,2022-02-08 18:13:47,Walk-in
179,Cirino Romero,marisa42@example.org,1987-07-13,Business Consultant,209,Dominican Republic,La Romana,Student,Rejected,2025-03-19 21:21:20,Email Campaign
180,Alma Talavera,josefinarueda@example.com,2006-09-12,Business Consultant,206,Dominican Republic,Puerto Plata,Individual,Approved,2024-12-16 19:08:39,Website
181,Pacífica Agustín,casemirococa@example.com,1998-03-29,Marketing Specialist,255,Dominican Republic,Punta Cana,Individual,Approved,2024-05-05 04:00:18,Email Campaign
182,Alberto Contreras,fcoloma@example.com,1979-07-06,Civil Engineer,126,Dominican Republic,Punta Cana,Student,Pending Payment,2025-02-08 09:17:55,Website
183,Juan José Viñas,sanjuanpepita@example.org,1997-03-24,Architect,188,Dominican Republic,Santo Domingo,Student,Approved,2025-06-21 19:17:13,Referral
184,Feliciana Cabanillas,gilmarcia@example.org,1989-12-10,Architect,55,Dominican Republic,Puerto Plata,Individual,Approved,2026-04-18 10:03:16,Event
185,María Ángeles Delgado,wgarzon@example.org,2008-01-19,Lawyer,90,Dominican Republic,Santo Domingo,Corporate,Approved,2023-04-11 16:45:45,Website
186,Iris Alcaraz,odalys50@example.com,2006-02-26,Financial Analyst,186,Dominican Republic,Puerto Plata,Individual,Approved,2024-04-05 11:54:54,Event
187,Ani Casanovas,asarmiento@example.com,1987-08-13,Software Engineer,146,Dominican Republic,La Romana,Student,Approved,2024-08-24 01:41:11,Event
188,Patricia Rojas,danilo27@example.com,1988-05-04,Lawyer,262,Dominican Republic,Punta Cana,Individual,Approved,2023-02-26 09:10:25,Email Campaign
189,Carolina Cánovas,spizarro@example.net,1999-01-28,Architect,233,Dominican Republic,Punta Cana,Student,Under Review,2025-05-16 00:48:24,Email Campaign
190,Fabiana Luque,bonillanoelia@example.org,1978-09-11,Financial Analyst,257,Dominican Republic,San Francisco de Macorís,Honorary,Approved,2021-10-15 19:45:44,Website
191,Encarnita Reina,valderramamaribel@example.net,2007-03-13,Project Manager,250,Dominican Republic,Puerto Plata,Corporate,Approved,2026-04-14 05:12:22,Event
192,Cornelio Saldaña,manjonreyes@example.com,1982-11-09,Architect,95,Dominican Republic,Santiago,Individual,Approved,2023-07-19 06:00:17,Website
193,Maxi Sanz,mcarbo@example.com,2007-12-28,Project Manager,69,Dominican Republic,San Francisco de Macorís,Honorary,Approved,2022-09-16 09:52:31,Email Campaign
194,Pascual Simó,apriego@example.com,2002-04-05,Marketing Specialist,122,Dominican Republic,Puerto Plata,Honorary,Approved,2023-07-22 12:50:15,Email Campaign
195,Anunciación Luque,serafina44@example.com,1998-07-22,Accountant,299,Dominican Republic,San Pedro de Macorís,Individual,Approved,2023-09-15 06:31:09,Event
196,Adalberto Ribera,alcantaraamancio@example.org,2002-07-18,Software Engineer,76,Dominican Republic,San Pedro de Macorís,Individual,Rejected,2024-11-01 00:37:47,Walk-in
197,Priscila Villena,nico29@example.com,1983-11-16,Architect,158,Dominican Republic,San Pedro de Macorís,Honorary,Approved,2026-05-18 09:51:39,Walk-in
198,Rosendo Fernández,zaznar@example.net,1990-03-31,Project Manager,152,Dominican Republic,Santo Domingo,Corporate,Approved,2022-09-30 04:11:32,Website
199,Fanny Portero,samuelmonreal@example.net,1981-01-14,Accountant,213,Dominican Republic,Puerto Plata,Student,Approved,2025-05-15 17:56:27,Event
200,Jerónimo Cabezas,annacarrasco@example.net,1995-04-11,Civil Engineer,107,Dominican Republic,La Romana,Corporate,Approved,2024-12-25 17:27:38,Website
201,Pía Juan,mohamedfrias@example.org,1978-10-27,Accountant,213,Dominican Republic,Punta Cana,Individual,Approved,2021-11-13 10:47:18,Email Campaign
202,Ulises Alberdi,amarobermudez@example.net,1988-08-28,Software Engineer,160,Dominican Republic,Santo Domingo,Individual,Approved,2021-11-12 08:39:50,Referral
203,Manuelita Castrillo,lpalma@example.org,1997-11-06,Accountant,220,Dominican Republic,Santiago,Student,Rejected,2023-07-15 18:10:56,Event
204,Manuel Ferrer,lucilapineda@example.com,1998-01-28,Software Engineer,61,Dominican Republic,Santo Domingo,Corporate,Rejected,2022-02-02 13:35:22,Email Campaign
205,Leonardo Blanch,eulaliaalvarado@example.net,1995-05-11,Financial Analyst,276,Dominican Republic,La Romana,Corporate,Approved,2022-07-13 02:24:40,Walk-in
206,Dan Segovia,campoerasmo@example.com,1984-07-23,Project Manager,13,Dominican Republic,Santiago,Individual,Approved,2023-03-09 23:29:30,Website
207,Ciro Berenguer,npardo@example.com,1979-01-27,Software Engineer,145,Dominican Republic,La Romana,Corporate,Approved,2025-10-29 09:17:00,Event
208,Natalia Almeida,fbeltran@example.net,1978-03-30,Marketing Specialist,252,Dominican Republic,Punta Cana,Honorary,Approved,2023-06-10 03:43:06,Event
209,Jacinta Rivas,omir@example.com,2003-02-27,Software Engineer,256,Dominican Republic,San Pedro de Macorís,Honorary,Approved,2023-01-08 07:40:23,Referral
210,Geraldo Martín,escalonageorgina@example.net,1997-02-14,Architect,171,Dominican Republic,Puerto Plata,Student,Under Review,2021-12-01 12:01:55,Website
211,Desiderio Novoa,alondra99@example.net,1975-10-26,Accountant,13,Dominican Republic,Santo Domingo,Individual,Under Review,2022-12-30 21:11:58,Website
212,Azahara Iñiguez,fernandezeloisa@example.org,1993-11-18,Financial Analyst,217,Dominican Republic,Punta Cana,Individual,Approved,2021-11-05 08:45:54,Website
213,Aura Vigil,inocenciopatino@example.org,2006-03-22,Architect,167,Dominican Republic,Puerto Plata,Individual,Withdrawn,2023-06-30 20:27:34,Walk-in
214,Amor Morán,isidroblanco@example.net,1999-03-06,Architect,18,Dominican Republic,La Romana,Individual,Approved,2022-09-23 01:25:18,Email Campaign
215,Julio Llanos,fflores@example.com,1999-09-27,Software Engineer,232,Dominican Republic,Punta Cana,Student,Approved,2026-05-05 05:31:10,Referral
216,Florinda Mariscal,bvalcarcel@example.net,2007-11-05,Data Analyst,234,Dominican Republic,Santo Domingo,Student,Approved,2025-01-19 08:45:45,Website
217,Ágata Ferrando,fulgencio34@example.com,1979-02-23,Financial Analyst,154,Dominican Republic,Santiago,Honorary,Rejected,2024-04-19 20:23:08,Walk-in
218,Fito Fuster,crossello@example.com,1995-12-08,Accountant,296,Dominican Republic,San Francisco de Macorís,Individual,Approved,2023-12-17 20:23:24,Referral
219,Olalla Montalbán,pinoltimoteo@example.org,1994-12-11,Marketing Specialist,295,Dominican Republic,Punta Cana,Honorary,Pending Payment,2024-08-26 06:12:07,Website
220,Raúl Baró,cdiego@example.net,1984-04-03,Marketing Specialist,11,Dominican Republic,Santo Domingo,Corporate,Approved,2025-02-19 00:26:01,Website
221,Lázaro Ortuño,handres@example.org,2003-03-05,Civil Engineer,230,Dominican Republic,Santiago,Honorary,Approved,2024-05-24 07:45:57,Event
222,Timoteo Estevez,jose-luis13@example.net,1988-04-16,Financial Analyst,74,Dominican Republic,La Romana,Honorary,Approved,2024-10-24 10:34:54,Referral
223,Espiridión Miralles,agustimelchor@example.net,1976-01-07,Civil Engineer,224,Dominican Republic,San Pedro de Macorís,Individual,Rejected,2024-06-12 13:11:36,Website
224,Ignacio Solana,trini38@example.org,1988-10-06,Software Engineer,1,Dominican Republic,Punta Cana,Individual,Rejected,2024-01-23 22:43:33,Website
225,Eligia Garay,cristianlobo@example.net,1996-04-30,Data Analyst,144,Dominican Republic,Santo Domingo,Individual,Approved,2022-04-15 06:12:39,Website
226,Consuela Robles,umoll@example.org,1982-05-09,Financial Analyst,77,Dominican Republic,Puerto Plata,Student,Approved,2022-01-27 01:48:46,Email Campaign
227,Nidia Uribe,rartigas@example.com,1979-09-15,Civil Engineer,148,Dominican Republic,Punta Cana,Corporate,Rejected,2022-09-15 07:56:07,Email Campaign
228,Víctor Donoso,domitila63@example.net,1976-05-15,Business Consultant,81,Dominican Republic,Santo Domingo,Honorary,Rejected,2024-01-28 08:48:27,Email Campaign
229,Alejandro Acuña,iluis@example.com,1976-11-26,Data Analyst,75,Dominican Republic,Santo Domingo,Honorary,Approved,2026-03-10 05:05:50,Website
230,Zaida Álamo,navasfilomena@example.org,1978-01-04,Civil Engineer,272,Dominican Republic,San Francisco de Macorís,Individual,Approved,2025-08-24 16:42:08,Referral
231,Claudio Ribes,leonardo55@example.com,1978-05-12,Civil Engineer,200,Dominican Republic,San Francisco de Macorís,Student,Approved,2026-05-20 14:50:54,Website
232,Matilde Millán,zarevalo@example.com,1999-05-06,Accountant,76,Dominican Republic,San Francisco de Macorís,Honorary,Approved,2025-07-08 02:59:08,Referral
233,Ana Carrión,esmeralda10@example.org,1977-04-10,Business Consultant,236,Dominican Republic,Puerto Plata,Student,Approved,2021-09-27 02:05:54,Website
234,Emilio Calzada,rosalva63@example.org,1978-08-22,Civil Engineer,58,Dominican Republic,La Romana,Corporate,Under Review,2023-04-11 16:48:50,Event
235,Lourdes Peinado,badiajuan-antonio@example.org,1979-06-02,Project Manager,170,Dominican Republic,Santiago,Corporate,Withdrawn,2022-01-21 22:18:23,Referral
236,Marco Benavides,narciso96@example.com,1999-06-02,Data Analyst,169,Dominican Republic,Santiago,Student,Under Review,2023-02-06 00:16:59,Website
237,Ángela Cervera,icarretero@example.com,2004-12-21,Civil Engineer,166,Dominican Republic,San Pedro de Macorís,Corporate,Rejected,2022-11-28 14:42:16,Walk-in
238,Marisa Reyes,hcarvajal@example.net,1983-10-31,Project Manager,92,Dominican Republic,Santiago,Corporate,Approved,2025-09-18 15:43:15,Event
239,Gisela Trillo,modesto73@example.org,1984-08-15,Project Manager,8,Dominican Republic,Puerto Plata,Student,Withdrawn,2024-03-03 03:44:10,Website
240,Leonor Blanch,celestina33@example.net,1978-04-20,Software Engineer,92,Dominican Republic,La Romana,Student,Approved,2022-04-16 06:05:12,Event
241,Ana Belén Barrena,albertgarzon@example.com,2003-07-01,Lawyer,133,Dominican Republic,Santiago,Individual,Withdrawn,2024-12-04 03:05:08,Event
242,Godofredo Torrent,ninohoracio@example.net,2001-07-23,Business Consultant,241,Dominican Republic,San Pedro de Macorís,Corporate,Approved,2026-02-20 02:57:01,Event
243,Aroa Millán,leandra72@example.net,1979-03-30,Marketing Specialist,193,Dominican Republic,Puerto Plata,Individual,Approved,2022-10-03 20:55:44,Event
244,Isidoro Parra,nsantamaria@example.net,1982-07-22,Project Manager,3,Dominican Republic,Punta Cana,Student,Approved,2025-01-20 04:21:18,Walk-in
245,Godofredo Bayona,teo24@example.net,1997-09-15,Project Manager,126,Dominican Republic,Punta Cana,Individual,Pending Payment,2022-07-08 21:23:03,Walk-in
246,Eugenio Serra,canetjose-angel@example.org,2006-01-25,Accountant,64,Dominican Republic,La Romana,Honorary,Approved,2025-07-27 14:08:39,Walk-in
247,Glauco Lasa,tamayogisela@example.net,1991-01-18,Data Analyst,190,Dominican Republic,San Pedro de Macorís,Individual,Approved,2024-08-23 06:43:02,Website
248,Juan Manuel Carrasco,pablotomas@example.org,1980-10-08,Financial Analyst,197,Dominican Republic,Punta Cana,Honorary,Approved,2025-01-10 00:00:41,Email Campaign
249,Ani Rosa,balduino74@example.com,1978-12-22,Marketing Specialist,234,Dominican Republic,Puerto Plata,Individual,Approved,2022-01-25 10:38:26,Email Campaign
250,Florencia Piñeiro,sferrera@example.org,1989-05-07,Marketing Specialist,65,Dominican Republic,Puerto Plata,Individual,Approved,2023-02-25 14:31:41,Website
251,Dorotea Llorente,bvillena@example.org,1998-10-28,Marketing Specialist,205,Dominican Republic,Punta Cana,Corporate,Pending Payment,2022-01-27 17:35:56,Walk-in
252,Flavia Ibarra,gimenezdario@example.org,2006-02-06,Marketing Specialist,172,Dominican Republic,San Francisco de Macorís,Corporate,Approved,2021-12-14 16:00:04,Referral
253,Coral Larrea,blascabrero@example.com,1983-05-09,Data Analyst,227,Dominican Republic,La Romana,Individual,Approved,2025-02-02 17:02:58,Email Campaign
254,Ruben Pozo,gimenomacarena@example.net,1984-10-09,Civil Engineer,237,Dominican Republic,Puerto Plata,Honorary,Approved,2025-11-11 05:35:22,Referral
255,Hernán Donoso,ovidiomaestre@example.net,1995-12-08,Financial Analyst,188,Dominican Republic,Puerto Plata,Individual,Pending Payment,2024-02-06 12:09:27,Walk-in
256,Macarena Acero,esteveanita@example.net,1996-10-24,Civil Engineer,67,Dominican Republic,Santiago,Corporate,Approved,2025-09-15 00:35:30,Event
257,Mamen Mayoral,franciscomiro@example.net,1978-01-04,Software Engineer,24,Dominican Republic,San Pedro de Macorís,Individual,Approved,2023-01-25 12:54:01,Referral
258,Glauco Márquez,acifuentes@example.net,1991-10-18,Marketing Specialist,201,Dominican Republic,La Romana,Student,Pending Payment,2025-04-16 07:07:56,Walk-in
259,Nicanor Almansa,juan-luisbenitez@example.org,1998-10-03,Project Manager,296,Dominican Republic,Santiago,Corporate,Approved,2021-09-25 00:43:28,Event
260,Dorotea Ortuño,fabella@example.org,1991-09-22,Lawyer,54,Dominican Republic,San Pedro de Macorís,Corporate,Approved,2022-07-31 15:19:33,Website
261,Artemio Alemany,petrona38@example.net,1981-05-04,Civil Engineer,247,Dominican Republic,Punta Cana,Corporate,Pending Payment,2022-11-24 04:55:54,Walk-in
262,Matilde Burgos,mayonilda@example.net,1987-01-25,Financial Analyst,286,Dominican Republic,Punta Cana,Individual,Approved,2025-07-02 00:26:09,Website
263,Amor Orozco,gracia74@example.com,1991-04-04,Architect,166,Dominican Republic,Punta Cana,Honorary,Withdrawn,2021-10-06 22:05:59,Website
264,Pastora Osorio,leocadia58@example.net,2004-10-20,Architect,232,Dominican Republic,Punta Cana,Honorary,Approved,2025-10-08 15:01:45,Email Campaign
265,Daniel Lerma,colomasegismundo@example.org,1998-01-30,Financial Analyst,196,Dominican Republic,Puerto Plata,Individual,Approved,2022-11-08 19:50:45,Referral
266,Pepe Valenciano,hidalgocrescencia@example.net,1999-04-28,Data Analyst,190,Dominican Republic,Punta Cana,Corporate,Approved,2025-04-24 23:45:49,Website
267,Plácido Fábregas,ferrerzoraida@example.com,1997-05-18,Civil Engineer,30,Dominican Republic,San Francisco de Macorís,Honorary,Rejected,2022-07-27 02:52:55,Referral
268,Leocadio Sancho,juan-manueloller@example.com,1988-12-13,Accountant,154,Dominican Republic,San Francisco de Macorís,Honorary,Pending Payment,2025-03-14 06:37:52,Walk-in
269,Leoncio Mendoza,arielvina@example.net,1987-04-30,Software Engineer,255,Dominican Republic,La Romana,Individual,Rejected,2022-09-11 19:34:14,Website
270,Toribio Sanz,luis10@example.com,2007-03-13,Software Engineer,75,Dominican Republic,Puerto Plata,Student,Rejected,2022-11-25 21:48:12,Event
271,Adelaida Conesa,estrella82@example.com,1992-03-18,Project Manager,62,Dominican Republic,Santiago,Individual,Approved,2024-02-07 09:08:05,Website
272,Berto Mariño,santiagoapolinar@example.org,1985-04-11,Financial Analyst,152,Dominican Republic,Santo Domingo,Student,Approved,2022-09-13 06:57:08,Email Campaign
273,Balduino Torres,adelardo65@example.net,2004-01-10,Business Consultant,111,Dominican Republic,San Francisco de Macorís,Honorary,Approved,2021-08-27 18:45:51,Walk-in
274,Aureliano Iglesias,pancholuque@example.net,1998-04-14,Data Analyst,169,Dominican Republic,La Romana,Student,Rejected,2022-12-20 11:18:42,Event
275,Chema Lillo,luzferrandiz@example.com,1995-07-23,Project Manager,73,Dominican Republic,Santiago,Honorary,Rejected,2022-05-03 13:40:49,Walk-in
276,Luis Ángel Gilabert,saenzpedro@example.org,2003-04-07,Business Consultant,121,Dominican Republic,Punta Cana,Corporate,Approved,2024-12-07 19:07:07,Walk-in
277,Telmo Pujol,juradozoraida@example.com,1995-12-17,Civil Engineer,86,Dominican Republic,Santiago,Student,Approved,2024-04-17 05:03:19,Email Campaign
278,Fulgencio Ruano,nilda92@example.net,2001-10-07,Business Consultant,18,Dominican Republic,San Francisco de Macorís,Corporate,Approved,2023-05-07 15:12:35,Walk-in
279,Josué Cerdá,tflores@example.com,1978-07-23,Marketing Specialist,189,Dominican Republic,Santiago,Individual,Approved,2024-03-06 13:45:18,Email Campaign
280,Claudia Serra,remigiorueda@example.org,1980-05-12,Architect,156,Dominican Republic,San Francisco de Macorís,Honorary,Approved,2026-02-16 18:55:25,Event
281,Vasco Millán,adelina56@example.com,1989-12-14,Civil Engineer,84,Dominican Republic,San Pedro de Macorís,Honorary,Rejected,2025-02-20 10:00:52,Referral
282,Íñigo Amorós,robledochus@example.org,1996-07-30,Civil Engineer,279,Dominican Republic,Punta Cana,Individual,Approved,2024-03-22 06:44:45,Walk-in
283,Miriam Herrera,edu98@example.net,2005-07-06,Business Consultant,119,Dominican Republic,San Pedro de Macorís,Individual,Withdrawn,2024-02-23 04:10:04,Walk-in
284,Balduino Pozo,samuelaguado@example.com,2003-02-14,Accountant,56,Dominican Republic,San Pedro de Macorís,Student,Approved,2026-01-21 04:24:40,Website
285,Édgar Ballester,ballesterosjulian@example.net,1979-04-16,Project Manager,101,Dominican Republic,La Romana,Individual,Approved,2024-06-26 21:14:35,Walk-in
286,Dorotea Cabanillas,clarisa75@example.org,1979-10-12,Lawyer,53,Dominican Republic,Puerto Plata,Honorary,Approved,2025-12-29 20:28:44,Email Campaign
287,Manola Baena,ascensioncobos@example.net,2000-11-02,Financial Analyst,283,Dominican Republic,San Pedro de Macorís,Student,Approved,2025-11-11 15:30:22,Website
288,Elías Godoy,marcialmercader@example.net,2007-07-06,Accountant,2,Dominican Republic,Puerto Plata,Individual,Approved,2021-09-14 19:55:14,Email Campaign
289,Noa Toro,dariobautista@example.org,1980-11-07,Business Consultant,182,Dominican Republic,Punta Cana,Honorary,Rejected,2022-09-05 19:53:41,Website
290,Aurora Caballero,hernandocalleja@example.com,1976-06-26,Business Consultant,170,Dominican Republic,Punta Cana,Individual,Approved,2025-12-14 06:25:55,Walk-in
291,Vicente Portillo,carromarcelo@example.com,1992-02-08,Civil Engineer,94,Dominican Republic,Santiago,Honorary,Rejected,2023-03-20 14:13:30,Referral
292,Oriana Gutierrez,paca97@example.net,1996-08-23,Accountant,280,Dominican Republic,Santo Domingo,Student,Approved,2022-09-12 13:06:48,Website
293,Toni Coll,estebanerasmo@example.net,1998-01-06,Financial Analyst,109,Dominican Republic,Santiago,Honorary,Under Review,2023-09-12 13:27:26,Referral
294,Francisco Vidal,albatenorio@example.com,1985-06-30,Accountant,284,Dominican Republic,Puerto Plata,Honorary,Approved,2022-07-02 12:55:21,Walk-in
295,Dionisia Ureña,guadalupe46@example.com,1999-05-21,Financial Analyst,176,Dominican Republic,San Francisco de Macorís,Student,Approved,2022-07-25 06:27:17,Event
296,Abril Riera,bcolomer@example.com,1991-03-14,Lawyer,164,Dominican Republic,Santo Domingo,Honorary,Approved,2022-09-03 00:11:43,Event
297,Cintia Porras,mateoanastasio@example.net,1997-10-11,Data Analyst,181,Dominican Republic,Punta Cana,Student,Approved,2025-06-06 17:41:59,Email Campaign
298,Aristides Pacheco,adelinasedano@example.com,1975-12-16,Civil Engineer,95,Dominican Republic,Santiago,Honorary,Under Review,2022-12-30 15:42:04,Website
299,Pepito Valle,pacozapata@example.com,1993-02-06,Business Consultant,254,Dominican Republic,Santo Domingo,Corporate,Approved,2022-03-08 19:04:11,Website
300,Félix Cordero,gabriela95@example.com,1999-12-24,Marketing Specialist,281,Dominican Republic,San Pedro de Macorís,Individual,Approved,2022-11-03 21:00:05,Website
301,León Mateo,pbayo@example.com,1988-06-16,Business Consultant,85,Dominican Republic,Puerto Plata,Student,Approved,2025-08-30 11:18:59,Event
302,Eloísa Escribano,efrain59@example.net,1987-06-28,Lawyer,201,Dominican Republic,Santo Domingo,Student,Approved,2025-01-31 06:28:31,Website
303,Borja Arrieta,cuencajesus@example.org,1998-04-13,Accountant,217,Dominican Republic,San Pedro de Macorís,Corporate,Withdrawn,2022-07-21 19:17:02,Email Campaign
304,Angelina Tamayo,martirio33@example.org,2006-04-06,Project Manager,233,Dominican Republic,Santiago,Student,Under Review,2023-02-17 09:08:33,Walk-in
305,Luisa Plana,dbaro@example.net,1984-03-02,Architect,10,Dominican Republic,Santo Domingo,Individual,Approved,2022-08-16 10:41:55,Walk-in
306,Anselmo Beltran,mperello@example.net,2004-04-01,Accountant,42,Dominican Republic,Santo Domingo,Corporate,Approved,2021-11-25 07:34:13,Walk-in
307,Águeda Dávila,candido76@example.org,1997-05-02,Software Engineer,131,Dominican Republic,La Romana,Honorary,Submitted,2026-05-20 16:11:33,Email Campaign
308,Heraclio Ferrán,amor74@example.org,1982-06-29,Data Analyst,119,Dominican Republic,Punta Cana,Honorary,Rejected,2023-01-11 09:11:23,Referral
309,Toño Álvaro,chemaamador@example.net,2008-04-21,Data Analyst,246,Dominican Republic,Puerto Plata,Individual,Rejected,2022-06-20 16:33:44,Referral
310,Herminio Aragonés,teodoraadadia@example.com,2001-12-29,Civil Engineer,221,Dominican Republic,La Romana,Student,Approved,2025-02-13 11:38:24,Referral
311,Clementina Bello,gil87@example.org,2003-12-20,Architect,83,Dominican Republic,La Romana,Corporate,Approved,2023-06-01 09:21:19,Walk-in
312,Concepción Sáez,pepe98@example.org,2002-12-02,Software Engineer,292,Dominican Republic,Santiago,Honorary,Withdrawn,2022-03-22 10:19:48,Walk-in
313,Valentín Roma,kbelda@example.org,1979-12-22,Civil Engineer,286,Dominican Republic,Santiago,Student,Rejected,2026-01-18 19:38:11,Email Campaign
314,Marc Cabrero,valenzuelajeronimo@example.org,1996-02-11,Software Engineer,152,Dominican Republic,San Francisco de Macorís,Honorary,Approved,2026-04-01 04:21:03,Event
315,Natalio Alsina,pacamanjon@example.com,1988-12-06,Project Manager,38,Dominican Republic,San Francisco de Macorís,Individual,Withdrawn,2024-09-10 18:15:37,Referral
316,Borja Cruz,carlito89@example.org,2004-09-04,Accountant,107,Dominican Republic,Punta Cana,Student,Approved,2026-01-20 09:52:46,Referral
317,Emiliana Vall,sabas90@example.net,1999-05-19,Financial Analyst,80,Dominican Republic,Puerto Plata,Individual,Approved,2022-08-05 06:18:51,Website
318,Dafne Sotelo,fortunata00@example.com,1989-12-26,Business Consultant,48,Dominican Republic,Santo Domingo,Individual,Rejected,2023-11-14 07:37:10,Event
319,Herberto Nadal,chaparrohernando@example.net,2003-06-09,Marketing Specialist,216,Dominican Republic,Santiago,Individual,Approved,2024-06-14 20:21:19,Walk-in
320,Ámbar Barrios,anabeltran@example.net,2006-06-01,Accountant,39,Dominican Republic,La Romana,Individual,Approved,2021-12-13 15:42:06,Walk-in
321,Osvaldo Bejarano,jberrocal@example.com,2007-11-08,Marketing Specialist,60,Dominican Republic,Santiago,Honorary,Submitted,2022-10-02 00:29:35,Website
322,Kike Arnaiz,arandaanabel@example.net,1983-04-24,Architect,280,Dominican Republic,San Francisco de Macorís,Corporate,Approved,2024-08-18 00:01:13,Website
323,Tomás Tejedor,merche30@example.org,1976-07-17,Marketing Specialist,148,Dominican Republic,Santiago,Individual,Approved,2023-04-27 06:43:45,Event
324,Bienvenida Pinilla,toledobaldomero@example.com,2001-09-12,Lawyer,130,Dominican Republic,La Romana,Corporate,Approved,2024-11-09 19:03:30,Referral
325,Josefa Casares,jroldan@example.org,1979-07-31,Data Analyst,179,Dominican Republic,San Pedro de Macorís,Corporate,Withdrawn,2025-05-17 11:02:47,Walk-in
326,Desiderio Pedro,guillermo56@example.org,1983-10-01,Software Engineer,210,Dominican Republic,La Romana,Honorary,Approved,2023-08-16 16:34:51,Email Campaign
327,Cirino Agustín,sevearroyo@example.org,2005-05-11,Software Engineer,102,Dominican Republic,Santo Domingo,Corporate,Approved,2023-10-11 06:28:45,Event
328,Odalis Barberá,barberaedmundo@example.com,1981-10-16,Lawyer,173,Dominican Republic,Puerto Plata,Individual,Approved,2024-01-20 18:47:53,Website
329,Armando Miralles,eligia34@example.org,1996-04-08,Accountant,137,Dominican Republic,Puerto Plata,Student,Approved,2025-01-12 18:25:22,Event
330,Alejandra Carvajal,benitojosue@example.net,1982-08-26,Project Manager,180,Dominican Republic,San Francisco de Macorís,Honorary,Approved,2025-11-10 11:30:51,Referral
331,Julieta Palau,vicentemate@example.com,2002-03-12,Civil Engineer,192,Dominican Republic,Punta Cana,Student,Approved,2026-05-04 22:42:51,Event
332,Luís Hidalgo,melchor88@example.org,1977-06-26,Financial Analyst,178,Dominican Republic,La Romana,Corporate,Rejected,2024-08-06 17:55:37,Website
333,Valentina Reig,flosa@example.org,2006-09-05,Software Engineer,145,Dominican Republic,San Pedro de Macorís,Corporate,Approved,2022-10-25 20:10:44,Referral
334,Prudencia Viñas,marcosgalvez@example.org,1988-04-25,Lawyer,52,Dominican Republic,Punta Cana,Honorary,Approved,2022-11-09 20:18:41,Walk-in
335,Andrés Felipe Gutierrez,hsantiago@example.org,1992-08-15,Data Analyst,19,Dominican Republic,Santiago,Corporate,Under Review,2021-12-08 15:57:28,Email Campaign
336,Julián Lobo,fmas@example.org,1985-02-21,Architect,260,Dominican Republic,Punta Cana,Student,Withdrawn,2024-11-30 15:16:36,Website
337,Ana Sofía Alfonso,cplanas@example.org,1983-04-14,Lawyer,112,Dominican Republic,San Pedro de Macorís,Honorary,Approved,2023-05-26 23:15:51,Event
338,Reynaldo Espinosa,qbadia@example.com,1976-09-17,Project Manager,153,Dominican Republic,Santiago,Honorary,Approved,2026-04-04 07:44:49,Event
339,María Carmen Oliveras,navarreteagata@example.com,2003-03-20,Financial Analyst,54,Dominican Republic,Santiago,Individual,Withdrawn,2023-06-29 13:36:59,Walk-in
340,Marita Amorós,lucila96@example.com,2002-04-10,Marketing Specialist,92,Dominican Republic,La Romana,Honorary,Approved,2022-02-19 05:59:07,Walk-in
341,Noemí Canales,imadrigal@example.com,1990-01-25,Marketing Specialist,57,Dominican Republic,La Romana,Corporate,Approved,2026-01-23 23:51:42,Walk-in
342,Juan Bautista Cámara,vsolsona@example.org,1980-02-18,Software Engineer,104,Dominican Republic,La Romana,Corporate,Under Review,2021-10-11 23:04:19,Walk-in
343,Lisandro Lledó,iborramaria-manuela@example.net,1985-09-17,Accountant,21,Dominican Republic,Santiago,Corporate,Withdrawn,2024-07-09 11:09:03,Website
344,Concepción Prat,lledoporfirio@example.com,1998-01-28,Architect,153,Dominican Republic,San Francisco de Macorís,Individual,Approved,2023-10-13 02:32:16,Walk-in
345,Micaela Alberola,melerocloe@example.net,1986-07-27,Project Manager,272,Dominican Republic,Puerto Plata,Corporate,Approved,2023-11-25 14:46:19,Website
346,Rebeca Escamilla,bsevillano@example.com,1975-12-13,Project Manager,11,Dominican Republic,Puerto Plata,Corporate,Approved,2025-08-13 23:09:52,Website
347,Angelino Palmer,agibert@example.org,1995-05-14,Marketing Specialist,49,Dominican Republic,San Francisco de Macorís,Individual,Under Review,2022-04-29 22:21:39,Walk-in
348,Leonel Miralles,saezgeraldo@example.com,2001-09-16,Project Manager,141,Dominican Republic,Punta Cana,Corporate,Approved,2023-12-31 17:43:44,Website
349,Juan Antonio Uría,javidiaz@example.org,2005-04-16,Accountant,213,Dominican Republic,Santiago,Individual,Approved,2022-01-26 19:50:34,Event
350,Joan Carbó,espinosaisaura@example.net,2004-12-04,Architect,82,Dominican Republic,Punta Cana,Corporate,Approved,2025-05-24 18:43:27,Email Campaign
351,Cruz Molins,gonibenjamin@example.net,1984-06-17,Data Analyst,16,Dominican Republic,Santo Domingo,Corporate,Submitted,2023-11-03 15:24:39,Event
352,Alcides Osuna,guitartpancho@example.org,1978-04-13,Software Engineer,139,Dominican Republic,San Francisco de Macorís,Individual,Approved,2025-12-17 18:56:48,Event
353,Vicente Carbajo,galvezherminio@example.com,1995-01-20,Business Consultant,234,Dominican Republic,Santo Domingo,Student,Rejected,2024-10-22 13:28:31,Email Campaign
354,Paula Ricart,roldansara@example.com,1980-07-07,Architect,186,Dominican Republic,Puerto Plata,Student,Submitted,2021-11-10 12:16:38,Event
355,Nacho Palomino,saturnino57@example.com,1996-10-21,Project Manager,8,Dominican Republic,Santiago,Individual,Rejected,2021-11-30 14:10:44,Walk-in
356,Felipe Pedrosa,mansoeutimio@example.net,1976-07-07,Lawyer,213,Dominican Republic,La Romana,Corporate,Approved,2022-07-21 20:09:15,Event
357,Emelina Galán,ariadna89@example.net,1987-05-09,Architect,38,Dominican Republic,Santiago,Honorary,Approved,2023-06-24 08:41:15,Email Campaign
358,Reyes Antúnez,ricobermudez@example.org,2008-04-06,Civil Engineer,70,Dominican Republic,La Romana,Corporate,Approved,2023-07-24 12:53:17,Website
359,Clara Vara,hcarrion@example.org,1996-04-20,Marketing Specialist,27,Dominican Republic,San Francisco de Macorís,Corporate,Rejected,2025-09-01 06:19:44,Event
360,Georgina Zamorano,rmolins@example.org,2004-02-03,Civil Engineer,282,Dominican Republic,Santiago,Corporate,Approved,2024-02-22 07:26:50,Referral
361,Visitación Hervás,jose-carlos53@example.com,1986-05-11,Project Manager,184,Dominican Republic,Punta Cana,Individual,Approved,2022-08-19 09:01:25,Email Campaign
362,Jimena Hernando,xredondo@example.org,1987-08-16,Project Manager,64,Dominican Republic,Puerto Plata,Corporate,Rejected,2025-12-13 18:25:21,Email Campaign
363,Carmelo Paredes,cgrau@example.com,1983-06-19,Project Manager,149,Dominican Republic,San Pedro de Macorís,Individual,Under Review,2022-09-19 00:33:43,Website
364,Ángela Hierro,mcervera@example.com,2002-09-22,Data Analyst,295,Dominican Republic,La Romana,Honorary,Approved,2024-02-03 02:37:28,Website
365,Néstor Mir,bertransebastian@example.com,1992-10-30,Architect,121,Dominican Republic,La Romana,Student,Approved,2022-11-29 20:18:51,Walk-in
366,Coral Urrutia,trinidadescolano@example.com,1976-03-04,Business Consultant,269,Dominican Republic,Santo Domingo,Student,Approved,2023-01-25 22:15:27,Email Campaign
367,Dionisio Riquelme,maria-del-carmen87@example.net,1979-01-31,Marketing Specialist,161,Dominican Republic,Santo Domingo,Student,Approved,2022-09-22 11:49:43,Referral
368,Ruth Aragón,samador@example.org,1978-02-17,Business Consultant,87,Dominican Republic,Santiago,Individual,Approved,2022-10-11 01:42:55,Referral
369,Aránzazu Ávila,wroca@example.org,1989-05-02,Accountant,23,Dominican Republic,Santo Domingo,Corporate,Approved,2026-05-22 03:25:45,Website
370,Jose Antonio Marcos,navarroteofila@example.com,1995-10-09,Civil Engineer,285,Dominican Republic,Puerto Plata,Student,Under Review,2022-07-26 14:57:40,Referral
371,Lorenza Arrieta,pachecovidal@example.com,1997-02-09,Business Consultant,141,Dominican Republic,San Pedro de Macorís,Individual,Approved,2025-06-23 02:58:54,Referral
372,Manu Ruano,marita72@example.net,1981-11-20,Accountant,121,Dominican Republic,Puerto Plata,Corporate,Approved,2025-12-25 08:35:31,Walk-in
373,Celso Cornejo,pelayoileana@example.net,1991-01-29,Accountant,126,Dominican Republic,Santo Domingo,Corporate,Approved,2024-11-16 11:08:01,Email Campaign
374,Miguel Ángel Ródenas,apolonialosa@example.org,1983-07-20,Civil Engineer,231,Dominican Republic,San Francisco de Macorís,Corporate,Rejected,2024-03-06 14:49:40,Email Campaign
375,Ana Nogueira,villaverdeteofila@example.net,1995-05-17,Accountant,281,Dominican Republic,San Pedro de Macorís,Honorary,Approved,2025-12-21 19:07:56,Event
376,Rafaela Roldan,mohamed65@example.org,2008-02-02,Civil Engineer,185,Dominican Republic,Puerto Plata,Student,Approved,2022-11-13 16:25:26,Event
377,Ariel Galvez,rvives@example.net,2005-07-29,Lawyer,75,Dominican Republic,Santo Domingo,Individual,Approved,2024-04-28 11:50:46,Referral
378,Conrado Olivera,fito14@example.com,1992-03-15,Architect,62,Dominican Republic,Santo Domingo,Student,Approved,2025-05-20 10:55:09,Referral
379,Jacobo Dominguez,yessica49@example.org,2007-02-07,Business Consultant,248,Dominican Republic,Santiago,Corporate,Rejected,2023-08-15 13:49:24,Event
380,Griselda Lopez,clementegabaldon@example.net,2004-03-09,Business Consultant,169,Dominican Republic,Punta Cana,Honorary,Under Review,2025-12-23 06:11:57,Event
381,Marisela Domingo,arinotatiana@example.net,1993-12-12,Lawyer,279,Dominican Republic,San Pedro de Macorís,Honorary,Approved,2023-04-24 01:03:38,Email Campaign
382,Adolfo Torres,peiroherminio@example.com,2007-09-10,Accountant,294,Dominican Republic,Santo Domingo,Corporate,Approved,2025-04-11 21:15:00,Email Campaign
383,Lupita Salgado,paulinasantiago@example.com,2006-11-18,Project Manager,233,Dominican Republic,San Pedro de Macorís,Individual,Under Review,2022-08-01 08:23:31,Referral
384,Lilia Carretero,frosell@example.com,1978-08-08,Lawyer,134,Dominican Republic,Punta Cana,Corporate,Approved,2022-10-24 20:48:22,Event
385,León Carnero,nieves13@example.net,1978-03-05,Accountant,196,Dominican Republic,La Romana,Student,Pending Payment,2024-06-07 02:25:48,Event
386,Faustino Vendrell,leoncio78@example.net,2002-01-31,Software Engineer,56,Dominican Republic,Punta Cana,Honorary,Approved,2022-04-12 23:21:13,Website
387,Lara Miranda,rossellocornelio@example.net,2002-09-01,Business Consultant,107,Dominican Republic,San Pedro de Macorís,Student,Approved,2026-01-31 09:37:17,Referral
388,Maximino Falcón,aguilojose-luis@example.org,1995-08-06,Architect,64,Dominican Republic,La Romana,Corporate,Approved,2024-11-06 15:05:40,Event
389,Salud Gimeno,juan-manuelsoriano@example.org,1992-02-18,Accountant,63,Dominican Republic,Punta Cana,Corporate,Withdrawn,2023-03-30 02:27:48,Email Campaign
390,Macarena Valdés,eleuterio31@example.net,2004-10-23,Business Consultant,177,Dominican Republic,Santo Domingo,Honorary,Approved,2023-06-22 06:00:35,Website
391,Abraham Rovira,trujillocelestina@example.net,1982-09-28,Software Engineer,274,Dominican Republic,Santo Domingo,Honorary,Approved,2023-03-02 04:08:01,Referral
392,Antonio Ripoll,encarna69@example.org,1997-05-06,Financial Analyst,238,Dominican Republic,San Pedro de Macorís,Honorary,Pending Payment,2024-08-13 04:09:09,Email Campaign
393,Alondra Escolano,priscila34@example.net,1992-02-25,Civil Engineer,84,Dominican Republic,Puerto Plata,Student,Approved,2025-10-26 20:30:50,Event
394,Natividad Poza,candelaria74@example.org,1983-02-04,Civil Engineer,156,Dominican Republic,Santiago,Corporate,Approved,2022-08-09 21:38:10,Referral
395,Socorro Madrigal,usalvador@example.org,1998-03-09,Business Consultant,9,Dominican Republic,Santiago,Honorary,Approved,2025-04-06 19:09:58,Event
396,David Echeverría,qmontana@example.org,1987-06-22,Data Analyst,41,Dominican Republic,San Pedro de Macorís,Student,Approved,2025-01-13 14:36:16,Walk-in
397,Julie Castellanos,mtorrijos@example.com,1999-01-11,Data Analyst,269,Dominican Republic,San Pedro de Macorís,Individual,Pending Payment,2023-08-25 11:20:54,Referral
398,Ambrosio Manso,anunciacion36@example.org,1994-10-11,Civil Engineer,31,Dominican Republic,Santiago,Student,Pending Payment,2024-05-25 21:51:28,Referral
399,Juan Carlos Moll,zposada@example.com,1990-02-11,Business Consultant,170,Dominican Republic,San Pedro de Macorís,Student,Submitted,2025-01-15 10:36:48,Walk-in
400,Juan Bautista Ballester,amalia35@example.net,2003-07-01,Accountant,106,Dominican Republic,La Romana,Honorary,Rejected,2022-01-14 13:13:28,Referral
401,Mario Salvà,kgiralt@example.org,1993-11-19,Lawyer,192,Dominican Republic,Puerto Plata,Individual,Rejected,2023-05-28 10:21:42,Event
402,Melisa Canet,efrain98@example.org,2007-12-24,Marketing Specialist,148,Dominican Republic,Santiago,Corporate,Approved,2021-10-30 09:33:49,Event
403,Nidia Pinilla,minguezximena@example.com,2001-09-26,Project Manager,199,Dominican Republic,Santo Domingo,Individual,Approved,2026-05-09 13:41:37,Event
404,Bernardino Avilés,porfiriofiol@example.org,2004-03-01,Project Manager,289,Dominican Republic,Puerto Plata,Corporate,Approved,2026-03-17 03:30:47,Walk-in
405,Ruy Grande,nicolasa25@example.com,1989-09-17,Civil Engineer,282,Dominican Republic,Puerto Plata,Individual,Approved,2023-06-26 16:20:29,Referral
406,Carolina Ibarra,araujoramona@example.org,2001-05-04,Marketing Specialist,186,Dominican Republic,Puerto Plata,Honorary,Rejected,2026-02-16 17:43:46,Walk-in
407,Cristian Valls,ctoro@example.org,1985-04-12,Software Engineer,105,Dominican Republic,Santo Domingo,Student,Withdrawn,2024-03-19 09:52:53,Website
408,Amado Grau,anastasiollado@example.net,1979-11-08,Software Engineer,259,Dominican Republic,Santo Domingo,Student,Approved,2024-11-11 17:57:16,Event
409,Gabriela Pérez,olimpialerma@example.org,1978-04-02,Lawyer,1,Dominican Republic,San Francisco de Macorís,Corporate,Approved,2022-04-12 08:34:13,Event
410,Anna Ribes,alcoleamanuelita@example.net,1996-03-24,Project Manager,193,Dominican Republic,Puerto Plata,Individual,Approved,2022-12-10 13:29:21,Website
411,Claudio Posada,pazmiguel@example.com,1990-02-10,Data Analyst,44,Dominican Republic,Santo Domingo,Individual,Approved,2026-01-03 14:55:09,Event
412,Mar Alvarado,leocadio73@example.org,1984-08-21,Architect,70,Dominican Republic,Puerto Plata,Corporate,Approved,2025-08-29 09:04:20,Event
413,Renato Manuel,obuendia@example.com,1994-09-25,Financial Analyst,34,Dominican Republic,Santo Domingo,Student,Approved,2024-01-08 05:41:48,Event
414,Almudena Luís,robertoalemany@example.com,2000-05-26,Marketing Specialist,274,Dominican Republic,Santiago,Student,Approved,2024-12-30 19:13:34,Walk-in
415,Ramón Campoy,kgoicoechea@example.org,1989-03-02,Software Engineer,223,Dominican Republic,San Francisco de Macorís,Corporate,Approved,2023-08-16 22:42:15,Referral
416,Victoriano Pelayo,pcanales@example.com,1986-12-16,Architect,204,Dominican Republic,Punta Cana,Individual,Withdrawn,2022-11-15 11:16:34,Website
417,Nélida Blanes,dominguezhipolito@example.com,1995-11-02,Financial Analyst,271,Dominican Republic,Punta Cana,Honorary,Approved,2023-10-11 09:57:31,Event
418,Celso Cid,hsaenz@example.net,2004-03-19,Business Consultant,212,Dominican Republic,Puerto Plata,Honorary,Rejected,2023-08-17 22:08:00,Walk-in
419,Benigno Uriarte,sergio45@example.org,1976-11-20,Business Consultant,19,Dominican Republic,La Romana,Individual,Rejected,2024-05-20 11:26:25,Event
420,Jennifer Ramos,ledesmajenny@example.org,2001-05-03,Lawyer,155,Dominican Republic,Santiago,Individual,Approved,2025-10-22 05:01:57,Referral
421,Caridad Valero,florinda35@example.com,1999-10-07,Project Manager,80,Dominican Republic,Santo Domingo,Individual,Pending Payment,2025-10-04 09:43:53,Email Campaign
422,Aroa Bertrán,roigjuana@example.org,1988-06-05,Marketing Specialist,264,Dominican Republic,Punta Cana,Honorary,Approved,2022-09-25 05:47:02,Event
423,Marita Alcalde,auroracarrion@example.org,1982-05-12,Architect,214,Dominican Republic,Santo Domingo,Individual,Approved,2025-05-16 08:49:44,Email Campaign
424,Ruth Carballo,rodrigoana-sofia@example.org,1996-12-13,Project Manager,86,Dominican Republic,San Francisco de Macorís,Individual,Approved,2026-02-10 15:06:45,Referral
425,Amanda Chaves,apujol@example.com,1979-08-25,Project Manager,30,Dominican Republic,La Romana,Honorary,Rejected,2025-05-09 18:36:42,Referral
426,Macario Linares,encarnacion59@example.net,1981-04-17,Data Analyst,256,Dominican Republic,Punta Cana,Corporate,Approved,2022-11-08 11:13:53,Event
427,Luis Ángel Zabala,nievespera@example.net,1996-03-19,Software Engineer,160,Dominican Republic,Santo Domingo,Individual,Withdrawn,2023-10-15 08:40:45,Website
428,Agustina Sevillano,nataliocerda@example.org,1993-06-27,Accountant,16,Dominican Republic,Santiago,Individual,Approved,2025-09-06 01:15:15,Referral
429,Agustín Moll,jescobar@example.com,1977-12-05,Civil Engineer,299,Dominican Republic,Santiago,Individual,Approved,2021-09-12 04:39:43,Referral
430,Mateo Expósito,joaquinaburgos@example.net,1991-04-02,Software Engineer,239,Dominican Republic,Santiago,Honorary,Approved,2024-06-19 06:40:58,Email Campaign
431,Ciríaco Barriga,ecrespi@example.com,1997-04-19,Software Engineer,13,Dominican Republic,Santo Domingo,Corporate,Rejected,2026-05-29 00:36:51,Website
432,Sol Gonzalez,eusebia03@example.com,1985-04-25,Architect,51,Dominican Republic,La Romana,Individual,Approved,2025-04-10 20:07:42,Website
433,Daniela Maza,etelvina64@example.net,1994-01-20,Accountant,217,Dominican Republic,Punta Cana,Honorary,Approved,2023-05-17 04:58:45,Email Campaign
434,Casemiro Corominas,gasconlino@example.org,1984-08-04,Financial Analyst,188,Dominican Republic,Puerto Plata,Individual,Approved,2022-07-09 16:36:19,Website
435,Edmundo Yuste,kmurillo@example.net,1996-03-22,Accountant,174,Dominican Republic,Puerto Plata,Student,Approved,2024-01-04 03:14:26,Walk-in
436,Noemí Sáenz,florentinoacedo@example.org,1983-01-04,Marketing Specialist,131,Dominican Republic,Santo Domingo,Corporate,Rejected,2022-06-05 13:35:20,Walk-in
437,Úrsula Collado,fideltalavera@example.org,1986-08-25,Marketing Specialist,268,Dominican Republic,Santiago,Honorary,Approved,2022-04-24 11:09:55,Website
438,Teresita Azorin,ariadnasabater@example.com,1998-04-08,Marketing Specialist,91,Dominican Republic,Santiago,Honorary,Submitted,2025-08-30 06:36:04,Email Campaign
439,Nacho Mate,hernandocharo@example.com,1988-06-26,Marketing Specialist,278,Dominican Republic,Punta Cana,Student,Rejected,2024-12-05 14:06:14,Walk-in
440,Lara Sánchez,mateo85@example.net,1978-04-22,Accountant,2,Dominican Republic,Santo Domingo,Individual,Rejected,2023-06-21 08:24:24,Referral
441,Flavio Lobato,priscilaruiz@example.net,1990-09-03,Marketing Specialist,239,Dominican Republic,Santiago,Individual,Approved,2025-10-26 10:56:05,Referral
442,Jordana Iglesia,rozasflorinda@example.com,1981-09-14,Architect,163,Dominican Republic,Santiago,Student,Approved,2021-11-12 09:05:15,Walk-in
443,Rosenda Pavón,uoliva@example.com,1982-12-02,Financial Analyst,251,Dominican Republic,Punta Cana,Individual,Approved,2026-05-31 00:10:54,Email Campaign
444,Sarita Feijoo,lperello@example.net,1976-01-04,Lawyer,145,Dominican Republic,Santiago,Honorary,Approved,2023-04-26 05:30:40,Website
445,Vasco Paniagua,adelardomenendez@example.com,1978-11-06,Accountant,260,Dominican Republic,La Romana,Individual,Approved,2024-10-14 19:39:47,Email Campaign
446,Yolanda Izaguirre,llanoanastasio@example.net,1984-12-31,Civil Engineer,166,Dominican Republic,La Romana,Corporate,Approved,2025-09-21 03:58:25,Email Campaign
447,Rómulo Arranz,leocadio09@example.org,2005-01-06,Project Manager,133,Dominican Republic,La Romana,Corporate,Approved,2025-08-27 12:59:56,Walk-in
448,Ema Santos,eduran@example.net,2005-06-01,Architect,21,Dominican Republic,Santiago,Student,Pending Payment,2026-04-16 20:51:17,Email Campaign
449,Noemí Calleja,peiroambrosio@example.net,2006-01-27,Civil Engineer,0,Dominican Republic,Santiago,Corporate,Pending Payment,2022-12-14 17:43:09,Referral
450,Julieta Elorza,celestinorivas@example.org,1977-07-21,Marketing Specialist,123,Dominican Republic,San Pedro de Macorís,Student,Approved,2025-06-03 07:34:29,Referral
451,Febe Barrios,cleto84@example.org,1997-12-08,Data Analyst,139,Dominican Republic,Puerto Plata,Individual,Approved,2021-10-16 14:15:07,Website
452,Nazaret Moliner,vicentapazos@example.net,1976-02-17,Accountant,38,Dominican Republic,La Romana,Honorary,Approved,2025-01-29 09:40:42,Referral
453,Sigfrido Barriga,ferrandopaloma@example.net,1980-08-31,Civil Engineer,13,Dominican Republic,San Pedro de Macorís,Corporate,Approved,2023-12-02 04:43:49,Walk-in
454,Celso Duque,rarribas@example.net,1982-05-29,Project Manager,173,Dominican Republic,Punta Cana,Student,Submitted,2025-12-13 05:10:42,Email Campaign
455,Sebastián Duran,merinoleocadio@example.net,1987-07-31,Lawyer,21,Dominican Republic,Santiago,Honorary,Approved,2022-08-26 12:20:57,Referral
456,Néstor Solano,sierrachus@example.org,2006-11-18,Lawyer,173,Dominican Republic,Punta Cana,Honorary,Approved,2022-06-03 03:41:09,Email Campaign
457,Germán Boix,maximinoalmagro@example.org,2002-06-26,Accountant,70,Dominican Republic,San Francisco de Macorís,Student,Approved,2021-09-27 05:16:50,Referral
458,Isaac Perera,ubertran@example.org,1986-02-12,Lawyer,18,Dominican Republic,Santiago,Student,Approved,2023-04-11 11:19:24,Email Campaign
459,Mariana Cazorla,balduino64@example.org,1985-02-19,Marketing Specialist,242,Dominican Republic,San Pedro de Macorís,Student,Approved,2022-11-05 01:50:28,Event
460,Clara Moles,mgonzalez@example.com,2005-09-16,Data Analyst,230,Dominican Republic,La Romana,Corporate,Approved,2023-05-06 18:10:51,Walk-in
461,Galo Marquez,jose74@example.org,1992-04-25,Data Analyst,126,Dominican Republic,Santiago,Student,Rejected,2024-09-02 05:02:57,Event
462,Cristina Parra,maria-pilar87@example.net,1999-01-09,Project Manager,120,Dominican Republic,La Romana,Honorary,Rejected,2023-02-06 10:25:30,Event
463,Angelino Pol,brigidagalvez@example.net,1990-05-29,Civil Engineer,282,Dominican Republic,San Pedro de Macorís,Individual,Approved,2024-08-07 15:15:30,Referral
464,Flavia Malo,octaviovara@example.net,2003-11-19,Business Consultant,191,Dominican Republic,Punta Cana,Individual,Approved,2023-12-09 09:17:18,Email Campaign
465,Cipriano Vilanova,juangibert@example.com,1984-07-09,Financial Analyst,215,Dominican Republic,Puerto Plata,Corporate,Rejected,2021-12-01 11:51:02,Event
466,Ágata Carlos,aitanachaves@example.com,1995-08-12,Civil Engineer,6,Dominican Republic,Puerto Plata,Individual,Rejected,2024-05-25 06:51:57,Event
467,Ramón Pina,morajudith@example.org,1997-01-23,Accountant,190,Dominican Republic,Punta Cana,Corporate,Approved,2024-09-13 19:15:20,Website
468,Ruth Aguiló,tadeotalavera@example.com,1987-02-07,Data Analyst,101,Dominican Republic,Santo Domingo,Honorary,Approved,2022-07-03 02:56:29,Walk-in
469,Glauco Palma,fermin78@example.org,2001-03-27,Civil Engineer,69,Dominican Republic,San Francisco de Macorís,Corporate,Approved,2021-11-01 08:42:34,Email Campaign
470,Valentín Sastre,epujol@example.org,1984-03-28,Architect,259,Dominican Republic,Puerto Plata,Individual,Approved,2024-10-28 07:49:31,Walk-in
471,Eliana Nebot,tquero@example.org,2007-04-04,Accountant,204,Dominican Republic,Santo Domingo,Honorary,Approved,2023-08-23 17:48:57,Referral
472,María Carmen Vendrell,robledoteodosio@example.com,2008-02-08,Financial Analyst,135,Dominican Republic,Santo Domingo,Corporate,Approved,2025-01-21 21:00:35,Referral
473,Dorita Andrade,arieldelgado@example.com,2005-10-24,Architect,184,Dominican Republic,San Pedro de Macorís,Corporate,Approved,2026-02-09 01:33:31,Website
474,Heliodoro Chaparro,graciaminguez@example.org,1978-09-21,Software Engineer,71,Dominican Republic,Santo Domingo,Student,Rejected,2024-04-12 16:01:15,Event
475,Mónica Cid,alvaro62@example.com,1975-09-04,Data Analyst,154,Dominican Republic,San Francisco de Macorís,Individual,Approved,2022-11-27 00:38:29,Email Campaign
476,Herberto Dueñas,marino12@example.org,2004-10-30,Software Engineer,215,Dominican Republic,San Francisco de Macorís,Corporate,Approved,2023-05-19 11:42:00,Website
477,Ulises Bosch,fabioperello@example.org,1991-11-21,Data Analyst,67,Dominican Republic,San Francisco de Macorís,Individual,Pending Payment,2023-01-02 19:24:20,Referral
478,Omar Cabo,sprado@example.org,2006-09-15,Civil Engineer,19,Dominican Republic,San Francisco de Macorís,Honorary,Approved,2025-09-01 04:35:54,Referral
479,Guiomar Peñalver,wherrero@example.org,1988-10-31,Marketing Specialist,217,Dominican Republic,Puerto Plata,Student,Under Review,2022-09-29 00:44:50,Referral
480,Maximino Cañellas,smorillo@example.net,2000-06-30,Financial Analyst,135,Dominican Republic,Punta Cana,Honorary,Approved,2025-04-05 22:49:16,Walk-in
481,Edelmira Prada,oliveramaya@example.net,2000-11-02,Accountant,131,Dominican Republic,Puerto Plata,Individual,Under Review,2021-11-17 08:26:45,Event
482,Iván Enríquez,rafaparedes@example.com,1992-09-15,Business Consultant,10,Dominican Republic,La Romana,Corporate,Approved,2021-08-30 17:35:17,Walk-in
483,Emiliana Puig,grauemiliano@example.com,1982-01-16,Accountant,268,Dominican Republic,Punta Cana,Individual,Approved,2022-01-10 06:16:42,Referral
484,Héctor Matas,vbuendia@example.com,1997-11-25,Data Analyst,266,Dominican Republic,San Francisco de Macorís,Individual,Approved,2023-03-07 15:24:52,Walk-in
485,Teodoro Contreras,maria67@example.org,1984-07-11,Accountant,174,Dominican Republic,Puerto Plata,Corporate,Rejected,2025-03-28 01:53:47,Website
486,Gastón Cárdenas,gvillar@example.com,2003-01-29,Financial Analyst,172,Dominican Republic,San Francisco de Macorís,Individual,Approved,2022-05-09 13:02:04,Event
487,Osvaldo Cadenas,kalberola@example.com,1980-01-10,Accountant,130,Dominican Republic,Santiago,Individual,Approved,2025-12-17 21:22:10,Website
488,Rodrigo Sanz,torrefrancisca@example.net,1989-04-25,Data Analyst,161,Dominican Republic,San Francisco de Macorís,Honorary,Under Review,2025-03-30 07:35:47,Walk-in
489,María Manuela Ballester,teodoro41@example.net,2003-02-09,Data Analyst,145,Dominican Republic,Punta Cana,Student,Approved,2025-06-24 17:28:28,Email Campaign
490,Ani Peralta,inaranjo@example.com,1979-06-12,Architect,148,Dominican Republic,Puerto Plata,Individual,Rejected,2023-03-04 10:09:31,Walk-in
491,Teobaldo Pla,conesaadrian@example.com,2007-11-28,Civil Engineer,292,Dominican Republic,San Francisco de Macorís,Corporate,Approved,2023-11-04 20:36:04,Walk-in
492,Hector Villa,droyo@example.com,1985-03-26,Financial Analyst,252,Dominican Republic,Punta Cana,Individual,Approved,2021-12-27 13:55:54,Referral
493,Domingo Tovar,dpedraza@example.net,1999-01-01,Data Analyst,242,Dominican Republic,Santiago,Individual,Pending Payment,2024-10-16 03:39:04,Referral
494,José Antonio Roig,imelda40@example.net,1984-09-27,Marketing Specialist,139,Dominican Republic,Puerto Plata,Corporate,Rejected,2023-03-04 01:51:12,Event
495,Lázaro Palacios,calemany@example.com,1985-10-10,Business Consultant,6,Dominican Republic,Punta Cana,Honorary,Approved,2021-12-14 10:34:01,Email Campaign
496,Débora Cantón,lupita08@example.net,1989-02-15,Civil Engineer,272,Dominican Republic,San Francisco de Macorís,Corporate,Approved,2023-10-07 05:51:58,Event
497,Gabino Blasco,caseslucia@example.org,1997-03-07,Accountant,229,Dominican Republic,La Romana,Student,Approved,2025-11-05 21:14:06,Email Campaign
498,Tomás Llobet,alvaro93@example.net,2003-07-25,Lawyer,215,Dominican Republic,La Romana,Individual,Under Review,2026-02-07 10:17:03,Event
499,Cloe Sedano,benitonacho@example.com,1976-12-12,Data Analyst,11,Dominican Republic,Punta Cana,Student,Approved,2022-11-24 17:25:16,Walk-in
500,Emelina Cadenas,uvila@example.org,1987-02-20,Business Consultant,69,Dominican Republic,Punta Cana,Corporate,Approved,2024-03-21 00:37:16,Email Campaign
501,Telmo Pérez,espejomargarita@example.com,2000-03-13,Marketing Specialist,108,Dominican Republic,San Pedro de Macorís,Individual,Approved,2022-04-29 02:42:16,Referral
502,Piedad Rosselló,feliuconcepcion@example.com,1985-12-18,Financial Analyst,33,Dominican Republic,San Pedro de Macorís,Corporate,Approved,2026-01-08 20:29:00,Email Campaign
503,Calista Hervás,perelloconsuela@example.com,1982-12-20,Accountant,138,Dominican Republic,Punta Cana,Honorary,Rejected,2025-05-14 07:56:34,Walk-in
504,Leonardo Estevez,angelica09@example.com,2006-08-07,Data Analyst,133,Dominican Republic,Puerto Plata,Individual,Under Review,2023-03-11 22:40:14,Walk-in
505,Irene López,adelardo63@example.org,2002-04-03,Project Manager,201,Dominican Republic,Santo Domingo,Individual,Approved,2025-03-05 01:12:50,Walk-in
506,Gala Castilla,juanito79@example.net,1986-06-21,Marketing Specialist,125,Dominican Republic,San Francisco de Macorís,Honorary,Rejected,2022-06-23 14:46:20,Referral
507,Ismael Gomila,morataismael@example.org,1996-06-13,Lawyer,92,Dominican Republic,Punta Cana,Honorary,Pending Payment,2024-02-06 01:10:21,Email Campaign
508,Luisa Serna,imulet@example.com,1991-10-30,Data Analyst,290,Dominican Republic,San Francisco de Macorís,Honorary,Approved,2026-05-24 08:50:37,Event
509,Albano Novoa,miguel57@example.org,1991-05-13,Civil Engineer,21,Dominican Republic,Santo Domingo,Individual,Under Review,2025-11-23 01:09:40,Event
510,Humberto Domínguez,zjaume@example.org,1998-02-15,Accountant,273,Dominican Republic,Puerto Plata,Individual,Approved,2022-04-27 00:23:25,Walk-in
511,Evangelina Torrecilla,celso38@example.com,1985-12-28,Business Consultant,229,Dominican Republic,Santo Domingo,Corporate,Approved,2024-02-18 10:49:03,Email Campaign
512,Maricela Miró,bsolsona@example.org,1996-11-27,Architect,135,Dominican Republic,Punta Cana,Corporate,Rejected,2023-01-25 19:31:31,Walk-in
513,Etelvina Ortiz,wribes@example.org,2001-03-18,Financial Analyst,34,Dominican Republic,Puerto Plata,Individual,Approved,2024-01-24 19:06:52,Email Campaign
514,Cayetana Tudela,remigiocatala@example.com,1996-04-21,Business Consultant,142,Dominican Republic,Punta Cana,Student,Rejected,2022-09-13 11:17:44,Walk-in
515,Cleto Priego,hectorcano@example.net,1985-06-28,Financial Analyst,42,Dominican Republic,La Romana,Honorary,Approved,2023-03-03 17:58:08,Referral
516,Rosaura Cuenca,wreal@example.org,1989-11-15,Software Engineer,102,Dominican Republic,Santiago,Corporate,Approved,2024-01-09 05:41:38,Website
517,Miguel Parejo,mollani@example.net,1993-10-06,Financial Analyst,14,Dominican Republic,Puerto Plata,Corporate,Approved,2024-12-26 05:28:49,Website
518,Jafet Quintero,ssimo@example.com,1980-12-26,Lawyer,147,Dominican Republic,San Pedro de Macorís,Honorary,Approved,2023-02-28 15:42:57,Website
519,Salomón Maldonado,munizmaria-carmen@example.com,1997-12-21,Financial Analyst,155,Dominican Republic,San Pedro de Macorís,Honorary,Approved,2023-02-12 00:20:48,Walk-in
520,Isabela Cabello,aripoll@example.com,1982-01-27,Project Manager,270,Dominican Republic,Santo Domingo,Honorary,Approved,2021-11-24 00:22:05,Event
521,Esperanza Gomez,emiliavaquero@example.org,1996-01-18,Lawyer,81,Dominican Republic,San Francisco de Macorís,Student,Approved,2025-02-15 19:24:27,Walk-in
522,Alonso Morcillo,flaviosuarez@example.net,1978-09-28,Civil Engineer,82,Dominican Republic,La Romana,Honorary,Submitted,2024-10-19 06:10:46,Referral
523,Alonso Porras,remedioscuellar@example.com,1988-03-15,Software Engineer,249,Dominican Republic,Punta Cana,Student,Withdrawn,2023-09-08 07:33:32,Walk-in
524,Gabino Sureda,mohamedcazorla@example.com,1977-11-07,Financial Analyst,216,Dominican Republic,Punta Cana,Corporate,Approved,2021-11-29 18:13:19,Walk-in
525,Hilario Serra,rhierro@example.net,1990-09-28,Data Analyst,284,Dominican Republic,San Pedro de Macorís,Honorary,Under Review,2023-09-16 07:04:00,Website
526,Natividad Elorza,pvall@example.org,2002-12-28,Civil Engineer,261,Dominican Republic,Puerto Plata,Corporate,Approved,2024-06-19 23:23:36,Event
527,Salud Cuervo,oscarbecerra@example.org,2001-02-12,Software Engineer,65,Dominican Republic,Santiago,Student,Approved,2021-12-04 05:03:35,Walk-in
528,Isabel Ramos,epol@example.com,2008-03-24,Financial Analyst,202,Dominican Republic,Puerto Plata,Honorary,Pending Payment,2023-11-11 16:06:01,Website
529,Sol Carrillo,rodenasalicia@example.net,1977-09-05,Architect,228,Dominican Republic,San Pedro de Macorís,Individual,Pending Payment,2024-02-21 23:49:27,Event
530,Octavia Puig,parrasalomon@example.net,2007-03-15,Accountant,50,Dominican Republic,Santiago,Honorary,Approved,2026-01-01 03:34:14,Event
531,Eva Sacristán,gcasanova@example.org,2004-06-20,Software Engineer,160,Dominican Republic,La Romana,Honorary,Approved,2023-11-19 08:15:57,Event
532,Marta Cantón,quiquerey@example.net,1987-03-18,Software Engineer,10,Dominican Republic,San Francisco de Macorís,Student,Approved,2022-11-09 19:28:51,Referral
533,Ximena Herrero,qgallo@example.org,1986-11-16,Software Engineer,99,Dominican Republic,San Francisco de Macorís,Honorary,Approved,2022-04-12 21:56:27,Referral
534,Álvaro Tur,maritajuan@example.com,1985-09-10,Project Manager,263,Dominican Republic,Santo Domingo,Corporate,Approved,2025-06-07 08:04:01,Walk-in
535,Natalio Sanjuan,clementina49@example.org,2001-07-20,Lawyer,289,Dominican Republic,San Pedro de Macorís,Honorary,Approved,2022-11-03 19:38:09,Website
536,Eusebio Vélez,amancio35@example.net,1987-12-27,Data Analyst,278,Dominican Republic,Santiago,Student,Rejected,2024-02-16 13:43:30,Website
537,Marino Cuadrado,aitana74@example.org,2000-12-13,Accountant,21,Dominican Republic,San Pedro de Macorís,Individual,Approved,2022-09-29 04:31:39,Email Campaign
538,Eugenio Manzano,ojimenez@example.org,1976-08-07,Data Analyst,171,Dominican Republic,La Romana,Student,Approved,2023-06-14 09:34:49,Event
539,Dalila Mateo,danielaalbero@example.com,1988-01-14,Software Engineer,20,Dominican Republic,Punta Cana,Individual,Pending Payment,2025-12-22 22:14:59,Website
540,Marcia Villanueva,ntapia@example.org,1987-05-11,Business Consultant,150,Dominican Republic,San Francisco de Macorís,Student,Withdrawn,2022-12-23 01:56:08,Referral
541,Diana Vallejo,azeneth56@example.com,1997-09-15,Data Analyst,217,Dominican Republic,Punta Cana,Corporate,Approved,2023-02-02 05:28:52,Website
542,Sabina Zapata,eechevarria@example.com,1976-02-17,Financial Analyst,92,Dominican Republic,Puerto Plata,Honorary,Approved,2022-03-14 23:13:06,Email Campaign
543,Octavio Gomila,hilario32@example.com,1996-05-09,Data Analyst,163,Dominican Republic,San Francisco de Macorís,Student,Approved,2022-09-01 08:17:49,Walk-in
544,Florentina Figueras,andrea79@example.net,2006-06-26,Software Engineer,57,Dominican Republic,San Pedro de Macorís,Corporate,Approved,2021-10-02 16:40:15,Referral
545,Priscila Zamora,manuelafrancisco@example.com,1998-03-31,Marketing Specialist,126,Dominican Republic,Punta Cana,Corporate,Rejected,2021-12-05 19:40:56,Referral
546,Sabas Cabeza,anunciacion14@example.net,2008-05-14,Project Manager,25,Dominican Republic,San Pedro de Macorís,Individual,Rejected,2026-03-14 05:03:12,Event
547,Raquel Bernad,salomclaudia@example.net,1984-01-31,Marketing Specialist,112,Dominican Republic,Puerto Plata,Individual,Approved,2023-09-25 00:29:28,Email Campaign
548,José María España,javiersastre@example.org,1977-01-05,Financial Analyst,27,Dominican Republic,San Francisco de Macorís,Student,Approved,2023-11-29 11:39:55,Walk-in
549,Carmina Lobato,falconluz@example.org,2006-06-24,Marketing Specialist,178,Dominican Republic,San Pedro de Macorís,Corporate,Approved,2022-10-11 14:28:48,Email Campaign
550,Azeneth Mateo,galianojavier@example.org,1995-07-29,Accountant,50,Dominican Republic,La Romana,Individual,Approved,2025-09-16 15:39:46,Referral
551,Abril Cabello,montanamontserrat@example.net,1978-02-17,Accountant,6,Dominican Republic,San Pedro de Macorís,Individual,Approved,2023-04-28 01:29:10,Walk-in
552,Ale Carnero,eblanco@example.org,1979-01-17,Architect,255,Dominican Republic,Santo Domingo,Student,Rejected,2026-04-06 20:51:57,Website
553,Dolores Garrido,kmarin@example.org,1995-06-10,Accountant,195,Dominican Republic,Puerto Plata,Individual,Rejected,2025-04-21 23:49:06,Walk-in
554,Rosalinda Cantón,lferreras@example.net,1996-07-20,Lawyer,79,Dominican Republic,San Pedro de Macorís,Honorary,Under Review,2025-07-13 07:42:40,Website
555,Aarón Infante,flillo@example.net,1981-08-26,Marketing Specialist,56,Dominican Republic,San Francisco de Macorís,Individual,Submitted,2024-06-11 20:02:39,Event
556,Anunciación Tomas,filomena44@example.net,1984-02-13,Accountant,219,Dominican Republic,San Pedro de Macorís,Student,Approved,2024-07-20 16:19:37,Event
557,Leonardo Vaquero,eufemia71@example.org,1992-03-27,Data Analyst,234,Dominican Republic,Santo Domingo,Student,Approved,2021-09-15 00:52:44,Website
558,Melchor Vergara,kvalcarcel@example.org,1977-11-16,Architect,211,Dominican Republic,Santiago,Corporate,Approved,2025-04-29 00:16:54,Referral
559,Ignacia Mayo,salazaroctavio@example.net,1999-01-08,Financial Analyst,227,Dominican Republic,Santiago,Individual,Approved,2026-03-26 03:06:10,Email Campaign
560,Pacífica España,melaniacamps@example.org,1982-11-25,Project Manager,281,Dominican Republic,San Pedro de Macorís,Individual,Approved,2024-04-06 05:25:56,Website
561,Angélica Mayoral,maria-dolores87@example.org,1998-12-11,Lawyer,209,Dominican Republic,Santiago,Honorary,Approved,2024-03-15 01:06:55,Website
562,Áurea Gallo,moisescrespi@example.org,2001-09-21,Accountant,267,Dominican Republic,San Francisco de Macorís,Honorary,Approved,2025-01-07 20:42:34,Website
563,Mireia Duarte,emiliacrespo@example.com,2008-03-13,Project Manager,282,Dominican Republic,Santo Domingo,Honorary,Approved,2026-01-16 09:25:57,Walk-in
564,Ainoa Riera,jenaro47@example.com,1988-04-06,Project Manager,273,Dominican Republic,Puerto Plata,Honorary,Approved,2022-11-19 05:53:37,Event
565,Mariano Múgica,paula57@example.com,1990-02-12,Civil Engineer,15,Dominican Republic,La Romana,Corporate,Approved,2024-12-30 11:32:53,Email Campaign
566,María Belén Rincón,quinterobartolome@example.com,1987-09-05,Project Manager,88,Dominican Republic,San Pedro de Macorís,Student,Approved,2022-11-03 12:52:22,Email Campaign
567,Yago Lledó,franciscohoracio@example.net,2000-01-12,Civil Engineer,258,Dominican Republic,La Romana,Individual,Approved,2023-10-29 22:23:19,Referral
568,Macario Perea,montserratteofilo@example.com,1986-09-23,Lawyer,265,Dominican Republic,La Romana,Corporate,Approved,2026-05-25 15:29:35,Email Campaign
569,Charo Flores,esmeraldavaquero@example.com,2004-10-14,Accountant,260,Dominican Republic,Puerto Plata,Individual,Approved,2023-12-24 23:04:41,Walk-in
570,Custodio Benavente,felipemorell@example.net,1991-12-20,Project Manager,125,Dominican Republic,Santiago,Individual,Approved,2025-08-24 15:05:32,Walk-in
571,Arturo Porta,riborra@example.net,1995-08-03,Lawyer,209,Dominican Republic,San Pedro de Macorís,Student,Approved,2024-11-02 22:21:20,Referral
572,Benigno Cadenas,noriegaleoncio@example.net,1988-03-20,Data Analyst,110,Dominican Republic,Punta Cana,Corporate,Under Review,2025-05-17 23:50:07,Event
573,Águeda Luís,suarezeloy@example.net,1978-03-01,Marketing Specialist,49,Dominican Republic,La Romana,Honorary,Approved,2024-05-30 02:46:55,Website
574,Matilde Riba,samantacontreras@example.net,1985-10-25,Financial Analyst,154,Dominican Republic,Punta Cana,Student,Approved,2023-05-09 03:34:15,Website
575,Chita Borja,uhigueras@example.net,1994-03-30,Software Engineer,115,Dominican Republic,San Pedro de Macorís,Student,Withdrawn,2023-11-13 19:32:32,Email Campaign
576,Cecilia Manuel,checamaria-pilar@example.org,2005-04-09,Marketing Specialist,201,Dominican Republic,San Pedro de Macorís,Individual,Approved,2024-04-27 05:33:39,Event
577,Reyna Paniagua,lgarmendia@example.com,1991-08-01,Lawyer,87,Dominican Republic,La Romana,Student,Approved,2023-08-03 04:08:10,Referral
578,Édgar Paredes,heliodoro44@example.net,2001-01-31,Software Engineer,274,Dominican Republic,Santiago,Student,Approved,2021-11-05 16:13:56,Referral
579,Enrique Carreras,zroma@example.com,2002-10-20,Software Engineer,92,Dominican Republic,Puerto Plata,Individual,Approved,2022-01-22 00:22:18,Email Campaign
580,Paz Álvaro,vilaraul@example.org,1994-11-23,Marketing Specialist,110,Dominican Republic,Puerto Plata,Student,Approved,2025-05-15 03:25:29,Event
581,Amílcar Varela,morena87@example.com,1995-03-16,Software Engineer,110,Dominican Republic,Santiago,Corporate,Approved,2024-06-27 17:18:36,Referral
582,Fabiana Bautista,brionescelestina@example.org,1993-09-27,Project Manager,160,Dominican Republic,Santo Domingo,Student,Approved,2022-12-30 08:56:42,Email Campaign
583,Nazaret Vilanova,solisemilia@example.net,1982-02-21,Architect,259,Dominican Republic,La Romana,Individual,Approved,2022-04-09 20:25:11,Email Campaign
584,María Fernanda Rosa,adela72@example.net,1986-11-21,Business Consultant,123,Dominican Republic,Santo Domingo,Honorary,Rejected,2022-04-09 16:06:44,Email Campaign
585,Germán Nicolás,xalamo@example.net,2000-10-21,Data Analyst,91,Dominican Republic,San Francisco de Macorís,Individual,Under Review,2025-04-30 04:47:04,Walk-in
586,Tamara Almazán,amarin@example.net,2003-10-29,Civil Engineer,31,Dominican Republic,San Pedro de Macorís,Student,Approved,2024-12-19 07:30:28,Walk-in
587,Alejo Aguirre,mohamedroldan@example.org,1984-06-14,Architect,122,Dominican Republic,San Francisco de Macorís,Student,Approved,2023-07-19 06:47:47,Website
588,Daniela Morera,xfonseca@example.net,2007-02-17,Civil Engineer,219,Dominican Republic,Santo Domingo,Honorary,Approved,2024-08-31 15:11:08,Walk-in
589,Teodora Corominas,maria-teresacolomer@example.org,1986-02-21,Software Engineer,253,Dominican Republic,Puerto Plata,Honorary,Approved,2023-03-12 23:00:08,Website
590,Cosme Amo,castejoncalixta@example.com,2008-02-17,Accountant,213,Dominican Republic,San Pedro de Macorís,Corporate,Approved,2022-03-28 23:49:40,Website
591,Nacio Miró,gemagallardo@example.org,1985-12-14,Architect,6,Dominican Republic,San Pedro de Macorís,Honorary,Pending Payment,2023-01-15 02:37:06,Email Campaign
592,Teobaldo Linares,zairagaya@example.com,1976-07-29,Lawyer,280,Dominican Republic,La Romana,Corporate,Approved,2022-10-26 09:39:06,Referral
593,Saturnina Sabater,perezamancio@example.com,2005-03-01,Data Analyst,211,Dominican Republic,Santo Domingo,Corporate,Approved,2023-06-04 20:05:27,Event
594,Ricardo Avilés,zrodenas@example.org,1982-08-23,Civil Engineer,213,Dominican Republic,San Pedro de Macorís,Honorary,Under Review,2024-11-19 23:24:55,Event
595,Dominga Casanovas,diezantonia@example.net,2000-04-19,Lawyer,105,Dominican Republic,Santo Domingo,Student,Approved,2026-01-16 11:39:42,Email Campaign
596,Domingo Cánovas,dionisiotorrijos@example.net,1996-03-23,Lawyer,147,Dominican Republic,San Pedro de Macorís,Honorary,Approved,2024-09-12 06:26:10,Walk-in
597,Maribel Moliner,nfeijoo@example.org,2002-11-10,Software Engineer,105,Dominican Republic,Punta Cana,Student,Approved,2025-12-17 16:52:39,Event
598,Plácido Tejedor,apolonia17@example.org,1975-11-23,Project Manager,37,Dominican Republic,Puerto Plata,Corporate,Submitted,2024-11-18 11:56:26,Walk-in
599,Nieves Rivera,wcabo@example.com,2007-10-29,Lawyer,152,Dominican Republic,La Romana,Student,Withdrawn,2024-04-14 20:49:37,Walk-in
600,Piedad Bas,omas@example.net,1978-07-09,Business Consultant,266,Dominican Republic,La Romana,Student,Approved,2024-12-18 12:01:27,Walk-in
601,Sara Soto,llobetluna@example.net,2006-03-06,Accountant,27,Dominican Republic,San Pedro de Macorís,Individual,Approved,2024-05-26 03:44:34,Email Campaign
602,Artemio Chico,galoagullo@example.org,1993-04-17,Civil Engineer,246,Dominican Republic,San Francisco de Macorís,Honorary,Approved,2022-12-22 17:05:47,Email Campaign
603,Enrique Soriano,barrigadebora@example.org,2005-02-14,Accountant,158,Dominican Republic,San Francisco de Macorís,Individual,Rejected,2024-02-22 08:53:06,Website
604,Ramiro Ribera,simonduque@example.org,2007-07-03,Financial Analyst,26,Dominican Republic,Santiago,Individual,Approved,2026-01-23 00:30:33,Referral
605,Evaristo Escudero,serafina12@example.org,1992-07-29,Civil Engineer,240,Dominican Republic,Santo Domingo,Individual,Submitted,2023-05-21 19:59:28,Website
606,Mariano Quintanilla,violeta49@example.com,1976-08-12,Business Consultant,144,Dominican Republic,Santo Domingo,Honorary,Approved,2021-11-14 00:56:29,Email Campaign
607,Natanael Andrade,varamburu@example.org,2006-09-24,Civil Engineer,12,Dominican Republic,San Francisco de Macorís,Corporate,Approved,2025-02-12 07:49:23,Email Campaign
608,Arturo Pi,faustocabrera@example.org,1987-07-06,Project Manager,21,Dominican Republic,San Francisco de Macorís,Individual,Approved,2023-07-18 16:36:23,Referral
609,Cirino Rivas,capdevilaalba@example.com,1989-10-08,Architect,196,Dominican Republic,Puerto Plata,Student,Rejected,2026-03-20 08:11:43,Referral
610,Valerio Cañizares,merinoalba@example.com,2006-04-03,Financial Analyst,204,Dominican Republic,Santiago,Individual,Approved,2023-11-01 19:54:19,Referral
611,Eduardo Moraleda,encarna17@example.com,2001-02-13,Marketing Specialist,52,Dominican Republic,La Romana,Student,Submitted,2023-04-27 15:08:30,Email Campaign
612,Edgardo Gimenez,noaclavero@example.org,1998-01-28,Project Manager,287,Dominican Republic,San Pedro de Macorís,Individual,Approved,2022-05-08 03:22:09,Website
613,Mar Bustamante,nlumbreras@example.org,1984-02-23,Architect,96,Dominican Republic,La Romana,Honorary,Approved,2023-07-29 15:21:15,Website
614,Josué Esteban,nando79@example.net,1993-03-26,Accountant,160,Dominican Republic,Punta Cana,Corporate,Approved,2023-12-02 11:26:14,Walk-in
615,Martirio Catalá,telmo52@example.net,2000-09-13,Civil Engineer,191,Dominican Republic,San Pedro de Macorís,Honorary,Rejected,2021-12-10 02:56:19,Website
616,Mariana Plaza,figuerolagerman@example.org,1980-07-05,Software Engineer,33,Dominican Republic,Puerto Plata,Honorary,Rejected,2021-12-09 18:38:30,Event
617,Petrona Gárate,regulomora@example.org,1995-02-10,Data Analyst,64,Dominican Republic,Punta Cana,Corporate,Under Review,2025-09-27 12:11:58,Email Campaign
618,Alondra Núñez,eusebiaramirez@example.com,1982-12-15,Data Analyst,208,Dominican Republic,Puerto Plata,Individual,Approved,2025-07-03 19:28:41,Website
619,Ester Jódar,vcarranza@example.com,1997-12-12,Civil Engineer,246,Dominican Republic,La Romana,Corporate,Approved,2026-01-10 06:08:13,Referral
620,Ámbar Navas,tecla24@example.com,2003-02-07,Business Consultant,222,Dominican Republic,Santiago,Honorary,Approved,2025-10-17 22:44:54,Walk-in
621,María Pilar Sastre,noriegamaria-carmen@example.net,1984-08-03,Lawyer,92,Dominican Republic,Puerto Plata,Student,Approved,2022-03-09 21:19:00,Email Campaign
622,Merche Pavón,iamigo@example.org,1978-11-12,Data Analyst,133,Dominican Republic,Punta Cana,Honorary,Approved,2023-08-01 10:35:10,Event
623,Zacarías Cantero,marquesedmundo@example.com,1986-02-03,Software Engineer,180,Dominican Republic,Punta Cana,Corporate,Approved,2025-07-01 20:35:38,Email Campaign
624,Tristán Blanch,romulovicente@example.org,1980-06-20,Accountant,274,Dominican Republic,Santo Domingo,Student,Approved,2023-07-16 01:46:42,Walk-in
625,Maura Alegria,macarenaotero@example.net,1996-02-04,Software Engineer,288,Dominican Republic,Punta Cana,Individual,Approved,2022-12-10 07:47:42,Event
626,Chus Zapata,parejacalista@example.org,1999-04-01,Software Engineer,57,Dominican Republic,Punta Cana,Student,Approved,2026-03-02 03:27:23,Email Campaign
627,Flavio Perelló,corneliodaza@example.net,1997-03-24,Software Engineer,216,Dominican Republic,Santo Domingo,Honorary,Approved,2023-07-29 17:53:45,Event
628,Pía Cornejo,rfrancisco@example.org,2008-04-11,Civil Engineer,127,Dominican Republic,San Francisco de Macorís,Individual,Withdrawn,2025-01-22 06:09:37,Email Campaign
629,Manu Porta,dtamayo@example.com,1980-04-11,Lawyer,176,Dominican Republic,La Romana,Corporate,Approved,2024-03-14 20:01:48,Walk-in
630,Aarón Benavides,leandra84@example.org,2007-01-20,Marketing Specialist,39,Dominican Republic,Puerto Plata,Honorary,Approved,2022-03-21 08:59:16,Email Campaign
631,Benigno Reguera,ernestoterron@example.org,2001-08-30,Civil Engineer,17,Dominican Republic,Puerto Plata,Corporate,Approved,2023-09-18 02:16:15,Walk-in
632,Rosendo Cuervo,lportillo@example.org,1984-02-08,Civil Engineer,108,Dominican Republic,Puerto Plata,Student,Approved,2024-08-18 11:10:46,Referral
633,Calisto Gonzalo,enrique61@example.net,2000-10-24,Accountant,97,Dominican Republic,San Pedro de Macorís,Honorary,Approved,2022-12-10 13:23:18,Website
634,Hernán Salcedo,hortensiallorens@example.com,1976-01-05,Marketing Specialist,23,Dominican Republic,Santo Domingo,Individual,Approved,2022-08-25 04:50:27,Referral
635,Azahar Merino,sotelojesus@example.net,1990-07-23,Software Engineer,277,Dominican Republic,Punta Cana,Student,Approved,2024-03-11 04:42:50,Website
636,Paca Casanovas,ecorral@example.net,1987-04-06,Data Analyst,135,Dominican Republic,Puerto Plata,Individual,Approved,2023-12-19 04:22:08,Referral
637,Apolinar Pizarro,daniel76@example.net,1981-05-18,Business Consultant,192,Dominican Republic,San Francisco de Macorís,Student,Approved,2025-10-17 18:56:33,Event
638,Marta Manuel,azenethcalderon@example.org,2000-07-17,Civil Engineer,200,Dominican Republic,Santo Domingo,Corporate,Approved,2024-09-25 04:33:21,Email Campaign
639,Jose Antonio Urrutia,drobles@example.net,1979-03-24,Civil Engineer,160,Dominican Republic,San Pedro de Macorís,Corporate,Approved,2024-01-13 08:24:24,Referral
640,Purificación Llorens,felicidad85@example.com,1998-05-04,Accountant,119,Dominican Republic,Puerto Plata,Student,Approved,2023-10-15 09:24:10,Referral
641,Pepe Blanco,cadenasleyre@example.com,1983-11-27,Civil Engineer,18,Dominican Republic,Puerto Plata,Student,Withdrawn,2025-11-10 15:00:23,Referral
642,Ismael Roura,cristobal78@example.net,2004-02-20,Software Engineer,103,Dominican Republic,Punta Cana,Honorary,Approved,2024-11-05 10:15:33,Referral
643,Elvira Villena,marnal@example.org,1995-09-25,Business Consultant,289,Dominican Republic,Puerto Plata,Student,Approved,2022-06-28 01:19:42,Event
644,Coral Bustamante,gomezponcio@example.net,1998-07-13,Marketing Specialist,72,Dominican Republic,La Romana,Honorary,Approved,2025-03-28 08:47:20,Event
645,Ofelia Prada,oliveraflor@example.com,2004-08-23,Marketing Specialist,181,Dominican Republic,San Pedro de Macorís,Corporate,Approved,2025-07-27 06:24:02,Email Campaign
646,Consuela Yáñez,pujadasodalis@example.net,2000-12-21,Business Consultant,257,Dominican Republic,San Francisco de Macorís,Honorary,Approved,2025-04-28 08:03:32,Referral
647,Haydée Amigó,claudiaescriva@example.org,1997-02-05,Civil Engineer,241,Dominican Republic,San Pedro de Macorís,Individual,Approved,2024-06-12 20:07:04,Walk-in
648,Conrado Manzano,uandrade@example.com,2004-07-19,Accountant,198,Dominican Republic,La Romana,Individual,Rejected,2023-10-22 10:18:19,Website
649,Plinio Núñez,jose-ramon47@example.org,1986-09-08,Architect,176,Dominican Republic,La Romana,Individual,Approved,2025-07-19 09:07:26,Website
650,Jovita Jódar,hugomontserrat@example.net,1989-04-20,Software Engineer,224,Dominican Republic,Santo Domingo,Student,Rejected,2024-08-12 15:52:36,Walk-in
651,Mercedes Dueñas,vborrell@example.com,1996-08-14,Accountant,63,Dominican Republic,San Francisco de Macorís,Honorary,Pending Payment,2026-03-25 00:36:28,Email Campaign
652,Manola Goñi,patricia41@example.net,1978-09-21,Lawyer,134,Dominican Republic,San Francisco de Macorís,Corporate,Rejected,2025-02-07 09:20:08,Referral
653,Matías Valencia,maristelapineiro@example.org,1984-08-26,Financial Analyst,276,Dominican Republic,Punta Cana,Corporate,Rejected,2025-10-11 23:59:30,Event
654,Pascual Navas,wpardo@example.org,2008-04-14,Civil Engineer,127,Dominican Republic,San Pedro de Macorís,Corporate,Pending Payment,2023-01-31 10:24:21,Website
655,Mohamed Alcázar,falcocandida@example.com,2006-07-27,Lawyer,125,Dominican Republic,Santiago,Corporate,Approved,2025-12-15 05:54:11,Event
656,Juanita Marti,romulobenitez@example.org,1978-10-28,Lawyer,41,Dominican Republic,Santo Domingo,Student,Rejected,2022-06-03 02:13:53,Referral
657,Leonor Quiroga,esteban58@example.com,1989-02-22,Software Engineer,247,Dominican Republic,San Francisco de Macorís,Individual,Approved,2022-10-13 02:31:13,Email Campaign
658,África Plaza,marinencarna@example.net,1978-06-11,Accountant,15,Dominican Republic,Punta Cana,Honorary,Approved,2024-05-27 21:53:56,Event
659,Jafet Salas,hoyoscarlota@example.org,1998-05-11,Accountant,41,Dominican Republic,La Romana,Corporate,Approved,2023-12-24 10:02:59,Walk-in
660,Amancio Urrutia,perlagilabert@example.org,2005-06-03,Lawyer,172,Dominican Republic,Santo Domingo,Corporate,Approved,2023-07-28 10:13:03,Referral
661,Valerio Garzón,albanomartin@example.org,2008-06-19,Civil Engineer,115,Dominican Republic,San Pedro de Macorís,Individual,Withdrawn,2021-10-29 07:55:57,Walk-in
662,Rosa Tomas,jribas@example.net,1994-12-22,Data Analyst,168,Dominican Republic,Santiago,Corporate,Rejected,2023-04-15 01:18:06,Email Campaign
663,Seve Estrada,vpombo@example.com,1999-09-11,Financial Analyst,199,Dominican Republic,Puerto Plata,Individual,Approved,2024-09-29 14:24:16,Email Campaign
664,Nieves Lago,xpellicer@example.org,1986-07-16,Software Engineer,279,Dominican Republic,San Francisco de Macorís,Honorary,Submitted,2026-03-31 15:45:21,Website
665,Pepe Benítez,modestohuerta@example.net,1995-05-07,Marketing Specialist,168,Dominican Republic,La Romana,Corporate,Approved,2022-09-29 20:18:18,Referral
666,Clemente Vera,gmir@example.net,1983-05-26,Project Manager,98,Dominican Republic,Punta Cana,Individual,Approved,2024-08-12 01:14:07,Email Campaign
667,Liliana Goicoechea,kleon@example.org,1991-04-22,Data Analyst,56,Dominican Republic,Santiago,Honorary,Approved,2025-05-17 04:56:22,Walk-in
668,Anastasia Rubio,donosoalfredo@example.net,1990-11-27,Data Analyst,269,Dominican Republic,Santo Domingo,Corporate,Withdrawn,2026-05-28 12:40:49,Referral
669,Florentina Barceló,albina21@example.net,1987-09-15,Data Analyst,92,Dominican Republic,San Pedro de Macorís,Corporate,Approved,2022-03-17 00:26:35,Email Campaign
670,Loida Llorente,teofila09@example.com,1990-04-22,Accountant,168,Dominican Republic,San Pedro de Macorís,Student,Approved,2022-10-14 02:43:02,Website
671,Ruy Garrido,imenendez@example.net,1998-08-08,Lawyer,285,Dominican Republic,Santo Domingo,Honorary,Pending Payment,2024-03-29 08:05:25,Email Campaign
672,Natalio Guerrero,xcobos@example.net,1998-10-30,Architect,1,Dominican Republic,Puerto Plata,Student,Rejected,2024-04-28 18:38:48,Event
673,Rosalía Agudo,palmadiana@example.org,2002-01-01,Architect,289,Dominican Republic,La Romana,Honorary,Approved,2022-04-03 10:03:25,Website
674,Encarna Bartolomé,ucuellar@example.org,1984-02-10,Business Consultant,111,Dominican Republic,La Romana,Individual,Approved,2023-03-05 23:32:06,Walk-in
675,Petrona Escudero,urialuisina@example.org,1986-12-08,Accountant,146,Dominican Republic,San Pedro de Macorís,Student,Approved,2022-05-29 15:07:10,Walk-in
676,Ciríaco Quintanilla,yramon@example.net,1991-10-15,Project Manager,20,Dominican Republic,San Francisco de Macorís,Individual,Approved,2022-10-30 02:55:53,Event
677,Rebeca Nuñez,clementemerino@example.com,1981-09-06,Architect,100,Dominican Republic,La Romana,Honorary,Approved,2025-04-23 20:56:54,Referral
678,Serafina Iniesta,lbotella@example.com,1989-04-21,Software Engineer,165,Dominican Republic,San Francisco de Macorís,Corporate,Under Review,2023-05-11 01:16:43,Walk-in
679,Javi Ortega,nicolasvito@example.org,1993-06-21,Project Manager,16,Dominican Republic,San Francisco de Macorís,Student,Approved,2023-11-04 15:28:37,Email Campaign
680,Alex Barrera,pereaclaudio@example.org,1975-09-15,Financial Analyst,224,Dominican Republic,San Francisco de Macorís,Individual,Approved,2026-02-24 17:02:02,Email Campaign
681,Albano Acuña,rodrigo40@example.net,1994-10-25,Lawyer,116,Dominican Republic,Puerto Plata,Student,Rejected,2024-11-02 08:42:49,Email Campaign
682,Rosa María Baños,gonzalovalentin@example.org,1993-11-09,Architect,278,Dominican Republic,San Francisco de Macorís,Student,Approved,2023-07-05 06:02:57,Event
683,Onofre Caballero,eliperello@example.net,1981-08-31,Data Analyst,107,Dominican Republic,La Romana,Student,Rejected,2025-05-25 23:42:30,Event
684,Lara Elías,odalyssalgado@example.org,1996-10-23,Lawyer,12,Dominican Republic,Santo Domingo,Corporate,Approved,2021-12-24 06:08:04,Email Campaign
685,Brígida Carreño,lupe15@example.net,1981-10-14,Business Consultant,260,Dominican Republic,Puerto Plata,Honorary,Approved,2026-01-22 16:14:44,Referral
686,Florencio Cabo,mferrando@example.org,1996-07-05,Software Engineer,66,Dominican Republic,Santiago,Individual,Approved,2024-07-09 01:02:07,Website
687,Wálter Porcel,qcarnero@example.net,1977-11-15,Software Engineer,237,Dominican Republic,La Romana,Student,Withdrawn,2024-07-11 23:40:04,Email Campaign
688,Jose Manuel Pavón,josetudela@example.org,2002-08-31,Business Consultant,161,Dominican Republic,Santiago,Honorary,Approved,2025-02-01 20:34:00,Walk-in
689,Ariel Palma,tenorioobdulia@example.net,1999-09-22,Project Manager,120,Dominican Republic,San Francisco de Macorís,Student,Approved,2022-06-28 16:30:45,Event
690,Regina Vizcaíno,montesviviana@example.net,1994-10-20,Software Engineer,260,Dominican Republic,San Francisco de Macorís,Individual,Withdrawn,2026-03-05 10:10:06,Website
691,Azahara Prado,lorenzomontes@example.org,1990-11-20,Software Engineer,191,Dominican Republic,Puerto Plata,Corporate,Withdrawn,2023-05-03 01:57:38,Email Campaign
692,Luís Roldan,yrozas@example.org,1992-05-02,Data Analyst,284,Dominican Republic,La Romana,Corporate,Approved,2021-11-07 20:07:04,Email Campaign
693,Amparo Calvet,chelo79@example.com,1986-01-20,Marketing Specialist,138,Dominican Republic,Santo Domingo,Student,Submitted,2025-11-18 19:44:56,Email Campaign
694,Miriam Madrigal,alamopaz@example.org,1982-01-17,Project Manager,72,Dominican Republic,Punta Cana,Corporate,Approved,2022-05-29 21:13:00,Website
695,Marino Durán,mamen08@example.org,1977-04-02,Project Manager,112,Dominican Republic,Santiago,Corporate,Approved,2024-03-24 00:11:59,Referral
696,Rogelio Fabra,brigida06@example.net,1992-12-10,Civil Engineer,42,Dominican Republic,San Pedro de Macorís,Honorary,Approved,2026-02-08 18:01:34,Event
697,Reina Escalona,isa03@example.org,1991-03-16,Marketing Specialist,191,Dominican Republic,Santo Domingo,Corporate,Approved,2023-03-25 18:06:44,Website
698,Tecla Giralt,camilo37@example.org,1995-01-29,Architect,38,Dominican Republic,Santiago,Individual,Approved,2021-10-13 05:35:29,Walk-in
699,Artemio Pizarro,trinidadcarnero@example.com,1975-10-22,Architect,52,Dominican Republic,Punta Cana,Honorary,Approved,2023-09-11 15:29:49,Walk-in
700,Georgina Muro,rosariogracia@example.com,2006-11-13,Project Manager,137,Dominican Republic,Santiago,Student,Approved,2025-01-25 15:07:49,Event
701,Arsenio Costa,elenahoz@example.net,1998-05-24,Project Manager,192,Dominican Republic,Santiago,Individual,Approved,2023-11-05 22:36:19,Referral
702,Sofía Rocamora,hernando46@example.net,1975-12-30,Lawyer,272,Dominican Republic,Punta Cana,Honorary,Approved,2025-03-09 21:43:27,Email Campaign
703,Palmira Riba,mlobo@example.com,1984-04-08,Architect,151,Dominican Republic,Santo Domingo,Student,Approved,2021-09-27 04:36:35,Email Campaign
704,Eugenia Prats,sanchezeduardo@example.net,1999-02-08,Project Manager,220,Dominican Republic,Santo Domingo,Student,Rejected,2023-07-19 13:06:19,Email Campaign
705,Calisto Carbó,cuencavaleria@example.com,1977-11-28,Business Consultant,246,Dominican Republic,Puerto Plata,Student,Approved,2023-03-18 11:07:12,Event
706,Brunilda Morán,manolajerez@example.net,1999-12-23,Software Engineer,188,Dominican Republic,Puerto Plata,Individual,Approved,2025-01-13 23:11:50,Referral
707,Lucas Macías,roberta94@example.org,2001-07-16,Software Engineer,221,Dominican Republic,Punta Cana,Individual,Under Review,2022-08-31 18:04:36,Email Campaign
708,Ruperto Franch,valencianoherberto@example.org,1993-04-12,Data Analyst,141,Dominican Republic,La Romana,Honorary,Approved,2021-12-14 16:32:26,Event
709,Adora Tejero,cantonjenaro@example.org,2003-12-29,Data Analyst,35,Dominican Republic,San Francisco de Macorís,Corporate,Approved,2024-12-13 11:03:09,Event
710,Gerónimo Blanes,herranztristan@example.net,1988-04-07,Financial Analyst,237,Dominican Republic,Puerto Plata,Corporate,Approved,2025-05-17 22:39:24,Event
711,Mamen Clavero,qarmengol@example.net,2001-09-26,Data Analyst,227,Dominican Republic,La Romana,Student,Approved,2023-04-04 21:29:45,Website
712,María Jesús Gallo,armando90@example.org,1987-04-06,Data Analyst,162,Dominican Republic,San Francisco de Macorís,Honorary,Approved,2023-10-14 00:04:45,Email Campaign
713,África Echevarría,oscar30@example.com,1988-07-29,Marketing Specialist,211,Dominican Republic,Punta Cana,Honorary,Approved,2022-12-14 10:41:33,Walk-in
714,Lupe Vega,gomisgeronimo@example.net,1982-04-05,Data Analyst,216,Dominican Republic,Santo Domingo,Honorary,Approved,2024-07-04 08:35:10,Walk-in
715,Gema Ródenas,saezbuenaventura@example.org,1996-02-13,Civil Engineer,264,Dominican Republic,Puerto Plata,Individual,Approved,2026-02-22 22:57:06,Walk-in
716,Lucio Cuevas,carlamoll@example.org,1979-06-09,Civil Engineer,107,Dominican Republic,San Francisco de Macorís,Student,Approved,2022-03-16 03:27:36,Email Campaign
717,Sebastián Villaverde,domenechlourdes@example.com,1988-03-31,Accountant,278,Dominican Republic,San Francisco de Macorís,Corporate,Rejected,2021-12-23 04:27:54,Email Campaign
718,Eric Calleja,adolfopiquer@example.org,1994-10-17,Architect,51,Dominican Republic,San Pedro de Macorís,Student,Approved,2022-02-23 06:50:31,Referral
719,Odalys Ponce,gomezmaria-belen@example.net,1976-11-04,Lawyer,162,Dominican Republic,Santiago,Corporate,Approved,2026-04-16 20:29:50,Website
720,Candelario Aller,spolo@example.net,1996-08-09,Data Analyst,272,Dominican Republic,San Pedro de Macorís,Student,Approved,2024-12-09 10:21:46,Walk-in
721,Vinicio Gámez,wibanez@example.net,1991-02-16,Project Manager,296,Dominican Republic,Santiago,Honorary,Approved,2025-09-22 09:22:06,Referral
722,Zaira Coronado,opalomino@example.org,1985-05-29,Lawyer,222,Dominican Republic,Santiago,Corporate,Approved,2023-02-18 11:37:41,Walk-in
723,Román Jimenez,quirinoalmansa@example.com,2003-01-19,Financial Analyst,183,Dominican Republic,Santo Domingo,Individual,Approved,2024-03-14 09:55:21,Walk-in
724,Ernesto Arnau,treguera@example.net,2004-08-16,Civil Engineer,64,Dominican Republic,Santo Domingo,Honorary,Submitted,2023-08-01 00:11:18,Walk-in
725,Samu Casares,horacio66@example.com,1991-04-26,Architect,5,Dominican Republic,Punta Cana,Honorary,Approved,2025-07-01 01:43:39,Referral
726,Vicente Pont,vparra@example.com,1998-04-14,Civil Engineer,229,Dominican Republic,Santo Domingo,Individual,Under Review,2025-01-16 01:47:30,Website
727,Eliseo Fuster,isaacfeijoo@example.net,1982-04-08,Accountant,13,Dominican Republic,Puerto Plata,Corporate,Approved,2024-09-27 21:05:38,Event
728,Trinidad Sierra,pperera@example.com,1982-11-29,Marketing Specialist,141,Dominican Republic,La Romana,Corporate,Approved,2024-12-28 06:24:35,Walk-in
729,Epifanio Sosa,santamariamarcelo@example.net,1989-09-01,Project Manager,286,Dominican Republic,Santiago,Individual,Approved,2022-01-30 21:13:42,Event
730,Heraclio Gaya,carmen26@example.net,1990-05-04,Architect,98,Dominican Republic,San Francisco de Macorís,Individual,Under Review,2023-03-09 00:11:33,Event
731,Venceslás Alvarez,rolandoduenas@example.com,2001-01-10,Marketing Specialist,101,Dominican Republic,San Francisco de Macorís,Corporate,Approved,2022-12-23 00:21:24,Event
732,Felipa Quesada,eutropioreina@example.com,1991-08-04,Data Analyst,192,Dominican Republic,Puerto Plata,Corporate,Approved,2023-09-28 03:31:16,Walk-in
733,Rufina Castrillo,nmolina@example.net,1993-09-12,Civil Engineer,245,Dominican Republic,San Pedro de Macorís,Corporate,Pending Payment,2021-12-13 11:11:41,Event
734,Inmaculada Caballero,boadaalfonso@example.org,2006-12-15,Marketing Specialist,137,Dominican Republic,Punta Cana,Honorary,Approved,2022-02-05 16:26:30,Website
735,Natanael Bosch,valeria53@example.net,1980-10-08,Financial Analyst,66,Dominican Republic,Punta Cana,Student,Approved,2023-06-18 14:13:47,Referral
736,Marino Batalla,estrella59@example.com,1991-10-24,Project Manager,265,Dominican Republic,San Francisco de Macorís,Corporate,Approved,2024-07-12 20:18:33,Email Campaign
737,Juliana Díez,marcio18@example.org,2006-04-18,Software Engineer,87,Dominican Republic,San Francisco de Macorís,Honorary,Rejected,2022-12-11 02:06:58,Event
738,Fernando Ribes,redondofederico@example.net,1994-06-10,Lawyer,94,Dominican Republic,Puerto Plata,Honorary,Approved,2025-08-23 16:25:06,Email Campaign
739,Juana Lucas,danilocollado@example.com,1978-12-13,Financial Analyst,273,Dominican Republic,Santo Domingo,Individual,Approved,2021-12-26 03:10:37,Referral
740,Elpidio Piquer,epinilla@example.org,2001-09-30,Business Consultant,204,Dominican Republic,La Romana,Honorary,Approved,2021-10-26 18:48:06,Walk-in
741,Delia Pareja,cespada@example.org,1992-05-18,Civil Engineer,206,Dominican Republic,San Pedro de Macorís,Student,Pending Payment,2024-07-29 00:38:58,Walk-in
742,Sonia Nicolás,pelayobruno@example.org,1980-03-28,Marketing Specialist,174,Dominican Republic,San Francisco de Macorís,Honorary,Approved,2024-03-15 04:19:51,Email Campaign
743,Inés Prada,danfigueras@example.net,1986-07-23,Business Consultant,257,Dominican Republic,San Pedro de Macorís,Student,Submitted,2024-02-20 02:04:13,Event
744,Leonor Blanco,elisa70@example.net,2005-12-18,Architect,124,Dominican Republic,San Pedro de Macorís,Corporate,Approved,2025-03-15 15:46:00,Walk-in
745,Fortunato Patiño,gregorio84@example.net,2006-05-31,Lawyer,279,Dominican Republic,Punta Cana,Honorary,Approved,2021-11-06 15:03:05,Event
746,Amelia Montalbán,baldomeroharo@example.net,1986-01-29,Project Manager,180,Dominican Republic,San Francisco de Macorís,Student,Pending Payment,2023-11-21 06:04:15,Referral
747,Vidal Roselló,apolinar47@example.net,1978-05-18,Software Engineer,208,Dominican Republic,Punta Cana,Student,Pending Payment,2024-06-25 03:08:39,Referral
748,Carmen Angulo,salomealarcon@example.net,1995-03-02,Accountant,207,Dominican Republic,Santo Domingo,Honorary,Rejected,2021-10-24 11:28:38,Referral
749,Marciano Pintor,veronicasoriano@example.com,1988-11-10,Financial Analyst,247,Dominican Republic,Santiago,Individual,Approved,2021-12-15 14:00:47,Website
750,Jordana León,xnarvaez@example.net,2004-09-09,Business Consultant,260,Dominican Republic,Puerto Plata,Corporate,Rejected,2025-04-05 16:59:22,Website
751,Santos Nogués,osvaldojurado@example.net,1982-03-18,Data Analyst,160,Dominican Republic,Punta Cana,Individual,Under Review,2025-10-22 12:45:10,Walk-in
752,Lope Lasa,sandovalzaida@example.net,1978-07-13,Business Consultant,147,Dominican Republic,Santo Domingo,Individual,Rejected,2024-05-11 16:29:26,Walk-in
753,Rosalva Verdú,alvaradoobdulia@example.org,2003-01-29,Marketing Specialist,223,Dominican Republic,San Francisco de Macorís,Individual,Under Review,2022-07-24 09:06:43,Walk-in
754,Jose Carlos Benavente,raulbas@example.org,1995-02-08,Lawyer,297,Dominican Republic,San Pedro de Macorís,Honorary,Approved,2023-08-31 22:50:20,Referral
755,Melania Bonet,agustiloreto@example.org,2000-09-14,Financial Analyst,180,Dominican Republic,Santiago,Individual,Approved,2024-07-20 15:46:09,Email Campaign
756,Sabina Bejarano,dafneserna@example.net,2005-05-13,Accountant,23,Dominican Republic,San Francisco de Macorís,Individual,Withdrawn,2024-06-18 20:39:16,Website
757,Mireia Camacho,barberojulie@example.org,1982-06-08,Marketing Specialist,23,Dominican Republic,Santiago,Student,Approved,2022-05-04 22:18:54,Walk-in
758,Gilberto Bravo,acevedotoribio@example.net,1983-07-30,Accountant,158,Dominican Republic,Santiago,Individual,Rejected,2023-06-09 21:58:57,Referral
759,Aureliano Bernad,omontes@example.net,1982-03-15,Civil Engineer,144,Dominican Republic,Santo Domingo,Individual,Approved,2025-09-12 19:20:09,Email Campaign
760,Olimpia Figueroa,eestrada@example.com,2000-07-15,Project Manager,279,Dominican Republic,Santiago,Student,Approved,2022-03-04 03:15:52,Event
761,Venceslás Esteban,bernadgabriel@example.org,1984-08-08,Architect,83,Dominican Republic,La Romana,Honorary,Approved,2022-11-15 20:20:14,Website
762,Selena Fajardo,benitezgodofredo@example.org,2004-07-09,Business Consultant,289,Dominican Republic,San Francisco de Macorís,Individual,Approved,2024-05-20 08:38:30,Event
763,Maristela Goñi,rupertomartin@example.net,1989-09-03,Financial Analyst,280,Dominican Republic,Puerto Plata,Individual,Approved,2025-12-16 21:48:32,Event
764,Felicidad Machado,teodosioiglesia@example.com,2000-09-01,Civil Engineer,55,Dominican Republic,San Francisco de Macorís,Student,Approved,2023-09-12 20:04:43,Referral
765,Bernarda Aguilar,lope21@example.org,1977-10-13,Civil Engineer,295,Dominican Republic,Punta Cana,Honorary,Withdrawn,2025-11-07 08:29:11,Website
766,Omar Barrena,rbernal@example.net,1990-10-26,Financial Analyst,128,Dominican Republic,San Pedro de Macorís,Individual,Approved,2021-10-02 01:37:14,Walk-in
767,Marcela Borja,dionisia59@example.net,2008-04-14,Lawyer,147,Dominican Republic,La Romana,Student,Submitted,2022-03-18 11:11:41,Event
768,Cloe Jáuregui,virgilio57@example.com,1992-08-24,Lawyer,119,Dominican Republic,San Francisco de Macorís,Individual,Approved,2024-03-15 14:57:59,Referral
769,María Carmen Torrijos,carina33@example.net,1981-06-13,Software Engineer,231,Dominican Republic,San Francisco de Macorís,Individual,Approved,2022-01-05 10:49:07,Email Campaign
770,Jessica Osorio,dsola@example.com,2007-01-25,Civil Engineer,93,Dominican Republic,Puerto Plata,Student,Approved,2025-01-29 14:47:37,Website
771,Abigaíl Sobrino,jcorominas@example.net,2001-03-08,Data Analyst,159,Dominican Republic,Punta Cana,Student,Withdrawn,2024-12-05 16:39:46,Walk-in
772,Simón Amat,modestamoliner@example.com,2005-04-04,Architect,112,Dominican Republic,Santiago,Corporate,Rejected,2022-12-02 21:47:16,Email Campaign
773,Salomón Pavón,roviramaxima@example.net,2006-06-14,Accountant,163,Dominican Republic,Santiago,Corporate,Approved,2023-02-13 14:19:18,Referral
774,Eutropio Espejo,claudioalegre@example.com,1991-09-19,Accountant,166,Dominican Republic,San Francisco de Macorís,Student,Approved,2022-12-04 12:15:21,Walk-in
775,Kike Navas,alfredovalencia@example.com,1981-01-12,Lawyer,97,Dominican Republic,Santo Domingo,Corporate,Approved,2024-03-25 19:09:53,Website
776,Paula Lobato,goyotorrecilla@example.net,2000-04-09,Project Manager,103,Dominican Republic,San Francisco de Macorís,Honorary,Approved,2025-11-23 13:15:31,Walk-in
777,Toribio Rozas,amarilisbarreda@example.com,2008-05-11,Civil Engineer,28,Dominican Republic,San Francisco de Macorís,Student,Approved,2022-07-21 03:42:20,Event
778,Bonifacio Morales,jmancebo@example.org,1993-04-18,Accountant,118,Dominican Republic,Punta Cana,Honorary,Withdrawn,2025-11-08 07:29:34,Website
779,Nieves Gascón,atrujillo@example.com,1997-02-18,Civil Engineer,15,Dominican Republic,San Francisco de Macorís,Student,Rejected,2022-12-31 13:10:00,Referral
780,Nilo Mercader,mcarro@example.org,1993-09-01,Software Engineer,60,Dominican Republic,Santiago,Student,Rejected,2024-01-18 14:41:16,Walk-in
781,Néstor Perea,rafaelsaenz@example.org,1976-04-01,Architect,71,Dominican Republic,San Francisco de Macorís,Individual,Approved,2025-06-14 19:28:55,Website
782,Rafael Rincón,hugomorera@example.net,1983-08-04,Project Manager,33,Dominican Republic,Puerto Plata,Student,Approved,2024-04-22 19:21:55,Website
783,Fabiana Tamayo,catalina59@example.com,1999-05-29,Financial Analyst,239,Dominican Republic,San Francisco de Macorís,Corporate,Pending Payment,2023-04-21 16:46:18,Website
784,Valeria Castejón,merche93@example.net,1995-10-26,Architect,254,Dominican Republic,Santo Domingo,Corporate,Approved,2023-09-01 04:14:53,Event
785,Odalis Ibañez,bsoriano@example.com,1993-01-11,Civil Engineer,140,Dominican Republic,San Pedro de Macorís,Honorary,Withdrawn,2022-06-18 18:04:27,Website
786,Rodrigo Colomer,ceferino87@example.com,1996-02-24,Business Consultant,208,Dominican Republic,Punta Cana,Honorary,Approved,2023-11-30 05:51:30,Event
787,Bonifacio Sancho,yferrando@example.com,1999-11-14,Business Consultant,7,Dominican Republic,La Romana,Corporate,Approved,2022-11-13 07:59:00,Email Campaign
788,Prudencio Barral,ohuerta@example.net,1975-10-01,Civil Engineer,24,Dominican Republic,Punta Cana,Corporate,Approved,2024-06-07 09:47:14,Referral
789,Pelayo Tolosa,miguelallamas@example.com,1992-02-20,Accountant,124,Dominican Republic,La Romana,Individual,Withdrawn,2024-04-27 20:59:58,Event
790,Elodia Folch,aguedacarreno@example.com,2000-08-07,Accountant,2,Dominican Republic,Puerto Plata,Student,Approved,2022-03-01 22:48:56,Website
791,Magdalena Ferrero,jose-ramon66@example.net,2003-07-02,Lawyer,41,Dominican Republic,San Francisco de Macorís,Student,Submitted,2021-09-28 16:43:22,Email Campaign
792,Marc Julián,ernestomarti@example.org,1976-08-17,Business Consultant,94,Dominican Republic,San Pedro de Macorís,Honorary,Approved,2025-03-27 02:30:30,Event
793,Cayetano Pedrosa,ccoloma@example.net,1988-08-23,Civil Engineer,38,Dominican Republic,Punta Cana,Honorary,Approved,2026-05-16 22:25:36,Referral
794,Faustino Saldaña,candido47@example.com,1982-05-17,Marketing Specialist,135,Dominican Republic,Punta Cana,Honorary,Rejected,2025-07-04 05:54:34,Walk-in
795,Lucas Cánovas,mohamedalegria@example.org,1977-06-06,Business Consultant,56,Dominican Republic,La Romana,Individual,Approved,2024-06-05 07:21:20,Referral
796,Carmina Tejada,erasmo56@example.net,1976-07-06,Financial Analyst,89,Dominican Republic,Punta Cana,Corporate,Approved,2025-05-05 23:39:32,Email Campaign
797,Flavia Morante,uenriquez@example.net,2004-02-04,Civil Engineer,284,Dominican Republic,San Pedro de Macorís,Individual,Approved,2021-12-11 01:57:19,Walk-in
798,Fidela Luna,clarisa90@example.net,1977-07-19,Software Engineer,82,Dominican Republic,Punta Cana,Student,Pending Payment,2022-10-09 11:36:46,Website
799,Anabel Bartolomé,chavesevaristo@example.org,1993-06-07,Civil Engineer,273,Dominican Republic,Puerto Plata,Honorary,Approved,2023-01-15 09:32:22,Referral
800,Leyre Gutierrez,palominopepe@example.com,1978-05-29,Civil Engineer,260,Dominican Republic,Punta Cana,Student,Withdrawn,2025-02-27 19:42:59,Referral
801,Olegario Baños,iperez@example.org,1993-07-01,Accountant,21,Dominican Republic,San Francisco de Macorís,Honorary,Approved,2025-03-11 08:26:17,Referral
802,Felisa Priego,carlotaborras@example.org,1990-11-27,Architect,134,Dominican Republic,San Pedro de Macorís,Honorary,Rejected,2023-01-01 23:19:19,Event
803,David Julián,josebarbero@example.net,1998-11-26,Financial Analyst,231,Dominican Republic,Punta Cana,Corporate,Withdrawn,2026-05-24 10:53:27,Referral
804,Amado Badía,alejandraarnal@example.org,1983-02-05,Accountant,8,Dominican Republic,Santo Domingo,Individual,Rejected,2023-08-18 15:43:22,Website
805,Ezequiel Cervantes,mohamed66@example.org,1993-01-03,Civil Engineer,89,Dominican Republic,Santo Domingo,Honorary,Approved,2024-02-11 15:59:37,Event
806,América Alvarez,cbayo@example.org,1995-09-17,Marketing Specialist,228,Dominican Republic,Santo Domingo,Individual,Approved,2021-12-15 15:41:09,Event
807,Horacio Gras,waguilar@example.net,1978-05-23,Accountant,61,Dominican Republic,San Pedro de Macorís,Honorary,Approved,2024-10-12 11:47:58,Email Campaign
808,Araceli Córdoba,jgarcia@example.net,1975-11-24,Project Manager,239,Dominican Republic,San Francisco de Macorís,Individual,Approved,2024-01-17 02:53:54,Event
809,Juan Pablo Perelló,mcuesta@example.net,1984-05-13,Data Analyst,258,Dominican Republic,Puerto Plata,Corporate,Approved,2024-06-29 23:58:46,Event
810,Gustavo Morillo,ruben14@example.com,1976-08-17,Project Manager,237,Dominican Republic,Santiago,Honorary,Approved,2025-06-10 01:02:29,Referral
811,Elisa Vigil,lfuentes@example.org,1977-01-23,Accountant,154,Dominican Republic,Santiago,Student,Approved,2024-12-11 13:26:03,Referral
812,Nilda Campillo,heracliomartin@example.net,1998-08-02,Data Analyst,198,Dominican Republic,San Francisco de Macorís,Individual,Approved,2023-06-22 17:26:40,Email Campaign
813,Soraya Mateos,abigail03@example.net,2005-12-08,Civil Engineer,206,Dominican Republic,Santo Domingo,Individual,Approved,2023-10-18 18:11:44,Walk-in
814,Isaac Vicente,menendezalbano@example.org,2003-11-15,Financial Analyst,238,Dominican Republic,San Francisco de Macorís,Corporate,Rejected,2023-03-10 21:13:25,Email Campaign
815,Rosalinda Múgica,angelinapont@example.net,1986-10-14,Project Manager,70,Dominican Republic,Santiago,Student,Withdrawn,2025-07-18 09:14:42,Referral
816,Rosendo Dalmau,jtenorio@example.net,1985-05-10,Business Consultant,82,Dominican Republic,La Romana,Individual,Rejected,2023-10-06 21:47:36,Referral
817,Casemiro Campo,anguitaestefania@example.org,2004-10-23,Data Analyst,7,Dominican Republic,Santo Domingo,Corporate,Approved,2021-09-29 14:56:05,Event
818,Leocadio Abad,victor69@example.org,1978-12-15,Marketing Specialist,177,Dominican Republic,San Francisco de Macorís,Individual,Approved,2022-02-08 02:59:08,Referral
819,Quirino Garrido,teoperalta@example.org,1985-03-04,Marketing Specialist,168,Dominican Republic,Punta Cana,Honorary,Withdrawn,2025-03-14 21:00:13,Walk-in
820,Francisca Alonso,maria-luisa01@example.com,1980-06-21,Architect,159,Dominican Republic,Santiago,Honorary,Submitted,2023-11-20 01:09:33,Referral
821,Yago Fuentes,angladasilvia@example.com,1981-08-02,Marketing Specialist,59,Dominican Republic,La Romana,Honorary,Approved,2021-10-09 08:29:02,Email Campaign
822,Daniel Boix,xavierllano@example.com,1976-05-31,Data Analyst,211,Dominican Republic,Santiago,Student,Approved,2025-09-24 05:48:12,Email Campaign
823,Bernardino Coronado,bertopuga@example.net,1988-06-27,Lawyer,214,Dominican Republic,Punta Cana,Student,Pending Payment,2021-11-26 16:16:48,Referral
824,Anselmo Valencia,asolana@example.org,1976-02-05,Lawyer,154,Dominican Republic,Puerto Plata,Honorary,Approved,2022-01-09 14:18:21,Referral
825,Gala Barroso,leire47@example.org,2002-12-07,Civil Engineer,67,Dominican Republic,San Francisco de Macorís,Corporate,Approved,2023-12-04 05:05:14,Referral
826,Amado Llabrés,joelsamper@example.org,1997-10-08,Marketing Specialist,190,Dominican Republic,San Francisco de Macorís,Individual,Rejected,2022-01-09 20:58:17,Email Campaign
827,Samanta Rozas,tguardiola@example.net,1977-04-03,Software Engineer,272,Dominican Republic,Puerto Plata,Individual,Submitted,2024-02-01 23:10:43,Walk-in
828,Prudencio Borrego,yago78@example.org,1988-05-06,Architect,191,Dominican Republic,San Pedro de Macorís,Honorary,Approved,2024-10-22 06:58:55,Referral
829,Lucila Coello,macaria56@example.org,1995-05-22,Marketing Specialist,76,Dominican Republic,Santiago,Individual,Approved,2025-01-25 01:44:34,Event
830,Ramón Solsona,maria-fernanda42@example.net,2001-03-22,Lawyer,109,Dominican Republic,Santiago,Individual,Approved,2025-11-09 04:18:11,Email Campaign
831,Imelda Raya,toni19@example.com,2005-10-01,Software Engineer,155,Dominican Republic,Santo Domingo,Corporate,Rejected,2022-10-27 10:12:29,Referral
832,Nazaret Palmer,wsanmartin@example.net,2004-12-20,Architect,199,Dominican Republic,Santo Domingo,Individual,Rejected,2023-01-18 04:13:55,Email Campaign
833,Tania Arnau,antonia29@example.com,1994-01-10,Data Analyst,205,Dominican Republic,Puerto Plata,Honorary,Approved,2023-01-03 02:43:31,Referral
834,Renata Chaparro,palomaprieto@example.org,2003-08-31,Accountant,201,Dominican Republic,La Romana,Corporate,Approved,2025-03-19 12:02:04,Referral
835,Silvia Caparrós,vizcainocristobal@example.net,1975-10-14,Accountant,132,Dominican Republic,San Francisco de Macorís,Individual,Approved,2023-10-26 04:00:10,Event
836,Carmelita Cózar,isauranadal@example.com,1979-08-17,Architect,211,Dominican Republic,La Romana,Individual,Submitted,2024-06-02 01:00:24,Event
837,Lupita Perea,qzabala@example.com,1983-02-06,Project Manager,100,Dominican Republic,Puerto Plata,Student,Rejected,2024-08-20 17:23:24,Event
838,Maribel Raya,gonzalezfelicidad@example.net,1991-01-30,Data Analyst,125,Dominican Republic,La Romana,Student,Approved,2022-12-22 12:50:10,Referral
839,Perlita Fabra,vargasnereida@example.org,1992-06-30,Software Engineer,293,Dominican Republic,Santiago,Corporate,Approved,2022-11-17 06:50:40,Walk-in
840,Yolanda Bello,jose-antonio64@example.org,1994-02-01,Architect,295,Dominican Republic,Puerto Plata,Individual,Approved,2022-06-21 20:58:47,Event
841,Ofelia Feijoo,alegreamerico@example.com,1979-10-07,Data Analyst,292,Dominican Republic,Punta Cana,Corporate,Rejected,2023-05-31 04:28:13,Website
842,Gilberto Bellido,izaguirrevictor@example.org,1990-01-01,Business Consultant,119,Dominican Republic,San Pedro de Macorís,Student,Approved,2024-09-09 13:06:44,Referral
843,Gisela Quintana,marinolegario@example.com,1988-05-27,Accountant,64,Dominican Republic,San Pedro de Macorís,Individual,Rejected,2023-06-04 09:57:16,Email Campaign
844,Marco Romero,rarnaiz@example.com,1976-09-19,Architect,38,Dominican Republic,Punta Cana,Corporate,Submitted,2025-11-26 05:13:57,Website
845,Miguel Ortega,jaumejuanita@example.com,2004-12-12,Software Engineer,219,Dominican Republic,La Romana,Honorary,Approved,2024-11-30 01:46:53,Email Campaign
846,Marina Cabañas,rorozco@example.com,1976-07-29,Software Engineer,29,Dominican Republic,Santo Domingo,Student,Approved,2024-11-18 07:19:48,Email Campaign
847,Antonio Torrent,taboadajose-antonio@example.net,1978-10-11,Data Analyst,50,Dominican Republic,Santo Domingo,Honorary,Approved,2022-05-10 13:12:35,Email Campaign
848,Jose Luis Burgos,vpino@example.com,1983-11-10,Business Consultant,297,Dominican Republic,Puerto Plata,Student,Approved,2025-08-22 18:55:50,Referral
849,Andrés Moraleda,carmina73@example.net,1989-08-13,Data Analyst,37,Dominican Republic,Santo Domingo,Corporate,Rejected,2022-06-16 19:10:50,Website
850,Agustín Castellanos,velascovictor@example.org,1992-09-23,Project Manager,54,Dominican Republic,Punta Cana,Honorary,Submitted,2023-03-11 20:38:49,Website
851,Abigaíl Llobet,qatienza@example.net,1979-08-26,Business Consultant,116,Dominican Republic,San Francisco de Macorís,Corporate,Under Review,2026-01-17 05:34:03,Website
852,Amor Dávila,kmarcos@example.org,1985-07-10,Architect,140,Dominican Republic,Puerto Plata,Individual,Approved,2024-06-20 11:03:11,Event
853,Teodosio Canals,pilarbenitez@example.org,1992-01-19,Lawyer,208,Dominican Republic,Santo Domingo,Student,Approved,2025-10-14 12:09:10,Referral
854,Josep Adán,xegea@example.com,1977-02-20,Marketing Specialist,35,Dominican Republic,Punta Cana,Student,Approved,2024-03-21 22:17:38,Website
855,Gervasio Godoy,rosenda97@example.org,1999-12-08,Civil Engineer,153,Dominican Republic,Punta Cana,Individual,Approved,2025-06-07 07:38:43,Event
856,Nuria Carmona,cordobaemilio@example.org,2000-11-01,Civil Engineer,137,Dominican Republic,Santo Domingo,Honorary,Withdrawn,2021-11-07 08:29:22,Website
857,Urbano Valderrama,narcisa60@example.net,1993-07-07,Software Engineer,35,Dominican Republic,La Romana,Corporate,Rejected,2024-10-13 00:28:50,Walk-in
858,Fabiola Camino,csaez@example.com,1990-06-29,Business Consultant,127,Dominican Republic,Puerto Plata,Honorary,Withdrawn,2026-05-23 04:50:22,Referral
859,Judith Roca,baschucho@example.com,2005-07-06,Data Analyst,22,Dominican Republic,Puerto Plata,Corporate,Under Review,2024-09-09 22:40:44,Event
860,Aitana Quero,victoriacervantes@example.org,1976-06-19,Project Manager,190,Dominican Republic,Santiago,Individual,Approved,2023-01-11 02:09:41,Event
861,Chema Estévez,victor-manuelperea@example.net,1984-08-05,Civil Engineer,203,Dominican Republic,Puerto Plata,Honorary,Approved,2025-09-18 12:12:40,Email Campaign
862,Bonifacio Esteve,jcarmona@example.org,1983-07-20,Architect,4,Dominican Republic,Puerto Plata,Honorary,Rejected,2023-05-16 18:28:37,Email Campaign
863,Eugenio Mas,margaritaportillo@example.org,1988-04-19,Project Manager,227,Dominican Republic,Santo Domingo,Individual,Approved,2022-02-28 04:23:25,Event
864,Arcelia Albero,zamoranograciela@example.com,1995-07-28,Architect,93,Dominican Republic,San Francisco de Macorís,Student,Under Review,2026-03-01 01:18:04,Website
865,Agapito Mateos,miguelhervas@example.com,2002-11-28,Project Manager,260,Dominican Republic,Puerto Plata,Corporate,Approved,2023-06-20 07:10:52,Walk-in
866,Gonzalo Taboada,ntejero@example.org,1981-07-06,Lawyer,172,Dominican Republic,Punta Cana,Individual,Approved,2024-12-12 19:40:07,Walk-in
867,Carolina Belda,guadalupecastejon@example.net,1980-08-05,Financial Analyst,15,Dominican Republic,San Francisco de Macorís,Individual,Rejected,2022-03-25 00:54:58,Walk-in
868,Ale Vilanova,cozarjose-manuel@example.net,2001-04-13,Accountant,19,Dominican Republic,Puerto Plata,Honorary,Approved,2025-03-02 12:21:07,Website
869,Primitiva Pardo,pastorajauregui@example.com,1977-09-04,Accountant,236,Dominican Republic,Santiago,Individual,Under Review,2025-04-28 13:33:12,Walk-in
870,Aristides Montes,mamoros@example.net,2000-05-13,Marketing Specialist,19,Dominican Republic,San Francisco de Macorís,Honorary,Withdrawn,2024-10-29 18:40:54,Event
871,Rosendo Sandoval,marianelacastejon@example.com,1996-07-26,Architect,200,Dominican Republic,San Pedro de Macorís,Honorary,Rejected,2025-12-25 21:30:50,Referral
872,Tamara Ramos,jose-antoniovazquez@example.com,1992-07-24,Accountant,117,Dominican Republic,Santiago,Student,Approved,2022-04-15 23:27:06,Website
873,Toribio Anguita,jbatalla@example.org,1999-08-13,Project Manager,112,Dominican Republic,Santo Domingo,Student,Approved,2022-11-21 00:56:14,Event
874,María Teresa Ariño,leopoldo64@example.com,1997-10-07,Lawyer,93,Dominican Republic,Puerto Plata,Individual,Approved,2024-07-21 17:42:19,Email Campaign
875,Marcio Morillo,rita78@example.com,1988-10-13,Project Manager,97,Dominican Republic,San Francisco de Macorís,Individual,Approved,2022-10-26 06:18:34,Referral
876,Adora Navas,tovaroctavio@example.net,1993-03-28,Lawyer,296,Dominican Republic,Punta Cana,Individual,Approved,2022-03-09 07:38:29,Website
877,José Ledesma,sandra49@example.net,1983-05-26,Lawyer,281,Dominican Republic,Punta Cana,Corporate,Withdrawn,2024-04-24 09:44:09,Email Campaign
878,Áurea Morante,clarisafeijoo@example.com,1986-01-26,Marketing Specialist,154,Dominican Republic,Puerto Plata,Honorary,Rejected,2023-04-13 20:01:46,Walk-in
879,Paola Naranjo,qlopez@example.net,1990-01-25,Civil Engineer,50,Dominican Republic,Santiago,Honorary,Submitted,2023-04-02 23:30:57,Event
880,María Jesús Chaparro,goyo58@example.net,1986-07-29,Accountant,184,Dominican Republic,San Pedro de Macorís,Student,Rejected,2023-05-23 00:53:30,Referral
881,Nazaret Sevillano,desideriomanuel@example.net,1984-01-19,Project Manager,227,Dominican Republic,Puerto Plata,Individual,Approved,2023-05-26 23:32:26,Walk-in
882,Elba Navas,susanavaldes@example.com,1984-01-02,Architect,167,Dominican Republic,La Romana,Student,Rejected,2024-12-24 12:58:54,Website
883,Alondra Lillo,jnoguera@example.com,1996-04-06,Project Manager,163,Dominican Republic,San Pedro de Macorís,Corporate,Approved,2022-04-06 15:22:14,Referral
884,José Antonio Casanova,apozuelo@example.org,1982-01-27,Project Manager,294,Dominican Republic,San Pedro de Macorís,Honorary,Approved,2023-10-26 10:59:21,Event
885,Íngrid Uría,glluch@example.net,1989-12-14,Project Manager,283,Dominican Republic,Santo Domingo,Individual,Under Review,2023-05-06 15:35:55,Website
886,Juan Pablo Azcona,mtovar@example.org,1991-11-09,Software Engineer,17,Dominican Republic,La Romana,Honorary,Approved,2025-05-15 00:50:20,Referral
887,Roldán Millán,chavesgerardo@example.org,1987-12-10,Architect,253,Dominican Republic,Puerto Plata,Honorary,Approved,2022-02-11 02:53:22,Walk-in
888,Ariel Becerra,candido88@example.com,1979-12-25,Software Engineer,61,Dominican Republic,San Francisco de Macorís,Individual,Withdrawn,2022-06-19 17:02:16,Referral
889,Ángela Rocha,anibalbarreda@example.org,1979-06-09,Accountant,252,Dominican Republic,Santo Domingo,Corporate,Approved,2024-07-09 16:38:03,Walk-in
890,Etelvina Lluch,tito33@example.org,1996-09-07,Accountant,50,Dominican Republic,Santiago,Honorary,Approved,2023-12-02 12:10:32,Email Campaign
891,Íngrid Otero,evaristoalvarado@example.net,1995-07-10,Business Consultant,231,Dominican Republic,La Romana,Honorary,Approved,2024-05-05 19:06:17,Email Campaign
892,María Belén Gimeno,noeliapinol@example.org,1994-01-29,Financial Analyst,217,Dominican Republic,Santiago,Individual,Rejected,2021-10-18 23:22:40,Event
893,Felipe Bou,nydia71@example.org,1984-01-09,Financial Analyst,48,Dominican Republic,Puerto Plata,Corporate,Approved,2025-02-08 10:27:33,Website
894,Ismael Herranz,ldaza@example.org,1985-02-26,Architect,120,Dominican Republic,La Romana,Student,Approved,2022-07-25 10:15:47,Walk-in
895,Abraham Haro,trinidad99@example.com,1990-10-29,Business Consultant,45,Dominican Republic,San Francisco de Macorís,Honorary,Withdrawn,2023-06-19 18:15:48,Walk-in
896,Jesús Cabrera,realleticia@example.com,1990-09-14,Financial Analyst,64,Dominican Republic,Punta Cana,Honorary,Approved,2022-12-06 00:28:21,Email Campaign
897,Mamen Planas,ialvarado@example.com,1982-08-17,Project Manager,269,Dominican Republic,Punta Cana,Corporate,Approved,2025-10-30 21:17:22,Walk-in
898,Ulises Zamora,modesto07@example.net,1996-08-04,Lawyer,233,Dominican Republic,San Pedro de Macorís,Corporate,Approved,2024-12-12 22:53:05,Referral
899,Pili Salamanca,ramoncobos@example.net,1978-04-12,Marketing Specialist,281,Dominican Republic,Santo Domingo,Honorary,Approved,2024-11-11 03:36:13,Event
900,Florentino Quintero,isaiasmiralles@example.com,1989-06-06,Civil Engineer,147,Dominican Republic,Santo Domingo,Student,Submitted,2023-12-25 12:24:23,Referral
901,Jose Ramón Manso,reynaldosoria@example.org,1999-01-02,Accountant,125,Dominican Republic,La Romana,Corporate,Rejected,2023-09-23 02:18:32,Walk-in
902,Filomena Barón,yalmeida@example.net,1987-05-23,Architect,274,Dominican Republic,Santo Domingo,Student,Under Review,2024-09-15 18:42:42,Email Campaign
903,Rico Almagro,urubio@example.com,2006-07-31,Marketing Specialist,241,Dominican Republic,La Romana,Student,Approved,2025-04-04 12:55:21,Email Campaign
904,Chuy Ruiz,pablo34@example.com,2006-08-30,Data Analyst,62,Dominican Republic,San Pedro de Macorís,Student,Approved,2023-11-11 03:24:46,Email Campaign
905,Alejandra Cruz,isidorovillar@example.net,1993-09-17,Accountant,153,Dominican Republic,La Romana,Individual,Rejected,2023-04-25 20:16:33,Referral
906,Raquel Arce,dpastor@example.org,1978-09-16,Architect,179,Dominican Republic,San Francisco de Macorís,Student,Rejected,2023-01-01 00:26:47,Walk-in
907,Cirino Ayllón,cebrian84@example.com,1980-09-19,Civil Engineer,271,Dominican Republic,Punta Cana,Individual,Rejected,2024-02-22 13:58:21,Event
908,Erasmo Ruano,sabina23@example.com,1986-04-01,Business Consultant,113,Dominican Republic,Santiago,Corporate,Submitted,2023-01-25 11:39:29,Event
909,Azahar Batlle,salomebriones@example.net,1977-06-03,Marketing Specialist,85,Dominican Republic,Punta Cana,Student,Approved,2023-02-23 10:14:42,Walk-in
910,Luis Sosa,pdiez@example.org,2003-02-17,Marketing Specialist,251,Dominican Republic,San Pedro de Macorís,Corporate,Approved,2023-04-24 19:52:35,Referral
911,Elisa Benítez,cadenasjulio-cesar@example.org,1993-10-24,Data Analyst,297,Dominican Republic,Puerto Plata,Student,Pending Payment,2022-09-15 11:15:39,Website
912,Melania Sevillano,loreto22@example.net,2007-05-13,Data Analyst,289,Dominican Republic,San Pedro de Macorís,Student,Pending Payment,2023-03-29 04:13:57,Referral
913,Jose Luis Aguirre,rita24@example.net,2003-04-27,Civil Engineer,19,Dominican Republic,San Francisco de Macorís,Corporate,Approved,2021-10-29 03:45:27,Walk-in
914,Angelita Vargas,pradaelpidio@example.org,1977-04-16,Project Manager,78,Dominican Republic,Santo Domingo,Individual,Approved,2025-08-22 03:04:38,Event
915,Fabricio Catalán,rosalvapedrero@example.net,2002-04-17,Civil Engineer,207,Dominican Republic,San Pedro de Macorís,Student,Pending Payment,2024-01-10 11:19:16,Event
916,Óscar Hoyos,tdiez@example.org,1999-12-03,Financial Analyst,162,Dominican Republic,San Pedro de Macorís,Corporate,Approved,2023-10-05 23:09:06,Website
917,Felix Arnal,pielias@example.org,1985-06-02,Architect,71,Dominican Republic,Punta Cana,Individual,Approved,2025-07-27 08:37:03,Email Campaign
918,Benigna Trillo,hquintero@example.com,2008-05-19,Marketing Specialist,153,Dominican Republic,La Romana,Student,Approved,2026-01-26 07:17:08,Referral
919,Paulino Quirós,azucena62@example.net,2004-11-01,Business Consultant,196,Dominican Republic,Punta Cana,Student,Withdrawn,2025-11-25 09:14:17,Referral
920,Edmundo Arce,candelariopedrero@example.com,1979-07-30,Software Engineer,14,Dominican Republic,San Pedro de Macorís,Individual,Rejected,2025-02-27 02:39:26,Event
921,Roberto Peña,raul05@example.com,1982-05-29,Data Analyst,56,Dominican Republic,San Pedro de Macorís,Student,Approved,2021-10-14 15:03:32,Website
922,Ildefonso Rozas,viniciochaves@example.net,2002-08-27,Software Engineer,48,Dominican Republic,Punta Cana,Corporate,Pending Payment,2024-03-20 23:35:22,Email Campaign
923,Ruy Hidalgo,alcidesgordillo@example.com,1984-04-02,Civil Engineer,234,Dominican Republic,Puerto Plata,Student,Approved,2025-10-16 03:33:06,Walk-in
924,Sabas Soler,npera@example.com,1980-01-31,Accountant,56,Dominican Republic,Puerto Plata,Student,Approved,2025-03-09 15:12:41,Walk-in
925,Aurelio Higueras,teofilacadenas@example.com,1988-05-16,Data Analyst,69,Dominican Republic,La Romana,Student,Rejected,2022-02-06 19:46:48,Walk-in
926,Pancho Sola,erossello@example.net,1985-08-25,Software Engineer,119,Dominican Republic,San Francisco de Macorís,Honorary,Approved,2024-09-01 00:48:36,Referral
927,Otilia Vila,earjona@example.org,1987-08-22,Civil Engineer,92,Dominican Republic,Santo Domingo,Corporate,Rejected,2024-06-20 13:47:42,Event
928,Guillermo Menéndez,aitorcadenas@example.org,2000-12-21,Financial Analyst,262,Dominican Republic,Santiago,Individual,Approved,2023-12-11 10:23:23,Email Campaign
929,Benito Amat,eva-mariavazquez@example.com,1976-06-19,Financial Analyst,225,Dominican Republic,Santiago,Corporate,Approved,2025-06-18 18:57:33,Email Campaign
930,Sancho Múñiz,noliver@example.com,1985-05-04,Financial Analyst,275,Dominican Republic,Santiago,Corporate,Pending Payment,2024-10-12 00:33:46,Event
931,Aurelio Villanueva,riosmarta@example.com,1990-05-24,Civil Engineer,132,Dominican Republic,Punta Cana,Student,Approved,2026-01-08 15:25:05,Email Campaign
932,Angelino Velasco,corralpaloma@example.com,1986-11-17,Business Consultant,207,Dominican Republic,Puerto Plata,Individual,Approved,2025-05-23 09:21:44,Website
933,Lupita Lastra,erasmoferrandiz@example.org,1996-08-20,Software Engineer,284,Dominican Republic,Santo Domingo,Individual,Approved,2024-11-30 11:47:36,Referral
934,Leoncio Prado,arielarregui@example.com,1976-01-22,Financial Analyst,187,Dominican Republic,Puerto Plata,Individual,Rejected,2022-10-12 19:47:25,Email Campaign
935,Guiomar Ripoll,silvestrecordero@example.com,1994-04-05,Marketing Specialist,107,Dominican Republic,San Francisco de Macorís,Corporate,Approved,2023-10-27 12:07:10,Referral
936,Yésica Galvez,batallafernando@example.org,1984-09-05,Data Analyst,250,Dominican Republic,La Romana,Corporate,Submitted,2025-10-03 08:59:37,Website
937,Miriam Batalla,adelinadaza@example.net,1992-06-08,Civil Engineer,202,Dominican Republic,Santiago,Honorary,Rejected,2022-08-15 17:02:39,Referral
938,Cebrián Segura,encarnita57@example.com,1995-04-13,Lawyer,131,Dominican Republic,Santo Domingo,Honorary,Approved,2026-05-27 04:48:25,Email Campaign
939,Carlota Muro,belen29@example.net,1998-11-15,Accountant,0,Dominican Republic,San Francisco de Macorís,Student,Approved,2024-01-09 12:01:26,Walk-in
940,Noelia Higueras,ofeliaalonso@example.com,1992-02-04,Marketing Specialist,123,Dominican Republic,San Pedro de Macorís,Student,Approved,2023-12-19 10:45:46,Event
941,Nando Verdú,andrea60@example.net,1985-11-12,Marketing Specialist,270,Dominican Republic,La Romana,Corporate,Pending Payment,2023-11-04 06:06:56,Event
942,Custodio Colomer,rafaelagilabert@example.org,1991-06-12,Project Manager,215,Dominican Republic,Santiago,Honorary,Approved,2022-12-14 22:40:41,Event
943,Ángeles Cabello,seve66@example.net,1986-12-01,Lawyer,231,Dominican Republic,San Francisco de Macorís,Corporate,Approved,2024-03-12 00:16:25,Referral
944,Ceferino Herrera,estrellateruel@example.net,1977-11-26,Lawyer,105,Dominican Republic,Santo Domingo,Student,Approved,2024-04-27 05:14:43,Referral
945,Ángeles Barberá,bramis@example.org,1989-09-27,Civil Engineer,106,Dominican Republic,Punta Cana,Corporate,Approved,2025-09-03 21:20:08,Website
946,Américo Múgica,diego43@example.com,2005-07-23,Project Manager,215,Dominican Republic,Santiago,Honorary,Submitted,2025-10-31 22:42:44,Email Campaign
947,Íngrid Prieto,santiagoropero@example.org,1985-05-24,Data Analyst,254,Dominican Republic,Puerto Plata,Student,Pending Payment,2023-09-20 11:53:45,Email Campaign
948,Emiliana Cózar,feliciano95@example.net,1988-06-20,Financial Analyst,176,Dominican Republic,San Francisco de Macorís,Corporate,Under Review,2022-05-10 06:46:27,Walk-in
949,Cosme Blanca,aguirreeutimio@example.net,1990-03-24,Business Consultant,66,Dominican Republic,Santiago,Student,Approved,2025-11-03 09:26:50,Event
950,Teófila Bru,aurelioabril@example.com,1981-09-08,Accountant,179,Dominican Republic,San Francisco de Macorís,Individual,Approved,2021-12-05 08:03:26,Event
951,Eliseo Manuel,iris59@example.org,1977-01-08,Lawyer,18,Dominican Republic,La Romana,Honorary,Approved,2023-01-21 02:43:38,Website
952,Teodora Menendez,cornelio09@example.org,1976-12-28,Marketing Specialist,179,Dominican Republic,Santo Domingo,Corporate,Approved,2021-08-26 10:48:19,Walk-in
953,Paca Fernandez,teofilaportillo@example.com,1979-04-22,Project Manager,121,Dominican Republic,Santiago,Corporate,Approved,2023-12-04 08:30:22,Walk-in
954,Dorita Manuel,luisemiliano@example.org,1991-05-18,Lawyer,45,Dominican Republic,Punta Cana,Student,Approved,2023-11-11 12:35:39,Referral
955,Fausto Villa,valderramaelvira@example.org,1999-02-02,Software Engineer,180,Dominican Republic,San Francisco de Macorís,Student,Submitted,2024-01-24 04:53:53,Walk-in
956,Amílcar Pozuelo,graciana27@example.com,1987-11-08,Marketing Specialist,52,Dominican Republic,Punta Cana,Student,Submitted,2025-12-23 19:27:01,Event
957,Mariano Marin,zripoll@example.org,2002-09-02,Business Consultant,19,Dominican Republic,Punta Cana,Student,Withdrawn,2024-04-12 19:56:24,Walk-in
958,Griselda Morera,jose-angelserra@example.org,1999-07-29,Civil Engineer,99,Dominican Republic,Santiago,Honorary,Approved,2022-12-21 00:53:17,Email Campaign
959,Angelino Bernad,carranzaeusebio@example.org,1990-12-02,Financial Analyst,209,Dominican Republic,Punta Cana,Student,Pending Payment,2022-09-21 14:20:19,Referral
960,Eustaquio Beltrán,maria-luisa55@example.net,1983-10-15,Financial Analyst,92,Dominican Republic,San Pedro de Macorís,Individual,Withdrawn,2025-09-30 01:22:20,Referral
961,Trinidad Redondo,mateleire@example.org,2006-02-13,Financial Analyst,250,Dominican Republic,Santo Domingo,Student,Rejected,2025-09-04 01:22:21,Event
962,Gabriela Aragón,faustino63@example.com,1977-11-22,Data Analyst,148,Dominican Republic,San Francisco de Macorís,Corporate,Approved,2022-01-24 18:04:18,Referral
963,Amílcar Iniesta,festevez@example.com,1998-01-17,Project Manager,43,Dominican Republic,Santiago,Student,Approved,2025-01-11 17:53:23,Referral
964,Miguela Morales,ucanas@example.net,2008-07-15,Data Analyst,120,Dominican Republic,Punta Cana,Student,Rejected,2025-03-29 23:29:38,Referral
965,Genoveva Miranda,adriancordoba@example.com,1989-10-17,Business Consultant,4,Dominican Republic,San Pedro de Macorís,Honorary,Approved,2022-06-11 09:37:42,Referral
966,Amanda Nadal,aristidescheca@example.org,1993-02-03,Project Manager,236,Dominican Republic,San Francisco de Macorís,Honorary,Rejected,2025-11-11 19:27:27,Referral
967,Leopoldo Francisco,silvestrearenas@example.org,1997-02-18,Business Consultant,99,Dominican Republic,Santo Domingo,Individual,Approved,2024-09-19 12:42:32,Event
968,Leonor Novoa,nicolas01@example.com,2001-11-24,Lawyer,191,Dominican Republic,La Romana,Corporate,Under Review,2025-11-29 13:54:58,Email Campaign
969,Heriberto Galván,nazaretvazquez@example.com,1993-09-16,Civil Engineer,97,Dominican Republic,Santo Domingo,Student,Withdrawn,2024-12-21 14:53:11,Email Campaign
970,Tamara Álvaro,trinidadariza@example.com,2008-06-13,Financial Analyst,294,Dominican Republic,San Francisco de Macorís,Individual,Withdrawn,2026-04-21 15:22:34,Website
971,Luis Ángel Sastre,luisnazaret@example.org,1989-07-04,Lawyer,215,Dominican Republic,La Romana,Honorary,Approved,2022-03-08 21:30:28,Referral
972,Ainoa Rincón,ugual@example.net,1983-03-26,Accountant,221,Dominican Republic,Santiago,Corporate,Pending Payment,2025-06-21 15:00:50,Email Campaign
973,Juan Manuel Marín,grandeguiomar@example.net,1984-04-17,Lawyer,274,Dominican Republic,San Francisco de Macorís,Student,Approved,2025-01-03 10:16:27,Referral
974,Juan Manuel Acosta,apolinargirona@example.com,1983-10-11,Accountant,165,Dominican Republic,La Romana,Corporate,Under Review,2025-01-10 03:54:09,Event
975,Abilio Ropero,beniteznidia@example.com,1993-11-09,Business Consultant,187,Dominican Republic,Santo Domingo,Student,Approved,2026-04-19 20:19:57,Email Campaign
976,Sigfrido Alegre,maria-jose90@example.com,1995-05-22,Lawyer,226,Dominican Republic,Santiago,Honorary,Approved,2023-06-19 20:15:25,Website
977,Bibiana Madrigal,guitartangela@example.com,1994-09-22,Civil Engineer,67,Dominican Republic,Santo Domingo,Honorary,Rejected,2024-06-11 16:09:58,Email Campaign
978,Galo Fonseca,romancebrian@example.com,1997-08-27,Civil Engineer,141,Dominican Republic,San Pedro de Macorís,Student,Approved,2023-09-27 19:54:10,Event
979,Alexandra Almansa,castillamaribel@example.net,1984-06-06,Marketing Specialist,4,Dominican Republic,Punta Cana,Corporate,Approved,2023-02-01 22:09:19,Referral
980,Gema Manzano,severo26@example.org,2000-06-15,Architect,273,Dominican Republic,San Pedro de Macorís,Honorary,Pending Payment,2023-01-17 00:43:44,Email Campaign
981,Porfirio Cabanillas,martin88@example.net,1977-12-24,Architect,130,Dominican Republic,Puerto Plata,Individual,Approved,2022-04-19 14:43:12,Referral
982,Fabricio Carrión,herasblas@example.com,2008-06-26,Accountant,212,Dominican Republic,Santo Domingo,Corporate,Withdrawn,2023-03-04 19:55:14,Event
983,Danilo Sanmiguel,domingo88@example.com,1993-01-09,Marketing Specialist,138,Dominican Republic,Punta Cana,Individual,Under Review,2022-09-09 03:09:54,Referral
984,Alicia Lobo,palaciomodesta@example.org,1987-08-31,Software Engineer,168,Dominican Republic,La Romana,Honorary,Approved,2023-02-24 20:08:35,Event
985,Román Fajardo,luciana09@example.org,1977-10-21,Marketing Specialist,189,Dominican Republic,San Francisco de Macorís,Individual,Approved,2023-01-12 00:17:35,Referral
986,Esteban Nogués,azaharaferrera@example.com,2007-02-09,Software Engineer,87,Dominican Republic,Puerto Plata,Student,Approved,2024-08-21 11:53:58,Walk-in
987,Amor Nieto,grosell@example.net,2002-01-17,Financial Analyst,192,Dominican Republic,San Francisco de Macorís,Honorary,Approved,2025-01-27 04:27:43,Referral
988,Ibán Diez,estelatomas@example.net,2001-02-01,Software Engineer,181,Dominican Republic,San Pedro de Macorís,Individual,Approved,2022-03-21 15:22:56,Email Campaign
989,Marcela González,yseco@example.com,1997-07-05,Architect,215,Dominican Republic,Santiago,Student,Rejected,2024-10-14 19:54:55,Email Campaign
990,Heliodoro Arnaiz,santamariagodofredo@example.org,1995-01-27,Business Consultant,57,Dominican Republic,Santiago,Individual,Approved,2024-09-03 01:03:35,Event
991,Ale Perales,severo05@example.com,1978-07-19,Accountant,54,Dominican Republic,San Francisco de Macorís,Student,Approved,2022-10-16 08:36:55,Event
992,Pía Báez,cerdanainara@example.com,1994-06-25,Architect,162,Dominican Republic,San Francisco de Macorís,Student,Approved,2026-05-05 13:31:57,Website
993,Lucila Niño,antunezmiriam@example.net,1986-06-08,Financial Analyst,295,Dominican Republic,San Francisco de Macorís,Student,Approved,2023-09-29 04:48:22,Referral
994,Mateo Roig,antonio10@example.com,1998-04-08,Financial Analyst,158,Dominican Republic,Santiago,Honorary,Approved,2022-10-25 04:22:16,Referral
995,Josefa Jordá,rcoronado@example.com,2004-07-23,Data Analyst,247,Dominican Republic,San Francisco de Macorís,Honorary,Approved,2025-02-25 22:05:07,Event
996,Carlito Pascual,valentinmario@example.net,1985-11-06,Project Manager,146,Dominican Republic,Santo Domingo,Corporate,Approved,2025-02-09 21:24:24,Referral
997,Alonso Amo,nacio21@example.org,2007-05-04,Financial Analyst,12,Dominican Republic,Punta Cana,Student,Approved,2026-02-11 18:20:51,Event
998,Elisa Cabrera,danilo14@example.com,1986-06-23,Marketing Specialist,54,Dominican Republic,Santiago,Student,Approved,2022-09-14 04:39:58,Walk-in
999,Gervasio Garay,guardiolaaugusto@example.com,1986-03-31,Accountant,280,Dominican Republic,La Romana,Honorary,Approved,2026-05-01 05:25:31,Email Campaign
1000,Marisela Bernal,victoria84@example.org,2006-02-09,Accountant,161,Dominican Republic,Santiago,Honorary,Approved,2025-01-30 21:13:25,Website
1001,Marina Armas,zaida61@example.net,1986-12-26,Accountant,127,Dominican Republic,Santiago,Student,Approved,2023-12-09 16:36:05,Website
1002,Manu Azorin,brunobusquets@example.net,1975-10-13,Project Manager,84,Dominican Republic,San Francisco de Macorís,Student,Approved,2022-07-23 16:38:21,Email Campaign
1003,Tatiana Tapia,somozanydia@example.com,1989-06-17,Architect,14,Dominican Republic,San Francisco de Macorís,Honorary,Rejected,2026-04-05 14:42:37,Email Campaign
1004,Custodio Lamas,domitilahuguet@example.org,1987-01-05,Data Analyst,289,Dominican Republic,Santo Domingo,Corporate,Approved,2023-01-30 22:13:23,Walk-in
1005,Gil Calleja,sosaisaias@example.net,1999-09-28,Accountant,242,Dominican Republic,Santiago,Student,Approved,2022-09-23 07:28:30,Referral
1006,Fortunato Vergara,saturninoadadia@example.net,1993-06-10,Marketing Specialist,238,Dominican Republic,San Francisco de Macorís,Student,Rejected,2023-12-22 22:42:52,Website
1007,Corona Expósito,dgarate@example.com,1982-10-29,Software Engineer,213,Dominican Republic,Puerto Plata,Student,Approved,2024-12-14 15:11:08,Event
1008,Guadalupe Álamo,omar26@example.net,1989-08-25,Marketing Specialist,69,Dominican Republic,Puerto Plata,Individual,Approved,2024-02-05 12:36:16,Website
1009,Julio César Ibañez,riverajose-mari@example.net,1996-03-28,Lawyer,95,Dominican Republic,Santo Domingo,Honorary,Approved,2025-11-19 00:25:09,Walk-in
1010,Abel Carbó,vfeijoo@example.com,1999-03-03,Accountant,47,Dominican Republic,Santo Domingo,Honorary,Approved,2022-09-28 01:31:51,Referral
1011,Corona Espinosa,ibarraeligio@example.net,1977-01-05,Software Engineer,115,Dominican Republic,Punta Cana,Individual,Approved,2023-08-13 00:45:33,Event
1012,Josep Artigas,prateliseo@example.org,1985-01-20,Data Analyst,52,Dominican Republic,Santiago,Corporate,Approved,2022-08-10 15:59:24,Walk-in
1013,Consuelo Acedo,lilianacano@example.net,1976-02-12,Business Consultant,291,Dominican Republic,La Romana,Student,Withdrawn,2025-03-02 00:57:36,Event
1014,Custodio Noguera,victorianocobos@example.org,2000-04-16,Lawyer,151,Dominican Republic,Puerto Plata,Individual,Approved,2022-09-12 16:39:53,Walk-in
1015,Ruperta Peinado,segismundo68@example.net,1985-01-02,Architect,131,Dominican Republic,La Romana,Individual,Rejected,2025-06-03 10:05:33,Email Campaign
1016,Gracia Fortuny,hilarioporras@example.com,1982-01-16,Project Manager,88,Dominican Republic,Santiago,Individual,Approved,2023-09-19 01:02:47,Email Campaign
1017,Amelia Torrijos,ulises04@example.org,1990-05-22,Financial Analyst,66,Dominican Republic,Santiago,Corporate,Approved,2025-08-05 02:07:56,Referral
1018,Federico Barriga,segarraazucena@example.com,1982-08-01,Lawyer,57,Dominican Republic,La Romana,Honorary,Approved,2025-03-02 04:34:37,Event
1019,Dan Madrigal,loretolosa@example.org,1990-02-23,Financial Analyst,280,Dominican Republic,La Romana,Individual,Approved,2021-10-07 13:30:09,Email Campaign
1020,Ainara Ávila,santospablo@example.com,1997-07-26,Accountant,57,Dominican Republic,San Pedro de Macorís,Honorary,Approved,2023-07-23 17:06:30,Event
1021,Vinicio Font,primitiva76@example.com,1981-02-08,Civil Engineer,172,Dominican Republic,Santo Domingo,Student,Approved,2025-09-26 04:25:42,Email Campaign
1022,Isidro Ríos,aleguitart@example.net,1992-03-06,Accountant,233,Dominican Republic,Santiago,Individual,Withdrawn,2024-12-02 15:24:03,Referral
1023,Isidoro Vergara,damianleal@example.net,1988-04-06,Project Manager,255,Dominican Republic,San Pedro de Macorís,Individual,Approved,2026-02-02 16:09:40,Referral
1024,José Manuel Cabeza,rosalva84@example.net,1989-05-20,Accountant,155,Dominican Republic,Puerto Plata,Student,Approved,2021-10-27 20:33:36,Website
1025,Bernardino Campo,triniluna@example.com,2003-03-13,Lawyer,44,Dominican Republic,Punta Cana,Corporate,Approved,2023-09-23 18:48:36,Website
1026,Marita España,aalvaro@example.org,2008-04-06,Lawyer,157,Dominican Republic,La Romana,Honorary,Under Review,2021-10-25 14:09:46,Website
1027,Nacio Rivas,abel73@example.org,1979-05-03,Marketing Specialist,145,Dominican Republic,Puerto Plata,Honorary,Approved,2024-04-03 13:08:07,Event
1028,Lorena Rodríguez,josefa49@example.org,1997-01-16,Software Engineer,111,Dominican Republic,San Francisco de Macorís,Corporate,Rejected,2025-01-25 14:45:10,Referral
1029,Haydée Palacios,pintoagustina@example.net,1982-04-29,Project Manager,9,Dominican Republic,Santiago,Student,Rejected,2023-09-25 14:47:38,Walk-in
1030,Moreno Arroyo,pepe73@example.net,1986-12-28,Data Analyst,119,Dominican Republic,San Francisco de Macorís,Individual,Pending Payment,2025-11-04 22:53:05,Walk-in
1031,Javier Rosa,benitocristian@example.net,2006-02-17,Business Consultant,74,Dominican Republic,Punta Cana,Corporate,Withdrawn,2022-10-25 10:03:26,Referral
1032,Jerónimo Reig,fuentesadelia@example.com,1993-11-06,Business Consultant,236,Dominican Republic,Santiago,Individual,Approved,2022-04-08 08:39:31,Email Campaign
1033,Cristian Sainz,ismaelgarmendia@example.org,1988-04-07,Civil Engineer,39,Dominican Republic,Santo Domingo,Corporate,Rejected,2022-06-22 17:02:08,Email Campaign
1034,Angelino Jerez,rebollodionisio@example.com,1997-07-11,Financial Analyst,127,Dominican Republic,Puerto Plata,Student,Pending Payment,2025-06-23 09:11:01,Website
1035,Teodora Gallart,ninoagueda@example.org,1996-06-17,Accountant,259,Dominican Republic,Santiago,Honorary,Under Review,2022-08-29 19:43:35,Email Campaign
1036,Ciro Ibáñez,arseniotamarit@example.net,1985-01-27,Project Manager,118,Dominican Republic,La Romana,Individual,Withdrawn,2026-04-02 20:24:05,Website
1037,Florencio Agudo,ygascon@example.com,2005-11-04,Marketing Specialist,299,Dominican Republic,San Pedro de Macorís,Individual,Approved,2024-06-18 08:59:00,Walk-in
1038,Cornelio Borrego,angelalobato@example.org,1990-03-06,Business Consultant,296,Dominican Republic,San Pedro de Macorís,Honorary,Submitted,2024-08-13 23:10:09,Walk-in
1039,Pepe Santamaria,amandocabanillas@example.net,1995-02-05,Civil Engineer,91,Dominican Republic,Punta Cana,Honorary,Submitted,2021-10-31 03:44:09,Event
1040,Guadalupe Llopis,francisco-josecrespo@example.org,2000-09-27,Civil Engineer,97,Dominican Republic,Santiago,Individual,Approved,2022-01-13 05:34:53,Event
1041,Luz Escobar,pastoragallart@example.org,1980-02-28,Financial Analyst,207,Dominican Republic,San Francisco de Macorís,Honorary,Approved,2024-02-28 07:42:23,Event
1042,Édgar Barriga,ngonzalez@example.org,1976-09-19,Financial Analyst,139,Dominican Republic,San Pedro de Macorís,Corporate,Approved,2022-08-27 00:24:12,Event
1043,Lucila Fuente,eulalia46@example.org,1999-01-20,Software Engineer,270,Dominican Republic,Punta Cana,Individual,Approved,2022-03-10 08:31:01,Referral
1044,Perla Cuenca,apineda@example.org,1988-05-22,Data Analyst,136,Dominican Republic,San Pedro de Macorís,Corporate,Under Review,2021-12-12 22:21:37,Email Campaign
1045,Berta Díez,fcamps@example.org,1982-11-07,Civil Engineer,32,Dominican Republic,Punta Cana,Corporate,Approved,2022-04-10 06:04:25,Walk-in
1046,Fabio Ribes,royojenaro@example.net,2003-04-18,Civil Engineer,91,Dominican Republic,La Romana,Honorary,Rejected,2023-01-24 02:52:41,Walk-in
1047,Juan Pablo Viña,soraya72@example.net,1993-10-11,Accountant,11,Dominican Republic,Santo Domingo,Honorary,Approved,2023-06-26 14:17:24,Website
1048,Vidal Rodríguez,emilianasalgado@example.com,1986-05-22,Civil Engineer,144,Dominican Republic,Santiago,Student,Approved,2023-11-12 06:58:13,Walk-in
1049,Eloísa Gargallo,ferrandezsantiago@example.com,1988-06-03,Software Engineer,289,Dominican Republic,La Romana,Individual,Approved,2026-03-16 08:47:29,Walk-in
1050,Adela Bou,castanedavalentina@example.org,1983-06-19,Software Engineer,85,Dominican Republic,Puerto Plata,Honorary,Rejected,2026-03-10 10:45:22,Event
1051,Rocío Carbajo,pprat@example.net,1999-11-21,Architect,267,Dominican Republic,Puerto Plata,Individual,Approved,2022-10-19 21:30:38,Website
1052,Balduino Villaverde,barbaraguardiola@example.org,1983-10-30,Marketing Specialist,119,Dominican Republic,Punta Cana,Individual,Approved,2022-01-30 11:43:06,Walk-in
1053,Apolonia Benavent,barbarablanes@example.com,1993-07-06,Business Consultant,180,Dominican Republic,La Romana,Corporate,Approved,2026-03-22 22:46:34,Event
1054,Ciro Jover,nazaret82@example.org,1977-02-22,Accountant,180,Dominican Republic,Puerto Plata,Corporate,Approved,2025-04-15 16:04:55,Website
1055,Amor Fuertes,nievesgimenez@example.net,1997-04-18,Financial Analyst,199,Dominican Republic,Santiago,Individual,Rejected,2022-05-30 11:48:03,Referral
1056,Aura Coloma,bbellido@example.net,1997-03-19,Lawyer,203,Dominican Republic,San Francisco de Macorís,Individual,Approved,2026-04-20 09:46:51,Event
1057,Cecilio Montserrat,rcozar@example.com,2004-06-21,Civil Engineer,94,Dominican Republic,San Francisco de Macorís,Honorary,Rejected,2024-07-09 22:16:17,Email Campaign
1058,Amor Aparicio,amoresmatilde@example.net,1999-02-26,Business Consultant,256,Dominican Republic,Santiago,Student,Pending Payment,2021-11-08 23:56:05,Event
1059,Rosalía Anglada,morafidel@example.net,2003-02-20,Financial Analyst,237,Dominican Republic,San Pedro de Macorís,Student,Approved,2022-05-04 15:25:30,Event
1060,Celestino Falcón,ccabello@example.net,1997-09-05,Civil Engineer,1,Dominican Republic,San Pedro de Macorís,Student,Approved,2024-10-23 02:54:27,Email Campaign
1061,Baudelio Amigó,patriciomilla@example.com,1998-07-08,Software Engineer,205,Dominican Republic,Santiago,Honorary,Approved,2022-08-18 13:41:03,Event
1062,Narcisa Varela,marina44@example.org,1978-07-16,Software Engineer,136,Dominican Republic,Puerto Plata,Individual,Rejected,2026-04-17 10:51:55,Event
1063,Odalis Coloma,fmadrigal@example.net,2006-08-14,Architect,184,Dominican Republic,Santiago,Individual,Approved,2022-04-20 18:54:50,Website
1064,Eutropio Echevarría,angelica90@example.com,1988-07-22,Lawyer,168,Dominican Republic,San Francisco de Macorís,Individual,Submitted,2025-08-21 12:43:24,Email Campaign
1065,Apolinar Vendrell,bsolsona@example.org,1996-01-13,Architect,56,Dominican Republic,San Pedro de Macorís,Individual,Submitted,2022-01-24 13:40:09,Email Campaign
1066,Abilio Jurado,reneojeda@example.net,1987-04-07,Data Analyst,32,Dominican Republic,San Pedro de Macorís,Student,Submitted,2022-05-28 08:00:45,Email Campaign
1067,Porfirio Villalobos,benita26@example.com,1994-10-20,Accountant,31,Dominican Republic,Santiago,Individual,Pending Payment,2022-09-11 18:09:33,Website
1068,Jonatan Rey,nayaraleon@example.net,1983-05-26,Financial Analyst,183,Dominican Republic,La Romana,Honorary,Approved,2024-05-21 02:09:46,Email Campaign
1069,Rafael Avilés,martin29@example.com,2000-06-21,Business Consultant,87,Dominican Republic,La Romana,Corporate,Approved,2022-01-02 21:12:11,Email Campaign
1070,Carmina Ariza,abaena@example.org,1983-10-29,Data Analyst,272,Dominican Republic,Santiago,Student,Approved,2025-02-20 04:24:37,Website
1071,Eligia Seguí,miriam09@example.net,2008-01-28,Lawyer,173,Dominican Republic,Punta Cana,Individual,Under Review,2026-02-14 11:01:50,Referral
1072,Gil Casas,barrerajulio@example.org,2007-03-24,Accountant,231,Dominican Republic,Santiago,Individual,Pending Payment,2022-09-10 02:29:59,Email Campaign
1073,Rosenda Pou,perlita81@example.net,2006-10-15,Architect,230,Dominican Republic,Santo Domingo,Student,Submitted,2026-02-25 05:36:36,Event
1074,Mamen Adadia,eufemia42@example.net,2007-12-01,Marketing Specialist,288,Dominican Republic,Santo Domingo,Student,Approved,2025-09-05 08:12:17,Event
1075,Andrea Ibarra,reyesexposito@example.net,1997-09-07,Lawyer,186,Dominican Republic,San Pedro de Macorís,Honorary,Pending Payment,2022-03-13 03:28:22,Event
1076,Salomón Leal,fabianbastida@example.org,1999-05-08,Project Manager,34,Dominican Republic,Santiago,Honorary,Approved,2025-01-19 19:14:19,Email Campaign
1077,Esperanza Marquez,azaharamelendez@example.com,1985-10-09,Accountant,252,Dominican Republic,Punta Cana,Individual,Approved,2022-12-31 12:27:21,Event
1078,Alfonso Herrero,xcastrillo@example.net,2000-04-27,Software Engineer,55,Dominican Republic,Santiago,Student,Approved,2026-02-22 05:23:13,Referral
1079,Tomás Gargallo,menendezmayte@example.com,1978-06-11,Project Manager,38,Dominican Republic,Santo Domingo,Corporate,Approved,2025-07-31 01:32:33,Email Campaign
1080,Samanta Armas,omanzanares@example.com,1980-12-23,Project Manager,54,Dominican Republic,La Romana,Individual,Rejected,2024-08-31 17:28:47,Event
1081,Maricela Pereira,roxana02@example.com,2002-06-25,Data Analyst,95,Dominican Republic,La Romana,Individual,Approved,2023-08-07 12:17:14,Event
1082,Lorena Peinado,candelaria24@example.org,2008-04-13,Marketing Specialist,121,Dominican Republic,Punta Cana,Individual,Approved,2021-11-06 01:36:42,Email Campaign
1083,Guiomar Blazquez,tpi@example.com,2002-08-06,Lawyer,184,Dominican Republic,La Romana,Student,Approved,2024-01-12 01:23:35,Event
1084,Rosalía Manso,gonzalezlupe@example.org,1988-03-06,Marketing Specialist,275,Dominican Republic,Santiago,Individual,Approved,2023-09-14 22:14:19,Website
1085,Cayetana Valle,paulinallorens@example.com,2000-05-01,Architect,254,Dominican Republic,San Pedro de Macorís,Honorary,Approved,2022-10-16 21:36:25,Walk-in
1086,Adela Barrio,anselmo40@example.com,1983-10-09,Software Engineer,30,Dominican Republic,La Romana,Student,Under Review,2023-05-23 13:58:10,Referral
1087,Yésica Garzón,maria-del-carmenpadilla@example.org,2003-11-02,Software Engineer,258,Dominican Republic,San Pedro de Macorís,Honorary,Under Review,2026-02-15 16:09:53,Event
1088,José Ángel Miró,pratluisa@example.org,2003-02-04,Project Manager,116,Dominican Republic,Puerto Plata,Individual,Rejected,2022-11-08 03:39:41,Email Campaign
1089,Noelia Calatayud,busquetsleonor@example.net,1991-02-13,Business Consultant,281,Dominican Republic,San Francisco de Macorís,Individual,Approved,2026-02-15 16:04:53,Website
1090,Adelaida Casals,fioljose-angel@example.net,1978-10-04,Project Manager,199,Dominican Republic,San Francisco de Macorís,Honorary,Approved,2023-05-02 22:07:50,Email Campaign
1091,América Gascón,sandaliomoraleda@example.org,1976-12-24,Architect,102,Dominican Republic,Santo Domingo,Corporate,Rejected,2025-02-09 04:42:26,Referral
1092,Rita Arana,blaneszaida@example.net,2001-07-20,Business Consultant,117,Dominican Republic,Santo Domingo,Individual,Approved,2025-12-11 09:58:35,Referral
1093,Anabel Morán,dbustos@example.net,2004-11-07,Marketing Specialist,54,Dominican Republic,San Pedro de Macorís,Individual,Under Review,2025-02-10 21:45:38,Email Campaign
1094,Melania Zamorano,alarconviviana@example.org,1982-09-30,Project Manager,148,Dominican Republic,San Pedro de Macorís,Corporate,Rejected,2021-11-16 08:03:44,Email Campaign
1095,Obdulia Andreu,nadalmelania@example.com,1979-06-17,Lawyer,244,Dominican Republic,La Romana,Honorary,Approved,2026-04-29 18:31:57,Walk-in
1096,Edu Zabaleta,hidalgojaviera@example.com,1987-01-02,Marketing Specialist,148,Dominican Republic,Puerto Plata,Honorary,Pending Payment,2025-09-01 02:08:34,Email Campaign
1097,Febe Valencia,luisina49@example.org,2008-04-28,Accountant,140,Dominican Republic,San Francisco de Macorís,Individual,Rejected,2025-03-08 17:39:11,Email Campaign
1098,Yésica Acero,rubenpedro@example.net,2002-08-06,Data Analyst,75,Dominican Republic,San Francisco de Macorís,Individual,Rejected,2024-08-04 03:04:39,Website
1099,Eloy Barco,merinoelisabet@example.org,2003-02-26,Financial Analyst,215,Dominican Republic,La Romana,Individual,Approved,2022-09-12 11:24:26,Event
1100,Sabina Zorrilla,cesar84@example.org,1983-07-09,Project Manager,230,Dominican Republic,La Romana,Student,Rejected,2025-01-10 05:32:22,Website
1101,Benita Tejada,pili09@example.org,2001-05-21,Data Analyst,163,Dominican Republic,Puerto Plata,Corporate,Approved,2025-02-11 03:50:24,Walk-in
1102,Guiomar Donaire,ildefonsovega@example.org,1978-02-23,Marketing Specialist,228,Dominican Republic,Puerto Plata,Individual,Approved,2023-09-10 21:13:44,Website
1103,Vito Llopis,nicolas61@example.org,1984-04-29,Architect,49,Dominican Republic,San Pedro de Macorís,Corporate,Approved,2021-12-17 03:16:27,Referral
1104,Josefa Mariscal,auroraramon@example.net,1977-02-07,Civil Engineer,122,Dominican Republic,Santo Domingo,Honorary,Approved,2024-10-08 12:11:11,Event
1105,Eva María Almazán,jordan76@example.com,1990-06-17,Software Engineer,15,Dominican Republic,La Romana,Student,Approved,2022-01-16 19:38:51,Walk-in
1106,Aurelia Báez,castellsteodosio@example.org,2007-08-04,Software Engineer,169,Dominican Republic,La Romana,Honorary,Approved,2022-01-03 18:28:53,Referral
1107,Guadalupe Baquero,poncioportero@example.com,2005-09-28,Civil Engineer,97,Dominican Republic,Punta Cana,Individual,Pending Payment,2022-05-27 08:59:10,Website
1108,Olimpia Amores,rcorrea@example.com,1978-02-13,Project Manager,226,Dominican Republic,San Pedro de Macorís,Honorary,Approved,2024-05-17 04:02:44,Email Campaign
1109,Marcia Garcia,echevarriamaria-jesus@example.org,1984-04-15,Architect,127,Dominican Republic,Santiago,Individual,Approved,2024-07-18 18:55:32,Walk-in
1110,Pelayo Azorin,jverdu@example.org,1990-06-28,Architect,279,Dominican Republic,San Pedro de Macorís,Corporate,Approved,2022-07-29 17:40:05,Event
1111,Amalia Toro,nclavero@example.org,1993-06-29,Business Consultant,261,Dominican Republic,Santo Domingo,Individual,Rejected,2023-11-23 08:00:18,Website
1112,Luis Ángel Arjona,herranzmarco@example.net,1975-10-25,Architect,94,Dominican Republic,Santo Domingo,Corporate,Approved,2026-02-20 15:16:18,Walk-in
1113,Victorino Ferrera,marc37@example.net,2006-09-13,Lawyer,106,Dominican Republic,La Romana,Individual,Approved,2026-05-01 11:22:40,Walk-in
1114,Maite Álvaro,saturninoarteaga@example.org,1983-08-07,Marketing Specialist,192,Dominican Republic,Santiago,Honorary,Rejected,2024-10-31 16:56:22,Walk-in
1115,Encarnacion Casanova,calatayudguadalupe@example.com,1991-01-04,Marketing Specialist,107,Dominican Republic,San Pedro de Macorís,Corporate,Approved,2021-10-20 21:07:53,Website
1116,Eloísa Asenjo,clara91@example.com,1985-05-15,Financial Analyst,97,Dominican Republic,Punta Cana,Individual,Approved,2023-03-13 13:16:02,Website
1117,Alcides Santamaría,dafne26@example.net,1999-09-03,Civil Engineer,143,Dominican Republic,Punta Cana,Honorary,Approved,2025-03-24 23:24:28,Walk-in
1118,María Fernanda Peña,paulina89@example.net,2001-01-11,Accountant,29,Dominican Republic,San Francisco de Macorís,Honorary,Approved,2025-07-13 03:49:14,Website
1119,Chuy Yuste,espiridion85@example.net,1988-09-18,Business Consultant,157,Dominican Republic,Santiago,Student,Approved,2023-10-05 22:06:32,Email Campaign
1120,Eugenio Murillo,mariscalalfonso@example.net,2005-11-02,Data Analyst,57,Dominican Republic,Santo Domingo,Student,Withdrawn,2024-04-13 15:51:50,Website
1121,Clotilde Ferreras,taniafalcon@example.org,1981-12-09,Financial Analyst,118,Dominican Republic,Puerto Plata,Individual,Withdrawn,2023-07-19 17:04:52,Walk-in
1122,Macario Cid,kquintero@example.net,2008-05-01,Project Manager,143,Dominican Republic,Santo Domingo,Honorary,Rejected,2022-02-11 23:02:59,Event
1123,Saturnino Alvarado,zcortina@example.net,1979-08-26,Accountant,237,Dominican Republic,Santo Domingo,Honorary,Submitted,2025-07-16 04:50:16,Walk-in
1124,María Cristina Rios,salamancafelix@example.net,1982-12-29,Marketing Specialist,225,Dominican Republic,Santo Domingo,Corporate,Approved,2024-04-13 09:02:18,Referral
1125,Chita Gracia,maximopardo@example.net,1983-12-12,Business Consultant,191,Dominican Republic,Santiago,Individual,Approved,2026-01-28 00:28:25,Email Campaign
1126,Emiliano Alemany,pastora05@example.com,2005-11-01,Lawyer,81,Dominican Republic,Santiago,Individual,Withdrawn,2022-08-26 19:06:46,Referral
1127,Erasmo Rovira,amor82@example.com,1995-09-27,Business Consultant,145,Dominican Republic,San Francisco de Macorís,Corporate,Pending Payment,2024-09-13 07:10:48,Website
1128,Candelas Collado,flarranaga@example.net,1988-08-28,Business Consultant,173,Dominican Republic,Punta Cana,Corporate,Submitted,2024-11-13 02:43:02,Referral
1129,Omar Ramírez,gasconalbino@example.net,1992-01-17,Project Manager,126,Dominican Republic,San Francisco de Macorís,Corporate,Approved,2025-04-10 04:19:57,Referral
1130,Clímaco Coello,noemialvaro@example.com,1995-02-03,Software Engineer,256,Dominican Republic,San Francisco de Macorís,Individual,Withdrawn,2024-07-07 08:27:23,Email Campaign
1131,Águeda Carreño,pia34@example.com,1994-01-26,Marketing Specialist,35,Dominican Republic,Santo Domingo,Corporate,Approved,2022-12-01 13:35:02,Walk-in
1132,Jose Angel Mercader,eugenia00@example.org,1991-12-04,Software Engineer,255,Dominican Republic,San Francisco de Macorís,Honorary,Rejected,2023-07-21 21:46:55,Referral
1133,Abel Agudo,yportillo@example.org,1977-07-10,Civil Engineer,86,Dominican Republic,San Francisco de Macorís,Student,Approved,2022-08-23 14:57:24,Event
1134,Perla Pombo,carlitobertran@example.net,1982-03-23,Data Analyst,83,Dominican Republic,Puerto Plata,Individual,Submitted,2024-07-01 02:28:03,Walk-in
1135,Palmira Amigó,batallaremigio@example.net,1977-07-20,Project Manager,153,Dominican Republic,Santiago,Honorary,Approved,2024-01-10 09:05:09,Website
1136,Cecilio Marcos,montoyabaltasar@example.com,1989-07-09,Software Engineer,100,Dominican Republic,Puerto Plata,Honorary,Approved,2023-02-27 07:05:57,Email Campaign
1137,Rosalía Vélez,salomesalazar@example.net,1989-08-20,Lawyer,209,Dominican Republic,Punta Cana,Corporate,Approved,2022-11-15 02:05:42,Website
1138,Aureliano Pedrosa,febelosada@example.com,1976-03-21,Data Analyst,81,Dominican Republic,Santiago,Corporate,Under Review,2025-11-11 12:49:58,Walk-in
1139,Valero Salas,rosendo20@example.net,2007-09-24,Accountant,121,Dominican Republic,Punta Cana,Corporate,Under Review,2025-06-20 20:39:06,Referral
1140,Sonia Chaves,qrequena@example.org,1995-12-08,Accountant,205,Dominican Republic,Puerto Plata,Honorary,Approved,2022-10-26 00:46:28,Referral
1141,Omar Aliaga,tellezluciana@example.net,2003-10-02,Marketing Specialist,22,Dominican Republic,La Romana,Honorary,Withdrawn,2025-09-06 21:18:26,Walk-in
1142,Ágata Planas,cuevasclara@example.net,2007-05-17,Data Analyst,129,Dominican Republic,Puerto Plata,Honorary,Approved,2022-03-21 07:26:39,Event
1143,María José Lago,puertaazucena@example.net,1993-10-19,Accountant,232,Dominican Republic,Santo Domingo,Individual,Under Review,2023-11-20 06:38:03,Email Campaign
1144,Bonifacio Ferrero,hermenegildosantiago@example.org,1978-09-06,Architect,121,Dominican Republic,Santo Domingo,Corporate,Approved,2022-10-11 23:11:01,Walk-in
1145,Mauricio Pallarès,hermenegildoochoa@example.com,1979-05-07,Business Consultant,285,Dominican Republic,Puerto Plata,Honorary,Approved,2025-08-16 07:20:02,Event
1146,Candelas Bernad,nalarcon@example.org,1998-09-19,Accountant,150,Dominican Republic,Punta Cana,Honorary,Approved,2022-07-07 14:58:37,Referral
1147,Cayetano Cárdenas,pinodaniel@example.org,2001-03-05,Financial Analyst,90,Dominican Republic,Santiago,Student,Approved,2025-03-28 14:01:33,Website
1148,Jordán Vilanova,eligio77@example.net,1995-02-27,Accountant,292,Dominican Republic,San Pedro de Macorís,Student,Under Review,2024-08-01 13:23:10,Website
1149,Renato Carrión,isaiassalva@example.org,2005-12-22,Civil Engineer,96,Dominican Republic,La Romana,Corporate,Approved,2026-04-15 15:08:15,Website
1150,Manu Melero,dora02@example.net,1986-08-21,Architect,256,Dominican Republic,Santo Domingo,Honorary,Approved,2022-01-21 06:04:10,Referral
1151,Epifanio Priego,arcelia01@example.com,1985-01-06,Marketing Specialist,146,Dominican Republic,Santiago,Student,Approved,2024-01-27 12:12:20,Referral
1152,Balduino Guzmán,rfuentes@example.com,2003-12-15,Business Consultant,265,Dominican Republic,Santiago,Individual,Approved,2022-07-07 11:54:40,Event
1153,Rómulo Sosa,cifuentesveronica@example.com,2000-11-08,Lawyer,34,Dominican Republic,San Francisco de Macorís,Honorary,Approved,2025-11-25 04:08:17,Referral
1154,Guadalupe Vilanova,yolandaestevez@example.org,1976-02-15,Architect,200,Dominican Republic,Santo Domingo,Corporate,Approved,2023-01-09 11:30:28,Website
1155,Feliciana Briones,gesparza@example.net,1982-03-24,Project Manager,40,Dominican Republic,Santo Domingo,Corporate,Approved,2023-11-14 23:49:11,Referral
1156,Aurelia Rivas,constanzanieto@example.net,2003-11-17,Civil Engineer,141,Dominican Republic,San Francisco de Macorís,Individual,Approved,2025-10-30 05:20:02,Walk-in
1157,Milagros Río,martarojas@example.org,2005-05-29,Software Engineer,219,Dominican Republic,San Francisco de Macorís,Corporate,Rejected,2026-03-28 12:30:13,Walk-in
1158,Jose Carlos Cardona,candelariamontalban@example.com,1976-08-21,Civil Engineer,182,Dominican Republic,Santiago,Individual,Approved,2024-07-12 09:09:44,Event
1159,Jenaro Sancho,urenamireia@example.net,1995-09-04,Lawyer,233,Dominican Republic,Puerto Plata,Corporate,Under Review,2026-04-13 19:06:41,Walk-in
1160,Loida Romero,dcarrera@example.com,1999-06-20,Architect,231,Dominican Republic,Santiago,Student,Approved,2022-03-03 14:02:11,Event
1161,Samuel Valderrama,trinidadquiros@example.net,2002-03-08,Financial Analyst,159,Dominican Republic,Santiago,Student,Pending Payment,2022-11-24 02:02:24,Email Campaign
1162,Rosalina Alcántara,maria-cristina06@example.net,1980-07-13,Business Consultant,150,Dominican Republic,Santo Domingo,Student,Approved,2022-05-14 20:41:36,Website
1163,Genoveva Donoso,jacoboolmedo@example.com,1998-07-29,Project Manager,40,Dominican Republic,Santiago,Individual,Pending Payment,2023-01-02 11:00:22,Email Campaign
1164,Chema Pozuelo,albino58@example.com,2007-07-13,Project Manager,28,Dominican Republic,San Pedro de Macorís,Honorary,Rejected,2022-07-17 16:53:38,Email Campaign
1165,Jacinta Landa,uconesa@example.org,1993-06-08,Architect,213,Dominican Republic,San Pedro de Macorís,Honorary,Approved,2023-02-18 01:18:23,Email Campaign
1166,Camilo Chamorro,clementina67@example.net,2008-02-19,Financial Analyst,168,Dominican Republic,Santo Domingo,Corporate,Approved,2021-12-26 07:23:16,Email Campaign
1167,Cecilia Ledesma,titomalo@example.net,2005-03-08,Software Engineer,145,Dominican Republic,Santiago,Corporate,Approved,2021-10-15 00:21:36,Email Campaign
1168,Federico Castañeda,muronazaret@example.org,2008-01-07,Business Consultant,279,Dominican Republic,Puerto Plata,Corporate,Approved,2023-08-09 17:58:30,Website
1169,Gloria Rosselló,anunciacion42@example.com,2005-09-03,Software Engineer,110,Dominican Republic,San Pedro de Macorís,Corporate,Approved,2024-07-10 01:12:52,Walk-in
1170,Raquel Vigil,blascoloreto@example.com,1991-01-08,Civil Engineer,91,Dominican Republic,Puerto Plata,Corporate,Under Review,2026-04-17 04:41:18,Referral
1171,Anunciación Seco,sainzciriaco@example.com,2007-01-27,Software Engineer,252,Dominican Republic,La Romana,Student,Approved,2023-03-05 01:16:34,Website
1172,Joel Querol,eportero@example.org,1993-12-29,Accountant,121,Dominican Republic,La Romana,Honorary,Approved,2023-03-29 00:49:37,Referral
1173,Amancio Sans,ricardo19@example.org,2000-02-15,Accountant,261,Dominican Republic,Puerto Plata,Individual,Rejected,2025-07-29 07:50:15,Referral
1174,Ana Belén Ugarte,nconesa@example.net,2006-10-16,Accountant,138,Dominican Republic,San Pedro de Macorís,Student,Approved,2025-05-12 20:04:19,Email Campaign
1175,Anselma Valencia,pilarcastilla@example.com,1993-03-17,Marketing Specialist,67,Dominican Republic,Santo Domingo,Individual,Approved,2023-04-27 05:11:10,Event
1176,Ana Arenas,isa80@example.com,1997-07-17,Civil Engineer,33,Dominican Republic,Santiago,Corporate,Rejected,2023-03-27 09:45:56,Referral
1177,Isabel Gámez,baldomero40@example.net,2006-02-02,Data Analyst,212,Dominican Republic,Punta Cana,Corporate,Approved,2024-09-18 09:05:59,Referral
1178,Marisol Portero,rmarmol@example.com,1995-01-05,Civil Engineer,221,Dominican Republic,Santiago,Individual,Approved,2021-12-22 19:56:51,Event
1179,Américo Casanovas,linoecheverria@example.net,1987-04-22,Business Consultant,241,Dominican Republic,La Romana,Honorary,Approved,2024-11-01 09:50:38,Walk-in
1180,Julio Iglesias,azucenapozuelo@example.com,1995-11-04,Financial Analyst,88,Dominican Republic,San Pedro de Macorís,Student,Approved,2025-01-01 02:40:49,Event
1181,Gustavo Checa,pascuala94@example.org,1997-05-13,Financial Analyst,188,Dominican Republic,San Pedro de Macorís,Corporate,Approved,2023-10-01 00:35:32,Website
1182,Fabiana Cañas,montserrat63@example.org,1994-03-25,Architect,42,Dominican Republic,Puerto Plata,Student,Approved,2022-07-12 02:48:10,Email Campaign
1183,Noé Quirós,juan-bautistabernal@example.net,1998-10-20,Civil Engineer,231,Dominican Republic,San Pedro de Macorís,Student,Approved,2024-06-09 11:28:10,Referral
1184,Glauco Nebot,venriquez@example.com,1981-05-08,Business Consultant,53,Dominican Republic,Punta Cana,Honorary,Approved,2023-02-10 17:30:55,Email Campaign
1185,Sancho Giralt,olegarioavila@example.net,2002-03-30,Architect,213,Dominican Republic,Santiago,Individual,Approved,2024-10-18 11:59:00,Email Campaign
1186,Cristian Godoy,posadarafael@example.com,1976-07-08,Business Consultant,35,Dominican Republic,Santiago,Corporate,Approved,2025-10-25 00:31:51,Event
1187,Aurelia Jódar,bmorata@example.net,1986-07-20,Marketing Specialist,100,Dominican Republic,Santiago,Honorary,Withdrawn,2025-10-19 05:33:40,Email Campaign
1188,María Teresa Madrigal,jacobo03@example.com,1997-01-07,Project Manager,218,Dominican Republic,San Pedro de Macorís,Individual,Approved,2022-09-02 13:06:22,Walk-in
1189,Saturnina Vila,carbajoxiomara@example.com,1996-01-11,Data Analyst,112,Dominican Republic,San Pedro de Macorís,Individual,Approved,2025-10-08 07:08:38,Email Campaign
1190,Fidel Arévalo,azaharamugica@example.net,1983-09-05,Financial Analyst,245,Dominican Republic,San Francisco de Macorís,Individual,Approved,2023-12-09 22:59:02,Walk-in
1191,Nadia Arellano,pascualhumberto@example.com,1986-02-10,Data Analyst,52,Dominican Republic,Santiago,Student,Approved,2022-05-26 20:07:27,Walk-in
1192,Máximo Marin,ucampos@example.com,1982-07-13,Software Engineer,116,Dominican Republic,La Romana,Student,Approved,2022-07-24 21:58:59,Event
1193,Inocencio Durán,estefania36@example.com,2000-05-30,Project Manager,60,Dominican Republic,La Romana,Student,Approved,2026-02-10 10:19:01,Website
1194,Cleto Gárate,usalva@example.org,1976-03-11,Project Manager,52,Dominican Republic,La Romana,Student,Approved,2023-11-29 11:00:01,Website
1195,Raquel Conde,luquemaria-luisa@example.org,1976-11-04,Data Analyst,242,Dominican Republic,Santiago,Honorary,Rejected,2024-08-29 04:35:31,Website
1196,Galo Saura,hangel@example.net,1995-10-12,Marketing Specialist,28,Dominican Republic,La Romana,Student,Under Review,2026-02-07 22:22:57,Website
1197,Ainara Barrena,maritatejedor@example.org,1984-11-21,Financial Analyst,14,Dominican Republic,La Romana,Corporate,Approved,2024-09-20 08:01:34,Referral
1198,Efraín Gutierrez,samu22@example.com,1994-08-12,Data Analyst,162,Dominican Republic,San Pedro de Macorís,Student,Approved,2025-04-17 00:13:27,Walk-in
1199,Sigfrido Barragán,rosario98@example.com,2002-08-09,Business Consultant,228,Dominican Republic,Punta Cana,Honorary,Approved,2025-06-23 04:55:04,Referral
1200,Bárbara Salamanca,marc22@example.com,1999-09-03,Accountant,134,Dominican Republic,San Francisco de Macorís,Honorary,Rejected,2024-07-10 13:51:30,Referral
1201,Arcelia Navas,camila59@example.com,2008-06-18,Lawyer,77,Dominican Republic,Puerto Plata,Individual,Approved,2024-09-28 19:04:48,Referral
1202,Natividad Molins,gaspar82@example.com,2008-03-29,Architect,62,Dominican Republic,San Pedro de Macorís,Honorary,Rejected,2022-08-29 10:40:46,Website
1203,Celestino Roman,amancio20@example.org,1977-02-07,Lawyer,148,Dominican Republic,San Pedro de Macorís,Honorary,Approved,2022-12-23 06:52:39,Referral
1204,Nicolasa Melero,feliciana39@example.net,2005-07-14,Software Engineer,215,Dominican Republic,Santo Domingo,Individual,Approved,2023-08-16 20:46:01,Walk-in
1205,Camilo Guzmán,fernandacarmona@example.com,2005-03-13,Lawyer,262,Dominican Republic,Punta Cana,Individual,Approved,2024-05-07 20:15:09,Walk-in
1206,Bruno Galindo,morantenoe@example.com,1976-10-17,Project Manager,241,Dominican Republic,Santiago,Individual,Approved,2026-02-01 22:09:59,Email Campaign
1207,Herminio Roig,isabelcabrera@example.com,1985-12-18,Accountant,258,Dominican Republic,Santiago,Corporate,Approved,2024-01-26 06:33:15,Walk-in
1208,Renata Vizcaíno,lpolo@example.net,2000-01-13,Project Manager,226,Dominican Republic,Puerto Plata,Individual,Approved,2025-10-28 02:53:41,Event
1209,Ernesto Valero,teosanchez@example.net,2002-06-27,Civil Engineer,18,Dominican Republic,San Pedro de Macorís,Individual,Approved,2025-05-27 03:01:01,Referral
1210,Loida Marco,vconde@example.org,1980-01-23,Lawyer,274,Dominican Republic,Puerto Plata,Honorary,Approved,2024-10-06 19:46:57,Email Campaign
1211,Raquel Villalba,zairapeinado@example.com,1982-10-06,Data Analyst,288,Dominican Republic,Punta Cana,Individual,Rejected,2022-03-30 00:09:40,Website
1212,Begoña Gil,lauracamacho@example.net,1980-03-12,Architect,8,Dominican Republic,Santiago,Honorary,Approved,2023-04-09 09:56:10,Walk-in
1213,Piedad Barros,heraclioclemente@example.net,1975-11-21,Data Analyst,18,Dominican Republic,Punta Cana,Honorary,Approved,2024-03-29 23:37:41,Email Campaign
1214,Etelvina Bru,pimamen@example.org,2005-10-10,Financial Analyst,40,Dominican Republic,Puerto Plata,Individual,Approved,2022-05-31 22:41:22,Website
1215,Aurora Hierro,fjauregui@example.org,1982-08-02,Civil Engineer,32,Dominican Republic,Puerto Plata,Corporate,Pending Payment,2026-05-09 02:38:36,Referral
1216,Abigaíl Ochoa,dalmaumaria-fernanda@example.com,1989-05-24,Civil Engineer,163,Dominican Republic,San Francisco de Macorís,Student,Approved,2026-01-23 06:35:43,Walk-in
1217,Lara Bonet,yelorza@example.org,2006-04-06,Data Analyst,192,Dominican Republic,San Francisco de Macorís,Honorary,Approved,2024-08-17 11:20:45,Walk-in
1218,Alexandra Simó,juan-bautista58@example.net,1984-09-07,Civil Engineer,48,Dominican Republic,San Pedro de Macorís,Honorary,Submitted,2025-10-07 00:08:39,Referral
1219,Elpidio Pinilla,rosaliaantunez@example.com,1980-06-29,Architect,215,Dominican Republic,Punta Cana,Honorary,Approved,2022-06-02 03:15:13,Referral
1220,Ariadna Santana,uhernando@example.org,1988-12-31,Lawyer,126,Dominican Republic,Santiago,Corporate,Approved,2022-02-06 18:04:26,Referral
1221,Carmela Espada,pcarrillo@example.com,1981-08-14,Architect,61,Dominican Republic,Puerto Plata,Student,Pending Payment,2022-03-10 12:32:26,Walk-in
1222,Zacarías Garrido,venceslasgaya@example.net,1997-12-11,Financial Analyst,65,Dominican Republic,San Pedro de Macorís,Honorary,Withdrawn,2023-03-27 03:08:53,Referral
1223,Pilar Andres,german22@example.net,2008-02-23,Civil Engineer,133,Dominican Republic,Puerto Plata,Individual,Rejected,2023-06-21 23:15:19,Event
1224,Manu Requena,cosmeroldan@example.com,1998-01-03,Accountant,7,Dominican Republic,San Francisco de Macorís,Honorary,Approved,2022-04-16 22:22:39,Email Campaign
1225,Felicidad Mateo,carolinacobo@example.org,2006-02-26,Lawyer,163,Dominican Republic,Puerto Plata,Corporate,Approved,2023-01-25 06:48:50,Walk-in
1226,Moreno Parra,montserratfrutos@example.com,1994-07-25,Marketing Specialist,209,Dominican Republic,Puerto Plata,Individual,Submitted,2024-04-08 21:38:20,Walk-in
1227,Juanito Rios,torrijosluciana@example.net,1991-05-27,Software Engineer,187,Dominican Republic,San Francisco de Macorís,Individual,Under Review,2025-11-04 19:14:56,Event
1228,Isidoro Cuéllar,pmanjon@example.org,1995-01-28,Data Analyst,51,Dominican Republic,Santiago,Student,Approved,2024-06-24 05:10:13,Event
1229,Juan Carlos Izaguirre,lcarnero@example.com,1996-03-08,Accountant,42,Dominican Republic,San Pedro de Macorís,Honorary,Approved,2025-05-20 01:54:58,Email Campaign
1230,Abilio Estévez,valeriobecerra@example.org,1977-07-13,Data Analyst,294,Dominican Republic,Santiago,Corporate,Approved,2024-06-19 12:14:43,Referral
1231,Jose Manuel Solís,ncapdevila@example.com,1999-09-25,Lawyer,38,Dominican Republic,Punta Cana,Individual,Approved,2024-06-06 08:36:47,Referral
1232,Emiliano Villena,eladiocompany@example.org,2003-04-15,Business Consultant,249,Dominican Republic,San Pedro de Macorís,Corporate,Approved,2022-06-27 23:48:47,Email Campaign
1233,Eloy Pastor,jballester@example.org,1981-07-17,Software Engineer,253,Dominican Republic,Santo Domingo,Student,Approved,2021-12-20 18:49:56,Referral
1234,Sol Arribas,maria87@example.net,2003-03-27,Civil Engineer,194,Dominican Republic,San Francisco de Macorís,Honorary,Submitted,2025-08-11 08:43:02,Email Campaign
1235,Aurelia Vara,rolmedo@example.org,1999-03-28,Architect,174,Dominican Republic,Puerto Plata,Honorary,Approved,2024-10-25 03:37:40,Referral
1236,Guadalupe Vilar,gil38@example.com,2007-02-04,Lawyer,26,Dominican Republic,San Francisco de Macorís,Individual,Under Review,2022-03-02 22:31:54,Referral
1237,Nazaret Arjona,alelobo@example.com,1983-09-08,Accountant,192,Dominican Republic,Santiago,Honorary,Approved,2024-12-12 19:11:23,Referral
1238,Filomena Bilbao,damian71@example.com,2004-01-24,Data Analyst,4,Dominican Republic,San Pedro de Macorís,Student,Rejected,2023-01-14 05:25:45,Referral
1239,Humberto Bueno,companyfernanda@example.net,1981-05-06,Business Consultant,50,Dominican Republic,San Francisco de Macorís,Honorary,Approved,2024-08-11 18:08:02,Walk-in
1240,Gracia Amador,mateoheliodoro@example.com,1985-01-28,Accountant,40,Dominican Republic,Punta Cana,Student,Under Review,2025-12-31 14:14:40,Walk-in
1241,Guadalupe Barberá,vivianaadadia@example.net,1989-10-14,Marketing Specialist,172,Dominican Republic,Punta Cana,Corporate,Approved,2025-08-25 07:51:31,Event
1242,Celestino Gallo,mbuendia@example.org,1980-08-02,Marketing Specialist,107,Dominican Republic,Puerto Plata,Honorary,Approved,2025-01-12 18:29:13,Website
1243,Atilio Corbacho,davidgalan@example.org,1979-08-31,Accountant,232,Dominican Republic,San Pedro de Macorís,Student,Submitted,2025-07-26 00:42:27,Website
1244,Sebastián Soler,balduinocardona@example.net,2001-11-22,Architect,64,Dominican Republic,Santiago,Student,Approved,2022-05-30 00:52:38,Referral
1245,David Capdevila,gquevedo@example.org,2006-09-20,Architect,269,Dominican Republic,Santo Domingo,Corporate,Approved,2023-03-10 05:24:14,Email Campaign
1246,Ariel Carrillo,salomelias@example.net,1987-04-25,Lawyer,267,Dominican Republic,Punta Cana,Honorary,Approved,2026-02-24 19:35:14,Event
1247,Martirio Río,hectorgargallo@example.org,1985-08-20,Project Manager,2,Dominican Republic,Santo Domingo,Honorary,Approved,2023-04-15 16:37:20,Referral
1248,Tomás Pinto,horacio80@example.net,1981-09-24,Financial Analyst,93,Dominican Republic,La Romana,Student,Under Review,2025-07-10 11:46:06,Email Campaign
1249,Florina Mata,condemaria-cristina@example.com,1981-08-21,Architect,293,Dominican Republic,La Romana,Individual,Rejected,2022-07-03 21:39:23,Referral
1250,Cipriano Luís,prateufemia@example.net,1980-06-06,Lawyer,143,Dominican Republic,Puerto Plata,Student,Approved,2024-07-08 07:03:35,Event
1251,Rosalina Aguirre,eloy29@example.com,1988-06-04,Marketing Specialist,206,Dominican Republic,Puerto Plata,Student,Approved,2022-09-29 23:29:30,Referral
1252,Ale Ferrer,pancho61@example.net,2000-09-08,Financial Analyst,79,Dominican Republic,San Francisco de Macorís,Student,Approved,2021-08-29 15:04:59,Event
1253,Noa Garmendia,eduardo97@example.org,2002-01-23,Civil Engineer,111,Dominican Republic,San Pedro de Macorís,Corporate,Approved,2022-06-23 16:17:25,Referral
1254,Jenaro Santiago,cifuentesleoncio@example.org,1990-01-25,Financial Analyst,60,Dominican Republic,San Pedro de Macorís,Honorary,Submitted,2024-09-14 05:05:35,Event
1255,Carmela Morera,roldan42@example.org,2004-06-10,Architect,243,Dominican Republic,Santo Domingo,Honorary,Approved,2021-11-17 19:19:25,Walk-in
1256,Juan Antonio Benavides,amanciochico@example.com,2007-04-18,Civil Engineer,24,Dominican Republic,San Francisco de Macorís,Student,Approved,2022-02-08 23:40:54,Website
1257,Telmo Casal,encarna27@example.org,1994-08-13,Business Consultant,30,Dominican Republic,Santiago,Individual,Approved,2025-11-10 06:08:02,Email Campaign
1258,Leopoldo Barrena,elenabarriga@example.com,2000-02-08,Architect,119,Dominican Republic,La Romana,Student,Rejected,2022-05-18 00:49:52,Referral
1259,Tomás Rojas,revillajavier@example.org,1979-12-13,Project Manager,154,Dominican Republic,Punta Cana,Corporate,Pending Payment,2024-01-17 01:31:43,Referral
1260,Bernarda Campo,miguel42@example.net,1997-02-20,Marketing Specialist,284,Dominican Republic,Puerto Plata,Corporate,Pending Payment,2021-09-18 07:55:56,Website
1261,Iván Machado,iborrabenigno@example.org,1976-03-21,Accountant,169,Dominican Republic,Santo Domingo,Student,Rejected,2024-09-27 04:05:00,Website
1262,Vilma Ramirez,xsanmiguel@example.com,2006-01-12,Marketing Specialist,122,Dominican Republic,Santo Domingo,Individual,Approved,2024-04-09 12:23:46,Walk-in
1263,Esther Barón,venceslas95@example.com,1985-05-06,Data Analyst,154,Dominican Republic,San Pedro de Macorís,Student,Approved,2025-04-07 17:53:43,Referral
1264,Pía Duque,josetena@example.org,1980-04-20,Financial Analyst,256,Dominican Republic,San Pedro de Macorís,Corporate,Rejected,2023-10-14 22:15:16,Email Campaign
1265,Íñigo Rovira,canoarsenio@example.net,1977-09-01,Software Engineer,5,Dominican Republic,San Pedro de Macorís,Honorary,Approved,2022-08-28 23:37:48,Event
1266,Nayara Vilar,ariashipolito@example.org,2003-01-27,Civil Engineer,198,Dominican Republic,Santo Domingo,Corporate,Approved,2025-02-27 14:34:01,Email Campaign
1267,Casandra Gras,sanchosabas@example.com,2001-08-15,Lawyer,158,Dominican Republic,Santiago,Student,Approved,2022-06-01 08:21:39,Website
1268,Amaya Cáceres,cvillalonga@example.net,1976-02-04,Business Consultant,211,Dominican Republic,San Pedro de Macorís,Corporate,Approved,2026-01-17 14:11:15,Website
1269,Cleto Pazos,jcampo@example.net,1976-09-06,Architect,116,Dominican Republic,Santo Domingo,Individual,Approved,2022-07-27 21:31:13,Event
1270,Octavio Barrera,mblasco@example.net,1977-02-02,Marketing Specialist,112,Dominican Republic,San Pedro de Macorís,Individual,Approved,2025-02-15 05:21:25,Walk-in
1271,Víctor Cal,baltasarsevilla@example.net,1983-06-12,Lawyer,84,Dominican Republic,Puerto Plata,Individual,Approved,2024-06-22 17:00:55,Referral
1272,Cebrián Asenjo,poncio84@example.com,1985-11-11,Lawyer,107,Dominican Republic,San Pedro de Macorís,Student,Approved,2023-05-07 14:18:18,Email Campaign
1273,Nicolasa Pérez,daniloferrandiz@example.org,1976-03-28,Marketing Specialist,146,Dominican Republic,Santo Domingo,Student,Under Review,2025-05-08 14:01:51,Referral
1274,Germán Oller,victoriano66@example.net,1984-04-12,Architect,74,Dominican Republic,Santiago,Honorary,Approved,2025-11-14 08:20:25,Event
1275,Amor Fuente,adannazario@example.org,1998-06-24,Civil Engineer,108,Dominican Republic,San Francisco de Macorís,Corporate,Submitted,2023-05-10 07:15:27,Email Campaign
1276,Elvira Quevedo,pacificasabater@example.com,2004-03-03,Business Consultant,120,Dominican Republic,Santiago,Corporate,Submitted,2025-05-15 23:24:19,Walk-in
1277,Tamara Prada,fcomas@example.com,1995-07-22,Marketing Specialist,5,Dominican Republic,Puerto Plata,Honorary,Rejected,2022-03-12 20:39:33,Email Campaign
1278,Beatriz Hernandez,juanataboada@example.org,1976-09-26,Data Analyst,212,Dominican Republic,Santiago,Individual,Approved,2022-02-20 16:27:23,Walk-in
1279,Juan Pablo Quintana,groig@example.com,2008-06-25,Business Consultant,149,Dominican Republic,La Romana,Individual,Rejected,2024-06-17 02:14:05,Website
1280,Eugenia Amaya,carneroaureliano@example.com,1995-09-02,Financial Analyst,240,Dominican Republic,Puerto Plata,Individual,Withdrawn,2025-10-12 15:52:40,Event
1281,Griselda Solsona,iniestaanselmo@example.org,2001-02-17,Civil Engineer,183,Dominican Republic,Puerto Plata,Student,Approved,2023-11-19 22:48:48,Event
1282,Delfina Guzman,lermaconsuela@example.org,1986-05-14,Accountant,186,Dominican Republic,San Francisco de Macorís,Student,Submitted,2023-10-09 07:21:47,Walk-in
1283,Guadalupe Bastida,milagros20@example.com,1996-06-02,Project Manager,80,Dominican Republic,Punta Cana,Student,Approved,2025-12-01 22:31:18,Walk-in
1284,Anselmo Martorell,yprat@example.net,1993-08-26,Software Engineer,38,Dominican Republic,Punta Cana,Honorary,Rejected,2025-11-03 22:34:02,Walk-in
1285,Feliciana Goicoechea,fiolabigail@example.net,1990-08-01,Marketing Specialist,68,Dominican Republic,Punta Cana,Individual,Approved,2022-09-03 11:29:14,Event
1286,Odalys Ribera,gmarco@example.com,2006-07-18,Financial Analyst,80,Dominican Republic,Puerto Plata,Student,Withdrawn,2024-11-24 15:11:56,Email Campaign
1287,Conrado Comas,amadamadrid@example.org,1992-02-24,Civil Engineer,51,Dominican Republic,Santiago,Student,Approved,2025-09-24 18:14:47,Event
1288,Concepción Larrea,joandavila@example.com,1990-07-06,Software Engineer,220,Dominican Republic,La Romana,Corporate,Approved,2023-03-17 09:31:38,Walk-in
1289,Humberto Villalba,dafne91@example.net,1990-10-28,Architect,244,Dominican Republic,Santiago,Corporate,Rejected,2021-10-10 08:04:45,Referral
1290,Bonifacio Laguna,solrosa@example.net,1980-05-24,Accountant,228,Dominican Republic,Puerto Plata,Honorary,Approved,2021-11-15 12:30:12,Walk-in
1291,Iker Solera,villalbaedgar@example.net,2004-05-15,Financial Analyst,104,Dominican Republic,San Pedro de Macorís,Student,Approved,2023-02-09 16:58:59,Event
1292,Curro Borrell,kballesteros@example.net,1998-04-14,Lawyer,151,Dominican Republic,San Pedro de Macorís,Honorary,Approved,2021-11-19 00:11:58,Website
1293,Eva María Jover,blanesjoel@example.com,1998-12-06,Project Manager,101,Dominican Republic,Punta Cana,Individual,Withdrawn,2026-01-05 11:37:46,Email Campaign
1294,Dulce Vargas,hcollado@example.org,1990-10-08,Business Consultant,219,Dominican Republic,Santiago,Student,Approved,2021-11-03 10:09:39,Referral
1295,Lupe Vara,ingrid80@example.org,1994-03-31,Project Manager,240,Dominican Republic,La Romana,Individual,Approved,2025-01-16 10:38:03,Walk-in
1296,Tere Juan,bienvenida22@example.org,1991-01-01,Project Manager,124,Dominican Republic,Santiago,Student,Rejected,2024-09-04 23:59:28,Event
1297,Azahara Vilalta,concepcionsacristan@example.net,1988-05-13,Architect,241,Dominican Republic,Santiago,Corporate,Approved,2025-05-16 13:47:40,Website
1298,Aitor Duque,amigojuan-antonio@example.net,1977-03-28,Accountant,147,Dominican Republic,Santo Domingo,Corporate,Approved,2025-03-18 21:58:48,Email Campaign
1299,Ainoa Montero,lbueno@example.org,1988-08-01,Data Analyst,232,Dominican Republic,San Pedro de Macorís,Individual,Rejected,2022-05-17 06:31:16,Email Campaign
1300,Marcelino Quintana,blascofausto@example.net,2005-12-17,Marketing Specialist,90,Dominican Republic,Santiago,Individual,Rejected,2025-11-25 06:04:47,Walk-in
1301,Ileana León,eliroda@example.net,2006-05-26,Lawyer,64,Dominican Republic,Puerto Plata,Corporate,Approved,2025-12-10 19:05:00,Email Campaign
1302,Eutropio Sierra,qtejada@example.net,1977-05-07,Data Analyst,0,Dominican Republic,Santiago,Individual,Under Review,2023-12-03 17:54:15,Referral
1303,Armando Pacheco,leyrecarranza@example.com,2006-06-06,Civil Engineer,160,Dominican Republic,San Francisco de Macorís,Honorary,Approved,2022-05-27 13:15:13,Event
1304,Morena Roda,pachecoteofilo@example.org,1992-06-19,Software Engineer,188,Dominican Republic,San Francisco de Macorís,Individual,Approved,2026-05-06 07:41:03,Website
1305,Felisa Hurtado,amarilisluz@example.net,2006-01-21,Civil Engineer,278,Dominican Republic,San Francisco de Macorís,Student,Approved,2026-05-10 13:20:40,Website
1306,Celestina Gomez,loreto65@example.org,2002-02-25,Accountant,46,Dominican Republic,Punta Cana,Honorary,Pending Payment,2025-07-25 16:51:32,Walk-in
1307,Custodia Puig,luisarrieta@example.net,2007-02-28,Project Manager,175,Dominican Republic,Santiago,Honorary,Approved,2025-03-27 18:06:47,Website
1308,Judith Luna,ipla@example.org,2000-02-27,Software Engineer,260,Dominican Republic,Punta Cana,Corporate,Approved,2023-11-26 14:10:21,Email Campaign
1309,Emma Román,larranagavictor@example.net,1986-04-11,Marketing Specialist,184,Dominican Republic,San Pedro de Macorís,Honorary,Approved,2022-12-10 01:41:45,Email Campaign
1310,Berto Saldaña,coronadochelo@example.com,1979-02-15,Marketing Specialist,194,Dominican Republic,Santo Domingo,Individual,Approved,2024-12-06 20:19:47,Email Campaign
1311,Erasmo Cuesta,cruz36@example.com,1994-02-09,Accountant,200,Dominican Republic,Santo Domingo,Honorary,Rejected,2026-04-20 08:42:31,Referral
1312,Edgardo Abad,juan-pablopaez@example.net,1999-05-09,Financial Analyst,262,Dominican Republic,La Romana,Corporate,Under Review,2025-12-01 20:29:24,Website
1313,Javier Armengol,qcervantes@example.com,1991-12-18,Architect,15,Dominican Republic,Santiago,Corporate,Rejected,2022-12-08 23:32:43,Referral
1314,Marina Águila,bbayo@example.org,1996-11-07,Project Manager,234,Dominican Republic,San Pedro de Macorís,Honorary,Pending Payment,2022-03-10 19:06:19,Referral
1315,Chuy Marín,garmendiapaula@example.org,1995-08-08,Business Consultant,258,Dominican Republic,Puerto Plata,Honorary,Approved,2023-10-06 04:23:51,Walk-in
1316,Pepito Cárdenas,lidiaramon@example.org,1983-07-25,Accountant,185,Dominican Republic,Puerto Plata,Corporate,Approved,2023-06-19 14:58:51,Referral
1317,Aitana Ramón,nogueraglauco@example.org,1977-02-19,Project Manager,41,Dominican Republic,San Francisco de Macorís,Individual,Rejected,2023-10-25 12:44:40,Referral
1318,Miguel Ángel Vicente,pereznazaret@example.net,1976-05-23,Architect,42,Dominican Republic,Santiago,Honorary,Under Review,2023-01-22 04:57:33,Email Campaign
1319,Plácido Lopez,ana-sofia24@example.org,1996-08-12,Civil Engineer,115,Dominican Republic,San Francisco de Macorís,Honorary,Approved,2022-06-24 06:42:37,Email Campaign
1320,Timoteo Monreal,ferrandojosefina@example.com,1984-12-15,Lawyer,160,Dominican Republic,La Romana,Honorary,Under Review,2021-11-21 13:45:25,Referral
1321,Mirta Rico,ebarroso@example.net,1992-02-14,Marketing Specialist,48,Dominican Republic,Puerto Plata,Honorary,Approved,2022-03-16 18:32:22,Email Campaign
1322,María Pilar Villalobos,juanajordan@example.net,1993-12-17,Accountant,175,Dominican Republic,Santo Domingo,Honorary,Pending Payment,2026-04-20 01:56:34,Email Campaign
1323,Eva María Arnaiz,perezinigo@example.net,1980-08-05,Data Analyst,278,Dominican Republic,San Pedro de Macorís,Individual,Rejected,2022-06-22 20:09:41,Email Campaign
1324,Lalo Bernal,alillo@example.net,2004-06-28,Project Manager,90,Dominican Republic,Santo Domingo,Corporate,Rejected,2022-07-16 17:25:55,Walk-in
1325,Mirta Gonzalo,esther26@example.net,1988-06-16,Software Engineer,197,Dominican Republic,Santo Domingo,Honorary,Approved,2023-11-27 04:43:09,Event
1326,Carina Roca,jovitapriego@example.net,1996-09-10,Accountant,129,Dominican Republic,La Romana,Corporate,Approved,2026-04-29 04:29:25,Walk-in
1327,Valerio Mesa,smiguel@example.org,1986-10-13,Project Manager,101,Dominican Republic,Santiago,Corporate,Under Review,2024-07-18 00:24:09,Referral
1328,Dionisia Julián,nieves01@example.org,1996-07-11,Architect,258,Dominican Republic,La Romana,Individual,Approved,2022-10-18 11:55:18,Website
1329,Lorenza Escribano,tejedorponcio@example.org,1999-05-12,Data Analyst,69,Dominican Republic,Santiago,Student,Approved,2024-11-23 00:51:50,Email Campaign
1330,Tamara Arribas,danilo17@example.org,1990-01-08,Business Consultant,87,Dominican Republic,Santo Domingo,Corporate,Rejected,2022-03-06 00:03:42,Website
1331,Javi Prat,tadeomiralles@example.org,1989-08-16,Marketing Specialist,135,Dominican Republic,Santiago,Honorary,Approved,2022-09-20 12:29:11,Referral
1332,Cornelio Villa,nacio59@example.org,1988-07-16,Data Analyst,186,Dominican Republic,Santo Domingo,Corporate,Approved,2025-10-12 05:01:30,Website
1333,Adrián Avilés,mascaronoemi@example.org,1985-10-23,Marketing Specialist,217,Dominican Republic,San Pedro de Macorís,Individual,Approved,2026-02-28 12:53:22,Website
1334,Custodia Ibáñez,asdrubalmarcos@example.com,1988-05-28,Accountant,147,Dominican Republic,Punta Cana,Corporate,Pending Payment,2023-12-24 23:43:29,Event
1335,Mireia Royo,avalencia@example.org,1986-10-08,Civil Engineer,272,Dominican Republic,San Pedro de Macorís,Student,Approved,2025-05-10 18:48:55,Walk-in
1336,Juan Francisco Cáceres,mercadermaxi@example.com,2005-01-31,Data Analyst,296,Dominican Republic,Santo Domingo,Honorary,Approved,2024-09-30 06:42:15,Referral
1337,Amelia Salazar,brigida09@example.com,2002-04-09,Data Analyst,43,Dominican Republic,Punta Cana,Individual,Approved,2024-04-10 07:56:15,Walk-in
1338,María Jesús Montaña,gregoriovelazquez@example.net,1976-08-18,Financial Analyst,188,Dominican Republic,Santiago,Student,Pending Payment,2025-04-07 16:30:19,Walk-in
1339,Eladio Herrera,juan66@example.org,2004-09-17,Project Manager,214,Dominican Republic,Punta Cana,Student,Pending Payment,2023-03-21 11:12:34,Walk-in
1340,María Luisa Riquelme,juanita40@example.org,1989-02-19,Business Consultant,215,Dominican Republic,Santo Domingo,Individual,Submitted,2024-06-28 11:54:54,Website
1341,Elisabet Oliver,angelabaeza@example.org,1999-04-15,Lawyer,130,Dominican Republic,San Pedro de Macorís,Corporate,Submitted,2025-04-08 18:10:09,Walk-in
1342,Felipe Estévez,diezevaristo@example.com,1981-10-21,Civil Engineer,176,Dominican Republic,Punta Cana,Student,Rejected,2025-06-29 20:59:07,Walk-in
1343,Tiburcio Tejera,zmercader@example.org,2001-08-20,Civil Engineer,284,Dominican Republic,San Francisco de Macorís,Student,Rejected,2024-05-03 13:58:24,Website
1344,Emperatriz Bautista,gamoros@example.org,1981-08-31,Project Manager,9,Dominican Republic,San Francisco de Macorís,Student,Approved,2024-01-15 14:37:08,Email Campaign
1345,Leire Cabo,peralesvisitacion@example.net,2003-05-22,Software Engineer,279,Dominican Republic,Punta Cana,Corporate,Approved,2023-10-15 05:49:20,Email Campaign
1346,Bibiana Villanueva,abarreda@example.net,1976-02-27,Architect,217,Dominican Republic,La Romana,Individual,Approved,2022-07-28 09:54:57,Email Campaign
1347,Ainoa Villalonga,tteruel@example.com,1994-08-29,Accountant,124,Dominican Republic,Puerto Plata,Student,Approved,2022-09-27 00:15:44,Email Campaign
1348,Gustavo Bernad,crescenciapalma@example.com,2007-04-25,Software Engineer,262,Dominican Republic,Santo Domingo,Student,Approved,2021-10-07 02:29:36,Walk-in
1349,Nidia Llano,tcepeda@example.com,2002-08-12,Financial Analyst,67,Dominican Republic,La Romana,Individual,Approved,2023-11-21 06:43:45,Referral
1350,Reyna Córdoba,jbenitez@example.net,1979-06-03,Project Manager,256,Dominican Republic,Puerto Plata,Individual,Approved,2023-01-19 06:09:44,Walk-in
1351,Balduino Frías,jenaro75@example.org,1990-04-12,Marketing Specialist,297,Dominican Republic,San Pedro de Macorís,Honorary,Rejected,2024-08-03 21:36:31,Email Campaign
1352,Josefina Polo,serracasandra@example.com,2003-07-07,Accountant,124,Dominican Republic,Santiago,Honorary,Rejected,2023-02-01 05:49:32,Walk-in
1353,Rafa Landa,martincastell@example.org,1998-07-03,Software Engineer,140,Dominican Republic,La Romana,Honorary,Approved,2026-05-23 20:32:13,Event
1354,Jordana Guerrero,selena45@example.com,1977-04-01,Lawyer,67,Dominican Republic,La Romana,Honorary,Approved,2021-12-01 10:55:03,Email Campaign
1355,Inmaculada Román,marcos54@example.net,1991-07-18,Project Manager,212,Dominican Republic,Santo Domingo,Individual,Approved,2024-07-12 14:13:37,Walk-in
1356,Manola Coello,ramonabenitez@example.org,1980-05-29,Project Manager,143,Dominican Republic,La Romana,Student,Withdrawn,2023-04-19 02:58:51,Referral
1357,Fabio Salvà,maria-luisa89@example.net,2000-07-08,Business Consultant,262,Dominican Republic,Santo Domingo,Corporate,Approved,2025-10-30 01:25:37,Website
1358,Isabel Blazquez,xrios@example.com,2001-08-24,Software Engineer,82,Dominican Republic,La Romana,Corporate,Approved,2023-05-28 16:15:41,Website
1359,Jose Carlos Marin,ameliadomenech@example.org,1982-03-02,Accountant,93,Dominican Republic,Punta Cana,Corporate,Approved,2026-05-16 09:20:20,Referral
1360,Bárbara Pino,orianabeltran@example.com,1987-09-05,Business Consultant,59,Dominican Republic,Santiago,Corporate,Approved,2021-10-03 23:36:04,Website
1361,Fátima Barrera,pombojose-manuel@example.org,1984-04-27,Lawyer,197,Dominican Republic,Puerto Plata,Corporate,Rejected,2024-06-12 19:18:08,Referral
1362,Lidia Ferreras,pomaresemelina@example.org,1986-09-14,Marketing Specialist,34,Dominican Republic,Punta Cana,Individual,Withdrawn,2026-04-16 00:49:18,Walk-in
1363,Anita Coca,etelvina35@example.org,2005-08-16,Financial Analyst,166,Dominican Republic,San Pedro de Macorís,Individual,Rejected,2024-04-01 04:53:09,Website
1364,Albano Araujo,villabruno@example.net,2005-05-03,Lawyer,85,Dominican Republic,Punta Cana,Student,Approved,2025-01-08 04:05:39,Email Campaign
1365,Valero Sánchez,aroa16@example.com,1981-07-04,Data Analyst,239,Dominican Republic,Punta Cana,Honorary,Approved,2024-01-09 03:47:11,Walk-in
1366,José Manuel Izquierdo,juan-carlos46@example.org,2003-09-30,Accountant,43,Dominican Republic,Puerto Plata,Corporate,Approved,2026-03-04 20:05:50,Website
1367,Humberto Pardo,talaveraelisa@example.net,1983-01-17,Business Consultant,42,Dominican Republic,San Francisco de Macorís,Student,Pending Payment,2025-06-24 22:26:03,Walk-in
1368,Julie Campo,montesjose-angel@example.net,1995-12-01,Financial Analyst,280,Dominican Republic,Punta Cana,Individual,Approved,2022-09-12 23:16:41,Website
1369,Eugenio Sastre,sandra86@example.net,1994-12-20,Marketing Specialist,99,Dominican Republic,La Romana,Honorary,Submitted,2025-04-09 00:49:43,Walk-in
1370,Delia Álamo,soniabarrera@example.com,1986-05-07,Business Consultant,18,Dominican Republic,Santiago,Individual,Under Review,2025-09-28 22:50:02,Website
1371,Cristina Cañas,rcalvo@example.com,1998-10-26,Architect,9,Dominican Republic,Puerto Plata,Student,Approved,2022-10-27 01:55:00,Event
1372,José Luis Peñas,angelinoborras@example.net,1996-01-01,Financial Analyst,48,Dominican Republic,Santiago,Individual,Approved,2026-03-31 21:33:55,Walk-in
1373,Mariana Piquer,gabino42@example.org,2003-12-11,Civil Engineer,9,Dominican Republic,Punta Cana,Honorary,Approved,2026-05-21 12:59:04,Website
1374,Florencia Gonzalo,hcanovas@example.org,1983-10-03,Accountant,67,Dominican Republic,San Francisco de Macorís,Individual,Approved,2022-07-12 10:18:50,Walk-in
1375,Eutropio Capdevila,zandres@example.org,2007-10-03,Data Analyst,49,Dominican Republic,Punta Cana,Individual,Approved,2023-06-09 12:22:45,Event
1376,Francisco Jose Villanueva,garayflorencio@example.org,1979-10-08,Financial Analyst,36,Dominican Republic,San Francisco de Macorís,Honorary,Approved,2022-01-11 22:06:36,Referral
1377,Olalla Caro,estevejeremias@example.org,2005-11-22,Data Analyst,49,Dominican Republic,San Francisco de Macorís,Student,Approved,2021-09-01 08:26:29,Referral
1378,Alcides Barroso,bserra@example.com,1979-07-19,Data Analyst,14,Dominican Republic,San Francisco de Macorís,Individual,Approved,2022-01-13 13:26:37,Event
1379,Virginia Andrés,hpomares@example.org,1994-04-14,Lawyer,258,Dominican Republic,Puerto Plata,Honorary,Rejected,2022-05-12 13:25:58,Website
1380,Olimpia Marqués,ramonpla@example.org,1985-06-21,Data Analyst,299,Dominican Republic,Santiago,Honorary,Approved,2022-03-05 12:28:53,Email Campaign
1381,Yéssica Gutierrez,ingrid53@example.net,2007-09-30,Business Consultant,273,Dominican Republic,Punta Cana,Individual,Rejected,2022-05-17 00:52:48,Email Campaign
1382,Dolores Vicens,tolosaleoncio@example.com,2002-04-16,Architect,289,Dominican Republic,Punta Cana,Student,Approved,2026-05-01 14:36:10,Website
1383,Felipa Chacón,maximendoza@example.com,2005-02-14,Accountant,248,Dominican Republic,San Pedro de Macorís,Corporate,Pending Payment,2024-05-04 18:49:44,Website
1384,Pepita Cabañas,acevedoheliodoro@example.net,2001-12-13,Data Analyst,138,Dominican Republic,San Pedro de Macorís,Corporate,Approved,2021-10-17 07:11:47,Referral
1385,Zacarías Quintero,abrahampelayo@example.com,2007-09-30,Accountant,226,Dominican Republic,San Francisco de Macorís,Student,Approved,2024-06-14 06:32:48,Referral
1386,Manuelita Pinilla,vbenavente@example.org,2006-05-15,Financial Analyst,295,Dominican Republic,Santiago,Individual,Approved,2022-01-15 22:40:47,Website
1387,Tristán Roselló,rroca@example.org,1978-02-27,Architect,65,Dominican Republic,San Francisco de Macorís,Student,Approved,2021-10-05 07:23:24,Email Campaign
1388,Verónica Pozo,marcelino11@example.net,2004-04-02,Data Analyst,115,Dominican Republic,Puerto Plata,Corporate,Approved,2023-07-25 04:52:41,Website
1389,Lope Abellán,gmorante@example.com,1996-07-16,Data Analyst,181,Dominican Republic,La Romana,Individual,Withdrawn,2023-12-09 02:54:33,Referral
1390,María Pilar Soria,yanezencarnacion@example.org,1988-02-22,Data Analyst,18,Dominican Republic,San Pedro de Macorís,Student,Approved,2023-04-22 12:52:20,Event
1391,Tito Rivas,macariochico@example.com,1993-10-28,Project Manager,9,Dominican Republic,Puerto Plata,Student,Approved,2025-02-04 21:01:23,Walk-in
1392,Feliciano Pont,halcantara@example.org,1994-01-07,Accountant,168,Dominican Republic,San Pedro de Macorís,Honorary,Approved,2025-05-03 11:13:02,Walk-in
1393,Celestina Viña,suredabenigna@example.net,1998-02-12,Architect,260,Dominican Republic,San Pedro de Macorís,Honorary,Approved,2025-10-11 13:08:15,Website
1394,Merche Belmonte,americo59@example.com,1981-10-16,Financial Analyst,177,Dominican Republic,Punta Cana,Corporate,Approved,2024-09-26 15:44:54,Email Campaign
1395,Wilfredo Berenguer,bpi@example.net,1995-11-18,Architect,191,Dominican Republic,La Romana,Student,Submitted,2023-08-31 08:05:30,Email Campaign
1396,Edmundo Alonso,cazorlatomas@example.net,2001-08-22,Marketing Specialist,124,Dominican Republic,Puerto Plata,Individual,Approved,2024-09-12 15:06:39,Website
1397,Wálter Yuste,ricardoalcolea@example.com,1978-04-28,Software Engineer,288,Dominican Republic,Santo Domingo,Corporate,Submitted,2026-05-10 19:39:22,Email Campaign
1398,Rita Adán,emilio17@example.com,1987-01-24,Business Consultant,138,Dominican Republic,Santo Domingo,Honorary,Rejected,2025-12-28 20:18:43,Referral
1399,Mauricio Carranza,dtorrecilla@example.com,1999-09-02,Marketing Specialist,154,Dominican Republic,Santo Domingo,Honorary,Approved,2022-06-02 01:38:02,Event
1400,Hilda Cervera,ymartin@example.net,1981-12-08,Marketing Specialist,28,Dominican Republic,Santiago,Individual,Approved,2022-04-14 15:36:12,Email Campaign
1401,Clemente Coca,cirino99@example.com,2007-08-18,Software Engineer,106,Dominican Republic,La Romana,Individual,Approved,2022-10-27 19:50:53,Email Campaign
1402,Tristán Larrea,ferminchico@example.net,2007-09-25,Financial Analyst,127,Dominican Republic,Punta Cana,Corporate,Approved,2025-09-17 09:58:44,Referral
1403,Nicanor Vila,sanchobalduino@example.net,2005-08-23,Data Analyst,247,Dominican Republic,Santiago,Corporate,Rejected,2023-11-25 01:04:19,Event
1404,Lorena Pazos,yesica21@example.net,1987-06-10,Business Consultant,259,Dominican Republic,La Romana,Individual,Withdrawn,2024-02-24 02:55:56,Referral
1405,Ramón Torre,montanatrinidad@example.net,1979-12-13,Data Analyst,180,Dominican Republic,Santo Domingo,Honorary,Under Review,2021-09-03 18:07:15,Event
1406,Ramona Cid,rafaelapedraza@example.com,2003-11-27,Business Consultant,80,Dominican Republic,Puerto Plata,Student,Approved,2021-08-25 23:27:12,Email Campaign
1407,Leocadia Alemán,barrosoevelia@example.com,1983-02-12,Architect,46,Dominican Republic,Santo Domingo,Honorary,Approved,2024-07-23 21:02:38,Event
1408,Sebastián Llopis,segoviafrancisco-javier@example.org,2003-10-18,Project Manager,198,Dominican Republic,La Romana,Corporate,Approved,2022-10-22 08:44:12,Walk-in
1409,León Soriano,anitacanovas@example.net,1996-06-08,Financial Analyst,263,Dominican Republic,La Romana,Student,Approved,2024-06-10 03:42:03,Website
1410,Susana Losada,barraganchuy@example.com,1993-05-06,Marketing Specialist,39,Dominican Republic,San Pedro de Macorís,Honorary,Approved,2026-01-17 03:37:00,Walk-in
1411,Gervasio Cuevas,liliana73@example.org,1980-04-13,Software Engineer,212,Dominican Republic,San Pedro de Macorís,Individual,Approved,2025-03-21 16:55:08,Event
1412,Camilo Porras,adolfo71@example.org,2002-05-26,Architect,157,Dominican Republic,Santo Domingo,Corporate,Rejected,2024-08-21 15:36:14,Email Campaign
1413,Chita Barral,carmonaconsuelo@example.com,1975-09-06,Architect,83,Dominican Republic,San Pedro de Macorís,Student,Rejected,2023-03-01 19:34:31,Walk-in
1414,Rafaela Silva,boixmaxi@example.org,1990-03-10,Accountant,123,Dominican Republic,Santo Domingo,Honorary,Approved,2022-05-04 01:04:50,Website
1415,Mariana Arranz,javi70@example.net,1980-04-12,Civil Engineer,11,Dominican Republic,Santiago,Corporate,Rejected,2023-05-07 22:52:59,Walk-in
1416,Armando Aparicio,zbelda@example.com,1995-11-05,Architect,113,Dominican Republic,Santo Domingo,Individual,Approved,2024-04-27 01:44:53,Walk-in
1417,Irma Alcolea,tomasjose-maria@example.net,2003-11-20,Financial Analyst,295,Dominican Republic,San Francisco de Macorís,Individual,Pending Payment,2022-05-21 22:02:46,Referral
1418,Saturnina Varela,chita54@example.org,2003-03-26,Lawyer,181,Dominican Republic,San Pedro de Macorís,Student,Pending Payment,2022-11-06 09:23:43,Referral
1419,Nayara Vélez,lreyes@example.net,1995-02-23,Architect,120,Dominican Republic,San Francisco de Macorís,Honorary,Approved,2023-06-19 14:35:22,Email Campaign
1420,Rosaura Revilla,eleuterio94@example.com,2008-03-11,Civil Engineer,85,Dominican Republic,Punta Cana,Honorary,Approved,2025-08-31 21:59:44,Walk-in
1421,María Dolores Carlos,nborja@example.net,1993-02-27,Accountant,273,Dominican Republic,Puerto Plata,Individual,Approved,2022-11-07 15:19:42,Walk-in
1422,Ainoa Francisco,obdulia81@example.org,2006-04-29,Lawyer,271,Dominican Republic,Santiago,Honorary,Rejected,2022-04-02 12:25:18,Event
1423,Andrés Felipe Jordá,artemio25@example.net,1998-03-28,Accountant,64,Dominican Republic,San Pedro de Macorís,Corporate,Approved,2025-01-29 17:46:37,Email Campaign
1424,Iván Español,solistecla@example.com,1982-11-27,Project Manager,291,Dominican Republic,Santo Domingo,Individual,Rejected,2024-09-17 02:12:49,Website
1425,Urbano Jaén,nicolascordero@example.com,1993-09-04,Civil Engineer,162,Dominican Republic,Santo Domingo,Honorary,Approved,2022-03-01 16:17:37,Event
1426,Santiago Llano,varias@example.com,1990-11-19,Data Analyst,63,Dominican Republic,San Francisco de Macorís,Individual,Approved,2023-04-19 18:25:10,Referral
1427,Dionisia Gilabert,tatiana48@example.net,1982-04-16,Architect,49,Dominican Republic,Punta Cana,Individual,Approved,2026-04-21 18:18:19,Referral
1428,Marcio Elorza,nereida36@example.net,2008-08-13,Architect,104,Dominican Republic,Santo Domingo,Corporate,Approved,2024-03-08 09:05:18,Website
1429,Santiago Cervera,muronicanor@example.org,1990-10-21,Software Engineer,47,Dominican Republic,Santo Domingo,Corporate,Approved,2025-06-06 06:49:18,Event
1430,Áurea Lloret,pozueloplacido@example.com,1996-09-26,Accountant,62,Dominican Republic,Punta Cana,Corporate,Approved,2024-07-03 08:20:45,Referral
1431,Pastor Bernal,regulo23@example.net,1981-11-12,Lawyer,111,Dominican Republic,Puerto Plata,Honorary,Approved,2021-09-25 00:40:20,Website
1432,Dorotea Aragón,valeria51@example.org,1992-06-07,Financial Analyst,237,Dominican Republic,Santiago,Student,Approved,2024-04-13 06:55:00,Email Campaign
1433,Lupe Amorós,guillencornelio@example.org,1979-01-20,Business Consultant,172,Dominican Republic,San Pedro de Macorís,Honorary,Withdrawn,2025-08-02 08:18:22,Referral
1434,Melania Vera,mbustamante@example.net,1976-04-18,Civil Engineer,127,Dominican Republic,Santiago,Individual,Approved,2022-11-10 23:22:38,Walk-in
1435,Nando Marquez,dporcel@example.net,1999-07-22,Data Analyst,48,Dominican Republic,Santiago,Individual,Approved,2023-02-27 03:59:50,Event
1436,Florentino Alvarez,opelaez@example.com,2003-06-19,Accountant,119,Dominican Republic,San Francisco de Macorís,Honorary,Approved,2023-12-06 14:06:55,Referral
1437,Jovita Blanco,aaronblanch@example.net,1980-03-31,Accountant,25,Dominican Republic,Punta Cana,Corporate,Approved,2023-03-14 23:46:47,Website
1438,Urbano Mir,salome00@example.org,2004-11-26,Civil Engineer,157,Dominican Republic,Santiago,Corporate,Approved,2025-03-15 11:26:58,Email Campaign
1439,Martina Ayuso,montenegrodan@example.com,1982-12-12,Data Analyst,263,Dominican Republic,San Francisco de Macorís,Individual,Approved,2023-03-17 15:18:06,Event
1440,Victoria Oliver,valerio95@example.org,1990-07-21,Software Engineer,149,Dominican Republic,La Romana,Honorary,Approved,2024-01-20 13:05:57,Event
1441,Armando Ugarte,salazarjulie@example.org,2004-05-19,Project Manager,151,Dominican Republic,Santo Domingo,Student,Rejected,2022-09-30 23:55:41,Walk-in
1442,Abigaíl Ayala,leandra95@example.net,1976-08-07,Civil Engineer,282,Dominican Republic,San Francisco de Macorís,Student,Approved,2023-08-12 05:40:05,Event
1443,Griselda Bastida,agustiruben@example.com,2008-03-22,Civil Engineer,3,Dominican Republic,Santiago,Student,Approved,2023-06-28 14:19:34,Website
1444,Marco Albero,jennycarrasco@example.org,1985-01-31,Civil Engineer,256,Dominican Republic,Puerto Plata,Student,Approved,2024-08-11 15:19:12,Walk-in
1445,Edmundo Angulo,tiburcioarroyo@example.net,1996-06-15,Financial Analyst,177,Dominican Republic,San Pedro de Macorís,Corporate,Approved,2024-01-25 19:15:00,Walk-in
1446,Bernardo Bello,eugenia91@example.org,1997-11-23,Accountant,149,Dominican Republic,San Pedro de Macorís,Individual,Approved,2024-07-07 05:20:36,Email Campaign
1447,Silvia Dávila,osvaldo35@example.net,1994-12-10,Accountant,161,Dominican Republic,Punta Cana,Honorary,Approved,2024-07-18 14:01:12,Event
1448,Eugenio Arroyo,roman10@example.org,1989-07-06,Financial Analyst,154,Dominican Republic,Santo Domingo,Honorary,Rejected,2025-10-16 12:16:16,Referral
1449,Clotilde Alberto,pugaconcepcion@example.com,2007-09-24,Lawyer,239,Dominican Republic,Santo Domingo,Honorary,Rejected,2026-04-22 19:19:35,Website
1450,Benigno Beltrán,esaavedra@example.com,1977-02-22,Project Manager,13,Dominican Republic,La Romana,Honorary,Approved,2023-09-15 12:35:38,Event
1451,Alejandra Valle,jordana23@example.net,1982-03-30,Architect,88,Dominican Republic,San Francisco de Macorís,Corporate,Rejected,2024-02-09 14:31:46,Email Campaign
1452,Marino Perera,alfonsoacedo@example.com,1992-05-06,Marketing Specialist,254,Dominican Republic,Santo Domingo,Student,Approved,2025-07-20 05:22:59,Website
1453,René Crespo,nacio03@example.org,1997-03-07,Financial Analyst,113,Dominican Republic,Punta Cana,Honorary,Approved,2024-08-10 19:06:56,Email Campaign
1454,Patricia Alba,uriarteiban@example.com,1986-04-20,Architect,84,Dominican Republic,Santiago,Student,Approved,2023-10-27 08:50:17,Website
1455,Eladio Posada,luchocamacho@example.com,1993-12-04,Marketing Specialist,248,Dominican Republic,Santiago,Honorary,Rejected,2023-10-26 08:01:47,Event
1456,Gerónimo Barriga,giselaconde@example.org,2002-07-02,Software Engineer,188,Dominican Republic,San Francisco de Macorís,Corporate,Approved,2023-07-14 09:54:22,Website
1457,Mario Muro,banosalbino@example.net,2002-06-10,Financial Analyst,219,Dominican Republic,San Pedro de Macorís,Honorary,Approved,2021-12-03 01:09:08,Website
1458,Concha Ariño,wartigas@example.org,1975-11-02,Data Analyst,89,Dominican Republic,Punta Cana,Student,Approved,2026-04-02 15:49:55,Referral
1459,Cayetana Riba,jose-carlos02@example.org,1978-08-27,Accountant,182,Dominican Republic,Punta Cana,Individual,Approved,2024-11-30 21:58:31,Referral
1460,Rubén Saldaña,narcisacerdan@example.net,2007-03-16,Financial Analyst,29,Dominican Republic,Santo Domingo,Individual,Approved,2021-09-14 23:14:02,Website
1461,Lope Nadal,wmuniz@example.net,1994-07-31,Architect,193,Dominican Republic,Santo Domingo,Individual,Submitted,2026-04-08 22:11:39,Referral
1462,Virgilio Morales,chuchodonoso@example.net,2000-09-20,Architect,81,Dominican Republic,Santo Domingo,Individual,Approved,2025-04-02 13:11:39,Referral
1463,Mateo Diez,oartigas@example.org,1989-11-27,Project Manager,292,Dominican Republic,Santiago,Corporate,Submitted,2023-03-05 11:36:49,Walk-in
1464,Nayara Aguirre,zacariaspelayo@example.com,1993-05-12,Architect,59,Dominican Republic,Santiago,Individual,Under Review,2023-03-28 08:14:30,Website
1465,Casemiro Jaume,bsierra@example.net,1995-12-02,Project Manager,216,Dominican Republic,La Romana,Individual,Approved,2022-09-21 12:17:44,Email Campaign
1466,Abel Salgado,bounicolasa@example.com,2004-04-16,Data Analyst,192,Dominican Republic,San Pedro de Macorís,Student,Approved,2023-01-11 10:09:50,Website
1467,Jaime Aguado,gonzalorosado@example.net,2008-03-22,Software Engineer,298,Dominican Republic,San Pedro de Macorís,Corporate,Submitted,2023-01-30 12:25:54,Referral
1468,Conrado Donoso,osoriovictoria@example.net,2002-05-19,Lawyer,267,Dominican Republic,Puerto Plata,Honorary,Approved,2022-09-16 13:46:52,Event
1469,Azahara Torrijos,pazclarisa@example.org,1990-05-28,Software Engineer,155,Dominican Republic,San Francisco de Macorís,Individual,Approved,2022-07-22 09:52:01,Event
1470,María Teresa Caparrós,igalan@example.com,1986-12-14,Marketing Specialist,185,Dominican Republic,Punta Cana,Individual,Rejected,2026-05-01 07:38:22,Website
1471,Carmelita Bilbao,cloe77@example.org,1999-08-07,Accountant,257,Dominican Republic,Santiago,Honorary,Submitted,2022-06-14 10:42:20,Website
1472,Rico Villanueva,ayusomaricela@example.com,2006-11-08,Civil Engineer,216,Dominican Republic,Santo Domingo,Honorary,Approved,2023-08-30 01:11:37,Email Campaign
1473,Alejandra Garzón,perezemelina@example.org,1992-12-12,Project Manager,24,Dominican Republic,Punta Cana,Honorary,Pending Payment,2025-09-23 19:52:34,Event
1474,Trini Duque,natanael40@example.net,1978-11-29,Business Consultant,264,Dominican Republic,La Romana,Honorary,Approved,2026-01-08 11:05:33,Website
1475,Emiliano Diéguez,acamara@example.org,1981-09-09,Architect,121,Dominican Republic,San Pedro de Macorís,Corporate,Approved,2026-05-04 07:21:13,Email Campaign
1476,Ignacio Mariño,eufemiagranados@example.org,1998-03-10,Architect,32,Dominican Republic,Santiago,Honorary,Withdrawn,2022-12-21 20:52:14,Referral
1477,Benigno Iniesta,lobatoleon@example.com,1985-02-17,Architect,81,Dominican Republic,Santo Domingo,Honorary,Approved,2023-06-13 15:43:11,Referral
1478,Lupe Catalá,batallatadeo@example.com,1995-04-16,Accountant,60,Dominican Republic,Punta Cana,Honorary,Rejected,2023-04-27 14:50:32,Website
1479,Juanita Agustín,magdalenaalberto@example.org,1976-11-15,Architect,133,Dominican Republic,San Pedro de Macorís,Honorary,Under Review,2023-06-02 13:54:13,Walk-in
1480,Aureliano Lluch,isidorocastro@example.org,2000-01-15,Architect,176,Dominican Republic,Punta Cana,Corporate,Approved,2025-05-20 10:10:10,Walk-in
1481,Anastasia Palomar,josefacalderon@example.org,1988-05-02,Civil Engineer,127,Dominican Republic,San Pedro de Macorís,Honorary,Approved,2023-04-20 09:52:00,Referral
1482,Ariel Castrillo,riosnico@example.org,1989-07-01,Financial Analyst,96,Dominican Republic,Santiago,Individual,Approved,2023-10-22 06:41:01,Referral
1483,Ruy Figueras,barceloomar@example.net,2002-08-18,Financial Analyst,239,Dominican Republic,Punta Cana,Student,Approved,2023-08-12 21:17:23,Event
1484,Patricia Sacristán,wsegura@example.com,2006-05-17,Financial Analyst,55,Dominican Republic,San Pedro de Macorís,Individual,Pending Payment,2022-06-19 21:44:56,Event
1485,Emiliana Gomez,maria-jesusbelda@example.net,1976-06-04,Architect,179,Dominican Republic,La Romana,Honorary,Approved,2023-01-10 18:59:17,Event
1486,Elba Borrás,ebenavent@example.com,1988-07-06,Lawyer,25,Dominican Republic,Santiago,Student,Withdrawn,2021-12-30 18:53:49,Walk-in
1487,Rosalinda Cuenca,dimasandres@example.com,1984-01-31,Lawyer,47,Dominican Republic,San Francisco de Macorís,Student,Approved,2026-04-03 06:37:30,Walk-in
1488,Otilia Llorente,pomboruben@example.org,1980-10-11,Civil Engineer,1,Dominican Republic,San Pedro de Macorís,Corporate,Approved,2022-05-04 22:37:58,Referral
1489,Nicolasa Franco,rivasamanda@example.org,1992-09-11,Marketing Specialist,215,Dominican Republic,Santiago,Corporate,Rejected,2022-02-15 09:24:44,Referral
1490,Quique Ramis,prudencia66@example.com,2008-02-09,Project Manager,151,Dominican Republic,Santo Domingo,Individual,Approved,2021-12-29 20:43:56,Email Campaign
1491,Rodolfo Guillen,fcoronado@example.net,1993-01-26,Project Manager,86,Dominican Republic,San Francisco de Macorís,Honorary,Approved,2024-12-31 00:32:11,Walk-in
1492,Porfirio Pardo,mateocandida@example.com,2002-02-22,Project Manager,198,Dominican Republic,Punta Cana,Student,Approved,2023-10-26 05:23:11,Website
1493,Marcelo Arce,zrosado@example.org,1998-12-13,Lawyer,131,Dominican Republic,Punta Cana,Student,Approved,2024-04-03 00:34:20,Event
1494,Elodia Fabregat,clementinariera@example.com,1975-12-09,Business Consultant,177,Dominican Republic,La Romana,Corporate,Approved,2024-03-22 00:06:04,Website
1495,Flor Peñas,wilfredofalco@example.org,2004-06-13,Financial Analyst,8,Dominican Republic,San Pedro de Macorís,Student,Approved,2023-02-01 16:14:26,Event
1496,Rogelio Cañizares,fcarpio@example.com,2008-08-09,Software Engineer,231,Dominican Republic,San Francisco de Macorís,Honorary,Approved,2022-11-25 01:26:42,Referral
1497,José Mari Gascón,vcervantes@example.com,2007-08-29,Lawyer,146,Dominican Republic,Santiago,Corporate,Approved,2026-05-15 12:11:36,Website
1498,Josefa Montes,ignacia21@example.net,1993-02-27,Software Engineer,260,Dominican Republic,Punta Cana,Honorary,Approved,2026-01-06 08:43:20,Email Campaign
1499,Fanny Ariza,vcabanas@example.net,2007-04-20,Business Consultant,254,Dominican Republic,Santiago,Individual,Approved,2025-02-12 01:04:55,Walk-in
1500,Eusebio Heredia,vilma19@example.net,1998-11-16,Accountant,91,Dominican Republic,San Pedro de Macorís,Corporate,Approved,2024-11-19 05:37:20,Email Campaign
1501,Juan José Giménez,charonevado@example.org,2005-11-02,Lawyer,199,Dominican Republic,San Francisco de Macorís,Student,Rejected,2022-10-16 01:01:52,Walk-in
1502,Lola Lucena,xestevez@example.net,1977-08-09,Marketing Specialist,27,Dominican Republic,Santiago,Individual,Approved,2024-10-01 18:43:06,Email Campaign
1503,Bernardita Guzman,jose-luisjulia@example.org,2007-12-13,Financial Analyst,103,Dominican Republic,Santiago,Corporate,Approved,2021-12-11 16:54:19,Email Campaign
1504,Nydia Hernando,bermudezlara@example.com,2004-07-05,Software Engineer,197,Dominican Republic,Santo Domingo,Student,Approved,2026-02-24 08:09:46,Referral
1505,Angelina Ramirez,pereiraloida@example.com,1988-03-24,Project Manager,153,Dominican Republic,Santo Domingo,Corporate,Approved,2025-08-15 09:50:10,Email Campaign
1506,Melania Portero,angelina57@example.com,1995-08-12,Architect,286,Dominican Republic,San Pedro de Macorís,Honorary,Approved,2023-12-07 05:10:16,Referral
1507,Lorenza Narváez,poncioheredia@example.com,1988-04-05,Financial Analyst,182,Dominican Republic,San Francisco de Macorís,Student,Withdrawn,2025-08-31 19:48:49,Walk-in
1508,Rocío Lillo,upomares@example.net,2002-01-30,Data Analyst,24,Dominican Republic,Punta Cana,Student,Approved,2025-12-04 21:38:09,Walk-in
1509,Roberto Bartolomé,rgallardo@example.org,1978-05-03,Accountant,60,Dominican Republic,San Pedro de Macorís,Honorary,Approved,2023-02-26 23:11:42,Event
1510,Olegario Machado,alfredo80@example.net,1986-12-11,Marketing Specialist,280,Dominican Republic,San Francisco de Macorís,Student,Rejected,2024-04-03 13:59:20,Website
1511,Apolonia Bonilla,gil69@example.org,1986-08-22,Lawyer,91,Dominican Republic,Punta Cana,Corporate,Approved,2024-10-22 02:45:49,Walk-in
1512,Coral Piquer,cmatas@example.org,1979-06-27,Project Manager,231,Dominican Republic,Puerto Plata,Student,Approved,2023-09-08 23:30:04,Event
1513,Albert Santana,elias35@example.net,1995-09-02,Financial Analyst,2,Dominican Republic,Santiago,Student,Approved,2022-08-29 11:06:08,Website
1514,Juan Pablo Escudero,scarvajal@example.org,1998-05-13,Software Engineer,244,Dominican Republic,Punta Cana,Honorary,Approved,2023-11-26 09:44:21,Walk-in
1515,Florina Ferrán,monicacriado@example.com,2003-06-07,Architect,176,Dominican Republic,Punta Cana,Corporate,Rejected,2022-08-22 06:08:49,Walk-in
1516,Marcial Moliner,ignacio07@example.net,1989-09-08,Marketing Specialist,157,Dominican Republic,Santo Domingo,Individual,Approved,2023-07-10 08:06:09,Email Campaign
1517,Gema Seco,cristobalalfaro@example.org,1993-10-27,Financial Analyst,85,Dominican Republic,Santiago,Corporate,Submitted,2022-09-08 18:32:45,Website
1518,Ana Sofía Palacio,erasmocarreno@example.org,1988-03-06,Data Analyst,103,Dominican Republic,Santiago,Corporate,Approved,2026-04-27 10:02:20,Referral
1519,Victoriano Bru,maximino23@example.com,2003-05-26,Software Engineer,80,Dominican Republic,Punta Cana,Honorary,Approved,2024-01-10 17:31:02,Walk-in
1520,Mamen Echeverría,zvega@example.com,1984-06-26,Data Analyst,100,Dominican Republic,Santo Domingo,Individual,Rejected,2023-12-03 12:17:54,Referral
1521,Rafaela Valentín,capdevilaanastasia@example.org,1997-07-08,Software Engineer,164,Dominican Republic,Santiago,Individual,Approved,2023-01-16 01:51:45,Walk-in
1522,Ruth Amaya,vnoguera@example.org,1983-03-21,Marketing Specialist,264,Dominican Republic,Puerto Plata,Honorary,Withdrawn,2025-06-07 10:51:49,Event
1523,Óscar Santamaría,crescenciaropero@example.com,1998-11-07,Civil Engineer,257,Dominican Republic,San Pedro de Macorís,Student,Approved,2024-05-28 03:40:41,Website
1524,Santos Fabra,adelinaacero@example.org,1985-02-16,Civil Engineer,169,Dominican Republic,Puerto Plata,Honorary,Approved,2022-03-06 05:53:55,Referral
1525,Flavia Artigas,ofelia27@example.net,1977-10-14,Data Analyst,54,Dominican Republic,Santiago,Student,Approved,2021-11-10 04:13:30,Website
1526,Áurea Pedrero,florencia80@example.org,1976-07-04,Marketing Specialist,199,Dominican Republic,Santo Domingo,Corporate,Approved,2022-12-10 23:35:36,Event
1527,Alondra Enríquez,blasmendoza@example.org,1986-07-12,Civil Engineer,111,Dominican Republic,La Romana,Individual,Approved,2025-08-03 15:14:58,Email Campaign
1528,Gloria Ferrero,roigamando@example.net,1985-11-22,Marketing Specialist,228,Dominican Republic,Santiago,Corporate,Approved,2023-07-31 03:34:29,Referral
1529,Consuela Casal,maria-carmenpuig@example.net,2003-01-28,Accountant,24,Dominican Republic,San Francisco de Macorís,Individual,Approved,2022-05-22 14:31:01,Event
1530,Ana Belén Córdoba,fioldomingo@example.org,1988-07-05,Data Analyst,51,Dominican Republic,San Francisco de Macorís,Individual,Approved,2024-08-04 08:20:43,Website
1531,Pascual Correa,uecheverria@example.org,1996-02-04,Data Analyst,161,Dominican Republic,Punta Cana,Student,Approved,2023-03-28 04:23:43,Referral
1532,Coral Tormo,omarcastell@example.net,1988-05-10,Project Manager,236,Dominican Republic,Punta Cana,Individual,Approved,2024-08-24 04:29:43,Event
1533,Pastora Garcés,eusebiodominguez@example.org,1997-06-02,Software Engineer,260,Dominican Republic,Santo Domingo,Student,Approved,2025-06-01 04:34:03,Website
1534,Javi Falcón,abelmadrigal@example.com,2004-08-31,Financial Analyst,63,Dominican Republic,San Francisco de Macorís,Student,Rejected,2025-09-05 11:09:39,Email Campaign
1535,Jessica Girona,jafet23@example.com,1990-03-03,Architect,5,Dominican Republic,Santo Domingo,Corporate,Under Review,2022-05-23 10:07:43,Walk-in
1536,Anunciación Olmo,soriaregulo@example.org,2006-07-09,Lawyer,155,Dominican Republic,Santo Domingo,Student,Approved,2022-01-24 21:15:32,Website
1537,Carmen Segovia,vidalglauco@example.com,1996-04-21,Business Consultant,81,Dominican Republic,La Romana,Honorary,Submitted,2025-11-19 12:07:24,Referral
1538,Mirta Carrillo,paulafolch@example.com,1976-12-16,Business Consultant,125,Dominican Republic,La Romana,Corporate,Rejected,2022-06-28 08:18:17,Referral
1539,Alberto Tur,costaruy@example.org,1987-09-13,Architect,182,Dominican Republic,San Pedro de Macorís,Individual,Approved,2026-05-11 19:57:52,Website
1540,Iván España,urenagriselda@example.net,1990-06-09,Marketing Specialist,110,Dominican Republic,Santo Domingo,Individual,Approved,2023-11-18 05:22:05,Walk-in
1541,Bibiana Jordá,mtejera@example.com,1990-09-15,Project Manager,93,Dominican Republic,Santiago,Corporate,Approved,2023-11-19 19:56:09,Email Campaign
1542,Eleuterio Codina,inocenciocorominas@example.org,2008-01-18,Financial Analyst,216,Dominican Republic,San Pedro de Macorís,Honorary,Rejected,2023-01-09 04:42:48,Event
1543,Zaira Verdugo,caminomarisela@example.net,1985-08-01,Marketing Specialist,41,Dominican Republic,La Romana,Corporate,Approved,2023-10-23 04:21:22,Email Campaign
1544,Fabio Oliva,lilianaespinosa@example.org,2000-08-17,Accountant,192,Dominican Republic,Puerto Plata,Corporate,Rejected,2024-08-28 19:36:12,Email Campaign
1545,Sandalio Barceló,nespana@example.com,1982-10-30,Civil Engineer,196,Dominican Republic,San Francisco de Macorís,Individual,Approved,2024-10-23 06:43:12,Referral
1546,Gabriela Avilés,oherrera@example.net,1991-12-09,Accountant,18,Dominican Republic,Santiago,Corporate,Approved,2023-09-24 20:45:05,Event
1547,Bonifacio Carbó,llabresregulo@example.net,2002-08-17,Marketing Specialist,192,Dominican Republic,San Pedro de Macorís,Student,Withdrawn,2025-10-31 16:24:49,Email Campaign
1548,Leoncio Calvo,adolfotorralba@example.net,1986-05-16,Marketing Specialist,250,Dominican Republic,Punta Cana,Individual,Approved,2023-08-07 14:58:49,Website
1549,Rocío Mayol,moranteeustaquio@example.org,2005-11-16,Data Analyst,120,Dominican Republic,Santiago,Corporate,Approved,2022-04-05 16:01:13,Walk-in
1550,Isidro Pol,salvadorbarcelo@example.net,2002-05-04,Accountant,277,Dominican Republic,Punta Cana,Individual,Approved,2024-02-02 22:02:46,Email Campaign
1551,Gracia Pujol,concepcionsaenz@example.net,1988-01-29,Architect,44,Dominican Republic,La Romana,Corporate,Approved,2024-12-07 09:50:03,Walk-in
1552,Bernardino Mir,morena70@example.com,1986-06-25,Business Consultant,126,Dominican Republic,Santiago,Corporate,Submitted,2023-10-15 22:40:30,Walk-in
1553,Cloe Belmonte,eugeniabautista@example.com,1978-08-03,Lawyer,24,Dominican Republic,San Francisco de Macorís,Individual,Rejected,2025-04-16 21:47:08,Email Campaign
1554,Lola Leal,berenguerclarisa@example.net,1987-04-16,Data Analyst,161,Dominican Republic,Santiago,Honorary,Rejected,2024-06-15 21:38:40,Walk-in
1555,Tiburcio Llabrés,bravocorona@example.net,1988-06-09,Lawyer,81,Dominican Republic,Punta Cana,Honorary,Approved,2023-06-13 22:59:10,Event
1556,Domitila Montesinos,wvaldes@example.org,1977-09-11,Architect,155,Dominican Republic,Santo Domingo,Student,Approved,2025-09-16 06:34:16,Event
1557,Nieves Abascal,alejandroizaguirre@example.org,1990-06-07,Architect,166,Dominican Republic,Santo Domingo,Student,Rejected,2022-12-30 14:17:54,Email Campaign
1558,Griselda Alcolea,valderramaclemente@example.org,2000-06-13,Business Consultant,208,Dominican Republic,San Pedro de Macorís,Individual,Approved,2022-05-31 19:17:24,Website
1559,Eutimio Meléndez,franchconcha@example.org,2001-03-25,Project Manager,135,Dominican Republic,Punta Cana,Honorary,Withdrawn,2025-04-22 17:46:30,Walk-in
1560,Vicenta Quintanilla,zsantiago@example.org,1994-12-01,Business Consultant,207,Dominican Republic,Santiago,Corporate,Approved,2026-02-06 09:00:49,Walk-in
1561,Ainoa Garriga,cozarteodosio@example.com,2006-01-14,Data Analyst,116,Dominican Republic,La Romana,Honorary,Approved,2025-10-07 03:04:49,Website
1562,Jerónimo Bernal,eligiorio@example.net,1988-11-23,Business Consultant,30,Dominican Republic,Punta Cana,Corporate,Approved,2021-11-21 18:29:08,Email Campaign
1563,Édgar Nicolau,wrivera@example.org,2004-04-01,Financial Analyst,100,Dominican Republic,Puerto Plata,Corporate,Approved,2023-06-03 00:52:54,Event
1564,Evangelina Mendizábal,davidbravo@example.net,2001-11-04,Financial Analyst,17,Dominican Republic,Santiago,Corporate,Approved,2024-11-25 08:08:30,Website
1565,Nando Mendizábal,americovila@example.net,2000-04-25,Civil Engineer,62,Dominican Republic,San Francisco de Macorís,Honorary,Approved,2024-07-01 04:43:08,Event
1566,Germán Guijarro,cocaartemio@example.org,1979-10-07,Architect,237,Dominican Republic,Punta Cana,Corporate,Rejected,2022-03-28 22:47:56,Email Campaign
1567,Pastor Alvarez,amalia64@example.com,1994-10-21,Business Consultant,37,Dominican Republic,Puerto Plata,Individual,Withdrawn,2025-07-12 19:48:30,Walk-in
1568,Nerea Luz,taguilar@example.org,1975-09-08,Software Engineer,213,Dominican Republic,San Pedro de Macorís,Individual,Approved,2022-11-04 14:59:01,Event
1569,Sosimo Simó,tmedina@example.net,1998-04-15,Lawyer,203,Dominican Republic,Puerto Plata,Honorary,Approved,2025-05-09 02:08:09,Email Campaign
1570,Anabel Quero,constanza79@example.com,2007-01-24,Civil Engineer,228,Dominican Republic,Santiago,Corporate,Pending Payment,2024-04-13 09:36:53,Walk-in
1571,Sonia Borrell,yfortuny@example.com,1990-02-28,Architect,132,Dominican Republic,San Francisco de Macorís,Corporate,Approved,2021-12-08 17:20:25,Email Campaign
1572,José Ángel Muro,alvaradosantos@example.org,1987-08-28,Civil Engineer,237,Dominican Republic,San Francisco de Macorís,Student,Approved,2024-04-29 15:14:12,Event
1573,Jovita Giménez,cflor@example.net,2000-10-17,Marketing Specialist,59,Dominican Republic,San Francisco de Macorís,Honorary,Approved,2024-12-07 10:10:39,Walk-in
1574,Lalo Roldan,abrilsainz@example.org,1979-05-21,Marketing Specialist,286,Dominican Republic,Santiago,Student,Approved,2024-09-11 08:17:40,Event
1575,Emigdio Pinto,miguel-angelfuster@example.org,1999-04-14,Business Consultant,41,Dominican Republic,San Francisco de Macorís,Student,Approved,2024-10-21 07:49:33,Referral
1576,Dorita Solano,escobarquirino@example.com,1979-05-24,Data Analyst,267,Dominican Republic,Santo Domingo,Honorary,Approved,2023-01-09 14:07:19,Walk-in
1577,Benigna Cuevas,rreyes@example.org,1990-02-28,Accountant,249,Dominican Republic,Punta Cana,Corporate,Approved,2024-03-13 22:53:13,Event
1578,Joel Bermudez,encarna48@example.net,2004-07-25,Software Engineer,220,Dominican Republic,Punta Cana,Student,Rejected,2026-05-30 09:03:08,Referral
1579,Priscila Naranjo,soller@example.com,1998-01-06,Project Manager,222,Dominican Republic,San Pedro de Macorís,Corporate,Approved,2025-05-07 02:52:07,Referral
1580,Jose Miguel Martín,marisa44@example.net,1983-03-07,Project Manager,122,Dominican Republic,Puerto Plata,Individual,Approved,2024-04-06 19:41:24,Referral
1581,Leire Jiménez,mayoralemma@example.org,1989-02-07,Lawyer,59,Dominican Republic,Santo Domingo,Corporate,Approved,2023-09-24 16:43:48,Email Campaign
1582,Marisa Herrera,leoncio97@example.com,1983-05-08,Accountant,112,Dominican Republic,Santiago,Individual,Approved,2023-12-11 12:40:13,Event
1583,Saturnina Redondo,ale88@example.org,1980-08-13,Lawyer,30,Dominican Republic,Puerto Plata,Student,Approved,2023-07-24 08:59:37,Event
1584,Asdrubal Moya,mcastellanos@example.net,1991-11-17,Lawyer,45,Dominican Republic,La Romana,Corporate,Approved,2023-07-05 17:24:54,Walk-in
1585,Coral Yuste,cornelio32@example.org,2008-07-23,Software Engineer,81,Dominican Republic,San Francisco de Macorís,Corporate,Approved,2021-09-19 13:39:19,Walk-in
1586,Tere Salinas,benjaminduran@example.org,2004-12-02,Data Analyst,180,Dominican Republic,San Francisco de Macorís,Corporate,Approved,2025-09-21 04:08:49,Referral
1587,María Aroca,tmorillo@example.net,1987-06-24,Marketing Specialist,179,Dominican Republic,San Pedro de Macorís,Individual,Approved,2023-04-16 12:53:25,Referral
1588,Luciano Rey,nicodemo79@example.org,2004-11-17,Civil Engineer,3,Dominican Republic,La Romana,Corporate,Submitted,2022-09-20 04:52:26,Website
1589,Anselmo Hidalgo,arnaumarciano@example.com,1994-12-05,Financial Analyst,82,Dominican Republic,Punta Cana,Honorary,Approved,2025-05-01 13:36:11,Walk-in
1590,Regina Mayo,jbaro@example.net,1996-06-07,Civil Engineer,208,Dominican Republic,San Pedro de Macorís,Corporate,Approved,2023-07-21 00:15:39,Walk-in
1591,Claudia Ballester,cidteofila@example.net,2005-05-28,Software Engineer,69,Dominican Republic,Puerto Plata,Corporate,Rejected,2024-09-04 03:09:37,Event
1592,Custodio Cerezo,friasmacarena@example.com,1986-12-27,Software Engineer,242,Dominican Republic,Punta Cana,Honorary,Rejected,2024-12-30 07:04:54,Website
1593,Rosaura Palacio,vfalcon@example.net,1987-02-15,Marketing Specialist,33,Dominican Republic,Puerto Plata,Honorary,Approved,2025-08-29 05:33:54,Website
1594,Abilio Ros,gilbruno@example.com,1999-08-30,Accountant,253,Dominican Republic,Punta Cana,Honorary,Approved,2024-09-18 19:27:38,Email Campaign
1595,Carmina Martín,juan-antoniomoran@example.com,1988-11-04,Architect,2,Dominican Republic,Punta Cana,Student,Approved,2023-07-14 07:17:21,Website
1596,Cesar Belmonte,candelapelaez@example.org,2005-10-04,Project Manager,47,Dominican Republic,San Francisco de Macorís,Student,Approved,2023-05-23 18:43:08,Website
1597,Manu Español,patriciaramon@example.org,2007-05-21,Architect,122,Dominican Republic,Santo Domingo,Student,Approved,2022-10-21 11:48:58,Event
1598,Anastasio Ibarra,martinsebastian@example.com,1981-11-16,Civil Engineer,25,Dominican Republic,Puerto Plata,Corporate,Approved,2023-11-27 11:55:42,Website
1599,Santos Galiano,alfonsomarcial@example.org,1998-03-20,Financial Analyst,21,Dominican Republic,La Romana,Corporate,Approved,2025-06-26 06:11:02,Referral
1600,Lidia Ricart,canaya@example.net,2002-07-30,Project Manager,269,Dominican Republic,Santo Domingo,Corporate,Approved,2024-04-26 16:59:04,Event
1601,Leocadia Chico,rico90@example.org,2005-10-18,Accountant,131,Dominican Republic,San Francisco de Macorís,Student,Submitted,2022-05-31 09:14:16,Referral
1602,Flor Torrens,emacias@example.com,1984-08-11,Software Engineer,153,Dominican Republic,San Pedro de Macorís,Individual,Approved,2023-04-02 21:20:35,Email Campaign
1603,Anselmo Matas,prudenciamontalban@example.org,1980-12-04,Lawyer,48,Dominican Republic,Santiago,Honorary,Approved,2023-08-05 08:13:41,Referral
1604,Brunilda Pazos,cardenasfelix@example.net,1996-05-20,Software Engineer,103,Dominican Republic,San Pedro de Macorís,Corporate,Approved,2024-01-13 17:54:11,Referral
1605,Telmo Portillo,gerardo75@example.net,2005-04-27,Project Manager,32,Dominican Republic,San Francisco de Macorís,Student,Approved,2023-01-03 06:49:59,Website
1606,Heliodoro Font,auroracoronado@example.net,2002-08-20,Civil Engineer,26,Dominican Republic,San Pedro de Macorís,Student,Approved,2023-08-22 02:18:07,Event
1607,Agapito Cerezo,canizaresnatalio@example.com,1995-03-01,Software Engineer,37,Dominican Republic,Santiago,Individual,Approved,2022-07-26 17:35:49,Website
1608,Ildefonso Fuente,grasalfredo@example.org,1982-05-11,Data Analyst,271,Dominican Republic,San Pedro de Macorís,Corporate,Approved,2023-10-22 19:36:03,Referral
1609,Sebastian Solís,ubauza@example.net,1979-10-29,Lawyer,201,Dominican Republic,Punta Cana,Student,Approved,2025-04-15 20:13:33,Email Campaign
1610,Miguela Sastre,olalla07@example.com,1980-06-23,Business Consultant,111,Dominican Republic,La Romana,Student,Approved,2025-09-20 02:07:06,Event
1611,Emilia Olivera,josep02@example.com,1997-06-25,Marketing Specialist,62,Dominican Republic,Santiago,Student,Approved,2024-10-18 22:39:46,Walk-in
1612,Humberto Barba,duranvisitacion@example.org,2000-08-23,Civil Engineer,102,Dominican Republic,San Francisco de Macorís,Individual,Approved,2026-05-19 14:52:09,Website
1613,María Luisa Jordán,pdonaire@example.org,1983-01-09,Civil Engineer,45,Dominican Republic,San Pedro de Macorís,Student,Approved,2023-12-15 07:11:43,Email Campaign
1614,Lilia Catalá,castejoncalixta@example.com,1991-03-31,Lawyer,21,Dominican Republic,Santiago,Student,Under Review,2022-03-25 08:55:15,Referral
1615,Nerea Alegre,santosliliana@example.org,2008-03-24,Civil Engineer,181,Dominican Republic,Santo Domingo,Honorary,Approved,2023-01-15 11:23:34,Walk-in
1616,Gisela Cazorla,baldomero50@example.com,2003-05-10,Lawyer,230,Dominican Republic,San Francisco de Macorís,Corporate,Approved,2025-03-02 18:12:25,Referral
1617,Yésica Jove,ecal@example.net,1997-04-15,Civil Engineer,161,Dominican Republic,Punta Cana,Corporate,Approved,2025-11-11 07:07:28,Website
1618,Miguel Ángel Juliá,ncamacho@example.net,2007-06-26,Financial Analyst,64,Dominican Republic,San Pedro de Macorís,Honorary,Approved,2023-03-16 23:11:32,Email Campaign
1619,Ángela Laguna,pomaresplacido@example.net,1994-01-28,Architect,194,Dominican Republic,Santo Domingo,Student,Rejected,2023-08-02 06:20:32,Email Campaign
1620,Brunilda Saez,modestasomoza@example.net,1980-09-10,Accountant,22,Dominican Republic,Puerto Plata,Honorary,Approved,2024-07-15 12:15:32,Website
1621,Anselma Baró,fabriciomoliner@example.net,1977-01-04,Lawyer,153,Dominican Republic,Santiago,Honorary,Approved,2024-07-27 04:54:05,Email Campaign
1622,Rogelio Prado,leticia48@example.net,2000-10-22,Business Consultant,42,Dominican Republic,La Romana,Student,Approved,2022-11-26 20:18:21,Email Campaign
1623,Jose Miguel Torralba,eulaliaexposito@example.com,1995-02-27,Software Engineer,65,Dominican Republic,San Pedro de Macorís,Student,Approved,2022-04-19 20:56:11,Referral
1624,Narcisa Estrada,castillocesar@example.org,1977-04-01,Architect,45,Dominican Republic,Santo Domingo,Corporate,Submitted,2022-08-31 05:02:08,Referral
1625,Bernarda Seco,gutierrezjosefina@example.com,1999-01-25,Financial Analyst,193,Dominican Republic,Santo Domingo,Corporate,Approved,2026-05-09 06:35:22,Email Campaign
1626,Severo Ayllón,santosrita@example.org,2005-01-03,Architect,22,Dominican Republic,San Pedro de Macorís,Honorary,Approved,2025-10-09 19:05:50,Email Campaign
1627,Lupe Araujo,elbacorbacho@example.com,1979-03-04,Financial Analyst,131,Dominican Republic,Punta Cana,Corporate,Approved,2023-10-17 03:54:41,Email Campaign
1628,Jordana Pacheco,elbamonreal@example.net,2005-10-13,Financial Analyst,279,Dominican Republic,Punta Cana,Student,Approved,2022-07-31 15:46:16,Event
1629,Ana Cal,gabinocisneros@example.com,2007-10-24,Lawyer,244,Dominican Republic,San Francisco de Macorís,Corporate,Approved,2024-12-12 16:09:21,Referral
1630,Marianela Iñiguez,isidrosantos@example.org,1981-03-18,Software Engineer,290,Dominican Republic,Santiago,Student,Pending Payment,2021-10-31 11:23:15,Event
1631,Poncio Mancebo,ernestocarbajo@example.com,1981-08-22,Financial Analyst,14,Dominican Republic,Santiago,Honorary,Approved,2024-11-08 17:26:07,Website
1632,Iris Montes,domitila63@example.org,2000-10-28,Business Consultant,279,Dominican Republic,Punta Cana,Student,Approved,2021-08-30 11:20:19,Website
1633,Jesusa Ferrán,luis-miguelmariscal@example.com,1990-09-18,Marketing Specialist,28,Dominican Republic,Punta Cana,Individual,Submitted,2021-10-22 07:59:29,Walk-in
1634,Marcos Vallés,mverdugo@example.net,2007-01-12,Accountant,272,Dominican Republic,Punta Cana,Honorary,Approved,2024-06-17 21:45:43,Referral
1635,Albano Lillo,zalmansa@example.org,1975-12-31,Financial Analyst,257,Dominican Republic,San Francisco de Macorís,Corporate,Approved,2024-10-31 08:37:09,Website
1636,Encarna Pina,calixto95@example.org,2002-06-17,Financial Analyst,199,Dominican Republic,Puerto Plata,Student,Approved,2025-06-18 06:45:34,Referral
1637,Anabel Jiménez,reguloroldan@example.net,1998-01-12,Project Manager,154,Dominican Republic,Punta Cana,Student,Pending Payment,2023-06-06 18:13:36,Website
1638,Feliciano Moliner,rguijarro@example.org,1991-01-14,Civil Engineer,147,Dominican Republic,Punta Cana,Honorary,Approved,2025-11-20 01:05:33,Email Campaign
1639,Ainoa Montaña,felicianopalmer@example.net,1980-11-15,Lawyer,290,Dominican Republic,Santiago,Honorary,Rejected,2021-10-19 06:33:29,Referral
1640,Silvio Bernat,iolmedo@example.org,1980-06-20,Project Manager,46,Dominican Republic,Santiago,Individual,Rejected,2022-10-15 13:20:55,Referral
1641,Amaro Peinado,eutropiomacias@example.org,1978-01-27,Data Analyst,92,Dominican Republic,Punta Cana,Individual,Rejected,2024-05-24 00:14:48,Event
1642,Ámbar Reguera,aristidescordero@example.net,1986-06-16,Marketing Specialist,234,Dominican Republic,Santiago,Individual,Rejected,2024-05-02 23:00:54,Website
1643,Marita Quesada,tristanhidalgo@example.com,1998-05-22,Business Consultant,128,Dominican Republic,La Romana,Student,Approved,2022-12-17 18:36:45,Email Campaign
1644,Flavia Real,pascualamartin@example.net,2001-08-21,Financial Analyst,253,Dominican Republic,Puerto Plata,Corporate,Approved,2023-03-07 16:08:29,Email Campaign
1645,Aristides Rosado,vbenitez@example.net,1984-06-19,Accountant,227,Dominican Republic,San Pedro de Macorís,Honorary,Under Review,2026-01-09 21:16:31,Website
1646,Amando Nicolás,ferrerashernando@example.net,1979-04-15,Marketing Specialist,136,Dominican Republic,San Francisco de Macorís,Corporate,Approved,2023-07-19 17:37:54,Walk-in
1647,Fátima Arjona,llamasconsuela@example.net,2004-08-16,Accountant,101,Dominican Republic,San Pedro de Macorís,Honorary,Approved,2023-07-24 03:05:05,Referral
1648,Julie Crespo,blanesgalo@example.org,1978-11-09,Business Consultant,76,Dominican Republic,Santo Domingo,Corporate,Approved,2023-02-13 22:57:25,Email Campaign
1649,Merche Benito,maribel48@example.net,2006-09-01,Software Engineer,37,Dominican Republic,San Pedro de Macorís,Honorary,Rejected,2022-08-10 18:54:37,Website
1650,Leonor Perales,ruthrozas@example.net,1989-11-03,Lawyer,1,Dominican Republic,San Pedro de Macorís,Student,Approved,2026-03-17 09:58:28,Walk-in
1651,Angelina Querol,tere01@example.net,1979-05-19,Marketing Specialist,25,Dominican Republic,Santo Domingo,Corporate,Approved,2026-03-02 01:05:13,Referral
1652,Nacho Juárez,porrasmartin@example.com,2001-03-02,Accountant,290,Dominican Republic,San Pedro de Macorís,Student,Approved,2022-10-14 18:15:32,Event
1653,Pilar Abascal,pontgalo@example.net,2007-03-23,Financial Analyst,152,Dominican Republic,Punta Cana,Corporate,Rejected,2025-12-03 22:15:00,Email Campaign
1654,Yolanda Valenciano,ezamorano@example.org,2003-12-14,Business Consultant,108,Dominican Republic,La Romana,Student,Approved,2024-04-26 08:28:11,Email Campaign
1655,Azahar Morán,squerol@example.com,2001-02-16,Civil Engineer,134,Dominican Republic,La Romana,Student,Approved,2024-04-17 09:15:42,Email Campaign
1656,Matilde Carrera,ncastello@example.com,1998-01-19,Financial Analyst,187,Dominican Republic,San Pedro de Macorís,Corporate,Pending Payment,2023-03-08 22:30:20,Email Campaign
1657,Dani Chico,lcoca@example.org,1982-03-23,Lawyer,72,Dominican Republic,Santiago,Student,Approved,2023-03-17 10:00:16,Website
1658,Ale Mayoral,arroyolucas@example.org,1996-06-17,Financial Analyst,156,Dominican Republic,Puerto Plata,Honorary,Approved,2023-10-20 15:09:48,Walk-in
1659,Bernardita Gaya,lucenaluz@example.com,2007-07-20,Architect,76,Dominican Republic,La Romana,Individual,Approved,2025-12-30 15:47:38,Event
1660,Yéssica Caparrós,sotelorosalia@example.net,1990-11-03,Data Analyst,251,Dominican Republic,Santiago,Corporate,Approved,2022-12-15 11:03:19,Email Campaign
1661,Paola Ramos,coral81@example.net,1981-02-13,Data Analyst,142,Dominican Republic,Santiago,Corporate,Pending Payment,2026-01-07 18:12:48,Website
1662,Jovita Flor,allerbaudelio@example.org,2005-06-04,Architect,220,Dominican Republic,La Romana,Individual,Approved,2025-04-28 22:29:50,Walk-in
1663,Telmo Redondo,dieguezlara@example.org,1977-10-08,Project Manager,104,Dominican Republic,Puerto Plata,Student,Rejected,2021-09-11 12:16:25,Event
1664,Pablo Ferrándiz,calistanavarro@example.org,1994-02-26,Financial Analyst,37,Dominican Republic,San Pedro de Macorís,Corporate,Rejected,2025-01-07 05:01:38,Referral
1665,Gonzalo Bárcena,montoyaevangelina@example.org,1986-10-05,Data Analyst,130,Dominican Republic,Puerto Plata,Student,Submitted,2023-03-06 08:27:16,Email Campaign
1666,Julián Hidalgo,carmelitaabellan@example.com,1994-06-20,Software Engineer,295,Dominican Republic,Santo Domingo,Corporate,Approved,2023-01-10 14:29:30,Website
1667,Ángela Rios,georginabarrios@example.org,1990-12-30,Marketing Specialist,45,Dominican Republic,La Romana,Individual,Rejected,2025-01-13 15:58:02,Event
1668,Bibiana Rosell,pacificasebastian@example.com,2007-05-30,Civil Engineer,220,Dominican Republic,San Francisco de Macorís,Corporate,Rejected,2023-09-23 01:45:59,Walk-in
1669,Rosa Gordillo,rafaelagabaldon@example.net,1996-05-19,Civil Engineer,283,Dominican Republic,La Romana,Corporate,Under Review,2024-12-05 01:46:36,Website
1670,Ignacia Frías,ofeliatomas@example.com,2006-04-10,Data Analyst,195,Dominican Republic,San Pedro de Macorís,Student,Approved,2022-05-11 14:20:46,Email Campaign
1671,Anselma Navarrete,quevedogalo@example.com,1991-02-14,Civil Engineer,286,Dominican Republic,La Romana,Honorary,Approved,2022-07-17 06:00:10,Website
1672,Jose Miguel Roura,maxi10@example.org,1982-02-08,Architect,280,Dominican Republic,Puerto Plata,Honorary,Approved,2022-12-20 12:28:12,Event
1673,Gracia Vega,herbertogonzalez@example.net,1996-05-11,Architect,207,Dominican Republic,Santo Domingo,Individual,Approved,2022-12-12 03:17:39,Email Campaign
1674,Conrado Verdejo,pacoestevez@example.com,2000-09-23,Financial Analyst,69,Dominican Republic,Punta Cana,Student,Pending Payment,2022-03-10 10:57:21,Event
1675,Benigna Tapia,leandra06@example.com,1992-06-02,Marketing Specialist,292,Dominican Republic,Puerto Plata,Honorary,Approved,2024-12-05 22:31:20,Referral
1676,Claudio Aroca,lpellicer@example.org,1975-11-10,Lawyer,263,Dominican Republic,San Francisco de Macorís,Corporate,Rejected,2026-03-24 23:58:25,Referral
1677,Azeneth Cabrera,jose-miguel19@example.org,1991-07-16,Business Consultant,191,Dominican Republic,Punta Cana,Corporate,Under Review,2025-06-07 02:17:48,Website
1678,Sebastián Caro,svaquero@example.org,1987-08-20,Marketing Specialist,13,Dominican Republic,Santiago,Corporate,Approved,2025-03-19 13:45:48,Walk-in
1679,Cruz Huerta,pancho72@example.net,1998-08-19,Marketing Specialist,39,Dominican Republic,La Romana,Corporate,Withdrawn,2021-10-16 11:24:25,Event
1680,Lilia Contreras,xpenas@example.net,2008-01-31,Data Analyst,232,Dominican Republic,Santiago,Student,Approved,2025-01-17 05:26:02,Walk-in
1681,Bibiana Planas,emmaotero@example.net,2003-11-13,Project Manager,52,Dominican Republic,Santo Domingo,Corporate,Approved,2022-06-14 11:02:05,Website
1682,Emiliano Morales,tfuente@example.net,1992-11-26,Project Manager,14,Dominican Republic,La Romana,Corporate,Rejected,2023-01-12 16:21:48,Referral
1683,Olegario Moreno,eligiallamas@example.net,1990-06-14,Civil Engineer,194,Dominican Republic,San Pedro de Macorís,Individual,Approved,2021-09-22 20:25:25,Referral
1684,María Cristina Sales,soraya29@example.net,1976-05-30,Accountant,51,Dominican Republic,Santo Domingo,Individual,Approved,2025-06-08 12:22:58,Walk-in
1685,Julio Talavera,maria-del-carmenrequena@example.com,1995-09-24,Financial Analyst,273,Dominican Republic,San Francisco de Macorís,Student,Withdrawn,2024-03-28 21:02:06,Referral
1686,Bernardino Río,btormo@example.net,1975-10-11,Lawyer,136,Dominican Republic,San Francisco de Macorís,Individual,Rejected,2026-05-10 15:54:40,Referral
1687,Merche Sebastián,itziar74@example.net,1987-08-15,Civil Engineer,38,Dominican Republic,San Pedro de Macorís,Student,Approved,2024-01-25 20:23:17,Referral
1688,Santiago Llorens,verduguillermo@example.net,2002-12-07,Architect,152,Dominican Republic,San Francisco de Macorís,Student,Approved,2025-12-08 20:58:29,Email Campaign
1689,Rebeca Mate,reigoscar@example.org,1985-06-24,Data Analyst,49,Dominican Republic,San Francisco de Macorís,Individual,Approved,2025-07-19 18:53:23,Website
1690,Aurelia Nuñez,sabascampillo@example.com,1985-08-12,Marketing Specialist,263,Dominican Republic,Punta Cana,Student,Approved,2026-03-10 22:47:02,Referral
1691,Amaro Lara,maximiano09@example.org,1998-03-15,Data Analyst,169,Dominican Republic,Puerto Plata,Honorary,Approved,2026-01-11 02:55:22,Website
1692,Noelia Prado,morillofrancisco-javier@example.org,2004-01-30,Project Manager,89,Dominican Republic,Puerto Plata,Corporate,Approved,2021-12-01 08:11:47,Referral
1693,Fernando Pujadas,alvaroariza@example.com,1989-04-06,Data Analyst,291,Dominican Republic,San Francisco de Macorís,Individual,Approved,2024-02-12 09:47:01,Event
1694,Carolina Barriga,escamillakike@example.net,2004-01-04,Civil Engineer,260,Dominican Republic,Santiago,Student,Rejected,2023-10-19 18:48:31,Referral
1695,Plinio Viña,giraltaaron@example.net,2005-06-30,Software Engineer,278,Dominican Republic,San Pedro de Macorís,Student,Approved,2026-03-29 08:11:39,Website
1696,Constanza Falcón,murciaalmudena@example.com,1998-05-02,Business Consultant,12,Dominican Republic,Puerto Plata,Student,Approved,2026-04-02 04:08:35,Walk-in
1697,Carmen Gálvez,vjuarez@example.org,1994-06-22,Project Manager,32,Dominican Republic,La Romana,Corporate,Approved,2024-08-09 20:18:31,Website
1698,Severo Guzmán,companyangela@example.com,2002-06-20,Financial Analyst,222,Dominican Republic,Punta Cana,Corporate,Approved,2024-10-20 01:43:20,Website
1699,Yolanda Alberto,abascaliban@example.org,1998-10-09,Civil Engineer,276,Dominican Republic,Punta Cana,Student,Approved,2024-08-01 09:31:23,Referral
1700,Lola Portero,lcal@example.net,1987-10-03,Data Analyst,171,Dominican Republic,Puerto Plata,Student,Approved,2023-05-19 10:29:28,Referral
1701,Ale Pallarès,gmarco@example.net,1984-07-12,Lawyer,133,Dominican Republic,Punta Cana,Student,Under Review,2023-04-13 00:17:46,Website
1702,Paola Ríos,toni79@example.org,1992-09-30,Architect,204,Dominican Republic,San Pedro de Macorís,Corporate,Approved,2025-09-24 15:18:02,Website
1703,Xiomara Aliaga,suarezfelix@example.com,2005-07-11,Project Manager,74,Dominican Republic,Punta Cana,Corporate,Approved,2021-12-12 06:41:57,Email Campaign
1704,Américo Carbajo,teofiloperales@example.net,1979-10-30,Business Consultant,162,Dominican Republic,La Romana,Student,Approved,2022-01-20 16:38:02,Email Campaign
1705,Jerónimo Linares,marcio42@example.net,1995-11-26,Financial Analyst,261,Dominican Republic,Punta Cana,Corporate,Under Review,2022-01-07 05:03:03,Email Campaign
1706,Rubén Tomé,graciela56@example.net,2006-05-08,Financial Analyst,185,Dominican Republic,San Francisco de Macorís,Student,Under Review,2025-01-22 05:53:37,Email Campaign
1707,Olivia Perelló,marcialarias@example.com,1980-06-20,Accountant,4,Dominican Republic,La Romana,Student,Withdrawn,2022-09-21 09:35:13,Event
1708,Demetrio Morales,emiliana96@example.com,1980-04-21,Project Manager,90,Dominican Republic,Puerto Plata,Honorary,Approved,2024-05-01 18:48:35,Website
1709,Teodoro Escalona,ritaescriva@example.org,1996-05-14,Civil Engineer,111,Dominican Republic,Santo Domingo,Honorary,Approved,2021-09-19 09:03:18,Event
1710,Natanael Guzman,fabiolamarino@example.com,2002-08-19,Software Engineer,154,Dominican Republic,San Pedro de Macorís,Corporate,Under Review,2021-11-25 03:06:18,Referral
1711,Juan Valenzuela,alexandra64@example.net,1985-06-19,Lawyer,121,Dominican Republic,La Romana,Corporate,Approved,2024-06-02 15:23:53,Walk-in
1712,Ramón Gisbert,kmorera@example.org,2004-07-02,Lawyer,229,Dominican Republic,Santo Domingo,Individual,Approved,2023-08-15 20:12:44,Walk-in
1713,Bienvenida Gomis,adolfo71@example.org,1985-06-05,Business Consultant,70,Dominican Republic,Santo Domingo,Corporate,Approved,2024-06-25 10:27:25,Walk-in
1714,Luisina Oliveras,cristiandelgado@example.net,2003-11-07,Project Manager,17,Dominican Republic,La Romana,Student,Approved,2022-02-16 21:10:04,Email Campaign
1715,Abraham Ibañez,qcastell@example.org,2007-11-07,Data Analyst,55,Dominican Republic,Puerto Plata,Individual,Submitted,2022-06-05 18:32:02,Website
1716,Ruperta Bayo,xgalvez@example.net,1980-07-08,Software Engineer,259,Dominican Republic,San Pedro de Macorís,Individual,Approved,2025-08-04 06:08:33,Email Campaign
1717,Ana Belén Crespo,ilillo@example.net,1994-03-18,Lawyer,152,Dominican Republic,San Pedro de Macorís,Corporate,Rejected,2023-09-30 06:23:47,Walk-in
1718,Esmeralda Olivares,leticia58@example.com,1981-06-18,Lawyer,10,Dominican Republic,Puerto Plata,Honorary,Approved,2023-03-10 23:07:30,Event
1719,Daniela Mayoral,isaolivares@example.org,1999-11-25,Project Manager,299,Dominican Republic,Santiago,Honorary,Approved,2024-04-23 02:08:03,Walk-in
1720,Cosme Ramis,vallesnacio@example.com,1988-03-05,Data Analyst,103,Dominican Republic,Santiago,Student,Approved,2022-05-13 20:53:56,Event
1721,Vidal Batlle,navarreteyesica@example.org,1993-08-25,Project Manager,77,Dominican Republic,Puerto Plata,Individual,Approved,2022-01-19 07:41:18,Email Campaign
1722,Primitivo Mendez,jordanvictorino@example.com,1986-02-06,Software Engineer,74,Dominican Republic,San Pedro de Macorís,Honorary,Approved,2023-12-10 07:16:38,Referral
1723,Adriana Grau,felicia35@example.org,1985-10-08,Lawyer,137,Dominican Republic,Puerto Plata,Corporate,Approved,2025-05-18 17:26:08,Website
1724,Samanta Ángel,dani71@example.com,1995-05-27,Civil Engineer,54,Dominican Republic,Puerto Plata,Individual,Approved,2024-03-15 17:26:00,Event
1725,Julia Segovia,juan-bautistamancebo@example.net,1982-07-23,Architect,12,Dominican Republic,Santiago,Student,Rejected,2021-12-17 15:30:54,Event
1726,Nazario Guardia,ivicens@example.org,1983-03-17,Architect,274,Dominican Republic,Punta Cana,Student,Rejected,2023-04-24 08:44:43,Website
1727,Edelmiro Gelabert,yblanco@example.org,1999-01-25,Marketing Specialist,131,Dominican Republic,San Pedro de Macorís,Student,Approved,2023-05-12 09:29:14,Event
1728,Jose Vázquez,teofiloarcos@example.net,1991-10-16,Marketing Specialist,291,Dominican Republic,Punta Cana,Corporate,Pending Payment,2025-12-14 23:04:02,Walk-in
1729,Bienvenida Díez,osorionarcisa@example.org,1991-12-23,Business Consultant,114,Dominican Republic,La Romana,Student,Rejected,2026-04-09 18:40:33,Referral
1730,Aitana Ferrándiz,machadopastora@example.net,1990-06-10,Architect,213,Dominican Republic,Santo Domingo,Honorary,Approved,2023-03-20 07:33:20,Email Campaign
1731,Maximiano Barros,gerardo17@example.net,1986-01-18,Architect,166,Dominican Republic,La Romana,Corporate,Approved,2025-02-15 05:52:10,Email Campaign
1732,Nacho Garcia,luisina37@example.net,1977-05-07,Architect,76,Dominican Republic,San Francisco de Macorís,Honorary,Withdrawn,2022-07-07 05:19:44,Website
1733,Ariel Campo,teodoro73@example.com,1985-02-22,Project Manager,106,Dominican Republic,Santiago,Student,Approved,2024-11-23 02:48:13,Email Campaign
1734,Anabel Bonilla,vsalas@example.com,2007-05-30,Business Consultant,58,Dominican Republic,San Pedro de Macorís,Honorary,Pending Payment,2023-01-12 22:09:05,Website
1735,Dora Puga,menendezjacobo@example.org,2003-05-01,Marketing Specialist,19,Dominican Republic,Punta Cana,Honorary,Approved,2025-01-07 06:49:30,Referral
1736,Elías Jimenez,qropero@example.com,1977-06-09,Project Manager,114,Dominican Republic,Punta Cana,Individual,Approved,2021-11-23 20:48:00,Event
1737,Jenny Arco,asensioberta@example.net,1994-07-02,Project Manager,39,Dominican Republic,Santo Domingo,Individual,Approved,2024-07-18 00:21:12,Referral
1738,Alexandra Goñi,guillenpepita@example.net,1999-10-07,Architect,29,Dominican Republic,San Pedro de Macorís,Individual,Pending Payment,2024-07-18 07:32:07,Website
1739,Fernando Bustamante,reciogracia@example.net,1985-07-13,Software Engineer,268,Dominican Republic,Santiago,Corporate,Rejected,2024-02-04 23:42:39,Event
1740,Francisco Mariño,vlluch@example.net,2002-01-24,Data Analyst,203,Dominican Republic,Santiago,Individual,Approved,2026-01-17 03:04:06,Email Campaign
1741,Manuel Seco,urbano28@example.com,2003-09-05,Lawyer,124,Dominican Republic,La Romana,Honorary,Approved,2025-10-27 00:42:50,Event
1742,Nando Olivé,auracantero@example.net,1977-05-24,Marketing Specialist,138,Dominican Republic,La Romana,Honorary,Approved,2023-03-05 09:18:55,Email Campaign
1743,Eric Bellido,usevillano@example.net,1996-05-16,Marketing Specialist,111,Dominican Republic,San Francisco de Macorís,Individual,Approved,2022-04-12 15:09:55,Event
1744,Oriana Cervantes,benigna83@example.net,1996-05-07,Project Manager,290,Dominican Republic,San Francisco de Macorís,Student,Submitted,2025-06-29 15:31:55,Website
1745,Trini Bilbao,valcaraz@example.net,1993-08-25,Accountant,259,Dominican Republic,Puerto Plata,Individual,Approved,2024-03-12 12:30:53,Event
1746,Yolanda Jáuregui,obdulia14@example.org,1990-02-14,Accountant,86,Dominican Republic,San Francisco de Macorís,Corporate,Approved,2025-11-14 20:41:18,Email Campaign
1747,Martirio Cuesta,gzabala@example.org,1981-11-05,Architect,236,Dominican Republic,Puerto Plata,Student,Approved,2023-07-02 23:09:56,Email Campaign
1748,Felicia Andreu,belenvalverde@example.com,2001-03-26,Marketing Specialist,115,Dominican Republic,Santiago,Individual,Approved,2025-05-06 11:25:31,Walk-in
1749,Reina Carbonell,hoyosemilia@example.com,2004-01-13,Civil Engineer,297,Dominican Republic,Punta Cana,Corporate,Approved,2026-03-26 16:33:42,Referral
1750,Cebrián Llopis,corona00@example.net,2002-09-11,Project Manager,14,Dominican Republic,San Pedro de Macorís,Student,Submitted,2023-01-26 09:40:01,Referral
1751,Perla Calzada,ksole@example.org,1988-04-01,Financial Analyst,116,Dominican Republic,Santo Domingo,Corporate,Approved,2024-05-02 09:27:50,Email Campaign
1752,Eusebio Rodríguez,ogaliano@example.com,1978-09-09,Data Analyst,205,Dominican Republic,Santo Domingo,Honorary,Approved,2024-04-24 11:55:25,Walk-in
1753,Marcela Vargas,sobrinomarianela@example.org,2001-10-21,Marketing Specialist,13,Dominican Republic,Santo Domingo,Honorary,Rejected,2024-05-11 01:48:01,Email Campaign
1754,Guiomar Castañeda,valler@example.net,1979-10-13,Lawyer,220,Dominican Republic,Santiago,Corporate,Rejected,2022-09-08 09:29:42,Walk-in
1755,Coral Hernando,alarconjose-ramon@example.net,1979-12-03,Software Engineer,240,Dominican Republic,Puerto Plata,Honorary,Approved,2025-09-07 10:04:27,Website
1756,Marino Cañizares,paco13@example.net,1990-02-28,Data Analyst,45,Dominican Republic,La Romana,Honorary,Under Review,2022-01-04 02:14:16,Walk-in
1757,Consuela Barral,pascuala81@example.net,2000-01-18,Civil Engineer,291,Dominican Republic,La Romana,Student,Approved,2022-09-11 23:43:22,Website
1758,Aristides Luque,benjamin24@example.org,1999-12-18,Software Engineer,31,Dominican Republic,Puerto Plata,Honorary,Pending Payment,2025-07-28 04:26:23,Website
1759,Hilario Pérez,novoajosefina@example.net,1992-07-12,Lawyer,128,Dominican Republic,San Pedro de Macorís,Student,Approved,2023-05-26 16:39:44,Referral
1760,Reynaldo Quesada,yaizasabater@example.org,1983-01-12,Lawyer,93,Dominican Republic,Santo Domingo,Honorary,Approved,2024-08-13 02:18:08,Website
1761,Araceli Quero,hugoosuna@example.org,2002-10-25,Civil Engineer,110,Dominican Republic,San Pedro de Macorís,Corporate,Approved,2022-03-01 07:12:30,Email Campaign
1762,Julie Aguilar,candelas56@example.org,1988-02-15,Marketing Specialist,177,Dominican Republic,Punta Cana,Honorary,Approved,2024-02-18 16:27:54,Email Campaign
1763,Virgilio Hoz,munizrosalinda@example.com,2003-07-24,Business Consultant,105,Dominican Republic,Punta Cana,Student,Rejected,2024-11-04 15:42:36,Referral
1764,Jose Torrent,pepeoliver@example.org,1979-02-03,Business Consultant,145,Dominican Republic,Puerto Plata,Individual,Approved,2024-11-17 21:09:21,Event
1765,Luis Ángel Hoz,qarnau@example.org,2004-03-03,Project Manager,266,Dominican Republic,La Romana,Corporate,Pending Payment,2025-12-21 06:28:19,Referral
1766,Visitación Heredia,ltorre@example.com,1976-08-09,Marketing Specialist,167,Dominican Republic,Puerto Plata,Individual,Submitted,2022-12-30 22:40:03,Walk-in
1767,Candelas Robles,aredondo@example.com,2006-10-01,Marketing Specialist,142,Dominican Republic,San Francisco de Macorís,Honorary,Approved,2023-10-09 13:35:18,Walk-in
1768,Manolo Elorza,pinanoemi@example.com,1984-05-15,Marketing Specialist,49,Dominican Republic,La Romana,Student,Submitted,2022-03-27 04:39:47,Walk-in
1769,Olga Revilla,aranateodora@example.org,1996-11-09,Software Engineer,128,Dominican Republic,Punta Cana,Individual,Rejected,2025-07-30 15:14:43,Referral
1770,Moisés Fuentes,blanca46@example.com,1977-02-07,Architect,214,Dominican Republic,Puerto Plata,Student,Rejected,2024-10-28 14:33:03,Referral
1771,Edelmiro Arcos,haydeeabella@example.org,1992-05-01,Project Manager,157,Dominican Republic,San Pedro de Macorís,Student,Approved,2023-06-21 15:24:19,Email Campaign
1772,Adán Laguna,amandarivas@example.org,1990-01-05,Software Engineer,168,Dominican Republic,Santiago,Student,Pending Payment,2022-10-17 02:36:26,Website
1773,Rocío Verdú,lagoevita@example.com,1998-08-30,Accountant,4,Dominican Republic,La Romana,Individual,Approved,2023-12-14 11:25:57,Event
1774,Wilfredo Carmona,doramolins@example.org,2007-03-04,Civil Engineer,77,Dominican Republic,Puerto Plata,Honorary,Rejected,2021-10-31 22:06:16,Event
1775,Coral Requena,ripollana-sofia@example.com,1984-06-30,Data Analyst,184,Dominican Republic,San Francisco de Macorís,Individual,Rejected,2021-09-05 22:53:11,Website
1776,Clotilde Durán,anselmalobo@example.net,1992-12-20,Architect,152,Dominican Republic,Santiago,Individual,Approved,2025-07-07 09:18:52,Walk-in
1777,María Del Carmen Lerma,marisela51@example.net,1983-09-18,Civil Engineer,187,Dominican Republic,San Francisco de Macorís,Student,Approved,2024-06-11 20:55:47,Referral
1778,Brígida Santiago,raqueltudela@example.org,1991-01-29,Project Manager,236,Dominican Republic,Puerto Plata,Student,Approved,2023-11-29 20:31:02,Referral
1779,Susanita Ferrándiz,rodrigueznoelia@example.net,2008-04-21,Data Analyst,259,Dominican Republic,Santo Domingo,Individual,Approved,2026-05-31 11:51:41,Referral
1780,Dimas Camacho,xlillo@example.net,2001-09-12,Marketing Specialist,95,Dominican Republic,Puerto Plata,Honorary,Approved,2021-12-12 21:15:47,Email Campaign
1781,Hermenegildo Mayol,domingavara@example.net,2006-04-23,Civil Engineer,85,Dominican Republic,San Francisco de Macorís,Student,Approved,2022-03-15 18:05:46,Email Campaign
1782,Anunciación Uriarte,carlotasoriano@example.com,1997-10-29,Architect,254,Dominican Republic,Santo Domingo,Individual,Rejected,2024-09-14 14:38:57,Walk-in
1783,Ariel Girón,ikerquiroga@example.com,2001-07-16,Data Analyst,75,Dominican Republic,Santiago,Student,Submitted,2025-09-09 05:45:06,Website
1784,Vinicio Alcalá,ciriaco30@example.net,1976-01-26,Architect,145,Dominican Republic,Santo Domingo,Student,Approved,2022-08-10 23:42:33,Walk-in
1785,Paco Ferrando,lalvarado@example.net,1979-12-29,Data Analyst,138,Dominican Republic,San Pedro de Macorís,Student,Approved,2025-01-06 19:12:34,Referral
1786,Eliseo Oller,mirta20@example.com,1977-12-14,Marketing Specialist,13,Dominican Republic,Puerto Plata,Honorary,Approved,2023-02-06 03:47:31,Email Campaign
1787,Rosalía Guerrero,aranalourdes@example.net,1987-10-06,Software Engineer,212,Dominican Republic,Santo Domingo,Student,Approved,2025-06-24 13:01:25,Event
1788,Íñigo Cañete,ledesmamarta@example.com,1977-11-25,Business Consultant,96,Dominican Republic,San Francisco de Macorís,Individual,Withdrawn,2021-10-25 22:22:54,Walk-in
1789,Basilio Uría,cornelio93@example.org,1984-11-09,Project Manager,187,Dominican Republic,La Romana,Honorary,Withdrawn,2024-10-22 03:56:05,Event
1790,Mercedes Heredia,barrancoester@example.com,1999-12-17,Software Engineer,132,Dominican Republic,La Romana,Individual,Approved,2024-04-13 13:51:25,Walk-in
1791,Conrado Cobos,maricelalluch@example.net,2008-01-16,Data Analyst,259,Dominican Republic,San Pedro de Macorís,Student,Approved,2025-08-11 09:46:01,Email Campaign
1792,Amaro Taboada,marcelaporta@example.com,2005-02-04,Financial Analyst,276,Dominican Republic,San Francisco de Macorís,Student,Approved,2025-02-09 21:37:38,Event
1793,Hernando Español,raulbermudez@example.com,2004-04-17,Data Analyst,176,Dominican Republic,Puerto Plata,Corporate,Rejected,2024-03-10 08:12:55,Referral
1794,Nadia Cobos,luis-miguelalcala@example.com,2003-12-20,Software Engineer,258,Dominican Republic,Puerto Plata,Individual,Approved,2023-06-21 14:47:13,Referral
1795,Francisco Jose Rius,camposbibiana@example.net,1977-05-27,Lawyer,269,Dominican Republic,San Pedro de Macorís,Individual,Withdrawn,2021-12-13 21:57:46,Website
1796,Guadalupe Mayoral,bzaragoza@example.org,1999-01-15,Data Analyst,182,Dominican Republic,San Pedro de Macorís,Honorary,Under Review,2024-11-23 00:18:41,Referral
1797,Ildefonso Ayllón,jalbero@example.net,1989-03-27,Software Engineer,188,Dominican Republic,Puerto Plata,Honorary,Approved,2025-06-19 16:44:38,Event
1798,Jordana Doménech,corderomelania@example.org,1976-09-23,Software Engineer,44,Dominican Republic,Punta Cana,Honorary,Approved,2024-07-02 06:49:00,Email Campaign
1799,Melisa Guzmán,uribas@example.org,1978-01-11,Data Analyst,190,Dominican Republic,Punta Cana,Individual,Approved,2024-09-18 11:36:47,Website
1800,Haroldo Recio,agustinnorberto@example.com,1991-11-01,Marketing Specialist,18,Dominican Republic,San Francisco de Macorís,Individual,Approved,2024-04-24 05:01:39,Referral
1801,Amor Barreda,uriajose-francisco@example.org,1986-12-30,Data Analyst,205,Dominican Republic,San Francisco de Macorís,Student,Submitted,2021-10-03 01:52:41,Website
1802,Amancio Serra,encarnacionserrano@example.org,1982-02-04,Project Manager,104,Dominican Republic,San Francisco de Macorís,Honorary,Submitted,2021-12-11 07:25:15,Email Campaign
1803,Fátima Sanmiguel,felipebueno@example.org,1982-08-05,Architect,208,Dominican Republic,La Romana,Corporate,Approved,2026-04-01 04:11:24,Walk-in
1804,Odalis Pintor,vergaraagustina@example.org,1997-12-08,Software Engineer,37,Dominican Republic,Punta Cana,Individual,Approved,2024-12-19 00:03:20,Event
1805,Ana Sofía Cisneros,dimasamaya@example.com,1986-05-28,Software Engineer,224,Dominican Republic,Punta Cana,Honorary,Approved,2024-01-10 15:06:04,Event
1806,Mar Ramón,valcarceldan@example.net,1981-05-02,Architect,44,Dominican Republic,La Romana,Individual,Approved,2026-04-21 17:56:45,Walk-in
1807,Nuria Bayona,daguado@example.com,1986-01-26,Project Manager,51,Dominican Republic,La Romana,Student,Approved,2023-09-25 14:22:19,Event
1808,Santos Balaguer,palomagomis@example.com,1985-08-14,Civil Engineer,296,Dominican Republic,San Francisco de Macorís,Corporate,Rejected,2022-10-09 02:30:22,Walk-in
1809,Gerónimo Palomo,ciropuerta@example.org,1980-07-19,Civil Engineer,231,Dominican Republic,Punta Cana,Honorary,Under Review,2024-07-24 08:14:06,Email Campaign
1810,Gerardo Garmendia,marisol12@example.net,2006-09-28,Business Consultant,293,Dominican Republic,Punta Cana,Individual,Approved,2021-10-17 15:50:34,Walk-in
1811,Dalila Llabrés,manuela77@example.org,1988-06-07,Accountant,129,Dominican Republic,Santiago,Corporate,Rejected,2021-11-04 00:23:14,Email Campaign
1812,Horacio España,uosuna@example.org,1983-04-16,Accountant,180,Dominican Republic,Punta Cana,Corporate,Approved,2022-10-05 09:25:38,Event
1813,Adoración Rebollo,solanaelisa@example.com,2000-02-25,Accountant,104,Dominican Republic,Puerto Plata,Student,Approved,2026-05-22 22:06:52,Referral
1814,Amado Cañete,onofre59@example.net,1987-08-01,Lawyer,93,Dominican Republic,San Pedro de Macorís,Individual,Approved,2022-08-08 14:16:12,Website
1815,Roberto Arco,currocamino@example.net,1998-05-10,Software Engineer,50,Dominican Republic,La Romana,Individual,Approved,2022-08-03 21:55:33,Email Campaign
1816,Miguel Bou,noaropero@example.net,2005-08-13,Data Analyst,37,Dominican Republic,Santiago,Corporate,Pending Payment,2025-02-02 20:19:53,Event
1817,Marita Machado,ejara@example.net,1990-03-17,Business Consultant,111,Dominican Republic,La Romana,Corporate,Submitted,2026-01-07 18:48:00,Walk-in
1818,Ileana Robledo,ikersilva@example.com,1977-08-24,Business Consultant,231,Dominican Republic,Santo Domingo,Corporate,Approved,2021-09-24 20:04:58,Event
1819,Angelita Zaragoza,mateo74@example.org,1993-01-14,Marketing Specialist,2,Dominican Republic,Santo Domingo,Honorary,Pending Payment,2023-08-12 14:44:24,Walk-in
1820,Urbano Borrego,antunezamor@example.com,1996-09-24,Business Consultant,122,Dominican Republic,Punta Cana,Corporate,Pending Payment,2022-10-05 15:21:22,Website
1821,Che Ruiz,armando06@example.net,2000-09-20,Software Engineer,121,Dominican Republic,San Francisco de Macorís,Honorary,Under Review,2026-02-24 14:27:54,Event
1822,Palmira Fortuny,mcastell@example.com,1983-06-28,Business Consultant,115,Dominican Republic,San Francisco de Macorís,Corporate,Approved,2024-01-08 09:01:19,Referral
1823,Calixta Leiva,cleon@example.org,1992-10-19,Lawyer,75,Dominican Republic,Puerto Plata,Individual,Approved,2022-12-28 19:23:43,Referral
1824,Desiderio Goicoechea,rmontalban@example.com,1982-01-10,Marketing Specialist,55,Dominican Republic,La Romana,Corporate,Approved,2022-11-28 17:08:41,Email Campaign
1825,Lidia Agustí,blasdelgado@example.org,2000-12-10,Marketing Specialist,22,Dominican Republic,La Romana,Individual,Approved,2025-10-31 08:20:10,Walk-in
1826,Itziar Colomer,palomarvanesa@example.com,1975-09-12,Civil Engineer,163,Dominican Republic,Santo Domingo,Individual,Rejected,2023-06-03 10:45:30,Event
1827,María Gibert,barreraalfonso@example.org,1994-04-24,Software Engineer,240,Dominican Republic,Puerto Plata,Individual,Approved,2026-01-24 06:08:49,Website
1828,Renato Ibarra,mar67@example.org,1995-11-06,Architect,66,Dominican Republic,Santiago,Honorary,Approved,2022-08-06 08:48:59,Walk-in
1829,Emma Acuña,villalongaazahar@example.net,2001-10-12,Architect,116,Dominican Republic,San Pedro de Macorís,Corporate,Approved,2022-06-01 08:24:22,Email Campaign
1830,Domingo Iniesta,ramisnazaret@example.org,1976-06-07,Architect,95,Dominican Republic,Punta Cana,Student,Approved,2022-06-08 16:40:40,Referral
1831,Rodrigo Cornejo,emiliourrutia@example.org,2007-06-03,Civil Engineer,141,Dominican Republic,Santo Domingo,Student,Approved,2025-07-14 20:23:21,Event
1832,Manuela Segura,pontagapito@example.net,2002-09-13,Lawyer,1,Dominican Republic,San Francisco de Macorís,Corporate,Rejected,2024-07-07 07:24:24,Event
1833,Marcelo Blanca,qtenorio@example.com,1983-12-25,Data Analyst,284,Dominican Republic,San Francisco de Macorís,Corporate,Submitted,2021-12-30 00:32:30,Walk-in
1834,Aureliano Alvarado,isaura33@example.com,1979-09-08,Architect,38,Dominican Republic,Santo Domingo,Corporate,Approved,2022-06-22 11:26:04,Event
1835,Loreto Hidalgo,gblanca@example.net,2005-09-01,Project Manager,178,Dominican Republic,San Pedro de Macorís,Corporate,Submitted,2022-05-17 09:07:32,Event
1836,Maximino Bru,joaquina45@example.net,1980-06-17,Software Engineer,145,Dominican Republic,Santo Domingo,Honorary,Approved,2024-04-11 23:02:56,Referral
1837,Eutimio Alfaro,fannyjuan@example.net,1976-01-21,Software Engineer,226,Dominican Republic,La Romana,Corporate,Approved,2022-03-26 08:12:05,Website
1838,Primitivo Frutos,maria-belen34@example.com,1989-08-20,Business Consultant,71,Dominican Republic,San Pedro de Macorís,Honorary,Pending Payment,2021-11-26 21:44:20,Referral
1839,Victoriano Montoya,sibanez@example.net,2005-12-12,Architect,263,Dominican Republic,Santiago,Honorary,Rejected,2023-12-23 00:29:27,Website
1840,Rosalía Quiroga,jsala@example.net,1977-06-21,Lawyer,92,Dominican Republic,Puerto Plata,Individual,Approved,2022-06-18 11:12:18,Walk-in
1841,Bautista Cervera,socorro02@example.net,2001-11-05,Accountant,184,Dominican Republic,Santiago,Student,Approved,2026-03-27 15:14:59,Walk-in
1842,Visitación Bravo,zoraidacervera@example.net,1983-03-21,Data Analyst,58,Dominican Republic,Punta Cana,Student,Rejected,2026-01-06 16:14:22,Referral
1843,Victoriano Malo,companytatiana@example.com,1980-06-08,Marketing Specialist,86,Dominican Republic,Santo Domingo,Corporate,Approved,2021-12-08 10:19:45,Email Campaign
1844,Bernarda Olivares,valdesjuan-francisco@example.net,1986-09-11,Financial Analyst,163,Dominican Republic,San Pedro de Macorís,Honorary,Approved,2022-10-22 03:34:22,Walk-in
1845,Adelia Gordillo,febe36@example.com,1981-01-30,Data Analyst,249,Dominican Republic,San Francisco de Macorís,Individual,Approved,2023-07-17 08:30:22,Walk-in
1846,Omar Santos,aguirremacario@example.org,1981-01-26,Software Engineer,116,Dominican Republic,Santiago,Corporate,Approved,2022-06-16 00:21:03,Event
1847,María Pilar Chaparro,custodio81@example.net,1989-11-22,Architect,195,Dominican Republic,Puerto Plata,Honorary,Approved,2022-03-29 12:58:56,Website
1848,Eusebia Egea,osvaldo90@example.com,1998-04-17,Architect,175,Dominican Republic,Puerto Plata,Honorary,Approved,2025-01-12 00:49:58,Email Campaign
1849,Darío Angulo,sobrinoeligia@example.org,1983-02-06,Financial Analyst,81,Dominican Republic,Punta Cana,Honorary,Withdrawn,2022-02-13 20:27:04,Email Campaign
1850,Juan Luis Roldan,dalvarez@example.org,1979-12-30,Business Consultant,228,Dominican Republic,La Romana,Honorary,Approved,2023-09-17 14:19:56,Website
1851,Azahara Clemente,bbolanos@example.org,2000-04-05,Architect,81,Dominican Republic,La Romana,Honorary,Approved,2023-02-22 22:05:55,Event
1852,Herberto Castejón,wbayona@example.org,1979-11-26,Accountant,269,Dominican Republic,Santiago,Honorary,Submitted,2021-11-25 00:31:58,Email Campaign
1853,Fátima Lamas,aitor76@example.com,2001-03-19,Software Engineer,299,Dominican Republic,San Pedro de Macorís,Corporate,Approved,2024-05-31 20:17:57,Website
1854,Jacobo Jordán,rico04@example.net,1981-09-10,Civil Engineer,214,Dominican Republic,San Pedro de Macorís,Honorary,Approved,2022-11-17 04:41:00,Email Campaign
1855,Valerio Rius,reyesmarin@example.com,2003-09-22,Architect,1,Dominican Republic,Punta Cana,Corporate,Approved,2021-11-11 22:28:27,Website
1856,Custodio Borja,jordi05@example.com,2000-02-12,Marketing Specialist,35,Dominican Republic,Punta Cana,Corporate,Approved,2023-05-24 13:40:38,Walk-in
1857,Lupita Mendoza,qcomas@example.org,1987-07-19,Financial Analyst,261,Dominican Republic,La Romana,Corporate,Under Review,2026-05-26 11:20:06,Event
1858,Tadeo Blanco,iredondo@example.org,1981-03-13,Architect,7,Dominican Republic,Santiago,Student,Pending Payment,2024-05-09 07:33:08,Email Campaign
1859,Marita Cadenas,paolasegarra@example.net,2008-01-23,Civil Engineer,119,Dominican Republic,San Pedro de Macorís,Student,Approved,2023-03-18 04:43:52,Website
1860,Rufino Santamaría,vergararuben@example.com,1999-08-02,Civil Engineer,139,Dominican Republic,La Romana,Individual,Submitted,2024-12-11 11:33:16,Email Campaign
1861,Pascual Páez,robertacastillo@example.com,1978-04-02,Lawyer,254,Dominican Republic,Punta Cana,Student,Approved,2025-05-29 19:35:18,Email Campaign
1862,Soledad Rebollo,rvicens@example.net,1985-08-18,Civil Engineer,183,Dominican Republic,Santo Domingo,Student,Rejected,2025-09-04 07:05:32,Website
1863,Adelia Bernat,cristinabarrena@example.net,1982-09-18,Software Engineer,28,Dominican Republic,Santo Domingo,Honorary,Submitted,2024-09-22 06:11:03,Walk-in
1864,Albino Arce,zcamps@example.net,1985-12-19,Data Analyst,121,Dominican Republic,San Francisco de Macorís,Corporate,Submitted,2025-11-28 02:14:51,Email Campaign
1865,Clarisa Tomas,esteban23@example.com,2005-01-17,Architect,77,Dominican Republic,Santiago,Student,Submitted,2023-12-18 11:24:04,Event
1866,Octavia Gallego,balduino46@example.net,2001-04-19,Software Engineer,228,Dominican Republic,Santiago,Corporate,Approved,2024-11-13 10:44:22,Website
1867,Carla Corominas,contreraschema@example.com,2002-07-19,Civil Engineer,250,Dominican Republic,Punta Cana,Student,Approved,2025-05-01 12:35:01,Walk-in
1868,Pía Iriarte,fernando54@example.net,2002-05-18,Marketing Specialist,267,Dominican Republic,La Romana,Individual,Submitted,2023-02-11 09:12:01,Walk-in
1869,Ale Pulido,nicolasa41@example.org,1979-02-01,Architect,10,Dominican Republic,Santiago,Honorary,Approved,2025-11-04 15:57:20,Email Campaign
1870,María Ángeles Ferrán,colladoabigail@example.org,1975-09-25,Business Consultant,36,Dominican Republic,San Francisco de Macorís,Corporate,Approved,2025-04-19 18:02:43,Walk-in
1871,Joaquín Melero,nicolasmadrigal@example.net,2005-05-26,Project Manager,235,Dominican Republic,Punta Cana,Student,Approved,2025-12-04 14:12:48,Referral
1872,Noelia Escamilla,alvarezasuncion@example.com,1995-08-11,Lawyer,276,Dominican Republic,Santiago,Individual,Under Review,2025-03-21 23:38:25,Website
1873,Brunilda Alvarado,qquiros@example.org,1987-06-19,Civil Engineer,33,Dominican Republic,La Romana,Individual,Approved,2022-06-27 07:38:44,Website
1874,Olga Cabrero,espadaciriaco@example.org,2003-05-20,Accountant,222,Dominican Republic,San Francisco de Macorís,Corporate,Approved,2024-10-21 15:53:48,Website
1875,María Ferrández,celestino23@example.org,1979-09-05,Data Analyst,123,Dominican Republic,Punta Cana,Individual,Approved,2025-01-24 01:05:25,Event
1876,Aurelio Mercader,pacosta@example.com,1980-06-27,Accountant,51,Dominican Republic,San Pedro de Macorís,Student,Rejected,2022-07-03 23:15:18,Website
1877,Leyre Vazquez,dbaena@example.org,1981-03-13,Financial Analyst,236,Dominican Republic,San Pedro de Macorís,Honorary,Approved,2022-03-07 21:54:29,Walk-in
1878,Jovita Fortuny,salomcarmelita@example.net,1996-11-03,Software Engineer,191,Dominican Republic,La Romana,Honorary,Approved,2022-01-26 13:48:05,Event
1879,Cecilio Borrás,anacleto03@example.com,2006-11-30,Lawyer,142,Dominican Republic,Punta Cana,Corporate,Approved,2025-09-09 01:50:24,Event
1880,Odalis Caro,custodiovalderrama@example.net,1979-01-05,Lawyer,162,Dominican Republic,Santo Domingo,Corporate,Approved,2025-08-14 13:43:30,Website
1881,María Belén Ribera,calvosoledad@example.net,2001-06-04,Software Engineer,151,Dominican Republic,San Francisco de Macorís,Corporate,Approved,2024-12-13 02:50:36,Referral
1882,Soledad Cortés,isaura90@example.net,1992-11-27,Data Analyst,234,Dominican Republic,San Pedro de Macorís,Individual,Approved,2023-11-06 12:24:59,Referral
1883,Clímaco López,vzabaleta@example.com,2006-12-29,Architect,91,Dominican Republic,San Pedro de Macorís,Corporate,Under Review,2021-09-24 01:44:14,Website
1884,Eusebia Carreño,fusterurbano@example.com,1983-04-02,Accountant,206,Dominican Republic,San Francisco de Macorís,Honorary,Pending Payment,2024-07-09 23:26:17,Email Campaign
1885,Benita Daza,alsinaagustina@example.org,1994-08-20,Project Manager,168,Dominican Republic,San Francisco de Macorís,Honorary,Approved,2026-02-22 17:34:38,Referral
1886,Inmaculada Salcedo,sotoemigdio@example.com,1996-01-07,Architect,25,Dominican Republic,Santiago,Student,Rejected,2022-02-16 12:19:52,Event
1887,Ligia González,acaparros@example.org,1990-03-02,Data Analyst,12,Dominican Republic,Santo Domingo,Honorary,Rejected,2021-11-19 04:44:44,Referral
1888,Carmina Vigil,sorianoperlita@example.org,1980-01-23,Lawyer,59,Dominican Republic,Punta Cana,Individual,Rejected,2023-05-17 20:58:23,Walk-in
1889,Inés Plana,alicia71@example.net,1982-05-20,Lawyer,65,Dominican Republic,Puerto Plata,Honorary,Submitted,2025-10-11 03:24:49,Email Campaign
1890,Nilo González,salvaselena@example.com,1994-09-09,Accountant,162,Dominican Republic,Puerto Plata,Corporate,Approved,2022-07-21 06:00:28,Walk-in
1891,Trinidad Aguilar,nazaretmadrid@example.net,1976-02-26,Project Manager,156,Dominican Republic,Punta Cana,Individual,Rejected,2026-04-27 14:22:38,Email Campaign
1892,Quique Ortiz,cvalle@example.org,1981-06-03,Lawyer,267,Dominican Republic,San Pedro de Macorís,Individual,Approved,2023-11-01 22:15:26,Referral
1893,Haydée Marcos,nazaretcepeda@example.org,2005-06-18,Project Manager,260,Dominican Republic,Puerto Plata,Individual,Rejected,2025-01-04 19:44:17,Website
1894,Gilberto Cámara,portillodelfina@example.org,2002-07-03,Accountant,237,Dominican Republic,La Romana,Honorary,Submitted,2024-12-02 05:43:00,Walk-in
1895,Eligia Piñeiro,rebeca74@example.com,1998-04-27,Software Engineer,244,Dominican Republic,Santiago,Corporate,Approved,2025-08-31 17:42:06,Event
1896,Alex Porcel,epalacios@example.com,1996-09-24,Civil Engineer,264,Dominican Republic,San Pedro de Macorís,Corporate,Submitted,2022-08-28 15:01:26,Event
1897,Jose Luis Pastor,chuymontserrat@example.org,2000-09-06,Business Consultant,39,Dominican Republic,La Romana,Student,Submitted,2022-08-19 10:45:01,Walk-in
1898,Pili Ramos,palmira26@example.org,1975-10-18,Data Analyst,6,Dominican Republic,San Pedro de Macorís,Corporate,Submitted,2025-09-26 03:51:49,Referral
1899,Íngrid Agustí,hectorpascual@example.org,2007-08-31,Data Analyst,47,Dominican Republic,San Pedro de Macorís,Student,Approved,2026-02-04 16:53:24,Event
1900,María Fernanda Jordá,lopegalan@example.net,2001-02-05,Lawyer,76,Dominican Republic,Puerto Plata,Honorary,Approved,2022-08-10 07:59:14,Walk-in
1901,Estefanía Girona,luismarco@example.net,1977-11-21,Marketing Specialist,87,Dominican Republic,Puerto Plata,Corporate,Rejected,2023-07-11 12:25:58,Walk-in
1902,Amado Agustín,ximena16@example.net,2003-03-09,Lawyer,235,Dominican Republic,Puerto Plata,Corporate,Approved,2022-04-14 13:03:56,Referral
1903,Odalys Alcántara,rosa30@example.org,1979-01-30,Software Engineer,103,Dominican Republic,Punta Cana,Corporate,Approved,2024-10-13 01:25:28,Referral
1904,Viviana Belda,utamayo@example.com,2001-08-18,Software Engineer,61,Dominican Republic,Santo Domingo,Student,Rejected,2026-04-30 17:34:41,Email Campaign
1905,Román Manso,ohierro@example.net,2005-03-03,Business Consultant,176,Dominican Republic,San Francisco de Macorís,Corporate,Approved,2024-06-16 01:06:50,Walk-in
1906,Joan Menendez,buenoabraham@example.com,1976-03-24,Marketing Specialist,196,Dominican Republic,Santo Domingo,Individual,Withdrawn,2022-08-28 22:17:03,Walk-in
1907,Silvia Llorente,qrivero@example.org,1992-05-03,Lawyer,217,Dominican Republic,La Romana,Individual,Approved,2025-12-13 12:31:28,Email Campaign
1908,Oriana Rodriguez,monteroagustina@example.org,1994-06-03,Software Engineer,70,Dominican Republic,Santo Domingo,Individual,Pending Payment,2024-07-07 16:28:34,Website
1909,Miguel Ángel Cantero,carinabenito@example.com,2006-07-12,Architect,35,Dominican Republic,San Pedro de Macorís,Honorary,Approved,2025-11-03 11:44:44,Email Campaign
1910,Narciso Cabello,joaquinperales@example.net,1992-07-31,Software Engineer,294,Dominican Republic,San Pedro de Macorís,Corporate,Approved,2025-12-17 00:26:01,Walk-in
1911,Clímaco Noguera,juan-antonio26@example.net,1977-03-13,Marketing Specialist,292,Dominican Republic,San Pedro de Macorís,Individual,Approved,2025-07-30 17:40:33,Website
1912,Felipe Gordillo,jalfonso@example.com,2002-06-01,Business Consultant,44,Dominican Republic,Santiago,Student,Approved,2024-02-21 05:36:31,Walk-in
1913,Trinidad Pelayo,telmo77@example.org,1976-11-22,Marketing Specialist,24,Dominican Republic,San Francisco de Macorís,Honorary,Approved,2024-09-11 09:00:48,Walk-in
1914,Berto Sala,amoresedgar@example.org,1977-09-22,Project Manager,181,Dominican Republic,La Romana,Student,Approved,2025-11-26 08:37:05,Website
1915,Abigaíl Carvajal,rodrigo47@example.net,1997-06-18,Data Analyst,124,Dominican Republic,Punta Cana,Individual,Rejected,2023-08-10 00:01:13,Website
1916,Alicia Barriga,climacotorrecilla@example.com,1986-02-01,Software Engineer,77,Dominican Republic,La Romana,Honorary,Rejected,2023-08-05 00:01:39,Event
1917,Benita Alcázar,susanitasalamanca@example.com,2003-08-05,Marketing Specialist,133,Dominican Republic,Punta Cana,Corporate,Approved,2022-04-09 06:25:56,Event
1918,Priscila Mata,julieta72@example.com,1977-05-05,Financial Analyst,212,Dominican Republic,Santiago,Corporate,Approved,2023-01-11 02:20:05,Website
1919,Chus Duque,juan-antonio68@example.com,1980-08-31,Civil Engineer,26,Dominican Republic,Santo Domingo,Honorary,Rejected,2025-06-26 14:05:18,Event
1920,Gilberto Villalonga,artemio76@example.com,1984-03-05,Software Engineer,160,Dominican Republic,Santo Domingo,Individual,Withdrawn,2022-10-22 15:46:10,Event
1921,Agustín Salinas,jgabaldon@example.com,2007-10-27,Software Engineer,48,Dominican Republic,San Pedro de Macorís,Corporate,Rejected,2022-03-23 19:22:18,Referral
1922,Rosalina Fábregas,horacio86@example.com,1989-11-08,Business Consultant,136,Dominican Republic,San Francisco de Macorís,Corporate,Approved,2022-10-29 16:01:10,Event
1923,Pepito Casares,teodoraangel@example.com,2000-03-19,Financial Analyst,208,Dominican Republic,Punta Cana,Student,Rejected,2025-12-08 12:07:39,Event
1924,Petrona Talavera,ramosteresita@example.net,1999-04-06,Marketing Specialist,85,Dominican Republic,La Romana,Student,Approved,2021-11-27 15:30:05,Event
1925,Nayara Lago,lguillen@example.org,1999-04-04,Business Consultant,211,Dominican Republic,Puerto Plata,Honorary,Approved,2024-06-30 09:09:44,Referral
1926,Melisa Pellicer,juan-antonioaguado@example.com,2002-06-19,Financial Analyst,57,Dominican Republic,Punta Cana,Individual,Rejected,2021-11-12 16:49:37,Email Campaign
1927,Jacinta Zamorano,ainoafolch@example.net,1989-11-15,Accountant,236,Dominican Republic,Punta Cana,Corporate,Approved,2022-05-13 04:05:32,Website
1928,Verónica Morán,qromeu@example.org,1986-05-04,Project Manager,125,Dominican Republic,San Francisco de Macorís,Individual,Approved,2023-04-13 20:26:26,Event
1929,Isabel Montoya,dsanjuan@example.net,1991-10-06,Architect,72,Dominican Republic,Punta Cana,Individual,Submitted,2025-11-26 19:54:20,Walk-in
1930,Dulce Sierra,wnicolau@example.com,1981-01-18,Architect,265,Dominican Republic,San Francisco de Macorís,Student,Approved,2025-05-12 10:21:00,Walk-in
1931,Remedios Benítez,hernandezpaz@example.net,1984-06-25,Marketing Specialist,33,Dominican Republic,La Romana,Individual,Rejected,2022-11-26 00:09:06,Referral
1932,Ramona Escrivá,zgallo@example.net,2004-02-19,Software Engineer,60,Dominican Republic,San Francisco de Macorís,Individual,Approved,2022-10-04 10:09:27,Referral
1933,Xavier Fábregas,benitoecheverria@example.org,2007-10-03,Software Engineer,35,Dominican Republic,Puerto Plata,Student,Submitted,2022-11-26 04:48:34,Event
1934,Alma Calderón,benavidespetrona@example.com,2003-11-22,Lawyer,215,Dominican Republic,La Romana,Corporate,Under Review,2024-10-21 10:03:46,Referral
1935,Florina Trillo,fcarrillo@example.org,1990-01-14,Project Manager,42,Dominican Republic,San Pedro de Macorís,Corporate,Approved,2023-01-18 12:06:04,Website
1936,Baudelio Mariño,encarnitaperal@example.org,1985-06-23,Software Engineer,98,Dominican Republic,San Francisco de Macorís,Honorary,Approved,2023-12-07 01:43:08,Website
1937,Pilar Quintero,anacletoperera@example.org,2007-08-18,Civil Engineer,121,Dominican Republic,Santo Domingo,Student,Rejected,2022-07-13 13:18:25,Email Campaign
1938,Petrona Rodríguez,galandaniela@example.org,1982-01-06,Project Manager,126,Dominican Republic,La Romana,Corporate,Approved,2021-11-25 17:09:14,Website
1939,Trini Escribano,galcala@example.com,1981-12-02,Accountant,297,Dominican Republic,La Romana,Corporate,Rejected,2025-01-11 20:12:15,Walk-in
1940,Julio César Valbuena,barreratelmo@example.net,1976-07-04,Architect,131,Dominican Republic,Santiago,Student,Approved,2022-04-04 18:49:34,Event
1941,Virgilio Sobrino,garzonnoelia@example.org,1989-04-04,Business Consultant,209,Dominican Republic,Puerto Plata,Corporate,Approved,2023-04-20 13:57:21,Website
1942,Victor Manuel Ariza,isidora00@example.com,1995-06-30,Civil Engineer,249,Dominican Republic,Punta Cana,Honorary,Under Review,2023-05-03 20:04:46,Walk-in
1943,Horacio Esteban,lsegarra@example.com,2006-11-03,Architect,85,Dominican Republic,La Romana,Individual,Approved,2024-01-11 16:05:50,Event
1944,Renato Goicoechea,saezfeliciano@example.net,1985-02-15,Accountant,103,Dominican Republic,Santiago,Corporate,Approved,2025-06-04 00:13:20,Referral
1945,Toribio Hernández,gironchus@example.org,2000-11-15,Civil Engineer,4,Dominican Republic,Puerto Plata,Student,Rejected,2025-01-12 09:28:00,Event
1946,Maristela Morcillo,benjamin25@example.net,2000-06-07,Lawyer,101,Dominican Republic,Santiago,Student,Approved,2026-04-30 16:59:46,Event
1947,Moreno Camps,malenagomila@example.org,1991-05-14,Civil Engineer,233,Dominican Republic,Punta Cana,Corporate,Submitted,2022-12-29 16:31:21,Referral
1948,Marta Uriarte,calixtabonet@example.org,2006-02-03,Software Engineer,8,Dominican Republic,San Francisco de Macorís,Student,Approved,2022-08-27 00:09:29,Website
1949,Paca Ponce,pabloasenjo@example.com,2001-12-05,Civil Engineer,200,Dominican Republic,Punta Cana,Individual,Approved,2025-04-20 09:13:01,Email Campaign
1950,Benigno Casares,crivas@example.com,1997-08-15,Civil Engineer,246,Dominican Republic,Santo Domingo,Student,Under Review,2024-06-19 13:35:04,Walk-in
1951,Palmira Duarte,jdelgado@example.net,1985-12-24,Financial Analyst,254,Dominican Republic,Santiago,Student,Rejected,2024-09-04 12:34:18,Walk-in
1952,Hernán Torrijos,estrella95@example.org,1991-01-18,Accountant,297,Dominican Republic,Punta Cana,Student,Approved,2021-08-27 13:27:26,Event
1953,Anselma Royo,olalla06@example.net,1992-06-29,Civil Engineer,226,Dominican Republic,Santiago,Honorary,Approved,2024-09-27 19:04:57,Email Campaign
1954,Marisa Rey,domenecharsenio@example.net,1975-12-30,Accountant,291,Dominican Republic,Punta Cana,Corporate,Approved,2022-07-12 16:14:02,Referral
1955,Clara Duarte,dazagilberto@example.org,2006-05-29,Civil Engineer,59,Dominican Republic,Punta Cana,Corporate,Approved,2024-10-22 16:46:38,Referral
1956,Maxi Martínez,estefaniaantunez@example.com,1984-06-17,Project Manager,129,Dominican Republic,La Romana,Corporate,Under Review,2026-04-06 09:18:48,Walk-in
1957,Constanza Aramburu,fulgenciocrespo@example.com,2008-03-18,Data Analyst,240,Dominican Republic,Santiago,Honorary,Approved,2023-04-15 15:25:28,Event
1958,Jose Miguel Fábregas,adolfodiez@example.org,1987-10-24,Financial Analyst,111,Dominican Republic,San Francisco de Macorís,Corporate,Withdrawn,2022-03-22 16:22:08,Walk-in
1959,Apolinar Correa,vicenta55@example.org,1979-07-05,Lawyer,69,Dominican Republic,San Francisco de Macorís,Individual,Approved,2023-07-29 16:44:50,Event
1960,Nicolás Luque,natividad03@example.com,1995-05-31,Accountant,286,Dominican Republic,Punta Cana,Student,Pending Payment,2025-12-09 13:46:26,Website
1961,Odalis López,estrellaferrer@example.org,1982-03-16,Architect,94,Dominican Republic,Puerto Plata,Individual,Under Review,2023-01-11 17:30:48,Referral
1962,Macario Hoz,lcardenas@example.com,1980-02-23,Lawyer,149,Dominican Republic,San Francisco de Macorís,Individual,Rejected,2021-09-17 06:57:05,Email Campaign
1963,Octavia Amor,cintia83@example.org,1979-12-11,Project Manager,18,Dominican Republic,Punta Cana,Corporate,Approved,2023-12-10 23:44:24,Email Campaign
1964,Marina León,caceresserafina@example.net,1977-08-08,Accountant,274,Dominican Republic,Santo Domingo,Individual,Approved,2025-06-06 06:38:11,Walk-in
1965,Melisa Mínguez,nmillan@example.net,1996-07-25,Financial Analyst,4,Dominican Republic,Puerto Plata,Honorary,Approved,2022-10-15 19:01:16,Event
1966,Basilio Carranza,jose-carlosvalderrama@example.com,1982-05-21,Accountant,205,Dominican Republic,Santiago,Student,Approved,2022-04-16 14:15:24,Referral
1967,Alicia Segura,dionisia54@example.org,1977-11-16,Data Analyst,251,Dominican Republic,San Pedro de Macorís,Student,Approved,2021-10-11 01:00:17,Website
1968,Rodrigo Esparza,felipa19@example.org,2006-04-29,Data Analyst,128,Dominican Republic,La Romana,Individual,Under Review,2025-06-18 02:24:37,Referral
1969,Octavio Cabañas,gerardopriego@example.com,1978-03-26,Architect,276,Dominican Republic,Puerto Plata,Student,Rejected,2023-08-07 12:21:30,Website
1970,Cornelio Tirado,jesus62@example.com,2004-09-26,Accountant,20,Dominican Republic,Santo Domingo,Corporate,Approved,2023-12-25 07:00:58,Website
1971,Ainara Montalbán,guadalupeverdugo@example.net,2006-11-16,Civil Engineer,131,Dominican Republic,La Romana,Student,Submitted,2025-01-15 07:48:12,Event
1972,José Piñol,cifuentesjudith@example.org,2005-12-09,Accountant,44,Dominican Republic,La Romana,Corporate,Under Review,2025-04-09 11:09:20,Walk-in
1973,Dionisio Sanabria,amandoacuna@example.net,1995-10-29,Marketing Specialist,47,Dominican Republic,San Francisco de Macorís,Student,Approved,2022-12-30 17:32:26,Website
1974,Georgina Leiva,sandra24@example.org,1982-02-23,Marketing Specialist,92,Dominican Republic,Santo Domingo,Corporate,Submitted,2023-01-24 04:49:44,Email Campaign
1975,Julieta Camacho,oterojessica@example.org,2004-11-28,Lawyer,218,Dominican Republic,San Francisco de Macorís,Honorary,Approved,2024-06-21 20:33:17,Website
1976,Pedro Agustín,ciriaco43@example.net,2001-11-28,Data Analyst,114,Dominican Republic,Santiago,Honorary,Approved,2022-11-02 10:18:27,Walk-in
1977,Cornelio Calzada,jordan08@example.com,1992-02-25,Civil Engineer,169,Dominican Republic,San Francisco de Macorís,Student,Approved,2025-07-28 01:13:45,Walk-in
1978,Felicia Chaves,adelaida92@example.com,1999-03-17,Business Consultant,272,Dominican Republic,Puerto Plata,Corporate,Approved,2023-10-15 15:00:40,Walk-in
1979,Rosalina Castro,cirovalls@example.net,1983-09-08,Financial Analyst,224,Dominican Republic,Punta Cana,Individual,Approved,2023-10-25 02:17:27,Email Campaign
1980,Eusebia Montoya,escribanomagdalena@example.org,1985-12-09,Civil Engineer,60,Dominican Republic,Santiago,Individual,Approved,2026-04-07 23:54:41,Event
1981,Almudena Ugarte,rosadoamerica@example.net,1988-08-25,Data Analyst,224,Dominican Republic,San Francisco de Macorís,Individual,Approved,2023-05-03 19:18:55,Event
1982,Horacio Guitart,doloresropero@example.com,1978-11-21,Marketing Specialist,206,Dominican Republic,San Pedro de Macorís,Student,Approved,2024-09-10 22:58:34,Referral
1983,Salud Barceló,noesolera@example.net,1994-02-12,Accountant,237,Dominican Republic,Santo Domingo,Honorary,Approved,2024-02-12 06:39:43,Referral
1984,Toribio Llopis,vizcainonazario@example.net,1992-10-10,Lawyer,152,Dominican Republic,Santiago,Individual,Submitted,2024-09-15 00:34:10,Event
1985,Macaria Águila,pauladuarte@example.com,1999-06-12,Project Manager,169,Dominican Republic,Punta Cana,Honorary,Approved,2025-05-15 06:07:27,Event
1986,Leocadia Tejedor,sandalioduenas@example.org,2000-10-24,Architect,76,Dominican Republic,La Romana,Honorary,Approved,2025-12-20 19:49:49,Email Campaign
1987,Juan Pablo Puga,qcasares@example.net,2002-02-24,Business Consultant,116,Dominican Republic,San Francisco de Macorís,Individual,Rejected,2023-01-30 14:54:42,Walk-in
1988,Primitivo Mayol,rosalvamontana@example.net,1988-05-06,Business Consultant,17,Dominican Republic,San Francisco de Macorís,Honorary,Approved,2022-05-01 19:33:46,Event
1989,Mireia Pou,catalinacuenca@example.org,1981-11-22,Project Manager,56,Dominican Republic,Santo Domingo,Individual,Approved,2024-08-18 07:52:41,Website
1990,Adán Camino,patricioramirez@example.org,2001-05-26,Civil Engineer,50,Dominican Republic,Punta Cana,Individual,Approved,2024-03-14 11:16:11,Referral
1991,Victoriano Dueñas,lfabregat@example.com,2005-08-13,Financial Analyst,126,Dominican Republic,San Pedro de Macorís,Student,Approved,2023-03-08 21:34:23,Email Campaign
1992,Flavia Alberto,domenechmonica@example.org,1984-01-03,Project Manager,271,Dominican Republic,La Romana,Honorary,Submitted,2023-12-23 14:33:50,Email Campaign
1993,Chucho Madrigal,doroteaalberdi@example.org,1996-03-31,Business Consultant,82,Dominican Republic,Santiago,Student,Approved,2025-03-14 22:22:38,Email Campaign
1994,Rufino Domínguez,iarino@example.com,1989-03-16,Data Analyst,142,Dominican Republic,San Pedro de Macorís,Student,Approved,2021-08-26 13:18:41,Email Campaign
1995,Juan Francisco Noriega,paniaguatito@example.org,1981-12-11,Financial Analyst,150,Dominican Republic,La Romana,Honorary,Withdrawn,2022-03-21 04:24:07,Website
1996,Albina López,alfonsoliliana@example.org,1996-07-22,Accountant,197,Dominican Republic,Puerto Plata,Individual,Rejected,2022-04-15 09:42:52,Referral
1997,Aureliano Blasco,jose-luispelaez@example.org,1993-12-23,Marketing Specialist,98,Dominican Republic,Puerto Plata,Student,Submitted,2023-02-28 16:27:25,Website
1998,Eloy Cueto,piedad71@example.org,2007-12-16,Accountant,72,Dominican Republic,Punta Cana,Honorary,Approved,2023-07-17 02:48:34,Walk-in
1999,Roberto Adán,rivasalfonso@example.net,1980-07-13,Project Manager,17,Dominican Republic,San Pedro de Macorís,Honorary,Approved,2025-07-29 07:39:36,Event
2000,Amalia Arcos,salomon46@example.org,2007-01-25,Software Engineer,166,Dominican Republic,San Pedro de Macorís,Student,Approved,2025-03-16 10:09:29,Website
2001,Paulina Ballesteros,iruano@example.com,1985-03-21,Data Analyst,284,Dominican Republic,San Francisco de Macorís,Honorary,Rejected,2023-07-05 07:09:06,Website
2002,Leandra Zaragoza,agustin09@example.com,1983-05-31,Lawyer,266,Dominican Republic,Santo Domingo,Individual,Approved,2025-08-03 08:50:50,Event
2003,Fulgencio Folch,teo17@example.com,1998-01-26,Software Engineer,271,Dominican Republic,La Romana,Individual,Approved,2022-11-24 07:10:55,Walk-in
2004,Rocío Gisbert,fusterrufina@example.org,2002-05-29,Accountant,13,Dominican Republic,La Romana,Individual,Approved,2025-02-20 18:03:58,Referral
2005,Darío Alberola,lorenzo16@example.com,1980-04-25,Financial Analyst,68,Dominican Republic,Santiago,Student,Approved,2023-05-09 07:41:47,Walk-in
2006,Ligia Cabezas,roller@example.com,1979-08-09,Business Consultant,250,Dominican Republic,San Francisco de Macorís,Honorary,Approved,2023-04-28 16:30:57,Email Campaign
2007,Ángel Escalona,qsoriano@example.com,1993-06-15,Data Analyst,225,Dominican Republic,Puerto Plata,Individual,Approved,2024-09-23 12:30:15,Email Campaign
2008,Albina Rivera,rocarosa-maria@example.net,1982-09-27,Business Consultant,225,Dominican Republic,Santo Domingo,Individual,Approved,2023-10-14 15:25:02,Referral
2009,Elisabet Manzano,estrellaarrieta@example.com,2005-08-03,Civil Engineer,29,Dominican Republic,La Romana,Honorary,Approved,2025-04-18 07:10:38,Email Campaign
2010,Nydia Baños,vmosquera@example.org,1993-01-19,Accountant,118,Dominican Republic,San Pedro de Macorís,Corporate,Approved,2026-05-02 01:36:17,Event
2011,Valero Aller,urrutiaestefania@example.net,1994-11-10,Architect,28,Dominican Republic,Punta Cana,Student,Approved,2023-04-04 07:47:31,Email Campaign
2012,Francisco Jose Marí,arieldomingo@example.com,1994-09-17,Accountant,279,Dominican Republic,La Romana,Honorary,Approved,2023-07-07 19:06:19,Referral
2013,Victor Mena,maria-pilar41@example.com,1981-05-15,Civil Engineer,123,Dominican Republic,Punta Cana,Corporate,Pending Payment,2023-07-07 06:32:59,Website
2014,Julio César Ojeda,ynaranjo@example.org,1992-09-10,Civil Engineer,12,Dominican Republic,Punta Cana,Student,Approved,2024-12-15 12:03:59,Walk-in
2015,Constanza Jaume,kalba@example.com,2005-05-22,Civil Engineer,146,Dominican Republic,Santiago,Honorary,Approved,2024-02-23 10:02:14,Email Campaign
2016,María Teresa Pelayo,reyescerro@example.com,1994-09-06,Marketing Specialist,24,Dominican Republic,San Pedro de Macorís,Student,Submitted,2022-01-01 14:34:41,Email Campaign
2017,Lisandro Solsona,hectorvillalobos@example.com,2000-08-14,Business Consultant,63,Dominican Republic,Puerto Plata,Corporate,Approved,2023-11-30 21:44:52,Email Campaign
2018,Bernardino Albero,nicolaujavi@example.net,2005-05-25,Project Manager,34,Dominican Republic,Santiago,Honorary,Approved,2024-07-08 11:34:25,Referral
2019,Eufemia Milla,lleal@example.org,1988-12-10,Financial Analyst,202,Dominican Republic,Puerto Plata,Student,Approved,2024-01-08 03:24:09,Event
2020,Joel Montesinos,antunezcandida@example.org,1991-11-16,Architect,176,Dominican Republic,Puerto Plata,Individual,Withdrawn,2026-03-10 17:17:26,Walk-in
2021,Casemiro Juárez,tayllon@example.com,2004-06-12,Marketing Specialist,80,Dominican Republic,San Pedro de Macorís,Student,Approved,2025-02-21 08:52:30,Website
2022,Maite Burgos,ivan78@example.net,1984-07-23,Financial Analyst,245,Dominican Republic,San Francisco de Macorís,Honorary,Submitted,2023-12-30 16:36:10,Website
2023,Ibán Sebastián,prietoluisa@example.com,1978-06-13,Project Manager,157,Dominican Republic,Punta Cana,Honorary,Approved,2026-04-06 10:40:42,Email Campaign
2024,Marina Sanmiguel,selena64@example.com,2004-07-14,Business Consultant,159,Dominican Republic,San Francisco de Macorís,Honorary,Rejected,2025-08-16 19:20:31,Referral
2025,Eleuterio Pons,sanchobautista@example.com,1998-01-27,Financial Analyst,62,Dominican Republic,San Francisco de Macorís,Individual,Approved,2024-03-05 07:57:56,Website
2026,Sofía Bonet,olga89@example.net,1976-10-15,Financial Analyst,81,Dominican Republic,San Pedro de Macorís,Corporate,Approved,2022-02-27 14:42:23,Event
2027,Eustaquio Santamaría,kdiaz@example.org,1976-01-09,Financial Analyst,31,Dominican Republic,Santiago,Honorary,Approved,2026-01-18 02:57:30,Walk-in
2028,Mario Nadal,santosflorentina@example.net,1988-09-30,Financial Analyst,92,Dominican Republic,Puerto Plata,Individual,Approved,2021-10-28 06:34:27,Referral
2029,Luis Ángel Guzman,sergio60@example.com,2006-04-01,Software Engineer,48,Dominican Republic,La Romana,Corporate,Approved,2021-12-17 04:55:24,Walk-in
2030,Javier Huguet,blasa@example.net,1992-12-21,Lawyer,23,Dominican Republic,Santiago,Corporate,Approved,2023-09-27 23:41:31,Referral
2031,Héctor Amores,ptomas@example.com,1998-04-21,Business Consultant,86,Dominican Republic,Santo Domingo,Honorary,Rejected,2023-06-12 07:29:41,Event
2032,Alfredo Quiroga,jcarreno@example.org,1981-11-15,Project Manager,202,Dominican Republic,San Francisco de Macorís,Individual,Approved,2023-03-18 14:57:25,Website
2033,Sosimo Reguera,xlucas@example.org,1996-07-19,Civil Engineer,156,Dominican Republic,La Romana,Student,Approved,2021-10-14 22:45:00,Website
2034,María Manuela Vigil,pverdejo@example.net,1990-04-23,Accountant,297,Dominican Republic,San Francisco de Macorís,Student,Approved,2024-06-13 06:09:09,Event
2035,Isaías Vallés,inmaculada90@example.com,1991-08-31,Financial Analyst,195,Dominican Republic,Punta Cana,Corporate,Approved,2023-05-25 11:10:50,Referral
2036,Constanza Ribera,marcodominguez@example.net,1993-03-03,Architect,72,Dominican Republic,Puerto Plata,Student,Approved,2025-12-07 18:37:45,Website
2037,Maristela Tirado,vamador@example.com,2002-10-29,Project Manager,164,Dominican Republic,Puerto Plata,Individual,Approved,2024-05-24 05:39:16,Event
2038,Regina Almeida,concepcion22@example.org,1999-04-11,Marketing Specialist,230,Dominican Republic,Santo Domingo,Student,Approved,2025-07-10 16:50:25,Email Campaign
2039,Benigno Jáuregui,ibermejo@example.com,1998-11-17,Marketing Specialist,13,Dominican Republic,Puerto Plata,Honorary,Approved,2025-06-01 11:07:37,Website
2040,Amor Ramírez,lfuster@example.org,2001-08-04,Project Manager,7,Dominican Republic,Santo Domingo,Honorary,Approved,2022-03-30 10:13:17,Event
2041,Samu Cánovas,sanchezgregorio@example.net,1995-06-05,Architect,258,Dominican Republic,Santiago,Student,Approved,2023-02-27 16:12:26,Website
2042,María Fernanda Verdú,cuestaamor@example.org,1994-10-06,Accountant,38,Dominican Republic,San Pedro de Macorís,Student,Approved,2022-12-16 23:54:24,Email Campaign
2043,Silvio Moraleda,maria-teresaguijarro@example.com,1978-09-21,Software Engineer,198,Dominican Republic,La Romana,Honorary,Approved,2025-07-17 07:39:18,Website
2044,Malena Aguado,nmena@example.com,1981-06-26,Business Consultant,281,Dominican Republic,Puerto Plata,Honorary,Rejected,2025-02-04 18:41:27,Email Campaign
2045,Diana Manzanares,amorfabregas@example.net,1999-04-23,Accountant,203,Dominican Republic,Santiago,Student,Rejected,2026-03-16 17:19:46,Walk-in
2046,Jacinta Guitart,gameznacho@example.com,1999-01-09,Civil Engineer,34,Dominican Republic,Punta Cana,Individual,Approved,2021-10-24 16:21:48,Walk-in
2047,Daniel Lumbreras,matilde99@example.com,1990-12-11,Data Analyst,21,Dominican Republic,Santiago,Corporate,Approved,2021-11-17 00:04:42,Event
2048,Ricardo Escobar,nietooriana@example.net,1990-08-04,Financial Analyst,267,Dominican Republic,Puerto Plata,Honorary,Approved,2023-04-07 15:13:31,Walk-in
2049,Abilio Pedro,elvira82@example.com,1983-07-17,Architect,244,Dominican Republic,San Francisco de Macorís,Student,Under Review,2026-01-04 11:21:16,Walk-in
2050,Manuelita Lobo,octaviaballester@example.net,1980-08-21,Architect,18,Dominican Republic,Puerto Plata,Corporate,Approved,2022-04-16 21:01:18,Website
2051,Adelaida Cantón,gsoto@example.org,1988-10-16,Lawyer,32,Dominican Republic,Santiago,Corporate,Pending Payment,2024-11-08 19:00:01,Website
2052,Felipa Linares,irenecarbonell@example.com,2005-09-09,Business Consultant,27,Dominican Republic,La Romana,Corporate,Approved,2026-02-20 07:22:20,Email Campaign
2053,Cruz Azorin,pinoflorina@example.com,2005-09-03,Lawyer,299,Dominican Republic,Puerto Plata,Corporate,Approved,2022-11-09 17:00:12,Referral
2054,Valentina Vicente,moyaabel@example.org,2007-08-12,Data Analyst,260,Dominican Republic,La Romana,Corporate,Submitted,2025-06-20 01:30:15,Email Campaign
2055,Matilde Arteaga,tamaritbaltasar@example.net,1980-12-15,Software Engineer,66,Dominican Republic,La Romana,Honorary,Approved,2025-02-26 15:43:01,Event
2056,Eva María Martín,salmeronserafina@example.org,1982-07-29,Accountant,192,Dominican Republic,Santo Domingo,Corporate,Approved,2021-11-30 08:59:27,Walk-in
2057,Armida Angulo,santosfeliciano@example.com,1980-10-03,Software Engineer,284,Dominican Republic,Punta Cana,Individual,Approved,2026-02-23 09:03:28,Referral
2058,Fito Ribera,florinamarti@example.com,2004-04-23,Accountant,54,Dominican Republic,La Romana,Corporate,Rejected,2026-02-16 19:22:00,Website
2059,Nacho Andrés,secoeugenio@example.net,1992-12-01,Financial Analyst,14,Dominican Republic,Puerto Plata,Corporate,Under Review,2024-07-13 15:34:07,Website
2060,Clara Espejo,fllorens@example.org,1989-11-25,Lawyer,17,Dominican Republic,Punta Cana,Individual,Approved,2026-03-30 00:04:18,Email Campaign
2061,Abilio Rocha,plazarosa-maria@example.org,1981-06-25,Software Engineer,145,Dominican Republic,San Pedro de Macorís,Honorary,Approved,2025-09-01 00:16:02,Website
2062,Santiago Pou,albinoaparicio@example.net,1980-03-09,Architect,9,Dominican Republic,San Francisco de Macorís,Corporate,Approved,2021-10-16 19:22:09,Walk-in
2063,Jose Carretero,obarbera@example.org,2007-01-17,Software Engineer,65,Dominican Republic,Punta Cana,Corporate,Rejected,2025-03-26 15:46:15,Website
2064,Guiomar Lamas,julio-cesar35@example.net,1988-08-16,Lawyer,225,Dominican Republic,San Pedro de Macorís,Corporate,Approved,2023-03-20 02:01:58,Event
2065,Felisa Isern,azahara70@example.org,1981-09-22,Civil Engineer,254,Dominican Republic,Santiago,Student,Approved,2021-09-28 19:33:23,Event
2066,Magdalena Marquez,marccamara@example.net,2005-06-25,Project Manager,126,Dominican Republic,Punta Cana,Individual,Approved,2024-10-30 13:31:44,Email Campaign
2067,Ildefonso Raya,boschangeles@example.org,2008-03-14,Business Consultant,197,Dominican Republic,La Romana,Student,Withdrawn,2023-07-19 02:14:29,Referral
2068,Álvaro Pascual,agapitoespana@example.net,2006-08-04,Project Manager,87,Dominican Republic,San Francisco de Macorís,Corporate,Rejected,2023-12-01 00:42:31,Website
2069,Clotilde Sanmiguel,pbarral@example.net,1988-06-18,Accountant,286,Dominican Republic,San Francisco de Macorís,Individual,Approved,2025-06-20 08:17:28,Walk-in
2070,Aarón Catalán,jose-carlos65@example.org,2004-05-18,Architect,45,Dominican Republic,Puerto Plata,Student,Approved,2024-04-09 18:18:50,Website
2071,Aristides Ortiz,ivan64@example.net,2001-04-19,Architect,69,Dominican Republic,La Romana,Honorary,Approved,2022-04-28 17:27:05,Referral
2072,Juana Sabater,melania40@example.org,2005-05-17,Business Consultant,275,Dominican Republic,San Pedro de Macorís,Corporate,Rejected,2025-01-19 21:06:56,Walk-in
2073,Pascuala Lladó,diegoortuno@example.net,1995-01-15,Accountant,145,Dominican Republic,Punta Cana,Student,Rejected,2025-06-29 09:17:08,Website
2074,Andrea Ibarra,leonel66@example.org,1982-05-15,Data Analyst,232,Dominican Republic,La Romana,Student,Approved,2022-09-24 21:37:48,Event
2075,Jerónimo Roman,piquersamuel@example.com,1996-03-17,Lawyer,71,Dominican Republic,San Francisco de Macorís,Honorary,Rejected,2026-02-24 03:30:33,Email Campaign
2076,Saturnino Luz,castelloramon@example.net,1986-03-17,Marketing Specialist,153,Dominican Republic,Puerto Plata,Student,Approved,2025-10-09 09:26:56,Email Campaign
2077,Viviana Dávila,marianelaayuso@example.com,1981-12-22,Marketing Specialist,46,Dominican Republic,San Pedro de Macorís,Student,Submitted,2026-02-10 03:36:42,Referral
2078,Roldán Espinosa,segismundocastells@example.org,1988-09-15,Financial Analyst,185,Dominican Republic,Punta Cana,Corporate,Approved,2025-03-13 05:10:30,Website
2079,Rómulo Belmonte,lraya@example.org,2006-01-06,Lawyer,298,Dominican Republic,Santiago,Honorary,Approved,2024-07-31 21:32:01,Referral
2080,René Cortes,ildefonsomontes@example.net,2000-08-24,Financial Analyst,167,Dominican Republic,Puerto Plata,Student,Approved,2025-09-17 04:51:21,Referral
2081,Rosaura Pulido,cvalbuena@example.net,1982-01-07,Marketing Specialist,180,Dominican Republic,Santo Domingo,Individual,Approved,2024-10-25 01:50:31,Email Campaign
2082,Yésica Roura,mascarodomingo@example.org,1984-04-25,Marketing Specialist,50,Dominican Republic,Santo Domingo,Honorary,Approved,2026-02-12 12:03:31,Email Campaign
2083,Francisco Jose Avilés,teresa93@example.org,1986-10-14,Data Analyst,63,Dominican Republic,San Pedro de Macorís,Honorary,Rejected,2023-05-09 14:35:20,Email Campaign
2084,Elisa Álvarez,maria-cristinablazquez@example.org,1979-12-08,Accountant,5,Dominican Republic,La Romana,Honorary,Approved,2025-01-27 03:49:54,Walk-in
2085,Agustín Andreu,batlleluis-miguel@example.com,1977-05-03,Lawyer,66,Dominican Republic,San Pedro de Macorís,Honorary,Rejected,2025-08-13 20:59:29,Event
2086,Sabas Collado,mayolmanu@example.net,1998-02-23,Business Consultant,233,Dominican Republic,San Pedro de Macorís,Individual,Under Review,2023-07-31 12:30:02,Walk-in
2087,Reyna Aragón,lupe91@example.org,1985-11-14,Software Engineer,111,Dominican Republic,Punta Cana,Honorary,Submitted,2022-08-28 01:11:59,Event
2088,Ale Fuente,jmontoya@example.net,2004-05-08,Software Engineer,120,Dominican Republic,San Francisco de Macorís,Honorary,Approved,2026-04-10 13:59:15,Event
2089,Adoración Cazorla,royofidela@example.com,2003-12-25,Project Manager,82,Dominican Republic,Santo Domingo,Individual,Approved,2024-11-30 00:58:25,Referral
2090,Manuel Cuesta,manualberdi@example.com,1996-10-11,Project Manager,144,Dominican Republic,La Romana,Honorary,Rejected,2022-12-08 23:01:17,Website
2091,Bartolomé Villena,joaquinnavarro@example.org,1976-09-13,Financial Analyst,257,Dominican Republic,La Romana,Honorary,Withdrawn,2025-10-09 00:18:24,Email Campaign
2092,Teodosio Roman,juliancelia@example.net,1989-04-12,Software Engineer,136,Dominican Republic,Santiago,Honorary,Approved,2022-09-18 11:13:20,Event
2093,Yolanda Aragón,samu82@example.org,1978-07-18,Marketing Specialist,177,Dominican Republic,San Pedro de Macorís,Honorary,Approved,2025-09-06 00:19:59,Walk-in
2094,Genoveva Pastor,eusebiaacedo@example.com,1996-08-05,Project Manager,194,Dominican Republic,Santo Domingo,Student,Approved,2025-02-14 22:13:29,Referral
2095,Sebastian Cabrera,eminguez@example.org,2001-06-05,Civil Engineer,5,Dominican Republic,San Francisco de Macorís,Individual,Approved,2024-02-13 23:11:36,Walk-in
2096,Reina Agudo,jose-miguel47@example.com,1979-09-30,Financial Analyst,164,Dominican Republic,San Pedro de Macorís,Individual,Rejected,2023-01-15 08:25:33,Website
2097,Maximino Gomis,ferreraalma@example.net,1996-09-11,Accountant,296,Dominican Republic,San Pedro de Macorís,Corporate,Approved,2024-05-02 18:49:55,Referral
2098,Remedios Quiroga,albertobaldomero@example.com,1992-04-28,Project Manager,220,Dominican Republic,Santo Domingo,Student,Approved,2025-11-13 09:31:08,Email Campaign
2099,Haroldo Doménech,valderramapancho@example.org,1983-04-30,Business Consultant,132,Dominican Republic,Puerto Plata,Corporate,Under Review,2025-03-19 17:04:44,Email Campaign
2100,Chema Escobar,colladojordana@example.com,2004-01-01,Accountant,91,Dominican Republic,Santo Domingo,Student,Rejected,2022-04-03 07:45:54,Walk-in
2101,Dominga Fiol,nferrer@example.com,1977-01-07,Lawyer,235,Dominican Republic,La Romana,Corporate,Approved,2023-04-07 17:11:34,Website
2102,Marc Espejo,reyes44@example.com,1985-05-25,Project Manager,80,Dominican Republic,Santiago,Corporate,Approved,2026-04-30 10:10:20,Event
2103,Emelina Abad,ana60@example.com,2001-02-27,Project Manager,92,Dominican Republic,Puerto Plata,Individual,Approved,2026-03-13 13:29:11,Referral
2104,Severo Castells,maxibastida@example.org,1999-03-09,Business Consultant,245,Dominican Republic,Santiago,Student,Approved,2025-08-26 09:10:03,Email Campaign
2105,Severiano Montoya,bellidomiriam@example.com,1997-01-28,Marketing Specialist,13,Dominican Republic,La Romana,Honorary,Approved,2021-12-09 18:47:24,Referral
2106,Zaida Palau,tomasjordana@example.org,2008-05-06,Accountant,13,Dominican Republic,Santiago,Individual,Rejected,2023-01-24 22:58:29,Referral
2107,Rosario Oliver,lealpastor@example.com,1982-03-14,Business Consultant,185,Dominican Republic,Santo Domingo,Individual,Under Review,2023-10-29 12:14:24,Referral
2108,Angelino Beltrán,araceli05@example.com,1994-03-06,Lawyer,4,Dominican Republic,Santo Domingo,Honorary,Approved,2022-04-28 09:35:14,Referral
2109,Luisina Bustos,teresa74@example.com,2000-02-01,Financial Analyst,246,Dominican Republic,Santiago,Honorary,Approved,2024-12-26 22:25:29,Email Campaign
2110,Haydée Paz,eligiacaro@example.com,1977-03-29,Marketing Specialist,169,Dominican Republic,San Francisco de Macorís,Honorary,Approved,2025-11-01 01:24:30,Walk-in
2111,Otilia Suárez,ayusolucas@example.org,1995-08-25,Data Analyst,141,Dominican Republic,San Francisco de Macorís,Individual,Approved,2023-09-28 13:19:28,Email Campaign
2112,Tecla Alberola,melchor41@example.net,1985-01-17,Marketing Specialist,263,Dominican Republic,San Pedro de Macorís,Individual,Approved,2021-10-21 21:03:10,Website
2113,María Ibarra,gasparbertran@example.net,1976-06-19,Business Consultant,252,Dominican Republic,Santo Domingo,Individual,Approved,2023-06-06 03:32:24,Event
2114,Dionisia Piñeiro,xcueto@example.net,2000-07-13,Lawyer,282,Dominican Republic,La Romana,Honorary,Approved,2021-12-27 18:29:26,Walk-in
2115,Jorge Vilaplana,yolanda88@example.com,1998-12-08,Business Consultant,272,Dominican Republic,San Francisco de Macorís,Honorary,Approved,2024-01-08 16:22:53,Website
2116,Eusebia Almazán,jalberola@example.com,1986-08-04,Civil Engineer,52,Dominican Republic,Santo Domingo,Individual,Rejected,2022-12-27 23:04:36,Website
2117,Ema Neira,pinalorenzo@example.net,1990-07-11,Data Analyst,89,Dominican Republic,Punta Cana,Individual,Pending Payment,2023-05-29 19:36:06,Walk-in
2118,Roxana Frías,octaviorios@example.org,1982-06-15,Architect,27,Dominican Republic,Santiago,Individual,Approved,2022-02-14 04:49:48,Event
2119,Goyo Solís,juan-jose08@example.net,2006-04-08,Civil Engineer,280,Dominican Republic,Puerto Plata,Honorary,Approved,2022-02-07 18:19:48,Event
2120,María Belén Rosales,garnau@example.net,2008-06-24,Financial Analyst,40,Dominican Republic,Punta Cana,Honorary,Approved,2026-05-26 15:25:40,Website
2121,Almudena Arnau,arielcarpio@example.net,1999-06-10,Lawyer,147,Dominican Republic,Punta Cana,Corporate,Approved,2022-06-09 15:52:41,Website
2122,Calixta Luján,cayetanobriones@example.org,1998-10-23,Financial Analyst,253,Dominican Republic,Santo Domingo,Individual,Approved,2022-11-20 02:14:35,Email Campaign
2123,Obdulia Porta,gcabrera@example.com,1993-12-03,Data Analyst,208,Dominican Republic,Punta Cana,Individual,Approved,2023-12-30 06:53:08,Website
2124,Carolina Nevado,novoafermin@example.com,1983-11-05,Financial Analyst,220,Dominican Republic,Santiago,Individual,Approved,2023-03-28 03:10:46,Referral
2125,Gema Carreras,quintanaanacleto@example.com,1991-02-14,Civil Engineer,204,Dominican Republic,Santiago,Individual,Submitted,2023-01-01 13:45:35,Referral
2126,Eugenio Alfaro,jaime97@example.net,1975-11-20,Data Analyst,243,Dominican Republic,Santo Domingo,Honorary,Rejected,2025-09-12 19:41:08,Referral
2127,Albina Llamas,leonor44@example.com,2000-05-12,Financial Analyst,65,Dominican Republic,La Romana,Individual,Approved,2022-02-17 23:09:25,Website
2128,Rosario Cervantes,cebriansalcedo@example.org,1985-06-27,Financial Analyst,221,Dominican Republic,Santiago,Student,Approved,2024-12-20 17:21:39,Referral
2129,Marcia Beltrán,luisina39@example.com,1989-12-23,Software Engineer,257,Dominican Republic,San Pedro de Macorís,Individual,Approved,2025-10-13 11:33:19,Referral
2130,Nilda Ponce,acatalan@example.org,1984-02-03,Lawyer,14,Dominican Republic,Puerto Plata,Individual,Approved,2024-06-05 20:41:21,Event
2131,Julia Peña,parrajesus@example.org,1980-05-03,Accountant,106,Dominican Republic,Puerto Plata,Individual,Submitted,2024-12-01 23:25:06,Referral
2132,Candelario Mascaró,castillaraul@example.com,2003-04-23,Business Consultant,194,Dominican Republic,Punta Cana,Student,Approved,2026-05-17 17:47:14,Walk-in
2133,Victoria Sanabria,garzonvictoria@example.com,1993-03-27,Financial Analyst,51,Dominican Republic,San Francisco de Macorís,Student,Approved,2025-01-23 12:52:33,Walk-in
2134,Atilio Muro,pozuelojordi@example.org,1989-02-16,Business Consultant,96,Dominican Republic,Santiago,Student,Submitted,2025-01-06 12:37:41,Website
2135,Jorge Roura,pelaezarsenio@example.org,2000-07-07,Financial Analyst,48,Dominican Republic,Santiago,Student,Approved,2026-03-02 05:49:27,Walk-in
2136,Susana Bonilla,alarranaga@example.net,1994-03-11,Financial Analyst,50,Dominican Republic,La Romana,Student,Approved,2022-09-04 17:41:37,Website
2137,Aitor Gascón,carrascofidel@example.org,2003-01-20,Architect,39,Dominican Republic,San Francisco de Macorís,Student,Pending Payment,2023-09-01 22:07:24,Email Campaign
2138,Feliciana Andres,panfilocerda@example.org,1996-05-05,Accountant,297,Dominican Republic,Santo Domingo,Individual,Approved,2023-11-18 16:50:51,Website
2139,Norberto Cruz,maria-fernandasegui@example.com,1994-12-27,Software Engineer,192,Dominican Republic,San Francisco de Macorís,Individual,Rejected,2025-08-17 05:33:46,Event
2140,Josefa Pazos,rosacaparros@example.net,1997-09-26,Accountant,260,Dominican Republic,Puerto Plata,Corporate,Approved,2023-03-28 18:15:26,Website
2141,Ruben Arnaiz,rosarmando@example.org,2005-01-04,Business Consultant,284,Dominican Republic,San Francisco de Macorís,Individual,Approved,2025-08-04 17:38:00,Event
2142,Paco Ureña,gisela54@example.com,1997-02-01,Software Engineer,97,Dominican Republic,Santo Domingo,Student,Approved,2022-10-25 15:00:47,Event
2143,Armando Montaña,mariana89@example.com,1999-03-30,Civil Engineer,293,Dominican Republic,La Romana,Corporate,Withdrawn,2024-01-29 05:24:56,Walk-in
2144,Ángela Mur,aroabotella@example.org,1994-08-12,Financial Analyst,165,Dominican Republic,Puerto Plata,Individual,Rejected,2021-10-15 09:35:02,Walk-in
2145,Eva María Carrillo,ooliveras@example.com,1993-08-29,Software Engineer,296,Dominican Republic,San Pedro de Macorís,Honorary,Rejected,2023-06-13 11:09:39,Website
2146,Loreto Luna,romulo62@example.org,1995-12-18,Marketing Specialist,244,Dominican Republic,La Romana,Individual,Rejected,2024-10-21 10:17:00,Event
2147,Eustaquio Casal,duria@example.com,1999-06-11,Accountant,31,Dominican Republic,Santiago,Corporate,Approved,2025-02-11 12:57:05,Referral
2148,Ricardo Albero,octaviareal@example.org,2003-03-28,Accountant,8,Dominican Republic,San Pedro de Macorís,Individual,Approved,2025-03-22 16:18:55,Event
2149,Priscila Chaparro,camila60@example.com,1976-01-02,Software Engineer,2,Dominican Republic,San Pedro de Macorís,Individual,Approved,2024-03-03 11:04:54,Event
2150,Vidal Correa,bramis@example.org,1982-05-05,Civil Engineer,89,Dominican Republic,San Francisco de Macorís,Corporate,Approved,2024-08-27 12:19:23,Website
2151,Nerea Barros,anna50@example.org,1988-05-21,Architect,205,Dominican Republic,Santo Domingo,Student,Under Review,2023-05-06 04:59:33,Website
2152,Isa Acosta,sainzjeremias@example.net,2000-05-05,Architect,277,Dominican Republic,San Francisco de Macorís,Student,Approved,2022-06-01 22:11:20,Walk-in
2153,Teo Valdés,molinateo@example.org,1987-06-13,Marketing Specialist,235,Dominican Republic,La Romana,Student,Rejected,2026-02-16 18:01:20,Referral
2154,Valerio Barrio,efrain24@example.com,1978-03-14,Lawyer,131,Dominican Republic,San Pedro de Macorís,Student,Rejected,2023-06-06 17:09:50,Walk-in
2155,Jose Luis Morera,vasco94@example.org,1999-10-17,Software Engineer,149,Dominican Republic,Santiago,Individual,Approved,2024-11-04 00:59:26,Walk-in
2156,Juan Luis Pavón,cletomontero@example.net,2007-08-06,Project Manager,17,Dominican Republic,San Pedro de Macorís,Honorary,Approved,2025-08-17 09:05:36,Event
2157,Dalila Ballester,loreto71@example.net,2007-05-31,Project Manager,42,Dominican Republic,Puerto Plata,Honorary,Approved,2022-05-01 04:33:41,Email Campaign
2158,Marta Zamorano,vroyo@example.com,2004-06-26,Financial Analyst,14,Dominican Republic,Santiago,Honorary,Approved,2025-02-02 21:15:01,Email Campaign
2159,Custodia Garmendia,ymurillo@example.org,1994-06-27,Financial Analyst,30,Dominican Republic,Punta Cana,Individual,Approved,2023-08-26 01:37:19,Referral
2160,Guiomar Mora,olaguna@example.net,1994-09-08,Business Consultant,141,Dominican Republic,San Pedro de Macorís,Individual,Under Review,2025-07-24 23:27:11,Walk-in
2161,Ruy Aguilar,jacinta70@example.org,1983-11-29,Business Consultant,18,Dominican Republic,Santiago,Honorary,Approved,2025-09-19 17:12:47,Website
2162,Rebeca Sáez,larajose-ignacio@example.org,2003-01-23,Civil Engineer,8,Dominican Republic,Santiago,Student,Withdrawn,2022-07-03 06:57:38,Referral
2163,Cintia Estevez,amanciopalomino@example.com,1992-04-12,Project Manager,52,Dominican Republic,San Pedro de Macorís,Student,Approved,2023-09-16 07:57:03,Event
2164,Isaac Falcó,jennytello@example.org,2002-05-24,Civil Engineer,276,Dominican Republic,Santiago,Corporate,Withdrawn,2022-10-13 19:36:24,Email Campaign
2165,Humberto Quirós,juan-antonio02@example.net,2007-01-01,Accountant,289,Dominican Republic,Puerto Plata,Student,Rejected,2022-10-14 03:48:26,Email Campaign
2166,Modesto Heredia,olallaprat@example.com,1988-06-10,Civil Engineer,128,Dominican Republic,Santiago,Individual,Approved,2023-03-29 06:05:35,Walk-in
2167,Juan Dalmau,psaenz@example.net,2007-05-24,Marketing Specialist,258,Dominican Republic,Punta Cana,Individual,Approved,2023-01-03 04:38:27,Referral
2168,Jacobo Neira,arturocerezo@example.org,1998-12-27,Business Consultant,2,Dominican Republic,San Francisco de Macorís,Honorary,Approved,2023-03-15 08:43:42,Event
2169,Alfredo Burgos,jennifer01@example.com,1996-08-19,Architect,209,Dominican Republic,Punta Cana,Honorary,Approved,2023-04-04 16:14:07,Referral
2170,Javier Díez,lazaro23@example.com,1992-06-23,Business Consultant,126,Dominican Republic,San Pedro de Macorís,Individual,Approved,2022-04-02 03:23:23,Email Campaign
2171,Elodia Zapata,tamaraagullo@example.net,1992-02-02,Lawyer,135,Dominican Republic,Santiago,Student,Approved,2024-06-20 09:50:47,Email Campaign
2172,Oriana Montesinos,moyapurificacion@example.com,1999-02-15,Business Consultant,116,Dominican Republic,Punta Cana,Honorary,Approved,2024-07-23 15:28:46,Event
2173,Edmundo Porcel,salasmoises@example.com,1994-12-26,Data Analyst,214,Dominican Republic,San Pedro de Macorís,Student,Approved,2022-03-29 12:44:23,Referral
2174,Heriberto Giner,andreuabraham@example.net,2003-12-19,Marketing Specialist,224,Dominican Republic,San Francisco de Macorís,Individual,Approved,2024-12-29 21:02:31,Referral
2175,Modesta Luís,ignaciocortes@example.org,2001-12-18,Financial Analyst,162,Dominican Republic,La Romana,Student,Approved,2025-04-30 12:09:03,Email Campaign
2176,Eufemia Contreras,americasancho@example.com,1991-07-13,Accountant,93,Dominican Republic,Punta Cana,Individual,Approved,2023-07-05 03:49:05,Referral
2177,Herminio Benet,svelasco@example.org,2008-02-20,Marketing Specialist,224,Dominican Republic,Santo Domingo,Corporate,Approved,2025-01-14 15:41:34,Referral
2178,Samu Martín,zanaya@example.com,1975-10-06,Data Analyst,127,Dominican Republic,La Romana,Individual,Approved,2023-05-31 22:57:38,Referral
2179,Celestina Pardo,garatereyes@example.org,1987-01-17,Accountant,235,Dominican Republic,Puerto Plata,Corporate,Rejected,2024-04-24 20:11:54,Email Campaign
2180,Fortunato Vara,elpidio41@example.net,2003-09-08,Financial Analyst,185,Dominican Republic,Punta Cana,Individual,Submitted,2021-12-20 14:05:38,Referral
2181,Felicidad Suárez,luisa02@example.com,1984-11-03,Lawyer,17,Dominican Republic,Punta Cana,Honorary,Approved,2021-10-22 06:34:14,Website
2182,Imelda Rovira,gpedraza@example.org,1990-03-18,Architect,39,Dominican Republic,Santo Domingo,Honorary,Approved,2025-07-04 14:05:00,Walk-in
2183,Sosimo Cervera,cloe06@example.org,1976-02-12,Lawyer,186,Dominican Republic,Punta Cana,Corporate,Approved,2021-12-28 02:15:48,Website
2184,Jose Ignacio Quirós,noaverdugo@example.net,1987-10-15,Software Engineer,72,Dominican Republic,La Romana,Honorary,Approved,2025-01-30 13:02:16,Email Campaign
2185,Sol Jáuregui,sbelda@example.net,1990-11-19,Software Engineer,212,Dominican Republic,San Pedro de Macorís,Honorary,Approved,2023-12-04 03:41:47,Referral
2186,Maxi Torralba,cristobalyanez@example.org,1995-08-15,Accountant,250,Dominican Republic,San Francisco de Macorís,Corporate,Approved,2025-10-08 18:47:17,Email Campaign
2187,Marianela Lobato,jimenezelena@example.net,1992-11-12,Software Engineer,115,Dominican Republic,Santo Domingo,Student,Rejected,2025-04-14 04:56:02,Referral
2188,Andrés Miró,alberto49@example.net,2002-11-18,Civil Engineer,77,Dominican Republic,San Pedro de Macorís,Student,Approved,2023-06-01 14:00:22,Email Campaign
2189,Eric Riera,nmartin@example.org,1980-02-17,Civil Engineer,26,Dominican Republic,La Romana,Honorary,Approved,2023-07-17 20:37:36,Walk-in
2190,Dominga Jimenez,icadenas@example.org,1980-12-26,Financial Analyst,199,Dominican Republic,San Pedro de Macorís,Corporate,Approved,2026-04-24 12:40:55,Event
2191,Delfina Benavente,murencarnacion@example.com,1994-10-13,Lawyer,121,Dominican Republic,Santiago,Honorary,Approved,2024-07-15 08:57:58,Event
2192,Javier Infante,acostajuana@example.org,1981-11-08,Project Manager,129,Dominican Republic,Punta Cana,Corporate,Approved,2025-06-25 05:24:41,Website
2193,Ulises Cárdenas,virginiaferrando@example.net,1993-09-18,Architect,234,Dominican Republic,San Francisco de Macorís,Honorary,Approved,2024-03-27 20:39:02,Event
2194,Anastasia Marín,pascualacuellar@example.com,1989-03-06,Marketing Specialist,40,Dominican Republic,Punta Cana,Individual,Rejected,2025-07-28 08:39:39,Walk-in
2195,Margarita Varela,gbaro@example.net,1993-07-22,Civil Engineer,111,Dominican Republic,Santiago,Honorary,Approved,2022-11-07 22:16:23,Walk-in
2196,Violeta Castells,virgiliozaragoza@example.net,1994-03-23,Lawyer,160,Dominican Republic,Puerto Plata,Honorary,Submitted,2025-10-04 15:53:10,Event
2197,Bautista Murcia,borja68@example.org,1988-09-22,Lawyer,149,Dominican Republic,Santo Domingo,Student,Under Review,2022-04-22 03:03:30,Email Campaign
2198,Lupe Folch,coral56@example.com,1991-07-22,Financial Analyst,24,Dominican Republic,Santiago,Individual,Approved,2026-03-19 13:46:26,Referral
2199,Ruth Linares,wamat@example.net,1986-09-09,Business Consultant,252,Dominican Republic,Puerto Plata,Individual,Approved,2026-01-12 19:30:13,Walk-in
2200,Tiburcio Salcedo,claudia63@example.net,1994-01-27,Project Manager,30,Dominican Republic,Puerto Plata,Student,Approved,2023-09-14 22:07:32,Email Campaign
2201,Abraham Sales,heribertoprat@example.org,1977-05-16,Architect,1,Dominican Republic,San Pedro de Macorís,Student,Withdrawn,2026-04-08 20:10:17,Website
2202,Benigno Chico,yblanes@example.com,1980-02-25,Civil Engineer,18,Dominican Republic,Santiago,Individual,Approved,2021-09-17 19:22:15,Walk-in
2203,Conrado Riquelme,pelayo57@example.net,1992-11-18,Architect,187,Dominican Republic,Santiago,Individual,Pending Payment,2025-02-08 06:43:05,Walk-in
2204,Leopoldo Murillo,zyanez@example.com,1986-10-19,Accountant,21,Dominican Republic,Punta Cana,Corporate,Approved,2024-09-12 12:40:04,Website
2205,Susanita Uriarte,cornelio24@example.com,1990-04-23,Civil Engineer,251,Dominican Republic,San Francisco de Macorís,Individual,Approved,2023-12-26 22:21:49,Website
2206,Adelardo Aguilar,pomaresazucena@example.com,1987-02-18,Architect,75,Dominican Republic,Santiago,Honorary,Approved,2026-01-30 12:56:43,Event
2207,Miriam Ribera,lupebarcelo@example.com,1978-01-26,Civil Engineer,108,Dominican Republic,San Pedro de Macorís,Individual,Approved,2025-03-06 06:54:59,Walk-in
2208,Roberto Osorio,moreno12@example.org,2005-12-27,Civil Engineer,34,Dominican Republic,Puerto Plata,Honorary,Approved,2023-11-01 06:56:42,Event
2209,Rosalva Mate,bruno89@example.net,1991-09-19,Marketing Specialist,267,Dominican Republic,Puerto Plata,Honorary,Approved,2024-03-02 18:11:10,Referral
2210,Adelardo Cobo,heribertoangel@example.com,2006-09-06,Business Consultant,50,Dominican Republic,Punta Cana,Student,Approved,2026-03-13 03:27:35,Referral
2211,Teodosio Alegria,piedadmonreal@example.com,2005-02-25,Software Engineer,169,Dominican Republic,Santiago,Honorary,Approved,2022-01-02 22:56:54,Email Campaign
2212,Luna Bartolomé,paller@example.com,1982-03-31,Business Consultant,24,Dominican Republic,Puerto Plata,Student,Approved,2022-01-14 09:44:42,Website
2213,Sofía Martí,fabio38@example.net,1989-08-21,Project Manager,275,Dominican Republic,Santiago,Honorary,Rejected,2022-03-02 13:44:33,Email Campaign
2214,Fulgencio Arrieta,lupe08@example.net,2000-09-07,Accountant,283,Dominican Republic,Santiago,Honorary,Approved,2026-03-13 23:06:21,Email Campaign
2215,Jacinto Anglada,margarita13@example.com,1998-05-17,Civil Engineer,192,Dominican Republic,Punta Cana,Individual,Submitted,2021-10-02 10:20:53,Website
2216,Dalila Rosselló,tamaritdebora@example.com,2005-03-07,Project Manager,170,Dominican Republic,La Romana,Honorary,Approved,2025-10-16 18:40:34,Event
2217,Elpidio Llamas,ezequiel84@example.org,1982-10-13,Marketing Specialist,72,Dominican Republic,San Pedro de Macorís,Student,Rejected,2024-09-25 06:43:50,Referral
2218,Roque León,martinmaximino@example.org,1991-06-08,Accountant,94,Dominican Republic,Santo Domingo,Honorary,Approved,2023-05-23 14:16:28,Website
2219,Paulino Pina,gmartinez@example.org,1995-02-22,Civil Engineer,141,Dominican Republic,San Francisco de Macorís,Corporate,Approved,2024-05-21 19:08:15,Event
2220,Andrea Gisbert,ines05@example.net,2003-10-31,Project Manager,128,Dominican Republic,San Francisco de Macorís,Individual,Approved,2026-04-25 22:32:47,Referral
2221,Artemio Checa,kabella@example.net,1996-08-21,Civil Engineer,194,Dominican Republic,San Pedro de Macorís,Student,Approved,2023-10-14 12:56:29,Walk-in
2222,Julián Colom,guijarrocipriano@example.com,2006-08-27,Project Manager,176,Dominican Republic,Santo Domingo,Individual,Rejected,2026-02-28 19:50:53,Walk-in
2223,Eli Chaves,azahar49@example.org,1991-08-05,Business Consultant,14,Dominican Republic,Santo Domingo,Student,Approved,2023-04-11 20:33:02,Referral
2224,Rafaela Miguel,apolinargordillo@example.org,1994-10-27,Civil Engineer,92,Dominican Republic,San Pedro de Macorís,Honorary,Approved,2025-05-23 21:04:19,Event
2225,Graciana Segura,imacias@example.com,1991-04-23,Architect,95,Dominican Republic,Puerto Plata,Student,Withdrawn,2024-09-25 06:24:19,Email Campaign
2226,Emilia Pavón,mendizabalbonifacio@example.net,2006-03-31,Marketing Specialist,74,Dominican Republic,Puerto Plata,Honorary,Approved,2025-04-08 08:06:31,Walk-in
2227,Malena Lastra,heribertoacevedo@example.net,1993-05-28,Data Analyst,147,Dominican Republic,Punta Cana,Corporate,Approved,2022-10-01 00:01:31,Walk-in
2228,Primitiva Montero,zvilar@example.com,1979-04-03,Civil Engineer,108,Dominican Republic,San Pedro de Macorís,Individual,Approved,2025-03-23 13:36:30,Referral
2229,Federico Hierro,florentinoroman@example.org,2000-09-18,Marketing Specialist,221,Dominican Republic,Santiago,Student,Approved,2024-09-19 02:47:24,Referral
2230,Lorenza Peñas,fito76@example.com,1985-08-07,Business Consultant,12,Dominican Republic,Santo Domingo,Individual,Pending Payment,2026-01-16 01:02:24,Event
2231,Hugo Cabeza,sfernandez@example.org,1988-09-16,Business Consultant,241,Dominican Republic,San Pedro de Macorís,Corporate,Pending Payment,2025-01-28 09:58:12,Walk-in
2232,Germán García,peracirino@example.net,2007-01-23,Architect,194,Dominican Republic,Santo Domingo,Individual,Approved,2022-06-02 10:15:56,Walk-in
2233,Adelina Valle,macariocollado@example.com,2003-08-29,Accountant,241,Dominican Republic,Santiago,Individual,Approved,2024-09-22 21:42:29,Email Campaign
2234,Paca Nieto,severino98@example.net,2004-02-03,Architect,221,Dominican Republic,Santiago,Corporate,Approved,2021-11-06 12:00:41,Email Campaign
2235,Sosimo Corominas,eliseosegui@example.net,1980-07-23,Accountant,98,Dominican Republic,Santo Domingo,Corporate,Rejected,2023-07-10 12:02:44,Event
2236,Francisca Sáez,sanjuanetelvina@example.net,2007-10-30,Civil Engineer,213,Dominican Republic,San Pedro de Macorís,Honorary,Rejected,2021-11-17 14:18:24,Event
2237,Evaristo Donoso,adrianabarbero@example.org,1999-10-02,Accountant,108,Dominican Republic,San Francisco de Macorís,Individual,Approved,2025-04-17 19:43:27,Event
2238,Maximiano Llamas,qbaquero@example.net,1985-03-11,Software Engineer,240,Dominican Republic,San Francisco de Macorís,Individual,Approved,2025-08-12 15:32:42,Event
2239,Victoriano Moraleda,calisto76@example.com,1986-04-30,Lawyer,91,Dominican Republic,Punta Cana,Individual,Rejected,2024-04-26 23:05:48,Referral
2240,Hermenegildo Zamorano,arinopia@example.com,2001-02-16,Software Engineer,151,Dominican Republic,Punta Cana,Student,Rejected,2023-06-09 15:24:48,Event
2241,Óscar Vilar,osoriodalila@example.org,1986-07-19,Lawyer,108,Dominican Republic,Santo Domingo,Honorary,Approved,2025-11-07 22:36:47,Referral
2242,Eligia Barco,rafael89@example.net,1996-12-26,Software Engineer,117,Dominican Republic,San Francisco de Macorís,Honorary,Approved,2024-12-21 08:39:04,Event
2243,Florencio Quirós,anselmalago@example.net,1993-01-21,Software Engineer,298,Dominican Republic,Puerto Plata,Honorary,Pending Payment,2025-06-03 01:18:06,Website
2244,Segismundo Fuertes,cortesale@example.net,1991-12-11,Architect,191,Dominican Republic,San Francisco de Macorís,Student,Approved,2025-01-15 04:12:50,Referral
2245,Cebrián Corbacho,doritapujol@example.net,1979-05-07,Data Analyst,273,Dominican Republic,Punta Cana,Honorary,Approved,2023-03-09 07:00:50,Event
2246,Darío Anaya,malena18@example.net,1979-01-15,Software Engineer,244,Dominican Republic,San Pedro de Macorís,Corporate,Submitted,2022-12-19 09:09:39,Walk-in
2247,Íngrid Zabala,gcabello@example.org,2003-05-24,Marketing Specialist,7,Dominican Republic,Punta Cana,Honorary,Approved,2021-11-16 06:50:32,Event
2248,Florencia Torres,querolroman@example.net,2001-07-09,Civil Engineer,149,Dominican Republic,Punta Cana,Student,Rejected,2021-12-17 15:34:55,Walk-in
2249,Samanta Carrasco,sanzdelia@example.org,1983-02-11,Civil Engineer,103,Dominican Republic,La Romana,Student,Rejected,2025-09-28 08:25:33,Website
2250,Melisa Collado,roldanguardia@example.org,1984-12-31,Project Manager,5,Dominican Republic,San Francisco de Macorís,Student,Rejected,2025-12-31 14:14:14,Referral
2251,Gloria Rueda,ema70@example.org,1999-12-08,Business Consultant,286,Dominican Republic,Puerto Plata,Student,Approved,2024-05-04 03:12:53,Walk-in
2252,Arsenio Rivero,dmosquera@example.net,1996-07-17,Accountant,24,Dominican Republic,Santo Domingo,Individual,Approved,2025-03-03 07:31:17,Walk-in
2253,Rosalva Villena,gracianoneira@example.com,1999-02-21,Financial Analyst,225,Dominican Republic,La Romana,Student,Approved,2025-06-11 17:52:29,Event
2254,Albert Torrens,vguzman@example.org,2001-09-15,Architect,205,Dominican Republic,San Francisco de Macorís,Individual,Rejected,2023-02-07 11:19:10,Walk-in
2255,Priscila Gibert,moraledanarciso@example.com,1997-02-25,Accountant,256,Dominican Republic,Puerto Plata,Corporate,Submitted,2022-01-05 11:27:37,Referral
2256,Isa Monreal,waparicio@example.org,1997-07-19,Marketing Specialist,62,Dominican Republic,La Romana,Individual,Approved,2022-06-12 15:17:30,Website
2257,Beatriz Tejera,ascensionllanos@example.net,2003-08-15,Architect,0,Dominican Republic,La Romana,Honorary,Approved,2024-01-13 04:54:42,Referral
2258,Juan José Arribas,quirino88@example.org,1979-03-17,Business Consultant,13,Dominican Republic,San Francisco de Macorís,Honorary,Under Review,2022-04-19 23:58:36,Referral
2259,María Bartolomé,susanita70@example.net,2006-12-10,Architect,78,Dominican Republic,La Romana,Individual,Rejected,2022-07-09 22:36:55,Website
2260,Marina Corominas,floramora@example.org,1982-05-26,Software Engineer,130,Dominican Republic,San Francisco de Macorís,Student,Rejected,2025-01-21 09:32:36,Email Campaign
2261,Blanca Saldaña,morataeulalia@example.com,2003-07-08,Lawyer,281,Dominican Republic,Puerto Plata,Corporate,Rejected,2026-03-11 07:02:50,Email Campaign
2262,Eligia Benavente,rioselena@example.com,1996-09-02,Architect,126,Dominican Republic,San Francisco de Macorís,Student,Approved,2025-06-12 17:33:32,Website
2263,Brígida Baeza,jesusmate@example.net,1984-09-24,Software Engineer,196,Dominican Republic,Puerto Plata,Honorary,Approved,2024-09-08 10:43:54,Event
2264,Teodosio Vila,juan-jose67@example.net,2003-03-19,Financial Analyst,86,Dominican Republic,La Romana,Corporate,Approved,2024-02-23 11:43:10,Website
2265,Amador Guardiola,troma@example.org,1977-11-27,Civil Engineer,171,Dominican Republic,Santiago,Honorary,Under Review,2025-04-28 23:38:49,Website
2266,Isaías Cañizares,alexandra37@example.net,1998-03-02,Marketing Specialist,207,Dominican Republic,La Romana,Corporate,Approved,2023-06-03 23:49:45,Walk-in
2267,Ruperta Carrera,dafne75@example.com,1999-09-07,Marketing Specialist,188,Dominican Republic,Puerto Plata,Honorary,Approved,2023-01-05 09:49:43,Website
2268,Eliana Colom,gguillen@example.net,1989-01-13,Civil Engineer,98,Dominican Republic,Puerto Plata,Student,Approved,2026-05-30 06:45:11,Referral
2269,María Ángeles Galindo,cerezoclara@example.org,1986-12-03,Business Consultant,165,Dominican Republic,Puerto Plata,Honorary,Withdrawn,2026-05-29 04:40:42,Walk-in
2270,Rafa Mayo,pacagonzalez@example.org,1981-08-08,Civil Engineer,42,Dominican Republic,Puerto Plata,Individual,Rejected,2024-03-15 02:56:29,Referral
2271,Cipriano Peña,bruno85@example.net,2000-10-14,Marketing Specialist,231,Dominican Republic,La Romana,Student,Approved,2023-10-24 20:06:48,Website
2272,Brígida Huertas,bporcel@example.com,2006-08-15,Accountant,46,Dominican Republic,San Pedro de Macorís,Student,Rejected,2023-05-31 20:37:04,Referral
2273,Marcelo Manzanares,tsotelo@example.com,1988-11-15,Business Consultant,71,Dominican Republic,San Pedro de Macorís,Individual,Approved,2023-02-25 17:34:34,Website
2274,Lucía Carvajal,manuelita95@example.net,1985-04-16,Lawyer,291,Dominican Republic,San Pedro de Macorís,Student,Approved,2022-05-08 13:57:53,Walk-in
2275,África Torrens,manu91@example.com,1977-10-23,Civil Engineer,55,Dominican Republic,La Romana,Corporate,Rejected,2025-05-29 21:21:09,Website
2276,Abraham Navarro,cuellartomasa@example.org,1978-04-06,Software Engineer,248,Dominican Republic,La Romana,Individual,Approved,2026-01-07 13:13:07,Website
2277,Graciana Burgos,pbello@example.com,2005-12-20,Marketing Specialist,5,Dominican Republic,Puerto Plata,Individual,Under Review,2022-06-29 00:04:53,Event
2278,Javier Marín,guadalupe76@example.net,2005-11-27,Financial Analyst,141,Dominican Republic,San Pedro de Macorís,Corporate,Approved,2022-02-23 18:28:49,Event
2279,Julieta Jara,joaquinatorrens@example.com,1985-06-09,Data Analyst,211,Dominican Republic,Puerto Plata,Individual,Approved,2021-11-14 00:58:21,Email Campaign
2280,Magdalena Castells,blancaquiros@example.com,1998-04-03,Accountant,252,Dominican Republic,La Romana,Individual,Under Review,2023-09-14 16:19:16,Event
2281,Heriberto Andrade,teobaldooliveras@example.net,1976-08-26,Software Engineer,34,Dominican Republic,San Pedro de Macorís,Student,Pending Payment,2024-12-02 07:08:14,Website
2282,Laura Exposito,fabregatsevero@example.com,1991-01-15,Marketing Specialist,40,Dominican Republic,Santo Domingo,Individual,Rejected,2025-07-23 23:07:02,Website
2283,Duilio Pina,briba@example.org,1975-09-12,Data Analyst,1,Dominican Republic,San Francisco de Macorís,Student,Approved,2022-11-02 08:30:20,Walk-in
2284,Matías Prado,leopoldodavila@example.org,1980-03-21,Software Engineer,112,Dominican Republic,San Pedro de Macorís,Student,Withdrawn,2022-09-27 11:43:46,Event
2285,Eliseo Gimeno,encarna98@example.org,1978-02-09,Civil Engineer,104,Dominican Republic,San Francisco de Macorís,Student,Approved,2023-06-05 08:56:51,Event
2286,Luciana Río,aginer@example.com,1987-10-31,Lawyer,214,Dominican Republic,Puerto Plata,Individual,Approved,2021-10-14 22:48:11,Walk-in
2287,Ciríaco Sánchez,ubello@example.org,1997-04-10,Accountant,4,Dominican Republic,La Romana,Individual,Submitted,2024-03-28 14:47:33,Email Campaign
2288,Leoncio Quintanilla,lledolazaro@example.org,1996-08-19,Accountant,273,Dominican Republic,Santiago,Student,Pending Payment,2023-01-17 22:53:46,Event
2289,Héctor Higueras,bernardino74@example.com,2006-07-16,Project Manager,28,Dominican Republic,Puerto Plata,Corporate,Approved,2024-09-18 19:28:56,Event
2290,Toño Meléndez,rupertapenas@example.org,1979-05-23,Project Manager,260,Dominican Republic,Santo Domingo,Corporate,Approved,2026-04-29 06:58:39,Event
2291,Rodolfo Hoz,ycastellanos@example.org,1977-11-28,Civil Engineer,21,Dominican Republic,San Francisco de Macorís,Corporate,Approved,2024-09-07 00:42:23,Website
2292,Macaria Pizarro,pelayo92@example.net,1981-11-11,Lawyer,154,Dominican Republic,San Pedro de Macorís,Corporate,Approved,2025-10-13 15:17:08,Event
2293,Isidora Ródenas,zjodar@example.org,1985-10-22,Project Manager,248,Dominican Republic,Santiago,Corporate,Approved,2022-01-12 12:57:21,Email Campaign
2294,Amancio Gascón,abilio25@example.com,1977-10-22,Accountant,46,Dominican Republic,Santo Domingo,Honorary,Withdrawn,2023-06-03 21:51:51,Walk-in
2295,Paz Linares,angela48@example.com,1992-01-07,Project Manager,165,Dominican Republic,Punta Cana,Student,Approved,2022-11-05 20:54:47,Website
2296,Geraldo Granados,masadora@example.org,2008-03-13,Accountant,278,Dominican Republic,Santo Domingo,Student,Approved,2023-08-21 00:21:20,Event
2297,Blas Iriarte,leoncio61@example.com,1999-01-04,Project Manager,219,Dominican Republic,La Romana,Individual,Approved,2025-10-01 22:28:56,Walk-in
2298,Luís Figuerola,pepitobuendia@example.org,1984-07-08,Data Analyst,288,Dominican Republic,Santiago,Honorary,Rejected,2025-07-18 17:00:27,Website
2299,Begoña Villanueva,nmoliner@example.org,1980-03-16,Business Consultant,297,Dominican Republic,Punta Cana,Student,Approved,2021-09-19 21:11:48,Event
2300,Luis Miguel Alcalá,lucho37@example.com,1997-10-13,Civil Engineer,73,Dominican Republic,Puerto Plata,Student,Approved,2025-05-09 16:10:33,Event
2301,Teodoro Bustamante,baldomeroalvaro@example.com,1992-09-23,Business Consultant,255,Dominican Republic,San Pedro de Macorís,Corporate,Approved,2022-02-02 02:21:45,Website
2302,Benito Cabo,fhervia@example.com,1982-08-29,Project Manager,63,Dominican Republic,Punta Cana,Student,Approved,2022-05-14 17:21:17,Email Campaign
2303,Moreno Briones,ibanezjenaro@example.com,1992-01-10,Software Engineer,150,Dominican Republic,San Pedro de Macorís,Honorary,Rejected,2026-03-14 13:01:01,Website
2304,Seve Donaire,alcoleaamalia@example.net,1978-04-15,Project Manager,200,Dominican Republic,San Francisco de Macorís,Honorary,Rejected,2026-04-26 19:51:40,Website
2305,Yago Cabanillas,ramirezevangelina@example.net,1986-07-15,Financial Analyst,282,Dominican Republic,Puerto Plata,Student,Under Review,2025-04-01 18:19:33,Website
2306,Marcial Castells,maria70@example.com,1997-07-02,Civil Engineer,139,Dominican Republic,Punta Cana,Student,Approved,2026-04-24 02:29:13,Event
2307,Florinda Abril,rosarioroman@example.net,1997-12-26,Project Manager,274,Dominican Republic,La Romana,Individual,Approved,2023-05-02 17:05:35,Website
2308,Jose Ignacio Bello,juan-jose23@example.org,1989-05-26,Project Manager,222,Dominican Republic,La Romana,Corporate,Approved,2021-12-07 01:29:47,Email Campaign
2309,Balduino Esteban,baltasaresteban@example.net,1990-05-03,Architect,186,Dominican Republic,San Pedro de Macorís,Individual,Approved,2024-07-02 08:16:03,Event
2310,Flor Naranjo,morerayolanda@example.org,1981-05-15,Lawyer,102,Dominican Republic,Puerto Plata,Corporate,Approved,2024-02-07 12:36:54,Website
2311,Manu Bustos,mancebomodesta@example.org,1976-07-29,Civil Engineer,282,Dominican Republic,Puerto Plata,Honorary,Approved,2025-01-31 02:08:54,Referral
2312,Sebastian Tenorio,calderonmaxi@example.org,1984-05-11,Project Manager,6,Dominican Republic,San Francisco de Macorís,Student,Rejected,2024-05-15 05:50:12,Email Campaign
2313,Mamen Cifuentes,bustosrosalina@example.com,1990-02-01,Civil Engineer,136,Dominican Republic,Santo Domingo,Student,Submitted,2023-10-11 00:59:22,Website
2314,Hernán Vives,eduardocerda@example.org,1985-02-06,Marketing Specialist,20,Dominican Republic,Puerto Plata,Individual,Approved,2021-12-19 20:32:54,Event
2315,Amílcar Montenegro,rupertacastrillo@example.org,1998-04-08,Financial Analyst,93,Dominican Republic,San Pedro de Macorís,Student,Approved,2023-02-23 21:56:24,Walk-in
2316,Asdrubal Perales,pchaves@example.org,1978-11-25,Accountant,33,Dominican Republic,Santiago,Honorary,Approved,2022-01-16 19:32:55,Event
2317,Remedios Benet,galianojose-maria@example.net,1986-01-31,Lawyer,59,Dominican Republic,La Romana,Student,Approved,2023-06-06 08:44:40,Website
2318,Jacinto Cabrero,javierdavila@example.com,1981-10-28,Data Analyst,78,Dominican Republic,Punta Cana,Honorary,Withdrawn,2026-01-18 02:57:18,Referral
2319,Reyes Caro,federicohervia@example.net,1995-12-26,Marketing Specialist,216,Dominican Republic,San Francisco de Macorís,Corporate,Approved,2023-10-24 10:40:48,Email Campaign
2320,Nico Requena,nazario23@example.com,1981-12-18,Data Analyst,175,Dominican Republic,Punta Cana,Student,Approved,2025-11-28 02:09:17,Email Campaign
2321,Salomón Martín,emilia76@example.org,1981-07-17,Software Engineer,162,Dominican Republic,Santo Domingo,Individual,Approved,2023-11-23 02:28:25,Email Campaign
2322,Dalila Vigil,mroman@example.com,1981-07-24,Accountant,119,Dominican Republic,La Romana,Corporate,Rejected,2022-02-11 03:22:58,Walk-in
2323,Luna Palacios,ulisessantiago@example.net,1998-06-11,Marketing Specialist,163,Dominican Republic,San Pedro de Macorís,Corporate,Approved,2025-09-05 01:37:05,Event
2324,Eufemia Herrera,gisela98@example.net,1996-11-30,Accountant,231,Dominican Republic,Santiago,Student,Approved,2024-09-18 21:28:22,Event
2325,Galo Suarez,pelayoquiroga@example.org,1987-01-12,Lawyer,119,Dominican Republic,San Pedro de Macorís,Honorary,Approved,2023-02-28 11:01:09,Event
2326,Rodolfo Quintero,odalys59@example.org,1984-09-30,Data Analyst,171,Dominican Republic,Puerto Plata,Corporate,Approved,2025-10-19 17:15:40,Walk-in
2327,María Cristina Porta,rafaelhoz@example.net,1993-01-11,Architect,96,Dominican Republic,San Francisco de Macorís,Corporate,Approved,2022-03-01 23:59:16,Email Campaign
2328,Estefanía Riera,gmarin@example.com,1991-09-24,Marketing Specialist,17,Dominican Republic,Punta Cana,Student,Approved,2024-10-16 16:53:12,Event
2329,Isidoro Ibañez,kpelaez@example.com,2005-07-11,Project Manager,42,Dominican Republic,Puerto Plata,Student,Under Review,2025-05-28 13:53:07,Event
2330,Mayte Lillo,urovira@example.com,1998-05-04,Data Analyst,75,Dominican Republic,Punta Cana,Honorary,Approved,2023-08-20 16:54:20,Event
2331,Nilo Galindo,wcastejon@example.net,2005-08-11,Data Analyst,48,Dominican Republic,Santiago,Student,Approved,2026-05-05 01:34:48,Referral
2332,Susanita Nicolau,fabiomanjon@example.org,2005-07-02,Civil Engineer,156,Dominican Republic,San Pedro de Macorís,Student,Approved,2024-12-14 01:28:29,Event
2333,Ana Contreras,cristian57@example.org,1980-12-22,Financial Analyst,52,Dominican Republic,Santiago,Student,Approved,2025-07-17 17:00:28,Walk-in
2334,Rosario Ripoll,marcelagomez@example.com,1984-11-18,Civil Engineer,197,Dominican Republic,Punta Cana,Student,Approved,2023-06-17 00:14:54,Walk-in
2335,Georgina Macías,gmoya@example.net,1990-04-01,Data Analyst,234,Dominican Republic,Santo Domingo,Corporate,Approved,2023-09-30 04:10:37,Website
2336,Guiomar Amo,zcadenas@example.net,1993-12-19,Marketing Specialist,179,Dominican Republic,San Pedro de Macorís,Student,Approved,2022-11-25 20:36:11,Event
2337,Manu Sosa,encarnacionberenguer@example.com,1978-12-02,Business Consultant,173,Dominican Republic,San Francisco de Macorís,Honorary,Approved,2024-08-31 03:12:15,Email Campaign
2338,Rosalinda Gomez,cadenasrufino@example.net,1997-12-16,Financial Analyst,201,Dominican Republic,San Francisco de Macorís,Individual,Approved,2023-04-29 00:28:48,Website
2339,Jordana Serrano,andresjose-ignacio@example.org,1992-07-23,Project Manager,203,Dominican Republic,San Francisco de Macorís,Individual,Approved,2023-06-03 16:52:03,Event
2340,Ainoa Castrillo,ebarral@example.net,1981-04-18,Architect,54,Dominican Republic,La Romana,Student,Approved,2021-09-07 10:09:59,Website
2341,Claudio Llanos,jtoledo@example.net,1976-04-18,Marketing Specialist,21,Dominican Republic,Santo Domingo,Honorary,Approved,2026-05-19 00:12:17,Walk-in
2342,Teresita Chaves,kllopis@example.org,1979-08-28,Data Analyst,270,Dominican Republic,San Pedro de Macorís,Corporate,Rejected,2022-10-09 07:44:48,Referral
2343,Donato Machado,lferrandiz@example.com,2002-04-15,Business Consultant,218,Dominican Republic,Puerto Plata,Individual,Approved,2025-05-30 02:25:54,Referral
2344,Régulo Espejo,felisa42@example.net,1995-04-27,Accountant,208,Dominican Republic,Puerto Plata,Student,Approved,2023-01-18 17:01:48,Event
2345,Román Martin,maricela63@example.org,1995-12-27,Project Manager,122,Dominican Republic,Puerto Plata,Student,Approved,2022-07-30 01:57:04,Walk-in
2346,Édgar Chamorro,aitor36@example.net,1984-07-27,Business Consultant,190,Dominican Republic,La Romana,Corporate,Approved,2025-12-13 17:12:15,Referral
2347,Raquel Bernal,escuderofelisa@example.com,1999-07-20,Lawyer,98,Dominican Republic,San Pedro de Macorís,Honorary,Pending Payment,2024-11-28 13:25:34,Email Campaign
2348,Lina Manzano,nborrego@example.com,1991-01-04,Data Analyst,257,Dominican Republic,Punta Cana,Corporate,Approved,2021-11-13 05:54:40,Walk-in
2349,Sergio Gomez,nandogimenez@example.net,1979-06-03,Civil Engineer,114,Dominican Republic,Punta Cana,Honorary,Rejected,2021-12-05 21:14:40,Walk-in
2350,Cruz Porras,domenechpancho@example.net,1976-08-01,Civil Engineer,27,Dominican Republic,Punta Cana,Student,Approved,2022-08-13 16:41:33,Email Campaign
2351,Salvador Huerta,lupe90@example.org,1982-04-09,Architect,232,Dominican Republic,Santo Domingo,Corporate,Approved,2023-07-30 06:07:08,Event
2352,Jesús Lladó,ildefonso76@example.com,1997-12-29,Civil Engineer,97,Dominican Republic,Punta Cana,Student,Rejected,2023-05-25 01:39:29,Website
2353,Itziar Llanos,lucenaartemio@example.net,1994-03-17,Marketing Specialist,266,Dominican Republic,Puerto Plata,Student,Approved,2023-11-28 01:16:49,Referral
2354,Chus Barrios,roviraana@example.net,1983-01-05,Marketing Specialist,19,Dominican Republic,Santo Domingo,Individual,Approved,2021-12-20 21:49:27,Walk-in
2355,Candelario Iglesias,callejasalvador@example.org,1985-04-10,Financial Analyst,192,Dominican Republic,Punta Cana,Honorary,Approved,2022-05-10 18:40:30,Event
2356,María Pilar Amaya,mesagabriela@example.org,2006-01-19,Financial Analyst,30,Dominican Republic,Santiago,Student,Under Review,2021-12-23 21:03:17,Walk-in
2357,Eutropio Ávila,hrincon@example.com,2006-10-24,Marketing Specialist,287,Dominican Republic,Santo Domingo,Student,Rejected,2026-04-12 20:12:40,Website
2358,Anacleto Belmonte,hozlupe@example.org,1979-10-19,Lawyer,278,Dominican Republic,Puerto Plata,Corporate,Approved,2023-05-10 22:39:39,Referral
2359,Juan Valls,marciano84@example.org,1977-09-07,Software Engineer,169,Dominican Republic,Puerto Plata,Corporate,Rejected,2023-06-07 18:35:39,Website
2360,Melchor Figueroa,roigbenjamin@example.net,1991-11-30,Architect,267,Dominican Republic,Punta Cana,Honorary,Withdrawn,2022-06-20 13:44:51,Website
2361,Amalia Cabo,zoraidapina@example.org,1978-05-13,Project Manager,235,Dominican Republic,Santiago,Corporate,Withdrawn,2024-05-28 04:32:59,Website
2362,Mirta Terrón,boixmorena@example.com,1979-08-05,Business Consultant,70,Dominican Republic,La Romana,Individual,Submitted,2023-05-19 08:26:02,Referral
2363,Sarita Cepeda,mendozaangeles@example.org,1980-04-02,Lawyer,241,Dominican Republic,Santiago,Student,Approved,2024-03-25 14:10:03,Referral
2364,Vicenta Simó,cuellarazahar@example.net,2002-12-20,Marketing Specialist,33,Dominican Republic,San Pedro de Macorís,Honorary,Submitted,2022-05-27 00:25:22,Email Campaign
2365,Luis Miguel Briones,cazorlapriscila@example.net,1991-04-11,Financial Analyst,230,Dominican Republic,Santiago,Honorary,Approved,2024-03-11 23:29:06,Event
2366,Maximiliano Cerezo,xbenavides@example.net,1982-11-24,Data Analyst,137,Dominican Republic,Santiago,Individual,Approved,2025-05-11 19:51:21,Walk-in
2367,Alba Viana,amor64@example.com,1982-01-10,Lawyer,242,Dominican Republic,La Romana,Honorary,Submitted,2022-04-05 16:48:11,Website
2368,Jorge Bernal,valeramarcial@example.net,1979-06-06,Software Engineer,206,Dominican Republic,Puerto Plata,Honorary,Rejected,2024-11-15 03:32:12,Event
2369,Donato Macías,josepcordero@example.org,1987-07-02,Business Consultant,147,Dominican Republic,Santo Domingo,Corporate,Approved,2024-01-25 00:25:25,Walk-in
2370,Saturnina Asensio,gamezcelestino@example.com,1983-01-21,Business Consultant,115,Dominican Republic,La Romana,Corporate,Rejected,2024-06-20 17:03:59,Referral
2371,Aurelio Reig,yesteve@example.org,1989-06-24,Project Manager,205,Dominican Republic,San Pedro de Macorís,Student,Approved,2026-04-23 22:52:37,Referral
2372,José Luis Ocaña,florencio52@example.net,1992-07-20,Lawyer,61,Dominican Republic,La Romana,Honorary,Approved,2024-04-20 18:57:38,Referral
2373,Teodora Benavides,chamorroevita@example.com,1985-04-10,Business Consultant,140,Dominican Republic,La Romana,Individual,Approved,2025-10-15 11:22:06,Referral
2374,Lola Bas,hllorente@example.net,2006-10-10,Accountant,283,Dominican Republic,Puerto Plata,Individual,Submitted,2024-09-13 19:32:47,Walk-in
2375,Teodosio Portero,antonia99@example.org,1977-08-19,Lawyer,129,Dominican Republic,La Romana,Corporate,Withdrawn,2021-11-28 22:31:06,Walk-in
2376,Rafael Camino,toribio75@example.net,2006-11-06,Data Analyst,0,Dominican Republic,Punta Cana,Honorary,Submitted,2025-01-25 10:02:14,Website
2377,Horacio Pavón,mayte84@example.org,2004-08-17,Marketing Specialist,229,Dominican Republic,Santiago,Corporate,Approved,2023-03-21 04:12:16,Email Campaign
2378,Vidal Boix,ycosta@example.com,1980-03-07,Data Analyst,175,Dominican Republic,San Pedro de Macorís,Student,Approved,2024-09-22 07:39:03,Website
2379,Sandalio Pedraza,joveroberto@example.org,1991-11-09,Civil Engineer,140,Dominican Republic,San Pedro de Macorís,Individual,Approved,2021-11-03 20:45:48,Referral
2380,Gracia Arnau,mariscalrosa-maria@example.net,2006-12-25,Business Consultant,136,Dominican Republic,La Romana,Student,Approved,2023-12-26 11:43:01,Walk-in
2381,Dan Girón,pinedaaraceli@example.net,2008-03-01,Civil Engineer,266,Dominican Republic,Santo Domingo,Student,Approved,2025-03-25 17:24:26,Website
2382,Rosalinda Escolano,apolinar87@example.org,2005-06-26,Architect,179,Dominican Republic,Santiago,Corporate,Approved,2021-09-10 18:47:08,Referral
2383,Abraham Requena,rbarral@example.com,2003-01-04,Lawyer,150,Dominican Republic,Santiago,Individual,Approved,2022-07-03 09:07:27,Website
2384,Amalia Cerdá,adriansuarez@example.com,1981-05-19,Lawyer,102,Dominican Republic,San Pedro de Macorís,Individual,Approved,2023-04-14 20:26:41,Email Campaign
2385,Angélica Cantero,ortegasabina@example.net,1981-02-19,Business Consultant,46,Dominican Republic,Santiago,Honorary,Approved,2022-11-03 18:35:34,Walk-in
2386,Jenaro Clavero,gerardodiez@example.net,1980-12-02,Lawyer,63,Dominican Republic,La Romana,Individual,Approved,2024-01-24 20:40:01,Website
2387,Albert Lobato,jmorillo@example.net,1982-03-14,Software Engineer,237,Dominican Republic,Santiago,Student,Approved,2024-09-10 19:03:19,Event
2388,Eloísa Martinez,abellaleandro@example.org,1976-12-21,Accountant,44,Dominican Republic,San Pedro de Macorís,Individual,Approved,2026-05-13 18:24:05,Walk-in
2389,Julio Santamaria,graciaramon@example.org,1999-08-14,Architect,261,Dominican Republic,Santiago,Honorary,Rejected,2022-08-19 12:19:36,Referral
2390,Jose Manuel Oliver,mirallesguillermo@example.com,2008-07-21,Lawyer,257,Dominican Republic,San Francisco de Macorís,Honorary,Rejected,2025-06-02 03:06:37,Website
2391,Áurea Coello,maria-dolorescastro@example.org,2002-07-30,Architect,122,Dominican Republic,Puerto Plata,Individual,Rejected,2025-05-13 12:11:04,Event
2392,Luis Miguel Carpio,amelia80@example.net,2001-06-23,Data Analyst,64,Dominican Republic,San Francisco de Macorís,Corporate,Withdrawn,2025-08-07 12:12:00,Email Campaign
2393,Azucena Hernandez,castellangeles@example.net,1976-03-25,Architect,240,Dominican Republic,Santo Domingo,Individual,Withdrawn,2022-04-08 22:22:31,Walk-in
2394,Amado Marín,maestrevirginia@example.net,2007-09-27,Architect,290,Dominican Republic,Santiago,Honorary,Approved,2024-06-14 06:52:28,Website
2395,Jose Carlos Mata,mendezsalome@example.org,2002-05-31,Software Engineer,200,Dominican Republic,San Pedro de Macorís,Individual,Submitted,2025-12-28 23:25:54,Website
2396,María Bustos,lucio78@example.com,2002-11-11,Project Manager,175,Dominican Republic,Santiago,Student,Rejected,2025-07-06 17:28:12,Event
2397,Lucio Castells,diezche@example.net,1992-12-30,Data Analyst,142,Dominican Republic,Santiago,Student,Rejected,2026-05-17 13:25:35,Email Campaign
2398,Ángeles Godoy,polivan@example.com,1992-07-31,Software Engineer,256,Dominican Republic,Santiago,Individual,Approved,2026-05-29 07:16:25,Walk-in
2399,Felisa Amaya,abrilcarlos@example.net,1980-08-11,Civil Engineer,59,Dominican Republic,San Pedro de Macorís,Individual,Approved,2022-06-24 05:37:27,Email Campaign
2400,Iván Sales,yessica36@example.net,1995-03-27,Software Engineer,89,Dominican Republic,San Francisco de Macorís,Student,Approved,2021-10-07 11:30:07,Email Campaign
2401,Melchor Mármol,omar75@example.net,1995-02-11,Project Manager,225,Dominican Republic,Puerto Plata,Corporate,Approved,2024-04-02 16:28:51,Referral
2402,José Almansa,glauco90@example.com,1996-02-26,Financial Analyst,27,Dominican Republic,Punta Cana,Student,Pending Payment,2025-04-22 12:28:40,Email Campaign
2403,Claudia Avilés,plinio28@example.net,2002-11-25,Architect,283,Dominican Republic,Santiago,Corporate,Approved,2026-04-09 12:28:25,Walk-in
2404,Timoteo Alcolea,ubatlle@example.org,1988-11-12,Data Analyst,105,Dominican Republic,Santiago,Individual,Withdrawn,2024-06-20 21:46:48,Referral
2405,Sosimo Segura,joaquinsantamaria@example.com,1988-04-11,Data Analyst,94,Dominican Republic,La Romana,Honorary,Approved,2025-06-05 09:50:40,Website
2406,Tere Aroca,pujolmaximino@example.org,1990-10-04,Software Engineer,108,Dominican Republic,Puerto Plata,Corporate,Withdrawn,2025-03-05 04:55:00,Referral
2407,Ciro Gisbert,tbayon@example.net,2006-03-26,Lawyer,293,Dominican Republic,Santo Domingo,Individual,Withdrawn,2026-05-06 06:52:05,Website
2408,Bautista Chaves,isidro08@example.com,1982-04-06,Marketing Specialist,226,Dominican Republic,Punta Cana,Honorary,Approved,2025-09-21 17:04:46,Event
2409,Loreto Pujadas,felicidadpuga@example.com,1984-10-23,Accountant,11,Dominican Republic,San Francisco de Macorís,Student,Rejected,2024-03-18 21:01:20,Referral
2410,Ángel Valenzuela,mohamedagullo@example.net,1985-03-29,Financial Analyst,204,Dominican Republic,Santiago,Student,Approved,2023-03-21 00:47:45,Email Campaign
2411,Jose Angel Chico,felix34@example.net,1975-10-23,Lawyer,63,Dominican Republic,La Romana,Honorary,Approved,2021-12-02 22:16:38,Email Campaign
2412,Leocadio Bernal,tcases@example.org,2000-02-24,Software Engineer,111,Dominican Republic,Santiago,Individual,Approved,2024-06-19 03:37:01,Walk-in
2413,Octavio Huerta,ucampoy@example.net,1987-02-23,Lawyer,236,Dominican Republic,La Romana,Individual,Approved,2024-05-01 11:16:19,Website
2414,Álvaro Luján,planafelix@example.com,1994-10-21,Business Consultant,74,Dominican Republic,Puerto Plata,Honorary,Approved,2024-11-14 18:03:08,Event
2415,Albino Cámara,fidel57@example.org,1983-10-14,Lawyer,150,Dominican Republic,Santo Domingo,Corporate,Approved,2023-06-18 05:30:37,Walk-in
2416,Ismael Cobos,imelda94@example.com,1981-10-24,Civil Engineer,187,Dominican Republic,Santiago,Corporate,Approved,2023-07-17 06:24:58,Email Campaign
2417,Regina Blanch,felicidad82@example.net,1988-10-22,Business Consultant,60,Dominican Republic,Santiago,Honorary,Approved,2023-07-30 01:31:35,Email Campaign
2418,Arturo Losa,chaveselodia@example.com,1988-12-29,Marketing Specialist,117,Dominican Republic,La Romana,Student,Approved,2023-03-19 21:36:06,Website
2419,Verónica Botella,gcruz@example.com,1985-09-13,Project Manager,68,Dominican Republic,Punta Cana,Student,Rejected,2022-12-26 11:46:03,Email Campaign
2420,Eli Chamorro,amandomatas@example.org,1989-07-03,Financial Analyst,291,Dominican Republic,La Romana,Individual,Submitted,2025-08-06 10:03:43,Referral
2421,Camila Elorza,palomarisaura@example.org,1995-09-25,Financial Analyst,236,Dominican Republic,Punta Cana,Honorary,Rejected,2023-02-23 21:21:20,Event
2422,Trinidad Ramis,egallego@example.org,1989-02-15,Civil Engineer,70,Dominican Republic,Punta Cana,Honorary,Approved,2023-07-14 07:33:05,Email Campaign
2423,Edmundo Pacheco,garrigadomingo@example.org,1995-08-07,Project Manager,149,Dominican Republic,Santo Domingo,Corporate,Approved,2022-12-26 05:35:19,Website
2424,Angelita Arrieta,bernardita50@example.org,1980-10-16,Marketing Specialist,4,Dominican Republic,Puerto Plata,Corporate,Approved,2022-01-12 20:34:00,Walk-in
2425,Silvio Bustos,caminocorona@example.org,1997-07-10,Civil Engineer,67,Dominican Republic,San Francisco de Macorís,Corporate,Approved,2023-09-21 08:58:51,Event
2426,Héctor Pereira,ameliatorrens@example.org,1996-03-09,Project Manager,227,Dominican Republic,La Romana,Individual,Rejected,2022-03-05 18:37:20,Email Campaign
2427,Abilio Barragán,espejoleandra@example.net,1997-09-11,Project Manager,262,Dominican Republic,Santo Domingo,Honorary,Approved,2024-07-22 01:49:54,Walk-in
2428,Tito Cabezas,lcoll@example.com,1988-06-16,Data Analyst,18,Dominican Republic,Santiago,Honorary,Approved,2024-01-15 02:51:51,Event
2429,Juana Ugarte,vilaplanamanola@example.com,1987-09-09,Data Analyst,232,Dominican Republic,Santo Domingo,Student,Approved,2024-04-12 03:24:21,Referral
2430,Abilio Sancho,javiabad@example.com,2002-08-29,Business Consultant,269,Dominican Republic,La Romana,Individual,Approved,2024-07-29 23:00:39,Website
2431,Lucía Gaya,manuelitaguillen@example.org,2008-05-22,Financial Analyst,28,Dominican Republic,San Francisco de Macorís,Corporate,Approved,2024-12-04 03:52:16,Website
2432,Florina Solís,sbenet@example.com,1988-06-20,Architect,226,Dominican Republic,San Francisco de Macorís,Individual,Approved,2024-02-11 14:56:33,Walk-in
2433,Valero Maestre,vicentealberto@example.net,1979-09-02,Civil Engineer,275,Dominican Republic,Punta Cana,Student,Rejected,2024-03-01 12:31:33,Event
2434,Marita Osorio,inescalvet@example.org,1998-06-12,Architect,271,Dominican Republic,Santiago,Student,Approved,2025-06-28 02:44:14,Website
2435,Andrea Roman,vroman@example.org,1987-05-16,Civil Engineer,37,Dominican Republic,Santo Domingo,Honorary,Approved,2023-02-26 01:42:58,Website
2436,Genoveva Sotelo,ibautista@example.org,2002-04-25,Project Manager,267,Dominican Republic,San Pedro de Macorís,Honorary,Approved,2023-01-05 06:23:59,Website
2437,Casandra Bolaños,albina80@example.com,1998-03-06,Marketing Specialist,106,Dominican Republic,San Pedro de Macorís,Student,Submitted,2022-04-13 06:06:34,Email Campaign
2438,Nayara Barreda,eligiohoyos@example.org,1998-08-14,Financial Analyst,124,Dominican Republic,Santiago,Individual,Rejected,2022-08-14 14:12:47,Referral
2439,Rosendo Tejera,yamador@example.net,2003-09-30,Project Manager,160,Dominican Republic,Santo Domingo,Individual,Approved,2025-09-18 08:00:26,Email Campaign
2440,Evelia Roma,nicohoyos@example.org,1980-10-15,Architect,5,Dominican Republic,Puerto Plata,Corporate,Approved,2023-05-04 06:22:08,Website
2441,Isaura Torre,pagesdelfina@example.org,1978-01-30,Financial Analyst,217,Dominican Republic,Puerto Plata,Corporate,Approved,2022-10-28 17:22:35,Event
2442,Reyes Villanueva,flor85@example.com,1983-02-26,Marketing Specialist,79,Dominican Republic,La Romana,Student,Withdrawn,2025-11-19 23:00:31,Event
2443,Celso Blanco,raquel29@example.com,1982-03-14,Marketing Specialist,173,Dominican Republic,San Pedro de Macorís,Student,Rejected,2021-10-31 19:32:52,Email Campaign
2444,Apolinar Andres,wilfredonavarro@example.org,1995-01-13,Data Analyst,227,Dominican Republic,Punta Cana,Honorary,Approved,2026-03-23 21:42:24,Referral
2445,Clara Comas,juliabeltran@example.org,1980-07-08,Project Manager,80,Dominican Republic,Puerto Plata,Honorary,Submitted,2023-11-10 12:03:09,Referral
2446,Ulises Ocaña,npinto@example.org,1979-12-17,Project Manager,89,Dominican Republic,Puerto Plata,Corporate,Under Review,2025-09-21 04:56:07,Walk-in
2447,Marisol Jordá,tudelagenoveva@example.net,1982-07-05,Software Engineer,217,Dominican Republic,Punta Cana,Individual,Approved,2025-11-16 16:52:23,Website
2448,Seve Noriega,nogueirateresita@example.org,2006-12-05,Financial Analyst,20,Dominican Republic,Santo Domingo,Individual,Approved,2026-02-08 03:44:39,Referral
2449,Emilio Armengol,cabellomelania@example.com,1998-05-08,Software Engineer,216,Dominican Republic,La Romana,Individual,Rejected,2021-11-28 00:46:16,Event
2450,Ofelia Pons,fernando66@example.com,1981-11-27,Lawyer,21,Dominican Republic,Punta Cana,Corporate,Rejected,2025-04-26 02:45:42,Email Campaign
2451,Victor Giménez,bernardo27@example.org,1985-02-28,Accountant,139,Dominican Republic,La Romana,Individual,Under Review,2024-05-03 07:49:00,Website
2452,Onofre Giménez,amayapavon@example.net,1988-12-28,Accountant,13,Dominican Republic,La Romana,Individual,Approved,2024-04-27 09:35:50,Website
2453,Maricruz Polo,qreig@example.net,1990-08-30,Accountant,193,Dominican Republic,Santiago,Individual,Submitted,2025-12-31 08:53:53,Website
2454,Lázaro Rojas,fidellopez@example.net,1985-06-11,Marketing Specialist,159,Dominican Republic,Santo Domingo,Student,Rejected,2024-10-10 21:45:53,Website
2455,Paulina Carreño,melerosantos@example.net,1980-05-06,Architect,83,Dominican Republic,San Pedro de Macorís,Individual,Approved,2024-04-30 03:39:59,Referral
2456,Adelardo Reyes,clementinariquelme@example.com,1988-09-05,Marketing Specialist,12,Dominican Republic,San Pedro de Macorís,Corporate,Approved,2026-03-11 08:18:15,Walk-in
2457,Úrsula Múgica,claveroolivia@example.net,1977-06-29,Data Analyst,212,Dominican Republic,San Pedro de Macorís,Honorary,Approved,2025-03-27 23:15:06,Website
2458,María Dolores Cases,trios@example.com,1981-09-30,Software Engineer,124,Dominican Republic,Punta Cana,Individual,Approved,2023-08-14 18:28:15,Email Campaign
2459,Manola Montenegro,saezdaniela@example.org,1984-05-27,Accountant,84,Dominican Republic,La Romana,Corporate,Approved,2023-12-10 10:41:54,Website
2460,Roxana Chacón,castrocoral@example.org,1985-11-22,Architect,262,Dominican Republic,San Pedro de Macorís,Honorary,Approved,2025-05-14 18:25:34,Referral
2461,Ruperta Pera,estradaeugenio@example.org,1985-08-09,Accountant,26,Dominican Republic,San Pedro de Macorís,Individual,Approved,2025-11-05 19:33:02,Event
2462,Íñigo Aguado,visitacion57@example.net,1994-12-12,Marketing Specialist,282,Dominican Republic,Puerto Plata,Honorary,Approved,2025-08-05 06:29:49,Email Campaign
2463,Rosa Cerro,demetrio84@example.net,1997-12-12,Financial Analyst,83,Dominican Republic,Santo Domingo,Individual,Pending Payment,2022-02-03 03:48:32,Website
2464,Álvaro Amador,jeremiasavila@example.org,1978-10-31,Architect,93,Dominican Republic,Santiago,Individual,Rejected,2024-02-20 21:07:14,Email Campaign
2465,Víctor Cobo,guadalupesales@example.net,2000-07-10,Architect,269,Dominican Republic,Punta Cana,Student,Submitted,2022-12-23 15:35:32,Referral
2466,Joaquina Barba,maximiliano16@example.com,1989-04-06,Accountant,182,Dominican Republic,Puerto Plata,Individual,Rejected,2025-06-09 04:25:52,Walk-in
2467,Albano Prats,santosgimenez@example.net,1980-06-06,Lawyer,65,Dominican Republic,Punta Cana,Corporate,Approved,2026-01-28 01:19:53,Walk-in
2468,Teodosio Fonseca,carbajobonifacio@example.org,2005-09-13,Accountant,252,Dominican Republic,La Romana,Honorary,Approved,2022-12-09 15:12:13,Email Campaign
2469,Amando Avilés,anita42@example.com,2003-06-13,Marketing Specialist,160,Dominican Republic,San Francisco de Macorís,Corporate,Approved,2023-10-21 05:27:07,Event
2470,María Teresa Frutos,marinagarcia@example.com,2004-07-15,Civil Engineer,16,Dominican Republic,Santo Domingo,Student,Approved,2025-06-28 02:40:13,Event
2471,Imelda Piquer,vergaraflavio@example.net,1994-01-11,Lawyer,238,Dominican Republic,San Pedro de Macorís,Corporate,Approved,2025-02-05 13:04:28,Event
2472,Andrea Boada,ricoaguirre@example.com,1997-06-05,Civil Engineer,190,Dominican Republic,La Romana,Honorary,Approved,2023-10-21 10:28:14,Walk-in
2473,Elvira Macias,bcanas@example.net,1988-04-02,Architect,152,Dominican Republic,La Romana,Student,Approved,2025-03-20 12:40:27,Referral
2474,Lino Azorin,expositoesteban@example.com,1996-10-18,Accountant,201,Dominican Republic,La Romana,Honorary,Approved,2024-10-17 01:37:49,Walk-in
2475,María Carmen Bueno,reinaldoayllon@example.net,2008-08-14,Data Analyst,265,Dominican Republic,Santiago,Student,Approved,2021-08-28 15:05:55,Email Campaign
2476,Casemiro Campoy,lupe61@example.com,1987-05-21,Architect,103,Dominican Republic,Santo Domingo,Individual,Approved,2026-03-01 07:02:39,Referral
2477,Ligia Barreda,gasconazucena@example.net,1992-12-25,Marketing Specialist,131,Dominican Republic,San Pedro de Macorís,Individual,Rejected,2021-12-14 18:33:49,Website
2478,Lucho Jara,barrigalope@example.org,1984-11-24,Financial Analyst,203,Dominican Republic,San Francisco de Macorís,Honorary,Approved,2023-09-16 15:01:05,Email Campaign
2479,Bernardo Olivé,gplaza@example.com,1978-03-24,Lawyer,227,Dominican Republic,San Pedro de Macorís,Corporate,Withdrawn,2023-06-20 08:21:40,Website
2480,Perla Murillo,azaharacalderon@example.com,1993-03-03,Project Manager,147,Dominican Republic,La Romana,Student,Approved,2023-07-01 17:36:49,Email Campaign
2481,Albina Menéndez,wmontenegro@example.net,1977-05-06,Business Consultant,240,Dominican Republic,Santo Domingo,Individual,Rejected,2023-04-30 02:38:14,Email Campaign
2482,Aristides Albero,quintanaascension@example.com,1988-08-16,Data Analyst,174,Dominican Republic,San Francisco de Macorís,Individual,Rejected,2024-01-18 09:50:57,Walk-in
2483,Victorino Canet,jsanmartin@example.com,1976-11-15,Marketing Specialist,244,Dominican Republic,San Francisco de Macorís,Student,Approved,2022-06-05 04:03:39,Referral
2484,Áurea Arcos,susanitasevillano@example.net,1979-02-21,Accountant,108,Dominican Republic,Puerto Plata,Individual,Approved,2025-02-03 10:52:27,Referral
2485,Teófila Águila,alondracalderon@example.com,1978-10-28,Accountant,231,Dominican Republic,Punta Cana,Individual,Under Review,2022-07-23 07:16:26,Referral
2486,Pío Villalobos,zrodrigo@example.net,1990-01-07,Civil Engineer,134,Dominican Republic,San Francisco de Macorís,Student,Rejected,2022-08-11 07:35:19,Referral
2487,Che Soriano,wrodenas@example.net,2000-09-06,Software Engineer,7,Dominican Republic,La Romana,Honorary,Approved,2026-01-31 11:04:22,Event
2488,Heriberto Flor,severianobastida@example.com,2005-03-29,Financial Analyst,222,Dominican Republic,Puerto Plata,Student,Pending Payment,2022-01-02 07:07:49,Walk-in
2489,Loida Montesinos,mendezbrunilda@example.org,1988-05-27,Lawyer,274,Dominican Republic,Santiago,Honorary,Approved,2023-04-06 19:52:04,Email Campaign
2490,José Mari Palacios,oliverastelmo@example.com,1990-08-10,Software Engineer,146,Dominican Republic,San Francisco de Macorís,Honorary,Submitted,2022-12-04 16:05:04,Walk-in
2491,Caridad Peiró,panfiloheras@example.org,1995-05-01,Lawyer,182,Dominican Republic,San Francisco de Macorís,Honorary,Pending Payment,2025-12-24 18:07:01,Referral
2492,Fernando Lumbreras,romanpaez@example.net,1980-06-24,Data Analyst,256,Dominican Republic,San Pedro de Macorís,Individual,Under Review,2022-06-14 15:46:26,Referral
2493,Adelina Toledo,celia01@example.net,1986-11-19,Lawyer,133,Dominican Republic,San Francisco de Macorís,Corporate,Withdrawn,2026-03-28 17:25:17,Event
2494,Odalys Leal,jroman@example.com,1996-03-22,Lawyer,15,Dominican Republic,San Francisco de Macorís,Individual,Rejected,2023-06-03 01:49:23,Event
2495,Adalberto Francisco,corderomodesta@example.net,1987-04-01,Data Analyst,7,Dominican Republic,Santiago,Individual,Approved,2023-05-23 04:10:39,Website
2496,Fausto Sevilla,alejandraplana@example.com,1995-10-22,Business Consultant,239,Dominican Republic,San Pedro de Macorís,Student,Rejected,2023-07-16 10:50:12,Referral
2497,José Mari Moliner,pelaezobdulia@example.net,1999-10-23,Business Consultant,270,Dominican Republic,La Romana,Honorary,Pending Payment,2022-03-04 00:33:18,Event
2498,Fidel Montero,sandravillaverde@example.com,2007-09-30,Business Consultant,288,Dominican Republic,La Romana,Corporate,Rejected,2024-03-14 07:25:43,Walk-in
2499,Teodosio Campillo,adalbertosolera@example.org,2007-09-05,Software Engineer,188,Dominican Republic,La Romana,Student,Approved,2021-09-18 13:38:35,Email Campaign
2500,Blanca Suarez,sorayaaguilo@example.net,1991-03-09,Business Consultant,96,Dominican Republic,La Romana,Corporate,Approved,2023-07-21 23:41:25,Website
2501,Catalina Diaz,etalavera@example.com,2006-12-11,Data Analyst,231,Dominican Republic,San Pedro de Macorís,Honorary,Rejected,2022-08-21 01:02:38,Email Campaign
2502,Dionisio Vallejo,enrique52@example.net,2000-07-27,Marketing Specialist,23,Dominican Republic,Santiago,Individual,Approved,2025-09-27 08:51:04,Walk-in
2503,Fortunata Varela,afiol@example.net,1977-09-27,Software Engineer,200,Dominican Republic,San Francisco de Macorís,Honorary,Approved,2021-09-21 13:40:42,Website
2504,Venceslás Blanch,camiloasensio@example.org,2000-01-08,Accountant,116,Dominican Republic,San Francisco de Macorís,Individual,Submitted,2024-01-08 13:09:57,Walk-in
2505,Epifanio Ferrer,imelda47@example.org,2005-11-16,Project Manager,241,Dominican Republic,Puerto Plata,Honorary,Rejected,2022-02-02 19:34:11,Walk-in
2506,Paco Tomás,gsoria@example.net,2004-01-12,Accountant,56,Dominican Republic,San Pedro de Macorís,Corporate,Approved,2025-04-14 00:44:49,Email Campaign
2507,Dionisio Taboada,penalverpanfilo@example.net,1996-05-25,Business Consultant,180,Dominican Republic,San Pedro de Macorís,Honorary,Approved,2025-05-06 17:46:08,Event
2508,Pancho Pujadas,asarabia@example.com,1977-01-11,Business Consultant,164,Dominican Republic,Santo Domingo,Corporate,Approved,2024-11-11 00:52:28,Walk-in
2509,Azucena Guitart,luciolarranaga@example.org,1976-03-29,Civil Engineer,0,Dominican Republic,La Romana,Honorary,Approved,2024-10-07 21:59:04,Walk-in
2510,Evaristo Cuéllar,emiliano65@example.org,2002-03-13,Project Manager,96,Dominican Republic,Santiago,Student,Approved,2025-07-21 12:27:33,Referral
2511,Etelvina Fonseca,eduborja@example.net,1978-03-25,Business Consultant,226,Dominican Republic,La Romana,Student,Withdrawn,2023-11-06 12:34:53,Email Campaign
2512,Jose Francisco Alcalde,xalmazan@example.net,1985-04-29,Data Analyst,6,Dominican Republic,Punta Cana,Individual,Approved,2025-09-19 15:07:47,Event
2513,Hilda Hervia,wayllon@example.org,1987-01-11,Data Analyst,291,Dominican Republic,La Romana,Student,Approved,2025-11-03 23:51:38,Referral
2514,Modesta Carbó,muletanselmo@example.net,1999-07-15,Data Analyst,214,Dominican Republic,La Romana,Student,Approved,2022-06-20 14:49:08,Referral
2515,Armando Bayón,acordero@example.org,1976-09-09,Civil Engineer,187,Dominican Republic,La Romana,Corporate,Approved,2025-12-08 09:51:57,Walk-in
2516,Anacleto Cañizares,joller@example.net,2000-01-26,Data Analyst,226,Dominican Republic,Santo Domingo,Honorary,Approved,2023-06-05 22:13:49,Referral
2517,Haydée Jurado,mnavarrete@example.com,2005-01-10,Software Engineer,230,Dominican Republic,San Francisco de Macorís,Honorary,Approved,2026-05-20 04:04:02,Website
2518,Zaida Frutos,melchormalo@example.net,1992-09-02,Financial Analyst,132,Dominican Republic,La Romana,Student,Approved,2023-05-30 23:08:45,Email Campaign
2519,Pepito Téllez,estevezcandido@example.com,1995-01-21,Civil Engineer,271,Dominican Republic,San Pedro de Macorís,Honorary,Approved,2025-01-28 14:46:55,Referral
2520,Agustina Bou,rodrigo38@example.com,1997-03-15,Civil Engineer,108,Dominican Republic,Santiago,Corporate,Approved,2024-12-11 04:58:30,Event
2521,Reyna Luque,octaviacosta@example.org,2005-06-21,Civil Engineer,82,Dominican Republic,San Francisco de Macorís,Honorary,Pending Payment,2023-06-01 23:47:44,Referral
2522,Ciriaco Uría,olgaramon@example.com,1988-01-23,Software Engineer,150,Dominican Republic,Puerto Plata,Student,Submitted,2022-11-23 04:18:21,Walk-in
2523,Melania Villegas,martinpozo@example.net,1986-12-24,Data Analyst,152,Dominican Republic,La Romana,Individual,Withdrawn,2023-11-23 14:27:38,Walk-in
2524,Rosa Delgado,scastells@example.org,1976-12-26,Data Analyst,113,Dominican Republic,San Francisco de Macorís,Individual,Withdrawn,2021-12-10 14:40:11,Website
2525,Jennifer Cid,posadagraciana@example.org,1978-08-02,Lawyer,219,Dominican Republic,Punta Cana,Honorary,Approved,2024-03-27 21:16:44,Email Campaign
2526,Griselda Pi,montenegrochema@example.net,1976-06-19,Architect,136,Dominican Republic,La Romana,Corporate,Approved,2026-05-30 00:38:36,Walk-in
2527,María Dolores Neira,horacio27@example.org,1989-04-12,Marketing Specialist,83,Dominican Republic,Santo Domingo,Student,Approved,2023-05-18 05:35:36,Event
2528,Luna Barberá,joelmontero@example.com,2004-05-25,Accountant,160,Dominican Republic,Santo Domingo,Corporate,Withdrawn,2023-07-01 04:51:32,Walk-in
2529,Rico Font,borrasvictoria@example.org,1977-07-31,Civil Engineer,129,Dominican Republic,La Romana,Student,Submitted,2021-12-20 23:14:36,Referral
2530,Dolores Badía,blassalcedo@example.net,1979-07-11,Business Consultant,281,Dominican Republic,San Pedro de Macorís,Honorary,Approved,2021-09-05 19:44:02,Email Campaign
2531,Nydia Menendez,duranbelen@example.net,2007-11-30,Lawyer,210,Dominican Republic,La Romana,Individual,Approved,2023-08-12 08:45:06,Event
2532,Nico Lopez,naranjocandelaria@example.net,2001-05-15,Marketing Specialist,154,Dominican Republic,Puerto Plata,Student,Approved,2023-03-07 03:06:15,Walk-in
2533,Etelvina Ayuso,augustojauregui@example.net,1983-02-25,Marketing Specialist,283,Dominican Republic,San Pedro de Macorís,Student,Under Review,2025-06-03 15:17:36,Walk-in
2534,Silvestre Rodriguez,herreramaria-luisa@example.com,1989-01-18,Project Manager,152,Dominican Republic,San Francisco de Macorís,Student,Approved,2023-02-06 04:23:19,Website
2535,Bibiana Amat,checaemigdio@example.net,1997-04-04,Architect,154,Dominican Republic,San Francisco de Macorís,Honorary,Withdrawn,2025-04-19 22:08:09,Walk-in
2536,Aurora Batlle,reyna94@example.com,2006-01-25,Accountant,204,Dominican Republic,San Pedro de Macorís,Honorary,Approved,2023-10-31 12:03:56,Email Campaign
2537,María José Seco,oliveraviviana@example.net,1983-02-21,Accountant,87,Dominican Republic,Santo Domingo,Honorary,Rejected,2022-04-11 14:40:01,Walk-in
2538,Patricia Borja,ollerisa@example.net,2007-11-12,Marketing Specialist,54,Dominican Republic,San Francisco de Macorís,Honorary,Approved,2023-06-15 17:33:42,Website
2539,Ileana Hidalgo,roselloanastasia@example.org,1996-03-21,Software Engineer,292,Dominican Republic,San Francisco de Macorís,Individual,Under Review,2025-06-17 06:07:09,Email Campaign
2540,Esperanza Vara,emilio18@example.net,1979-11-22,Data Analyst,223,Dominican Republic,Santo Domingo,Student,Pending Payment,2024-04-10 00:43:48,Walk-in
2541,Enrique Roca,ainoaraya@example.net,2005-01-10,Project Manager,43,Dominican Republic,San Pedro de Macorís,Honorary,Submitted,2024-09-04 18:34:38,Event
2542,Flora Andrade,ramirezoctavia@example.com,1990-03-07,Project Manager,59,Dominican Republic,Santiago,Honorary,Approved,2025-09-21 18:59:12,Walk-in
2543,Jenny Cabello,ztejero@example.org,1998-01-15,Project Manager,23,Dominican Republic,Puerto Plata,Student,Approved,2026-03-01 20:01:20,Email Campaign
2544,Candela Gascón,bguzman@example.net,1993-07-17,Financial Analyst,51,Dominican Republic,Punta Cana,Individual,Approved,2024-09-09 14:39:35,Referral
2545,Amador Bonilla,dcuellar@example.com,1981-06-30,Data Analyst,62,Dominican Republic,San Pedro de Macorís,Individual,Approved,2023-01-01 12:29:55,Walk-in
2546,Gerónimo Rodríguez,croyo@example.net,2003-11-30,Data Analyst,99,Dominican Republic,Santiago,Corporate,Withdrawn,2026-01-11 11:03:15,Website
2547,Aitor Ferreras,fpuerta@example.com,2003-06-12,Marketing Specialist,105,Dominican Republic,Santiago,Corporate,Under Review,2024-05-31 02:34:44,Walk-in
2548,Fortunato Exposito,silvalupe@example.net,1995-07-05,Data Analyst,156,Dominican Republic,San Francisco de Macorís,Individual,Approved,2023-09-16 03:37:30,Event
2549,Nuria Monreal,cerdamoises@example.com,1996-10-28,Marketing Specialist,140,Dominican Republic,Santiago,Honorary,Rejected,2025-09-14 14:21:59,Email Campaign
2550,Alexandra Sola,tonomora@example.net,2004-02-02,Civil Engineer,203,Dominican Republic,Santiago,Student,Approved,2025-11-13 19:46:15,Event
2551,Ricardo Marti,expositoximena@example.net,1988-03-19,Project Manager,42,Dominican Republic,San Francisco de Macorís,Honorary,Approved,2026-03-06 06:42:15,Walk-in
2552,Amador Molins,belmontezaida@example.net,2007-09-02,Marketing Specialist,35,Dominican Republic,La Romana,Honorary,Approved,2024-02-15 14:38:51,Email Campaign
2553,Edelmiro Saez,poncenarciso@example.com,1994-05-30,Data Analyst,269,Dominican Republic,San Pedro de Macorís,Student,Approved,2023-04-03 08:19:51,Walk-in
2554,Concha Becerra,domingaortuno@example.com,1987-08-03,Architect,261,Dominican Republic,Santo Domingo,Student,Approved,2022-06-10 03:31:13,Website
2555,Bienvenida Sainz,carbonellprudencia@example.com,1993-07-12,Accountant,36,Dominican Republic,Puerto Plata,Student,Pending Payment,2025-04-18 04:27:59,Walk-in
2556,Aníbal Barba,maria-angeles00@example.net,1996-03-06,Civil Engineer,202,Dominican Republic,Puerto Plata,Honorary,Withdrawn,2023-03-19 07:46:58,Referral
2557,Juan Francisco Lerma,azenethsalvador@example.net,2004-01-25,Civil Engineer,243,Dominican Republic,Santo Domingo,Individual,Approved,2025-10-30 03:03:22,Email Campaign
2558,Paco Sierra,guijarrofelisa@example.org,2001-12-24,Civil Engineer,111,Dominican Republic,Santo Domingo,Corporate,Approved,2022-11-07 18:42:00,Event
2559,Dolores Ferrández,casalcristian@example.net,2005-06-29,Architect,293,Dominican Republic,Puerto Plata,Honorary,Approved,2022-12-04 14:10:09,Email Campaign
2560,Noé Alcalde,vendrellrosendo@example.net,1976-11-15,Marketing Specialist,299,Dominican Republic,Puerto Plata,Honorary,Submitted,2025-11-05 18:03:09,Event
2561,Leonardo Donoso,querolgisela@example.net,1996-02-01,Marketing Specialist,113,Dominican Republic,Santiago,Corporate,Approved,2024-07-31 12:21:24,Walk-in
2562,Eustaquio Escudero,javifajardo@example.com,1996-03-22,Project Manager,97,Dominican Republic,San Francisco de Macorís,Honorary,Rejected,2023-06-11 18:50:19,Email Campaign
2563,Otilia Carrera,planasflorentino@example.org,1976-02-10,Software Engineer,76,Dominican Republic,San Pedro de Macorís,Honorary,Rejected,2025-11-21 11:53:29,Website
2564,Feliciana Ferrán,cerdanoctavia@example.com,2002-05-16,Civil Engineer,295,Dominican Republic,La Romana,Corporate,Withdrawn,2023-02-13 12:54:51,Event
2565,Verónica Plaza,qchamorro@example.net,2003-01-13,Software Engineer,288,Dominican Republic,San Francisco de Macorís,Corporate,Withdrawn,2025-06-27 17:14:03,Website
2566,Prudencio Haro,bmaldonado@example.net,2003-03-04,Business Consultant,144,Dominican Republic,Santo Domingo,Individual,Approved,2024-06-05 14:19:43,Referral
2567,Ana Belén Briones,marcos69@example.com,2006-04-24,Software Engineer,263,Dominican Republic,San Pedro de Macorís,Individual,Rejected,2025-02-13 10:06:09,Event
2568,Irene Valcárcel,augusto68@example.com,2002-06-29,Financial Analyst,97,Dominican Republic,Santo Domingo,Student,Submitted,2023-06-03 21:17:41,Referral
2569,Porfirio Mateu,ramon34@example.com,2000-04-19,Business Consultant,127,Dominican Republic,Santo Domingo,Student,Approved,2022-03-17 13:10:23,Email Campaign
2570,Lisandro Pintor,wriquelme@example.net,1982-05-28,Civil Engineer,160,Dominican Republic,Puerto Plata,Honorary,Approved,2023-12-05 09:41:07,Event
2571,Antonia Fiol,chita35@example.net,1994-04-05,Marketing Specialist,132,Dominican Republic,Santiago,Student,Under Review,2025-04-19 12:27:17,Email Campaign
2572,Eva María Cuesta,nurrutia@example.com,1988-12-21,Civil Engineer,155,Dominican Republic,Punta Cana,Corporate,Approved,2024-03-13 23:10:35,Email Campaign
2573,Aura Millán,fabioandreu@example.net,2003-04-03,Civil Engineer,67,Dominican Republic,Puerto Plata,Honorary,Approved,2025-07-27 04:55:26,Event
2574,Ainara Patiño,gacuna@example.net,1985-07-16,Data Analyst,266,Dominican Republic,San Pedro de Macorís,Student,Approved,2023-09-21 22:44:29,Email Campaign
2575,Federico Real,galainfante@example.com,1983-12-11,Architect,76,Dominican Republic,Santiago,Corporate,Approved,2025-04-24 16:32:05,Referral
2576,Edelmira Navas,palacioamado@example.net,2002-07-17,Software Engineer,231,Dominican Republic,Punta Cana,Individual,Approved,2024-04-01 06:13:12,Referral
2577,Melchor Barreda,lorena09@example.org,1993-09-30,Architect,37,Dominican Republic,San Francisco de Macorís,Honorary,Approved,2023-12-09 23:26:31,Walk-in
2578,Salvador Silva,luzaguilo@example.org,1991-03-24,Marketing Specialist,91,Dominican Republic,Santiago,Individual,Approved,2023-04-30 01:47:50,Walk-in
2579,Lisandro Dueñas,claudiaarroyo@example.net,1991-07-21,Lawyer,280,Dominican Republic,Punta Cana,Individual,Approved,2025-06-14 01:27:55,Referral
2580,Javi Trillo,rafaelamiranda@example.com,1997-04-01,Accountant,88,Dominican Republic,San Pedro de Macorís,Corporate,Rejected,2024-08-02 18:47:35,Event
2581,Griselda Acuña,chitaandrade@example.org,1989-12-29,Business Consultant,82,Dominican Republic,Santo Domingo,Corporate,Approved,2022-10-27 15:06:46,Email Campaign
2582,Nico Ortega,pabloantonio@example.net,1980-02-28,Software Engineer,189,Dominican Republic,San Francisco de Macorís,Student,Rejected,2021-09-09 21:43:04,Website
2583,Marcelo Nuñez,estebanchita@example.org,1986-04-02,Project Manager,59,Dominican Republic,San Pedro de Macorís,Student,Rejected,2023-06-08 08:36:06,Email Campaign
2584,Olegario González,chaparrovioleta@example.com,1995-12-12,Software Engineer,212,Dominican Republic,La Romana,Honorary,Approved,2023-11-26 13:34:04,Referral
2585,María Pilar Guerrero,maricelatur@example.net,2004-11-08,Accountant,65,Dominican Republic,Puerto Plata,Corporate,Approved,2024-06-17 23:06:48,Website
2586,Godofredo Bermúdez,cantonerasmo@example.org,1997-12-29,Lawyer,255,Dominican Republic,La Romana,Corporate,Approved,2024-08-25 06:08:32,Website
2587,Coral Andres,ruperta26@example.com,1981-12-05,Architect,256,Dominican Republic,Santo Domingo,Student,Submitted,2025-07-27 04:37:12,Website
2588,Olga Lamas,carmenrovira@example.net,1988-08-02,Business Consultant,146,Dominican Republic,Santo Domingo,Honorary,Approved,2023-03-17 21:42:16,Referral
2589,Noelia Núñez,azconaazucena@example.com,1992-07-08,Civil Engineer,9,Dominican Republic,La Romana,Individual,Approved,2023-07-21 00:08:26,Referral
2590,Benigna Fernández,pablo45@example.org,1984-06-23,Accountant,151,Dominican Republic,Santo Domingo,Corporate,Approved,2025-04-27 01:36:03,Email Campaign
2591,Apolinar Berrocal,moisesburgos@example.org,1991-11-12,Accountant,204,Dominican Republic,San Francisco de Macorís,Individual,Approved,2024-03-28 15:20:21,Referral
2592,Omar Pallarès,marisol37@example.net,1976-09-16,Marketing Specialist,287,Dominican Republic,San Francisco de Macorís,Individual,Approved,2025-03-16 02:13:59,Website
2593,Elpidio Sáez,candelariacampos@example.com,1991-02-24,Project Manager,225,Dominican Republic,Santo Domingo,Corporate,Approved,2023-05-08 12:48:35,Walk-in
2594,Jose Miguel Salamanca,rogelio12@example.org,1998-05-15,Architect,26,Dominican Republic,Puerto Plata,Corporate,Pending Payment,2024-05-08 02:29:09,Walk-in
2595,Paulina Tamarit,teo26@example.com,2005-09-09,Data Analyst,136,Dominican Republic,Punta Cana,Student,Approved,2022-07-07 03:34:30,Referral
2596,Fulgencio Rodrigo,vilaplanajose-angel@example.net,1979-09-06,Financial Analyst,143,Dominican Republic,San Francisco de Macorís,Student,Rejected,2025-12-30 22:03:54,Event
2597,Miguela Salamanca,acuesta@example.net,1996-10-15,Business Consultant,47,Dominican Republic,Santiago,Corporate,Approved,2022-02-25 17:59:21,Walk-in
2598,Teobaldo Guillén,rosadojose-angel@example.org,2002-07-13,Architect,135,Dominican Republic,Santiago,Corporate,Submitted,2023-08-25 12:11:36,Event
2599,Águeda Navarrete,ruanomarcela@example.com,2007-08-31,Financial Analyst,262,Dominican Republic,Santo Domingo,Honorary,Approved,2022-02-26 01:51:33,Referral
2600,María Narváez,murcialorena@example.net,2003-08-07,Business Consultant,72,Dominican Republic,La Romana,Student,Submitted,2026-03-30 01:15:49,Referral
2601,Eric Casares,osaez@example.net,2002-12-30,Software Engineer,209,Dominican Republic,La Romana,Corporate,Approved,2022-07-02 08:20:23,Walk-in
2602,Fulgencio Garrido,merche38@example.net,1993-09-12,Civil Engineer,289,Dominican Republic,Puerto Plata,Student,Rejected,2021-12-23 08:03:54,Walk-in
2603,Mario Vallés,remedios14@example.net,1980-10-29,Lawyer,5,Dominican Republic,Puerto Plata,Individual,Rejected,2022-02-19 10:53:09,Email Campaign
2604,Espiridión Peiró,salvadormartorell@example.com,1977-03-21,Data Analyst,91,Dominican Republic,San Francisco de Macorís,Individual,Approved,2022-11-18 12:27:39,Referral
2605,Carolina Echevarría,custodiohoz@example.com,1980-02-26,Lawyer,56,Dominican Republic,Puerto Plata,Corporate,Submitted,2025-08-29 07:36:14,Referral
2606,Porfirio Peláez,dpinedo@example.org,1996-04-11,Accountant,251,Dominican Republic,Santiago,Honorary,Approved,2022-03-12 09:23:14,Walk-in
2607,Damián Muñoz,dominga04@example.net,1984-06-13,Architect,111,Dominican Republic,Santiago,Student,Approved,2023-04-20 18:45:18,Email Campaign
2608,Teresa Blázquez,flormartinez@example.org,1990-06-23,Civil Engineer,147,Dominican Republic,Puerto Plata,Student,Approved,2024-10-26 03:26:04,Event
2609,Jafet Blazquez,crespograciana@example.net,1992-02-09,Civil Engineer,98,Dominican Republic,Puerto Plata,Honorary,Approved,2025-10-06 10:02:05,Walk-in
2610,Diego Campo,alcides62@example.net,1995-07-15,Financial Analyst,109,Dominican Republic,San Francisco de Macorís,Student,Approved,2022-08-17 02:59:30,Referral
2611,Ignacia Solsona,rosarionicolas@example.org,2006-08-07,Architect,60,Dominican Republic,Punta Cana,Student,Approved,2025-06-29 20:06:04,Event
2612,Ignacio Cáceres,romaepifanio@example.net,1996-07-20,Architect,115,Dominican Republic,Punta Cana,Honorary,Approved,2022-05-11 20:16:10,Email Campaign
2613,Mar Baeza,ngranados@example.org,1980-12-23,Lawyer,95,Dominican Republic,San Pedro de Macorís,Honorary,Submitted,2022-06-26 02:36:46,Website
2614,Dorita Hoz,ybenet@example.com,1990-09-16,Lawyer,192,Dominican Republic,San Francisco de Macorís,Honorary,Rejected,2023-07-03 13:35:08,Walk-in
2615,Iris Serna,htome@example.org,1987-11-11,Accountant,239,Dominican Republic,San Pedro de Macorís,Individual,Approved,2022-10-25 03:35:24,Walk-in
2616,Clara Vilaplana,atorrent@example.com,1997-07-16,Marketing Specialist,212,Dominican Republic,La Romana,Student,Submitted,2024-02-19 01:19:08,Walk-in
2617,Osvaldo Berrocal,rosario30@example.com,1984-12-22,Accountant,151,Dominican Republic,Santiago,Corporate,Approved,2024-05-09 03:30:13,Event
2618,Aurelio Alarcón,adolfocastro@example.net,1988-06-25,Business Consultant,287,Dominican Republic,Santiago,Honorary,Approved,2026-01-29 16:19:53,Email Campaign
2619,Jose Francisco Urrutia,garcesmarcela@example.com,1997-05-09,Financial Analyst,220,Dominican Republic,Puerto Plata,Honorary,Withdrawn,2024-08-05 10:57:25,Website
2620,Silvia Baquero,doroteamolina@example.net,1989-04-01,Lawyer,57,Dominican Republic,Santiago,Corporate,Approved,2025-07-01 22:24:11,Website
2621,María Puente,gamezflorencia@example.org,1984-11-27,Lawyer,105,Dominican Republic,San Pedro de Macorís,Honorary,Approved,2021-09-21 05:22:41,Email Campaign
2622,Elodia Fuster,saturnino75@example.com,1996-12-04,Architect,292,Dominican Republic,Santo Domingo,Corporate,Approved,2022-03-27 13:34:00,Walk-in
2623,Brunilda Coll,modestarodrigo@example.net,1992-10-29,Financial Analyst,73,Dominican Republic,Puerto Plata,Student,Approved,2022-06-20 20:27:05,Referral
2624,Arsenio Benet,paulinacatalan@example.com,1981-07-08,Marketing Specialist,81,Dominican Republic,Santiago,Honorary,Approved,2022-04-05 11:05:20,Referral
2625,Atilio Mir,hervasjose-ignacio@example.com,1988-06-01,Software Engineer,187,Dominican Republic,Puerto Plata,Individual,Approved,2022-02-28 12:46:31,Walk-in
2626,Cornelio Menéndez,eustaquioacedo@example.org,1983-08-23,Lawyer,297,Dominican Republic,Santiago,Corporate,Pending Payment,2026-03-16 06:30:51,Event
2627,Gema Dominguez,natividad32@example.org,2001-11-17,Marketing Specialist,128,Dominican Republic,Punta Cana,Individual,Approved,2026-05-01 02:48:20,Email Campaign
2628,Manola Figueras,pomboazeneth@example.org,2000-04-08,Civil Engineer,195,Dominican Republic,Punta Cana,Individual,Approved,2025-02-22 22:51:42,Walk-in
2629,Iván Ribes,gamezbrigida@example.net,1998-09-03,Financial Analyst,185,Dominican Republic,San Francisco de Macorís,Student,Rejected,2022-05-19 20:05:14,Walk-in
2630,Florencia Tejero,malenapintor@example.net,1976-01-28,Architect,279,Dominican Republic,San Francisco de Macorís,Honorary,Approved,2025-08-12 03:42:09,Email Campaign
2631,Maribel Vicens,flora76@example.com,1981-11-29,Data Analyst,36,Dominican Republic,San Francisco de Macorís,Honorary,Under Review,2022-01-16 05:49:17,Email Campaign
2632,Aristides Alvarado,efrain14@example.net,2000-01-19,Financial Analyst,37,Dominican Republic,Puerto Plata,Individual,Rejected,2022-07-01 14:48:41,Walk-in
2633,Mercedes Ayuso,dagullo@example.org,1990-05-27,Data Analyst,5,Dominican Republic,San Pedro de Macorís,Student,Approved,2023-09-14 22:17:53,Website
2634,Julio César Patiño,montescristobal@example.org,1983-01-07,Project Manager,120,Dominican Republic,Punta Cana,Student,Rejected,2025-07-21 03:52:02,Event
2635,Adolfo Ángel,cecilio19@example.org,1996-10-25,Business Consultant,161,Dominican Republic,Santiago,Individual,Approved,2023-11-26 14:10:29,Website
2636,Nazaret Mateu,juan-antonio56@example.net,1991-09-23,Software Engineer,266,Dominican Republic,La Romana,Honorary,Approved,2022-11-09 05:54:36,Referral
2637,Encarnita Prats,nilo61@example.net,1981-12-23,Civil Engineer,23,Dominican Republic,Santiago,Corporate,Submitted,2025-07-04 19:46:53,Walk-in
2638,Tiburcio Valentín,guzmanvalentin@example.com,2000-08-19,Lawyer,19,Dominican Republic,San Pedro de Macorís,Honorary,Under Review,2022-08-22 05:02:06,Walk-in
2639,Javiera Vallejo,bcid@example.org,1995-07-16,Financial Analyst,161,Dominican Republic,Santo Domingo,Corporate,Pending Payment,2024-08-30 19:03:35,Referral
2640,Salvador Campillo,manuelaquerol@example.com,2007-01-27,Project Manager,151,Dominican Republic,Santiago,Individual,Rejected,2025-05-25 17:52:19,Walk-in
2641,Candelaria Gilabert,peralesprudencio@example.com,1982-09-15,Lawyer,226,Dominican Republic,Punta Cana,Individual,Approved,2025-07-21 03:00:58,Referral
2642,Clímaco Ferrán,cmacias@example.org,2000-06-19,Data Analyst,95,Dominican Republic,Santiago,Student,Approved,2022-11-03 02:24:07,Referral
2643,Isaac Malo,tbayona@example.com,2002-06-10,Business Consultant,298,Dominican Republic,Puerto Plata,Individual,Approved,2024-12-22 12:40:05,Referral
2644,Soraya Piquer,ana-belenrodrigo@example.org,2000-05-26,Architect,174,Dominican Republic,Puerto Plata,Student,Approved,2023-07-05 08:55:12,Website
2645,Aarón Martin,bellidonoa@example.com,1989-10-21,Architect,21,Dominican Republic,Santiago,Corporate,Withdrawn,2022-06-22 10:02:10,Website
2646,Isaura Martí,eugeniacalatayud@example.com,1981-12-17,Accountant,206,Dominican Republic,San Pedro de Macorís,Honorary,Pending Payment,2024-02-29 22:36:05,Walk-in
2647,Ariadna González,puentebernardita@example.net,1989-12-27,Architect,151,Dominican Republic,San Pedro de Macorís,Honorary,Approved,2023-05-31 13:31:59,Referral
2648,Susana Ricart,alejandra04@example.com,1986-04-21,Project Manager,132,Dominican Republic,La Romana,Student,Approved,2024-11-09 10:06:04,Referral
2649,Bárbara Ponce,nalmeida@example.com,1994-05-27,Project Manager,159,Dominican Republic,Punta Cana,Honorary,Approved,2026-05-27 17:02:33,Referral
2650,Melisa Guardia,anayaleopoldo@example.net,1983-02-16,Accountant,68,Dominican Republic,San Pedro de Macorís,Honorary,Approved,2025-10-15 01:07:09,Website
2651,Isabela Goñi,sgonzalez@example.org,2001-09-10,Business Consultant,151,Dominican Republic,La Romana,Student,Approved,2024-07-31 03:50:42,Referral
2652,Corona Escrivá,melisacarballo@example.net,1997-07-21,Project Manager,141,Dominican Republic,Santiago,Corporate,Withdrawn,2023-01-28 17:05:03,Email Campaign
2653,Almudena Barco,mmurcia@example.org,1985-03-06,Project Manager,3,Dominican Republic,Puerto Plata,Individual,Under Review,2022-03-13 21:57:56,Referral
2654,Armando Lamas,pimanuelita@example.net,1980-08-01,Accountant,110,Dominican Republic,Puerto Plata,Individual,Approved,2022-06-14 10:04:03,Event
2655,Ceferino Sans,eduardovilanova@example.org,1985-03-14,Lawyer,157,Dominican Republic,Santiago,Honorary,Approved,2025-09-24 12:27:27,Event
2656,Edelmiro Villena,alexbonilla@example.net,1979-07-14,Civil Engineer,271,Dominican Republic,Santo Domingo,Student,Approved,2025-06-12 13:11:06,Event
2657,Josefina Pérez,tenorionicanor@example.net,1990-11-24,Project Manager,285,Dominican Republic,Santo Domingo,Individual,Approved,2026-02-14 10:55:00,Referral
2658,Emperatriz Viñas,pepita97@example.com,1995-06-09,Financial Analyst,235,Dominican Republic,La Romana,Corporate,Approved,2025-06-20 03:32:49,Email Campaign
2659,Etelvina Barberá,felix21@example.com,1979-11-15,Data Analyst,224,Dominican Republic,Santo Domingo,Student,Approved,2022-08-03 17:21:29,Email Campaign
2660,León Recio,silvestre58@example.net,1978-11-16,Financial Analyst,55,Dominican Republic,San Francisco de Macorís,Corporate,Approved,2026-05-09 13:31:34,Website
2661,Estefanía Cal,rosellocarmelo@example.com,1982-11-01,Project Manager,173,Dominican Republic,Santiago,Individual,Rejected,2024-04-25 10:27:02,Email Campaign
2662,Santos Hervia,rayaheraclio@example.org,1981-05-14,Accountant,76,Dominican Republic,Santiago,Honorary,Submitted,2025-07-28 01:26:35,Website
2663,Quique Ortuño,venriquez@example.com,1979-03-01,Software Engineer,246,Dominican Republic,Puerto Plata,Individual,Approved,2025-03-18 04:26:39,Walk-in
2664,Edelmira Mayol,fgibert@example.net,1992-11-25,Marketing Specialist,32,Dominican Republic,Santiago,Student,Approved,2022-04-03 11:20:22,Event
2665,Chus Galván,poubernarda@example.org,1999-05-21,Financial Analyst,71,Dominican Republic,San Francisco de Macorís,Corporate,Approved,2022-01-19 22:25:01,Email Campaign
2666,Danilo Galan,valerocarmelo@example.com,1992-06-12,Project Manager,119,Dominican Republic,La Romana,Honorary,Approved,2024-08-11 04:04:34,Referral
2667,Gonzalo Duarte,porcelivan@example.net,1982-04-06,Business Consultant,56,Dominican Republic,San Francisco de Macorís,Individual,Approved,2025-03-27 15:04:12,Event
2668,África Carreño,carmelosoriano@example.net,2004-12-09,Lawyer,273,Dominican Republic,Santo Domingo,Student,Approved,2026-02-17 18:11:20,Website
2669,Narciso Leal,arrietamartin@example.net,1996-02-18,Lawyer,268,Dominican Republic,Santiago,Student,Approved,2022-02-16 15:37:46,Walk-in
2670,Jose Carlos Tamayo,elianapalau@example.net,1985-09-17,Civil Engineer,126,Dominican Republic,San Pedro de Macorís,Individual,Approved,2024-10-23 05:17:43,Walk-in
2671,Ascensión Méndez,nestorrobledo@example.org,1998-10-14,Data Analyst,14,Dominican Republic,Santo Domingo,Corporate,Approved,2026-04-24 20:35:25,Walk-in
2672,Marta Casals,almalopez@example.net,1983-01-22,Project Manager,267,Dominican Republic,Puerto Plata,Student,Approved,2022-12-17 15:28:05,Walk-in
2673,Espiridión Montserrat,curro74@example.org,2004-01-04,Software Engineer,248,Dominican Republic,La Romana,Student,Approved,2023-03-21 06:02:48,Event
2674,Mohamed Batlle,pepita76@example.org,2006-06-05,Civil Engineer,169,Dominican Republic,San Francisco de Macorís,Honorary,Approved,2022-07-22 00:44:46,Walk-in
2675,Olivia Esparza,santiagoarcos@example.org,1999-05-03,Lawyer,57,Dominican Republic,Santiago,Honorary,Approved,2026-04-05 17:21:50,Event
2676,Ruperto Guijarro,pepito41@example.org,2000-04-04,Software Engineer,172,Dominican Republic,San Francisco de Macorís,Individual,Rejected,2026-05-15 16:10:47,Website
2677,José Monreal,ciriacomir@example.com,1983-01-19,Marketing Specialist,5,Dominican Republic,La Romana,Corporate,Approved,2022-02-05 14:05:50,Event
2678,Elisa Herrera,sosaelba@example.com,1993-05-20,Architect,128,Dominican Republic,San Pedro de Macorís,Corporate,Approved,2024-07-09 21:46:50,Email Campaign
2679,Matilde Arteaga,xmaza@example.net,1993-12-18,Architect,78,Dominican Republic,La Romana,Individual,Submitted,2025-08-08 21:57:05,Event
2680,Elpidio Lobato,echeverriajulia@example.org,1991-04-30,Accountant,174,Dominican Republic,La Romana,Honorary,Approved,2025-10-05 19:56:40,Website
2681,Fanny Fabra,florina16@example.com,1992-12-08,Business Consultant,62,Dominican Republic,San Pedro de Macorís,Honorary,Approved,2022-03-13 18:49:57,Event
2682,Bonifacio Fábregas,estersosa@example.org,2007-06-09,Accountant,125,Dominican Republic,Puerto Plata,Individual,Approved,2025-04-18 23:59:18,Referral
2683,Víctor Andrade,hcerdan@example.com,1997-12-30,Marketing Specialist,41,Dominican Republic,Santo Domingo,Honorary,Approved,2023-07-30 01:45:24,Event
2684,Lara Marin,escribanomarcos@example.org,1997-10-11,Software Engineer,164,Dominican Republic,San Pedro de Macorís,Individual,Approved,2023-02-10 02:07:48,Website
2685,Flavia Donaire,ciriaco98@example.net,1983-06-16,Financial Analyst,230,Dominican Republic,San Pedro de Macorís,Corporate,Approved,2022-03-04 08:04:43,Event
2686,Sergio Hoyos,macarenaguitart@example.com,1986-04-14,Accountant,241,Dominican Republic,San Pedro de Macorís,Student,Rejected,2024-04-10 09:24:35,Event
2687,Valeria Alcaraz,caboflorencia@example.com,1985-07-09,Project Manager,271,Dominican Republic,Santo Domingo,Corporate,Approved,2023-12-07 20:24:22,Referral
2688,Florentino Martin,fabricio02@example.net,1985-02-26,Data Analyst,116,Dominican Republic,San Francisco de Macorís,Corporate,Rejected,2023-09-24 21:23:42,Referral
2689,Nuria Pedro,menavalentin@example.com,1987-08-04,Marketing Specialist,9,Dominican Republic,Puerto Plata,Honorary,Withdrawn,2022-06-04 02:01:38,Walk-in
2690,Desiderio Villa,vbas@example.com,1984-12-19,Architect,186,Dominican Republic,La Romana,Individual,Pending Payment,2021-09-19 20:14:17,Walk-in
2691,Emperatriz López,mendizabalana-belen@example.com,1982-03-12,Lawyer,269,Dominican Republic,San Pedro de Macorís,Honorary,Pending Payment,2026-03-27 20:58:46,Email Campaign
2692,Estefanía Bas,adeliaarias@example.com,1986-03-25,Software Engineer,138,Dominican Republic,Puerto Plata,Individual,Approved,2022-10-16 20:12:41,Email Campaign
2693,Marcelo Morcillo,barbaapolonia@example.org,1988-10-06,Financial Analyst,168,Dominican Republic,San Pedro de Macorís,Individual,Approved,2022-04-19 04:50:29,Email Campaign
2694,Guadalupe Bejarano,floresmaximino@example.com,1986-07-08,Marketing Specialist,99,Dominican Republic,San Pedro de Macorís,Corporate,Submitted,2023-12-03 20:23:23,Walk-in
2695,Gerardo Echevarría,diazjose-antonio@example.com,1988-08-26,Lawyer,81,Dominican Republic,San Francisco de Macorís,Student,Pending Payment,2024-11-23 09:25:18,Event
2696,Toribio Roda,matildediez@example.net,1987-06-15,Accountant,147,Dominican Republic,Santiago,Student,Rejected,2023-08-21 22:54:39,Event
2697,Jesús Pla,ibanezciro@example.org,1996-11-30,Business Consultant,93,Dominican Republic,San Pedro de Macorís,Corporate,Approved,2026-04-04 23:54:45,Event
2698,Micaela Feliu,gualmiguela@example.com,1979-12-18,Lawyer,89,Dominican Republic,Punta Cana,Honorary,Under Review,2024-01-14 02:14:13,Referral
2699,Francisca Comas,abilio66@example.net,1981-09-10,Architect,220,Dominican Republic,San Pedro de Macorís,Student,Approved,2026-01-03 17:16:49,Walk-in
2700,Marcela Expósito,sebastian33@example.com,1998-08-06,Marketing Specialist,137,Dominican Republic,Punta Cana,Honorary,Approved,2026-01-19 06:28:58,Website
2701,Bárbara Grau,jose-angelgallardo@example.com,1988-04-07,Accountant,63,Dominican Republic,Punta Cana,Corporate,Approved,2022-07-10 07:55:40,Email Campaign
2702,Malena Zurita,nrubio@example.com,2000-07-16,Business Consultant,48,Dominican Republic,Santo Domingo,Honorary,Approved,2021-12-19 14:53:55,Walk-in
2703,Anunciación Royo,octavia42@example.com,1984-02-14,Software Engineer,46,Dominican Republic,Santo Domingo,Corporate,Submitted,2023-02-25 10:47:46,Website
2704,Rodolfo Cañellas,olegario07@example.com,1982-08-05,Lawyer,22,Dominican Republic,San Francisco de Macorís,Student,Rejected,2024-07-17 05:04:38,Website
2705,Otilia Almeida,fernando88@example.net,1988-05-06,Project Manager,2,Dominican Republic,Punta Cana,Individual,Approved,2023-12-18 19:10:06,Referral
2706,Serafina Tena,ibarracloe@example.com,2003-02-03,Accountant,224,Dominican Republic,Santiago,Individual,Submitted,2025-03-28 17:44:42,Website
2707,Loreto Morillo,mohamedbaez@example.com,1989-06-03,Software Engineer,278,Dominican Republic,Santiago,Honorary,Approved,2024-06-10 06:36:23,Event
2708,Arsenio Jordán,zcasanovas@example.net,1993-06-11,Architect,95,Dominican Republic,Puerto Plata,Corporate,Approved,2023-05-13 13:04:11,Website
2709,Adalberto Arellano,leocadio28@example.net,2007-12-15,Financial Analyst,228,Dominican Republic,La Romana,Individual,Under Review,2025-07-10 10:43:34,Walk-in
2710,Ibán Llobet,manola96@example.net,1988-06-25,Civil Engineer,20,Dominican Republic,Santo Domingo,Corporate,Approved,2026-01-16 00:22:25,Website
2711,Toño Ropero,djorda@example.org,1989-07-19,Architect,75,Dominican Republic,San Pedro de Macorís,Honorary,Approved,2022-07-22 15:30:45,Event
2712,Zacarías Alonso,faznar@example.com,1996-10-13,Lawyer,39,Dominican Republic,Santiago,Corporate,Approved,2025-05-24 19:09:38,Referral
2713,Vilma Blanca,amomarta@example.org,2002-10-24,Project Manager,248,Dominican Republic,San Francisco de Macorís,Student,Under Review,2026-02-07 13:19:15,Event
2714,Juan Bautista Samper,navarroruben@example.com,2003-11-11,Project Manager,117,Dominican Republic,Santo Domingo,Corporate,Approved,2024-09-12 14:21:27,Event
2715,Silvio Rosell,aaron51@example.net,2000-05-31,Accountant,81,Dominican Republic,La Romana,Corporate,Approved,2025-12-12 08:06:11,Event
2716,Telmo Aller,planasamparo@example.net,1985-08-07,Software Engineer,22,Dominican Republic,San Pedro de Macorís,Individual,Approved,2023-11-13 22:32:53,Website
2717,Chus Escrivá,loretogalan@example.com,1996-06-04,Software Engineer,121,Dominican Republic,Santo Domingo,Student,Pending Payment,2025-05-08 02:11:33,Referral
2718,Coral Villar,alejo45@example.org,1997-08-13,Data Analyst,71,Dominican Republic,San Pedro de Macorís,Individual,Approved,2024-07-01 23:33:03,Event
2719,Merche Rebollo,fgrande@example.com,1986-03-23,Architect,293,Dominican Republic,San Pedro de Macorís,Individual,Approved,2022-01-14 08:12:00,Event
2720,Elpidio Lamas,nataliaroyo@example.org,1991-09-11,Data Analyst,55,Dominican Republic,Punta Cana,Corporate,Approved,2026-03-21 08:57:55,Walk-in
2721,Diana Diez,nicolasa71@example.com,2008-04-10,Software Engineer,195,Dominican Republic,Punta Cana,Honorary,Withdrawn,2021-12-07 05:23:05,Event
2722,Rafaela Castillo,basilio38@example.com,2005-04-17,Business Consultant,136,Dominican Republic,San Pedro de Macorís,Individual,Approved,2025-10-27 17:25:13,Event
2723,Tiburcio Duque,gmascaro@example.org,1997-01-20,Business Consultant,258,Dominican Republic,Punta Cana,Corporate,Approved,2025-02-23 13:35:07,Email Campaign
2724,Martirio Ibañez,constanza36@example.net,2005-03-09,Accountant,14,Dominican Republic,Santiago,Corporate,Under Review,2022-02-02 15:12:55,Email Campaign
2725,Hilda Pol,mohamedvigil@example.com,1983-02-27,Accountant,118,Dominican Republic,Santiago,Honorary,Approved,2021-10-23 15:34:51,Walk-in
2726,Lola Blazquez,bernadremedios@example.org,1990-08-05,Lawyer,277,Dominican Republic,San Francisco de Macorís,Honorary,Rejected,2026-04-28 07:33:54,Referral
2727,Crescencia Pi,cesar93@example.org,2001-06-22,Financial Analyst,211,Dominican Republic,San Francisco de Macorís,Corporate,Approved,2024-02-25 01:06:28,Walk-in
2728,Fernanda Vara,eugenio77@example.com,1993-06-25,Software Engineer,223,Dominican Republic,La Romana,Individual,Pending Payment,2024-11-06 03:04:26,Website
2729,Martina Taboada,garzonroldan@example.com,1989-10-06,Financial Analyst,272,Dominican Republic,Puerto Plata,Individual,Under Review,2022-11-24 12:14:32,Referral
2730,Aurelio Ferrera,qgarriga@example.com,1998-10-13,Marketing Specialist,151,Dominican Republic,Puerto Plata,Individual,Approved,2024-01-16 15:05:58,Website
2731,Héctor Jordá,xverdugo@example.net,1988-06-28,Civil Engineer,164,Dominican Republic,Punta Cana,Corporate,Approved,2023-09-24 17:59:50,Email Campaign
2732,Joan Calvo,contrerasgustavo@example.org,1988-04-05,Marketing Specialist,110,Dominican Republic,Santiago,Honorary,Approved,2025-05-23 00:38:07,Walk-in
2733,Iris Robles,tapialidia@example.net,2006-05-05,Data Analyst,184,Dominican Republic,San Francisco de Macorís,Individual,Approved,2022-01-21 08:25:15,Event
2734,Vidal Gimeno,salommarcial@example.com,2005-02-15,Lawyer,257,Dominican Republic,Puerto Plata,Corporate,Approved,2024-09-08 23:13:29,Event
2735,Íñigo Serrano,rduran@example.com,2005-12-07,Data Analyst,51,Dominican Republic,Santo Domingo,Individual,Rejected,2022-10-22 00:42:58,Email Campaign
2736,Román Hierro,isales@example.com,1999-05-08,Project Manager,265,Dominican Republic,Puerto Plata,Honorary,Approved,2021-12-31 14:32:48,Referral
2737,Araceli Torres,ylanda@example.com,2008-07-09,Software Engineer,182,Dominican Republic,Puerto Plata,Individual,Approved,2024-10-31 19:15:51,Email Campaign
2738,Emperatriz Llamas,florentina34@example.net,1999-11-26,Accountant,292,Dominican Republic,La Romana,Corporate,Approved,2024-06-29 08:48:31,Event
2739,Emiliano Pablo,victor-manuelsegura@example.com,2005-07-11,Accountant,69,Dominican Republic,San Pedro de Macorís,Honorary,Pending Payment,2021-11-19 05:11:31,Website
2740,Marisa Heredia,dporras@example.com,1994-08-14,Business Consultant,89,Dominican Republic,Santo Domingo,Individual,Under Review,2025-09-10 13:19:39,Email Campaign
2741,Lope Amaya,salud20@example.com,1989-12-24,Business Consultant,46,Dominican Republic,San Francisco de Macorís,Individual,Rejected,2025-08-16 11:17:36,Event
2742,Pedro Bernat,edelmira75@example.org,1985-10-15,Data Analyst,239,Dominican Republic,Punta Cana,Student,Pending Payment,2022-05-27 00:34:13,Referral
2743,Carlos Molins,pgaliano@example.org,1977-09-01,Lawyer,130,Dominican Republic,La Romana,Student,Approved,2022-02-22 13:47:22,Email Campaign
2744,Modesta Antúnez,lobatomamen@example.org,2002-09-28,Software Engineer,245,Dominican Republic,Punta Cana,Individual,Approved,2025-02-16 15:14:10,Walk-in
2745,Ramón Puig,lucila82@example.org,2000-12-27,Data Analyst,257,Dominican Republic,Santo Domingo,Student,Withdrawn,2024-02-14 08:31:04,Website
2746,Lorenza Lago,jose-ignacio85@example.net,1998-01-03,Architect,297,Dominican Republic,Punta Cana,Student,Approved,2025-03-30 23:12:29,Walk-in
2747,Pío Hoyos,geraldo32@example.com,1990-04-09,Software Engineer,271,Dominican Republic,Puerto Plata,Individual,Rejected,2021-12-02 20:55:48,Referral
2748,Evangelina Alcalde,juanadelaida@example.org,2004-10-02,Financial Analyst,110,Dominican Republic,Puerto Plata,Individual,Approved,2022-04-27 05:49:23,Event
2749,Buenaventura Barreda,ofeliamena@example.net,2001-04-13,Lawyer,143,Dominican Republic,Santiago,Student,Rejected,2024-09-22 11:12:59,Referral
2750,Paloma Robles,bermudezeli@example.net,2001-09-08,Civil Engineer,78,Dominican Republic,San Francisco de Macorís,Honorary,Approved,2025-12-02 00:37:22,Email Campaign
2751,Clementina Pujol,cecilio18@example.org,1998-11-18,Civil Engineer,244,Dominican Republic,Santo Domingo,Honorary,Rejected,2024-05-10 15:42:29,Website
2752,Ani Garrido,zlloret@example.com,1978-04-01,Financial Analyst,227,Dominican Republic,Puerto Plata,Honorary,Approved,2024-04-21 00:15:37,Referral
2753,Luna Medina,bsanabria@example.org,1993-01-09,Accountant,224,Dominican Republic,Puerto Plata,Corporate,Withdrawn,2025-02-14 12:38:34,Event
2754,Ariadna Torrens,lozanolola@example.com,2000-08-03,Architect,241,Dominican Republic,San Pedro de Macorís,Honorary,Rejected,2025-02-24 14:41:13,Walk-in
2755,Salomón Pla,leandraalcazar@example.net,1988-05-01,Project Manager,3,Dominican Republic,Puerto Plata,Honorary,Approved,2022-10-13 12:35:00,Event
2756,Rafa Quintero,eli95@example.org,1993-07-27,Architect,131,Dominican Republic,Santo Domingo,Student,Approved,2022-03-24 10:24:18,Email Campaign
2757,Leoncio Córdoba,jesusaguardiola@example.org,2000-06-26,Software Engineer,271,Dominican Republic,Puerto Plata,Honorary,Rejected,2023-03-09 12:31:40,Website
2758,Consuelo Estevez,srocamora@example.org,1986-05-20,Software Engineer,273,Dominican Republic,Santiago,Corporate,Approved,2024-01-07 05:57:14,Email Campaign
2759,Pili Teruel,estrellaroca@example.org,2006-10-07,Civil Engineer,278,Dominican Republic,La Romana,Corporate,Approved,2022-12-22 02:45:37,Walk-in
2760,Bonifacio Isern,pachecobonifacio@example.org,2005-06-10,Architect,224,Dominican Republic,San Pedro de Macorís,Student,Approved,2022-05-26 22:31:24,Website
2761,Bernardita Pont,tantunez@example.com,1986-02-09,Accountant,51,Dominican Republic,Santo Domingo,Honorary,Approved,2025-06-27 04:55:29,Website
2762,Rufina Hervia,carminabosch@example.com,1991-02-01,Marketing Specialist,135,Dominican Republic,Santiago,Honorary,Approved,2025-11-27 07:10:19,Referral
2763,Norberto Diez,xavier44@example.org,1975-09-27,Civil Engineer,160,Dominican Republic,San Francisco de Macorís,Individual,Approved,2023-04-01 19:32:26,Walk-in
2764,Nacio Jáuregui,cristian02@example.net,1983-05-02,Marketing Specialist,238,Dominican Republic,Puerto Plata,Honorary,Submitted,2025-12-10 08:45:50,Referral
2765,Alicia Gonzalez,celestino86@example.com,1986-03-13,Financial Analyst,244,Dominican Republic,San Francisco de Macorís,Individual,Approved,2025-11-16 14:30:26,Email Campaign
2766,Alejandra Mate,friascipriano@example.org,2006-11-26,Project Manager,170,Dominican Republic,Punta Cana,Student,Approved,2024-10-07 08:48:55,Event
2767,Carmelo Vega,adancid@example.com,1993-02-20,Marketing Specialist,213,Dominican Republic,San Francisco de Macorís,Individual,Approved,2024-10-30 10:01:42,Email Campaign
2768,Gustavo Lastra,imonreal@example.org,1987-07-13,Civil Engineer,278,Dominican Republic,San Francisco de Macorís,Individual,Approved,2023-06-09 08:26:13,Email Campaign
2769,Ester Águila,felicia21@example.com,1994-05-16,Software Engineer,282,Dominican Republic,Santo Domingo,Corporate,Withdrawn,2024-06-09 10:33:04,Email Campaign
2770,Olegario Barco,julieta12@example.net,1988-05-29,Project Manager,272,Dominican Republic,Santiago,Honorary,Pending Payment,2024-06-16 23:16:37,Walk-in
2771,Poncio Villena,penasedgar@example.com,2001-06-07,Data Analyst,287,Dominican Republic,Punta Cana,Individual,Approved,2023-03-01 05:43:36,Website
2772,Ildefonso Fuertes,gimenezmaria@example.net,2001-07-31,Accountant,154,Dominican Republic,San Francisco de Macorís,Individual,Approved,2022-06-06 16:33:05,Website
2773,Carla Armengol,ferrandezberta@example.org,2003-07-08,Accountant,151,Dominican Republic,Puerto Plata,Corporate,Approved,2023-11-05 23:46:17,Referral
2774,Rosenda Plaza,juan-antoniocastejon@example.net,1996-04-15,Architect,256,Dominican Republic,La Romana,Honorary,Approved,2023-02-14 10:24:45,Walk-in
2775,Mateo Crespo,pelayoconsuelo@example.com,2000-12-24,Marketing Specialist,9,Dominican Republic,San Pedro de Macorís,Honorary,Approved,2023-09-17 03:52:28,Event
2776,María Carmen Azorin,duranbernardino@example.net,1986-05-06,Accountant,47,Dominican Republic,La Romana,Honorary,Approved,2022-12-19 12:59:22,Event
2777,Agustina Ferrando,cipriano14@example.net,1989-04-23,Architect,294,Dominican Republic,Punta Cana,Student,Approved,2022-05-26 13:41:53,Event
2778,Haroldo Ibañez,marquezsofia@example.net,1987-10-09,Civil Engineer,195,Dominican Republic,Santo Domingo,Honorary,Approved,2024-09-24 20:38:22,Email Campaign
2779,Gustavo Balaguer,montesjacinto@example.org,1982-02-07,Architect,199,Dominican Republic,San Pedro de Macorís,Student,Approved,2022-02-24 17:46:37,Referral
2780,Nuria Meléndez,agustin77@example.net,1978-08-22,Marketing Specialist,169,Dominican Republic,Puerto Plata,Student,Rejected,2022-07-01 21:09:31,Email Campaign
2781,Tere Asenjo,npalomo@example.net,1985-12-16,Financial Analyst,132,Dominican Republic,San Pedro de Macorís,Honorary,Approved,2024-04-23 19:36:09,Event
2782,Miguel Saura,prosell@example.net,2002-11-15,Data Analyst,219,Dominican Republic,Punta Cana,Student,Approved,2024-03-31 17:11:10,Referral
2783,Máximo Mateos,espejoedelmira@example.net,1978-12-28,Lawyer,35,Dominican Republic,San Pedro de Macorís,Honorary,Approved,2022-11-07 23:24:39,Referral
2784,Santos Lasa,ezequiel06@example.com,1998-12-07,Data Analyst,3,Dominican Republic,La Romana,Corporate,Approved,2022-05-07 15:49:09,Website
2785,Esmeralda Calderon,riuscruz@example.net,2001-02-07,Data Analyst,7,Dominican Republic,Santiago,Student,Withdrawn,2024-11-26 00:06:02,Walk-in
2786,Felipa Pintor,alemanybenigno@example.net,2000-05-16,Civil Engineer,196,Dominican Republic,Punta Cana,Individual,Rejected,2026-02-16 08:50:59,Walk-in
2787,Fanny Cazorla,gracianaibanez@example.org,2002-11-13,Accountant,9,Dominican Republic,La Romana,Corporate,Submitted,2022-09-13 11:35:07,Walk-in
2788,Sandalio Cid,ivara@example.org,1999-01-08,Accountant,233,Dominican Republic,Puerto Plata,Individual,Approved,2022-05-12 21:25:53,Event
2789,Evita Valera,ingrid62@example.net,2002-04-05,Project Manager,289,Dominican Republic,San Francisco de Macorís,Honorary,Approved,2024-11-21 14:29:03,Referral
2790,Petrona Pizarro,americoangel@example.org,1997-02-17,Software Engineer,263,Dominican Republic,La Romana,Corporate,Rejected,2023-12-15 17:23:53,Email Campaign
2791,Anabel Boix,albaonofre@example.net,1983-06-27,Lawyer,161,Dominican Republic,Santiago,Student,Approved,2022-11-01 02:51:46,Event
2792,Gisela Ortiz,wcastilla@example.org,1994-05-27,Data Analyst,100,Dominican Republic,Punta Cana,Student,Approved,2025-07-12 02:40:40,Website
2793,Augusto Fortuny,estebananglada@example.org,2008-04-25,Accountant,10,Dominican Republic,Santo Domingo,Honorary,Approved,2025-08-04 05:15:32,Email Campaign
2794,Ximena Lastra,encarnacion72@example.com,2003-01-14,Data Analyst,193,Dominican Republic,Santo Domingo,Individual,Approved,2023-04-12 08:50:19,Referral
2795,Cayetana Sierra,cocaemilia@example.com,1978-08-27,Business Consultant,161,Dominican Republic,Punta Cana,Student,Approved,2024-02-29 01:43:22,Referral
2796,Nicanor Estrada,munozines@example.net,2005-09-29,Software Engineer,132,Dominican Republic,La Romana,Individual,Approved,2021-11-05 10:59:30,Website
2797,Lara Colom,zalcazar@example.com,1977-02-20,Civil Engineer,155,Dominican Republic,La Romana,Individual,Approved,2024-02-06 16:26:42,Referral
2798,Carmina Andrade,maximaespada@example.com,1976-01-30,Civil Engineer,11,Dominican Republic,San Francisco de Macorís,Individual,Submitted,2025-03-18 01:12:35,Referral
2799,Micaela Palmer,soraya74@example.com,2008-02-16,Accountant,72,Dominican Republic,Punta Cana,Honorary,Approved,2025-01-16 20:54:16,Email Campaign
2800,Jimena Nogueira,alvaradojose-angel@example.org,1997-03-28,Financial Analyst,290,Dominican Republic,Santiago,Student,Approved,2025-12-04 13:11:16,Event
2801,Luisina Vazquez,tristan64@example.org,1976-11-05,Lawyer,295,Dominican Republic,Santiago,Student,Rejected,2022-06-13 02:47:24,Walk-in
2802,Valentina Porcel,eulalia56@example.org,1983-02-24,Financial Analyst,7,Dominican Republic,San Francisco de Macorís,Honorary,Rejected,2026-01-11 06:55:28,Referral
2803,Celia Téllez,wpiquer@example.com,1999-05-16,Marketing Specialist,92,Dominican Republic,Santo Domingo,Individual,Approved,2023-09-03 03:45:20,Referral
2804,Candelario Fuster,abadia@example.net,1980-01-01,Civil Engineer,163,Dominican Republic,La Romana,Honorary,Submitted,2022-10-28 16:49:26,Event
2805,Pía Alvarado,cabanasnerea@example.net,2005-03-08,Data Analyst,69,Dominican Republic,Santo Domingo,Honorary,Approved,2023-04-19 01:31:57,Website
2806,Cayetana Piña,losaalma@example.net,1985-01-27,Financial Analyst,163,Dominican Republic,Puerto Plata,Individual,Approved,2025-06-15 05:47:42,Referral
2807,Vanesa Bernal,gargalloaraceli@example.org,1982-09-13,Architect,115,Dominican Republic,San Francisco de Macorís,Corporate,Approved,2024-06-13 19:08:17,Event
2808,Domingo Jerez,luna38@example.org,2007-12-30,Project Manager,185,Dominican Republic,Puerto Plata,Corporate,Withdrawn,2024-02-12 07:34:06,Website
2809,Mario Beltrán,joverangel@example.net,2000-07-09,Data Analyst,202,Dominican Republic,San Francisco de Macorís,Student,Approved,2022-01-21 05:37:18,Website
2810,Porfirio Guijarro,valero28@example.org,1995-09-02,Software Engineer,68,Dominican Republic,Santiago,Individual,Approved,2024-09-12 07:40:50,Email Campaign
2811,Sofía Buendía,nsanchez@example.net,1977-07-24,Marketing Specialist,255,Dominican Republic,San Pedro de Macorís,Student,Approved,2024-06-20 08:29:02,Referral
2812,Luisina Giner,gemaprada@example.com,1975-11-30,Civil Engineer,145,Dominican Republic,San Pedro de Macorís,Corporate,Approved,2026-05-21 01:30:40,Website
2813,José Mari Vicens,valvaro@example.com,2004-01-18,Financial Analyst,192,Dominican Republic,La Romana,Corporate,Approved,2024-06-21 10:23:50,Walk-in
2814,Ricardo Company,quirinoestevez@example.org,1993-07-12,Financial Analyst,222,Dominican Republic,Puerto Plata,Corporate,Approved,2023-01-19 15:32:14,Website
2815,Liliana Abellán,aguilaisaias@example.org,1983-12-31,Data Analyst,77,Dominican Republic,Santo Domingo,Individual,Approved,2024-10-29 06:19:55,Email Campaign
2816,Hugo Arnaiz,gviana@example.com,1990-03-06,Data Analyst,32,Dominican Republic,Santo Domingo,Corporate,Rejected,2026-03-15 12:39:58,Event
2817,Lucía Martí,atoro@example.net,1992-06-30,Civil Engineer,175,Dominican Republic,Santiago,Honorary,Approved,2025-12-03 15:13:08,Event
2818,Alejandro Pujol,moises83@example.com,1984-10-16,Software Engineer,208,Dominican Republic,Punta Cana,Corporate,Approved,2024-01-14 23:23:37,Referral
2819,Consuelo Morell,jnadal@example.org,1983-07-05,Business Consultant,201,Dominican Republic,Puerto Plata,Honorary,Pending Payment,2024-09-09 05:38:59,Email Campaign
2820,Fanny Fonseca,tejedormohamed@example.com,1998-11-28,Civil Engineer,195,Dominican Republic,Punta Cana,Corporate,Pending Payment,2024-06-15 07:04:58,Referral
2821,Eli Cuadrado,illobet@example.net,1991-03-17,Architect,58,Dominican Republic,San Pedro de Macorís,Student,Approved,2024-01-01 15:20:07,Referral
2822,Chucho Baró,belen62@example.com,1990-09-29,Software Engineer,253,Dominican Republic,San Pedro de Macorís,Corporate,Approved,2024-05-26 00:43:49,Referral
2823,Martirio Carreño,urenateobaldo@example.com,1987-01-12,Architect,87,Dominican Republic,Santo Domingo,Individual,Rejected,2023-07-22 19:02:16,Email Campaign
2824,Julio Ramos,mirta51@example.com,2002-02-20,Architect,174,Dominican Republic,Punta Cana,Student,Approved,2025-05-10 20:46:35,Referral
2825,María Cantón,hsaez@example.net,1990-03-02,Business Consultant,12,Dominican Republic,Santiago,Individual,Rejected,2023-09-02 22:22:31,Website
2826,Lorenza Aguiló,gabaldonpascual@example.net,1992-10-21,Lawyer,274,Dominican Republic,San Francisco de Macorís,Honorary,Approved,2023-03-19 11:29:45,Email Campaign
2827,Benjamín Canet,cfeliu@example.org,2001-06-16,Project Manager,62,Dominican Republic,Puerto Plata,Student,Approved,2024-06-07 14:45:21,Referral
2828,Coral Talavera,francisco-joselucas@example.org,1979-12-11,Business Consultant,80,Dominican Republic,Puerto Plata,Corporate,Rejected,2026-02-09 19:27:34,Referral
2829,Lisandro Garrido,maria-pilar92@example.com,1988-08-17,Financial Analyst,164,Dominican Republic,Santo Domingo,Student,Rejected,2025-02-20 06:22:32,Email Campaign
2830,Carolina Atienza,tristan01@example.net,2005-05-23,Architect,137,Dominican Republic,Santiago,Corporate,Approved,2025-12-15 08:15:08,Walk-in
2831,Anastasio Llobet,friasharoldo@example.com,1994-06-25,Data Analyst,62,Dominican Republic,Santiago,Honorary,Approved,2021-09-10 08:20:34,Email Campaign
2832,Calixto Múgica,valentinherranz@example.com,2002-09-06,Software Engineer,212,Dominican Republic,Santo Domingo,Student,Approved,2026-02-18 01:39:26,Event
2833,Sabas Páez,wcalvet@example.com,1984-07-14,Architect,94,Dominican Republic,Santiago,Corporate,Approved,2023-12-20 14:52:52,Walk-in
2834,Sigfrido Alcázar,jose-ignacio92@example.com,1977-01-14,Lawyer,35,Dominican Republic,Puerto Plata,Corporate,Approved,2025-05-15 19:11:49,Email Campaign
2835,Amada Lastra,fcervera@example.org,1977-04-13,Civil Engineer,218,Dominican Republic,Santo Domingo,Individual,Approved,2024-06-24 15:08:43,Walk-in
2836,Maribel Fábregas,nmartinez@example.net,1977-10-15,Financial Analyst,27,Dominican Republic,La Romana,Honorary,Submitted,2022-07-24 11:47:26,Website
2837,Elena Coronado,sebastian72@example.net,1988-01-17,Lawyer,71,Dominican Republic,La Romana,Honorary,Approved,2022-01-05 01:26:35,Website
2838,Francisco Boada,miguel-angel38@example.org,2004-12-08,Architect,241,Dominican Republic,La Romana,Corporate,Approved,2021-10-25 17:09:21,Email Campaign
2839,Ignacia Valencia,unieto@example.net,1980-05-14,Business Consultant,289,Dominican Republic,San Pedro de Macorís,Individual,Approved,2022-05-30 08:38:54,Email Campaign
2840,Yaiza Cuenca,aesparza@example.com,1983-01-18,Business Consultant,155,Dominican Republic,Santiago,Honorary,Approved,2024-10-20 18:18:48,Event
2841,Rómulo Tejedor,luis60@example.com,1994-09-28,Accountant,77,Dominican Republic,Puerto Plata,Honorary,Approved,2021-11-03 07:22:41,Referral
2842,Paz Terrón,celestino99@example.org,1996-04-21,Marketing Specialist,260,Dominican Republic,Punta Cana,Student,Rejected,2025-12-11 08:55:56,Walk-in
2843,Berto Sastre,xperera@example.org,1980-11-09,Accountant,11,Dominican Republic,Santo Domingo,Honorary,Approved,2024-01-04 10:38:38,Referral
2844,Marcelino Báez,elisabet25@example.org,1998-07-08,Data Analyst,46,Dominican Republic,La Romana,Corporate,Approved,2022-07-03 10:35:21,Website
2845,Timoteo Llorens,aurorahidalgo@example.net,2002-03-17,Financial Analyst,187,Dominican Republic,Santo Domingo,Student,Approved,2024-07-05 18:32:56,Event
2846,Gloria Tamarit,valerio76@example.com,1988-07-19,Data Analyst,233,Dominican Republic,Puerto Plata,Individual,Approved,2024-05-13 15:07:16,Email Campaign
2847,Dafne Arco,xalfonso@example.com,1985-12-15,Data Analyst,128,Dominican Republic,San Pedro de Macorís,Student,Approved,2023-11-21 21:46:25,Website
2848,Florencia Gallo,ivan68@example.com,1998-01-03,Accountant,38,Dominican Republic,Santiago,Honorary,Approved,2025-11-03 08:00:36,Website
2849,Cristian Navarrete,jdiaz@example.net,1975-09-27,Project Manager,58,Dominican Republic,Santiago,Individual,Approved,2023-11-29 01:50:01,Referral
2850,María Jesús Balaguer,squiros@example.org,1985-10-20,Civil Engineer,227,Dominican Republic,San Pedro de Macorís,Student,Approved,2022-08-10 11:29:50,Website
2851,Osvaldo Galvez,dorita77@example.org,1977-05-19,Marketing Specialist,122,Dominican Republic,Punta Cana,Corporate,Approved,2022-01-21 02:34:07,Walk-in
2852,Damián Casal,fernanda47@example.com,2004-11-12,Data Analyst,12,Dominican Republic,San Francisco de Macorís,Corporate,Approved,2023-08-06 09:13:46,Website
2853,María Dolores Maestre,jose-angel14@example.net,1993-11-26,Data Analyst,211,Dominican Republic,Puerto Plata,Corporate,Approved,2025-10-06 18:25:18,Event
2854,Eliseo Duran,pio78@example.com,1989-04-20,Architect,100,Dominican Republic,San Pedro de Macorís,Individual,Pending Payment,2023-10-25 16:27:40,Walk-in
2855,Cristóbal Godoy,julian74@example.org,1989-01-13,Business Consultant,169,Dominican Republic,Santo Domingo,Student,Approved,2026-03-11 18:23:52,Referral
2856,Nando Perelló,ngargallo@example.net,1986-05-02,Marketing Specialist,105,Dominican Republic,Santiago,Student,Approved,2022-12-09 22:39:27,Website
2857,Jordán Coca,ramon58@example.org,2004-01-09,Software Engineer,219,Dominican Republic,Santiago,Corporate,Approved,2024-07-29 14:11:32,Walk-in
2858,Amalia Mata,gparedes@example.org,1997-11-19,Software Engineer,265,Dominican Republic,Punta Cana,Honorary,Pending Payment,2025-02-15 20:04:16,Email Campaign
2859,Samuel Arregui,mirtajauregui@example.net,1997-06-07,Lawyer,83,Dominican Republic,Santo Domingo,Individual,Approved,2022-08-26 00:39:31,Email Campaign
2860,Maxi Ferrer,pdiez@example.org,2000-11-18,Data Analyst,170,Dominican Republic,San Pedro de Macorís,Corporate,Approved,2024-03-20 22:03:53,Email Campaign
2861,Vicente Abellán,alejandro71@example.com,1989-04-09,Marketing Specialist,15,Dominican Republic,San Pedro de Macorís,Student,Approved,2025-06-07 01:49:24,Event
2862,Evita Báez,luna79@example.com,2000-02-27,Accountant,273,Dominican Republic,Punta Cana,Student,Withdrawn,2023-09-27 16:57:49,Email Campaign
2863,Luis Ángel Casanova,leyre59@example.com,1977-01-24,Software Engineer,122,Dominican Republic,Puerto Plata,Student,Approved,2026-01-21 18:49:19,Referral
2864,Leticia Gascón,xluque@example.net,2001-09-23,Accountant,104,Dominican Republic,San Pedro de Macorís,Honorary,Approved,2025-01-27 01:40:16,Walk-in
2865,Angelino Casado,mamigo@example.net,2003-09-15,Accountant,81,Dominican Republic,Santiago,Honorary,Withdrawn,2024-12-14 04:57:26,Event
2866,Cosme Aliaga,seguipablo@example.net,1998-09-16,Accountant,91,Dominican Republic,Puerto Plata,Corporate,Rejected,2021-11-30 20:19:18,Walk-in
2867,Genoveva Ariza,riosmaribel@example.org,2007-08-20,Lawyer,235,Dominican Republic,La Romana,Individual,Approved,2024-11-28 09:41:28,Email Campaign
2868,Édgar Lerma,torrijoscandelaria@example.com,1999-06-28,Architect,282,Dominican Republic,Santiago,Corporate,Approved,2023-03-02 02:51:44,Event
2869,Benigna Milla,irma16@example.net,1980-12-15,Software Engineer,265,Dominican Republic,Santiago,Honorary,Pending Payment,2022-08-02 01:19:30,Walk-in
2870,Maribel Patiño,gracianarodrigo@example.com,1989-04-26,Financial Analyst,211,Dominican Republic,Puerto Plata,Student,Pending Payment,2023-10-11 11:16:19,Referral
2871,Patricio Figuerola,ptorrecilla@example.com,2005-07-24,Civil Engineer,102,Dominican Republic,San Francisco de Macorís,Individual,Approved,2024-09-04 23:37:00,Event
2872,Juliana Águila,farroyo@example.org,1991-02-09,Accountant,233,Dominican Republic,Puerto Plata,Honorary,Approved,2022-09-27 17:46:59,Website
2873,Eliseo Garmendia,melania13@example.org,2002-11-23,Project Manager,89,Dominican Republic,Santiago,Corporate,Approved,2024-08-02 22:14:58,Event
2874,Oriana Campillo,emmaaguilar@example.org,1984-11-26,Lawyer,198,Dominican Republic,San Pedro de Macorís,Honorary,Approved,2023-04-06 17:38:47,Email Campaign
2875,Asdrubal Solé,fidel74@example.net,1983-05-12,Accountant,25,Dominican Republic,Punta Cana,Honorary,Submitted,2025-04-29 15:04:18,Walk-in
2876,Sandalio Gomila,alexandra96@example.com,2001-10-19,Lawyer,115,Dominican Republic,San Pedro de Macorís,Honorary,Approved,2022-03-08 03:23:51,Email Campaign
2877,Jordana Leal,ferrandezjuliana@example.net,1976-01-08,Software Engineer,286,Dominican Republic,Santo Domingo,Student,Approved,2022-02-01 22:43:49,Referral
2878,Yaiza Sastre,nildapascual@example.net,1990-07-07,Accountant,130,Dominican Republic,San Francisco de Macorís,Individual,Approved,2024-10-02 01:11:58,Referral
2879,Chelo Corral,gamaya@example.org,2004-07-23,Accountant,286,Dominican Republic,San Pedro de Macorís,Individual,Approved,2024-07-25 12:51:42,Email Campaign
2880,Gerardo Ribes,teofilasotelo@example.net,2007-11-01,Civil Engineer,73,Dominican Republic,Punta Cana,Corporate,Submitted,2023-11-25 07:14:27,Email Campaign
2881,Laura Bayo,sorayavelazquez@example.net,1988-12-04,Business Consultant,2,Dominican Republic,Punta Cana,Corporate,Approved,2025-04-20 03:43:07,Event
2882,Dalila Calleja,caseshortensia@example.org,2008-03-16,Lawyer,228,Dominican Republic,Santo Domingo,Honorary,Approved,2023-04-27 02:59:06,Referral
2883,Natividad Delgado,lagunaeugenia@example.net,1981-04-22,Marketing Specialist,275,Dominican Republic,Puerto Plata,Honorary,Approved,2024-05-23 01:12:24,Walk-in
2884,Roxana Cuenca,gblanch@example.net,1992-04-16,Financial Analyst,35,Dominican Republic,La Romana,Corporate,Approved,2026-04-19 20:57:05,Email Campaign
2885,Clementina Collado,nelida94@example.com,2001-06-11,Project Manager,170,Dominican Republic,San Pedro de Macorís,Student,Approved,2024-05-11 05:59:52,Email Campaign
2886,Vito Laguna,rene53@example.org,1988-05-25,Software Engineer,100,Dominican Republic,Punta Cana,Student,Approved,2024-05-06 18:03:20,Email Campaign
2887,Lino Macías,canalsazahar@example.org,2002-10-10,Accountant,187,Dominican Republic,Punta Cana,Honorary,Pending Payment,2026-03-06 15:49:48,Event
2888,Graciela Noriega,garciaroberto@example.com,1982-01-11,Marketing Specialist,229,Dominican Republic,Punta Cana,Corporate,Approved,2025-12-31 01:27:00,Website
2889,Alejandro Neira,bautistafabregas@example.net,2003-09-26,Software Engineer,19,Dominican Republic,Santiago,Honorary,Approved,2026-03-30 02:54:44,Event
2890,Cornelio Gascón,gromeu@example.com,2002-03-13,Accountant,13,Dominican Republic,Santo Domingo,Corporate,Pending Payment,2022-07-01 14:21:09,Event
2891,Brunilda Losa,qbernat@example.com,1998-06-20,Business Consultant,35,Dominican Republic,Punta Cana,Corporate,Approved,2022-10-17 21:51:33,Event
2892,Fito Anaya,juliangisela@example.net,1983-12-11,Architect,85,Dominican Republic,Santo Domingo,Corporate,Approved,2023-05-03 23:11:35,Walk-in
2893,Jose Carlos Morales,benito11@example.org,1990-09-19,Project Manager,27,Dominican Republic,Santiago,Honorary,Approved,2023-02-01 19:16:20,Referral
2894,Camila Galan,malberdi@example.org,1992-12-08,Accountant,116,Dominican Republic,Santo Domingo,Honorary,Approved,2025-09-30 07:49:34,Referral
2895,Selena Prat,adelina70@example.net,1995-02-22,Lawyer,23,Dominican Republic,Santo Domingo,Corporate,Approved,2021-09-27 14:51:18,Referral
2896,Tadeo Tomas,icamps@example.org,2002-01-12,Business Consultant,299,Dominican Republic,La Romana,Student,Pending Payment,2025-08-09 14:13:18,Website
2897,René Cobos,abilio76@example.net,1992-01-27,Business Consultant,152,Dominican Republic,San Pedro de Macorís,Honorary,Approved,2022-03-17 20:24:11,Walk-in
2898,Fanny Rico,ciriacovalenzuela@example.org,1977-01-25,Financial Analyst,0,Dominican Republic,La Romana,Honorary,Withdrawn,2024-01-18 17:48:17,Referral
2899,Caridad Zabaleta,qayala@example.com,1979-02-24,Business Consultant,278,Dominican Republic,Punta Cana,Honorary,Approved,2025-11-29 08:28:16,Email Campaign
2900,Rosario Girón,gonzalosoraya@example.net,1981-02-25,Business Consultant,138,Dominican Republic,La Romana,Corporate,Approved,2024-12-10 12:52:13,Event
2901,Ramona Martorell,natalia64@example.net,1990-04-04,Architect,162,Dominican Republic,Punta Cana,Individual,Approved,2025-08-16 12:57:20,Walk-in
2902,Marc Canales,queroangelino@example.com,2000-01-28,Financial Analyst,259,Dominican Republic,Santiago,Student,Withdrawn,2023-08-12 12:28:53,Referral
2903,Emelina Almagro,yibanez@example.net,1976-10-10,Architect,287,Dominican Republic,Santo Domingo,Honorary,Approved,2025-10-15 10:10:12,Email Campaign
2904,Filomena Alcántara,marccastrillo@example.com,2003-05-10,Lawyer,159,Dominican Republic,San Pedro de Macorís,Student,Approved,2022-08-16 12:06:23,Email Campaign
2905,Julieta Sanjuan,casalcarmina@example.org,2000-09-26,Lawyer,250,Dominican Republic,La Romana,Corporate,Withdrawn,2024-10-30 00:45:20,Event
2906,Celia Cabo,regulocisneros@example.net,1988-12-16,Business Consultant,248,Dominican Republic,Santo Domingo,Individual,Approved,2025-08-08 02:02:23,Event
2907,Aitor Sevilla,gabino15@example.org,1977-12-04,Financial Analyst,229,Dominican Republic,Santiago,Corporate,Approved,2023-10-08 07:19:49,Walk-in
2908,Febe Puig,mercedesnogueira@example.org,1989-04-23,Lawyer,281,Dominican Republic,San Pedro de Macorís,Student,Approved,2021-09-05 11:57:43,Event
2909,Enrique Dávila,rodaconcha@example.net,2007-04-06,Financial Analyst,28,Dominican Republic,San Pedro de Macorís,Student,Approved,2021-11-11 17:18:28,Referral
2910,Carmelita Viana,ypedraza@example.com,1993-02-23,Lawyer,196,Dominican Republic,Santiago,Student,Rejected,2021-09-27 07:12:26,Email Campaign
2911,Epifanio Guardiola,maria-teresapedro@example.net,1983-07-02,Accountant,137,Dominican Republic,Santiago,Student,Approved,2025-12-07 01:31:11,Referral
2912,Pastora Martí,isabelblanch@example.org,1989-07-15,Architect,170,Dominican Republic,Punta Cana,Honorary,Under Review,2024-09-23 18:08:06,Event
2913,Vidal Heras,renata17@example.com,1987-02-24,Lawyer,142,Dominican Republic,La Romana,Honorary,Rejected,2023-10-23 01:44:06,Walk-in
2914,René Gelabert,donato02@example.net,1978-06-02,Accountant,68,Dominican Republic,Puerto Plata,Student,Rejected,2024-03-28 02:02:59,Referral
2915,Asdrubal Borrego,visitacionhidalgo@example.org,1978-08-07,Lawyer,106,Dominican Republic,Punta Cana,Individual,Approved,2024-06-17 08:44:42,Website
2916,Quirino Vilanova,oalbero@example.com,2003-02-20,Architect,14,Dominican Republic,Puerto Plata,Corporate,Approved,2025-07-05 16:22:53,Referral
2917,Cornelio Ureña,fbertran@example.net,1976-07-23,Lawyer,25,Dominican Republic,La Romana,Student,Submitted,2023-04-15 01:47:04,Referral
2918,Anacleto Ojeda,cvall@example.org,2006-01-14,Marketing Specialist,163,Dominican Republic,San Francisco de Macorís,Honorary,Rejected,2024-03-25 14:53:20,Email Campaign
2919,Candelario Castilla,virginia60@example.com,1978-10-26,Software Engineer,30,Dominican Republic,La Romana,Student,Approved,2024-12-26 04:30:51,Referral
2920,José Luis Guardiola,horacio37@example.com,1994-08-27,Project Manager,264,Dominican Republic,San Pedro de Macorís,Honorary,Approved,2023-11-08 01:29:01,Referral
2921,David Santana,dsebastian@example.net,1990-06-20,Business Consultant,197,Dominican Republic,Santo Domingo,Honorary,Approved,2022-03-02 04:38:11,Walk-in
2922,Agapito Pons,jacobo45@example.net,2004-04-27,Business Consultant,237,Dominican Republic,Santiago,Student,Approved,2025-07-09 13:38:31,Email Campaign
2923,Inmaculada Guijarro,suredamartirio@example.org,1977-03-01,Data Analyst,243,Dominican Republic,Santo Domingo,Corporate,Approved,2023-08-03 01:28:35,Walk-in
2924,Jaime Elorza,custodia67@example.com,2006-09-10,Marketing Specialist,216,Dominican Republic,La Romana,Honorary,Pending Payment,2025-11-25 20:06:52,Email Campaign
2925,Teresita Laguna,demetrio04@example.net,1985-03-15,Architect,90,Dominican Republic,Puerto Plata,Corporate,Approved,2026-03-09 18:49:42,Walk-in
2926,Rosa María Aroca,juanita73@example.org,1994-01-25,Lawyer,58,Dominican Republic,Santiago,Student,Under Review,2022-06-09 21:20:15,Walk-in
2927,Omar Pombo,nogueiraramona@example.com,1981-03-01,Project Manager,164,Dominican Republic,San Pedro de Macorís,Individual,Approved,2025-10-06 10:22:46,Event
2928,Aurelio Sanz,olimpia94@example.com,1989-09-19,Marketing Specialist,94,Dominican Republic,La Romana,Individual,Pending Payment,2022-08-25 10:25:59,Email Campaign
2929,Cruz Campos,tomecoral@example.com,1988-12-28,Data Analyst,57,Dominican Republic,San Pedro de Macorís,Student,Approved,2024-04-04 14:08:32,Website
2930,Socorro Sancho,luis-miguel56@example.com,1991-05-06,Business Consultant,297,Dominican Republic,Santo Domingo,Student,Approved,2022-12-04 09:08:28,Website
2931,Ariel Sarmiento,flavioponce@example.net,1995-04-07,Accountant,142,Dominican Republic,San Pedro de Macorís,Honorary,Under Review,2023-06-09 12:14:05,Event
2932,Manu Vendrell,julio03@example.net,1976-01-01,Financial Analyst,155,Dominican Republic,La Romana,Individual,Withdrawn,2025-12-19 10:40:03,Website
2933,Juan Pinto,manuela60@example.com,1988-07-16,Financial Analyst,254,Dominican Republic,Santo Domingo,Corporate,Submitted,2023-03-14 05:32:36,Event
2934,Ágata Raya,gilaurelia@example.org,2007-05-05,Accountant,13,Dominican Republic,Punta Cana,Student,Approved,2025-02-18 21:21:45,Event
2935,Merche Tamayo,salassol@example.com,2005-12-10,Financial Analyst,15,Dominican Republic,San Francisco de Macorís,Honorary,Approved,2025-07-13 04:47:11,Email Campaign
2936,Valentín Perera,warmas@example.net,1982-08-17,Business Consultant,1,Dominican Republic,San Pedro de Macorís,Honorary,Approved,2025-02-08 00:26:42,Walk-in
2937,Ernesto Peñalver,anabelsolis@example.net,1981-11-24,Project Manager,205,Dominican Republic,San Pedro de Macorís,Honorary,Rejected,2025-06-05 08:52:51,Email Campaign
2938,Buenaventura Blázquez,riomartina@example.org,1987-10-24,Project Manager,228,Dominican Republic,San Pedro de Macorís,Corporate,Rejected,2022-09-12 13:34:28,Website
2939,Eladio Rivas,glaucoantunez@example.com,1994-01-03,Marketing Specialist,97,Dominican Republic,Santiago,Corporate,Approved,2023-01-29 12:19:23,Event
2940,Lucio Franch,jesusfernandez@example.net,2007-09-08,Software Engineer,228,Dominican Republic,La Romana,Honorary,Approved,2023-09-16 05:02:01,Walk-in
2941,Baldomero Clemente,encarnitagras@example.com,1985-03-03,Software Engineer,265,Dominican Republic,Puerto Plata,Corporate,Approved,2024-11-15 13:33:28,Walk-in
2942,Alonso Quero,pinaclarisa@example.com,1999-09-23,Business Consultant,103,Dominican Republic,San Pedro de Macorís,Individual,Approved,2023-07-30 16:53:01,Email Campaign
2943,Irma Abril,pnunez@example.org,1982-02-19,Accountant,41,Dominican Republic,La Romana,Honorary,Rejected,2024-07-20 07:28:18,Website
2944,Urbano Pou,melania29@example.com,1978-09-20,Architect,265,Dominican Republic,Puerto Plata,Individual,Approved,2022-10-24 00:05:14,Walk-in
2945,Anselma Nuñez,almaatienza@example.org,2002-05-16,Business Consultant,94,Dominican Republic,Puerto Plata,Honorary,Under Review,2024-11-26 07:10:37,Referral
2946,Rosalva Landa,bernarda85@example.com,1993-09-26,Project Manager,297,Dominican Republic,San Pedro de Macorís,Honorary,Approved,2025-09-21 14:31:54,Event
2947,Melisa Niño,custodiocarnero@example.net,1997-02-21,Project Manager,85,Dominican Republic,La Romana,Individual,Rejected,2026-01-28 05:57:48,Website
2948,Miguela Agustín,flavio55@example.com,2006-06-03,Business Consultant,111,Dominican Republic,Santo Domingo,Individual,Withdrawn,2022-11-13 14:38:10,Website
2949,Benita Agudo,jose-miguel76@example.com,1980-02-20,Lawyer,161,Dominican Republic,La Romana,Corporate,Approved,2024-10-03 07:28:50,Walk-in
2950,Nazario Andrés,jrodrigo@example.net,1997-05-04,Accountant,213,Dominican Republic,San Pedro de Macorís,Student,Approved,2025-06-13 10:04:16,Event
2951,Candelas Puente,escribanoaristides@example.org,2000-03-20,Data Analyst,171,Dominican Republic,Puerto Plata,Individual,Approved,2022-10-03 20:59:40,Referral
2952,Florentino Carvajal,susanitabenavides@example.com,1976-10-22,Data Analyst,156,Dominican Republic,Puerto Plata,Honorary,Withdrawn,2022-06-10 19:44:12,Referral
2953,Ester Moreno,nribera@example.net,2002-01-14,Project Manager,231,Dominican Republic,Punta Cana,Individual,Rejected,2022-10-09 00:33:37,Event
2954,Calista Suarez,hcuervo@example.com,1982-07-21,Data Analyst,134,Dominican Republic,Santiago,Individual,Approved,2022-04-19 19:24:35,Referral
2955,José Criado,clementina56@example.org,1995-04-03,Accountant,81,Dominican Republic,San Francisco de Macorís,Corporate,Approved,2022-08-12 04:16:59,Event
2956,Ainoa Poza,marcelo16@example.org,1983-08-16,Accountant,31,Dominican Republic,San Pedro de Macorís,Individual,Approved,2023-04-22 16:39:29,Referral
2957,Martirio España,soteloadalberto@example.org,1986-09-04,Software Engineer,105,Dominican Republic,San Francisco de Macorís,Corporate,Under Review,2022-04-26 22:19:49,Website
2958,Judith Armengol,belentorrent@example.com,1987-03-01,Business Consultant,290,Dominican Republic,San Pedro de Macorís,Student,Approved,2022-04-29 03:03:26,Walk-in
2959,Eutimio Almazán,isacuervo@example.net,1999-07-30,Data Analyst,54,Dominican Republic,Punta Cana,Individual,Approved,2021-09-06 01:19:22,Referral
2960,Celestino Torrijos,manuel54@example.org,1989-03-14,Financial Analyst,71,Dominican Republic,Santiago,Corporate,Approved,2023-12-29 12:13:25,Email Campaign
2961,Benita Valentín,genovevabayo@example.org,2005-03-12,Software Engineer,266,Dominican Republic,San Francisco de Macorís,Individual,Approved,2023-12-09 17:29:34,Event
2962,Santiago Ribes,sandrasoler@example.com,1997-10-08,Financial Analyst,275,Dominican Republic,San Francisco de Macorís,Student,Rejected,2021-10-20 10:06:58,Walk-in
2963,Melisa Cabañas,francisco-javier69@example.com,1984-04-01,Lawyer,133,Dominican Republic,La Romana,Individual,Approved,2023-12-30 14:11:04,Walk-in
2964,Francisco Azcona,rufinapuig@example.org,1992-01-09,Business Consultant,44,Dominican Republic,La Romana,Individual,Under Review,2026-03-13 14:08:02,Event
2965,Violeta Noguera,macaria83@example.org,1976-02-07,Lawyer,262,Dominican Republic,San Francisco de Macorís,Student,Rejected,2024-10-25 23:46:35,Website
2966,Anunciación Uriarte,valeriagarate@example.net,1994-07-18,Software Engineer,216,Dominican Republic,Santo Domingo,Student,Approved,2023-06-28 09:31:24,Referral
2967,Rómulo Alarcón,yaviles@example.org,2005-01-21,Business Consultant,176,Dominican Republic,Santiago,Honorary,Approved,2023-11-10 09:15:59,Referral
2968,Nico Salinas,jenarocanizares@example.com,1992-02-29,Architect,8,Dominican Republic,San Pedro de Macorís,Student,Rejected,2022-04-17 06:54:38,Referral
2969,Julio Nogués,seguiadrian@example.org,1988-01-24,Financial Analyst,4,Dominican Republic,La Romana,Individual,Approved,2022-01-10 09:01:46,Referral
2970,Lorenza Campillo,mvalderrama@example.com,1998-06-02,Financial Analyst,151,Dominican Republic,Santiago,Honorary,Approved,2022-10-10 15:01:52,Website
2971,Amaro Castelló,candelario92@example.org,1979-09-13,Accountant,30,Dominican Republic,Santiago,Individual,Approved,2022-12-19 12:58:20,Email Campaign
2972,Carmela Osorio,jordangonzalez@example.net,1980-09-23,Accountant,248,Dominican Republic,La Romana,Honorary,Rejected,2025-06-23 18:36:29,Walk-in
2973,Prudencia Acevedo,coral37@example.net,1987-03-26,Architect,9,Dominican Republic,Puerto Plata,Student,Rejected,2025-12-13 09:16:57,Website
2974,Felix Calderón,blanca55@example.org,1978-04-11,Software Engineer,226,Dominican Republic,Santo Domingo,Individual,Approved,2025-04-20 18:02:29,Email Campaign
2975,Purificación Galván,sblanco@example.net,1981-04-03,Software Engineer,227,Dominican Republic,Santiago,Corporate,Approved,2021-10-25 01:16:46,Referral
2976,Vera Soler,paulina74@example.net,2004-11-17,Marketing Specialist,160,Dominican Republic,Santo Domingo,Student,Approved,2022-08-04 17:15:39,Event
2977,Máxima Menendez,marcelinosolsona@example.org,1995-06-24,Lawyer,200,Dominican Republic,San Pedro de Macorís,Honorary,Approved,2025-02-25 23:14:51,Website
2978,Federico Pol,osvaldobernal@example.net,2007-02-21,Software Engineer,0,Dominican Republic,San Francisco de Macorís,Corporate,Approved,2026-04-16 07:54:02,Walk-in
2979,Jordán Becerra,marcelosoriano@example.net,1990-12-10,Architect,159,Dominican Republic,Puerto Plata,Corporate,Rejected,2023-08-27 21:05:29,Email Campaign
2980,Martina Rovira,ktenorio@example.com,1985-10-02,Civil Engineer,37,Dominican Republic,Punta Cana,Individual,Approved,2023-04-12 00:59:27,Event
2981,Fabiola Maza,evanoriega@example.com,1996-10-30,Business Consultant,90,Dominican Republic,La Romana,Honorary,Approved,2025-08-01 12:55:40,Walk-in
2982,Aurelia Valbuena,elisabetpenalver@example.com,1991-11-11,Civil Engineer,40,Dominican Republic,Santiago,Corporate,Rejected,2022-08-03 12:47:40,Website
2983,Nicolás Ramis,jacinto80@example.org,1996-07-07,Architect,254,Dominican Republic,Santiago,Honorary,Approved,2022-01-18 10:11:12,Website
2984,María Carmen Gonzalo,ingrid80@example.net,1985-09-29,Lawyer,245,Dominican Republic,Puerto Plata,Corporate,Approved,2022-09-19 06:30:45,Email Campaign
2985,Lázaro Sotelo,oayuso@example.org,2000-03-06,Business Consultant,141,Dominican Republic,San Francisco de Macorís,Individual,Approved,2022-01-27 15:12:07,Event
2986,Clementina Madrid,bastidasimon@example.net,1987-09-14,Financial Analyst,53,Dominican Republic,La Romana,Individual,Approved,2025-10-04 04:43:39,Referral
2987,Javier Tejedor,scastell@example.org,1989-06-11,Marketing Specialist,7,Dominican Republic,Santiago,Corporate,Rejected,2024-11-24 10:38:54,Referral
2988,Jordana Chacón,piojurado@example.net,1980-11-17,Civil Engineer,203,Dominican Republic,Punta Cana,Honorary,Submitted,2021-12-06 11:31:20,Email Campaign
2989,Ismael Revilla,balduinoblazquez@example.net,2008-03-22,Software Engineer,60,Dominican Republic,San Francisco de Macorís,Honorary,Approved,2023-12-07 18:30:41,Referral
2990,Águeda Barral,marquezeusebio@example.com,1983-11-15,Civil Engineer,244,Dominican Republic,Santiago,Individual,Approved,2022-07-29 14:38:54,Email Campaign
2991,Leocadia Carballo,lespinosa@example.com,1986-03-21,Project Manager,220,Dominican Republic,La Romana,Student,Withdrawn,2022-03-18 07:49:19,Referral
2992,Juan Tur,tadeo90@example.org,1997-03-22,Accountant,283,Dominican Republic,Punta Cana,Corporate,Approved,2022-03-18 03:28:44,Walk-in
2993,Azahara Larrañaga,zaidagisbert@example.org,1986-11-15,Architect,168,Dominican Republic,Santo Domingo,Student,Approved,2026-02-19 15:17:02,Referral
2994,Maite Llamas,kmedina@example.org,1995-03-21,Architect,285,Dominican Republic,Santo Domingo,Corporate,Submitted,2026-03-26 11:35:46,Walk-in
2995,Febe Herrera,encarnita66@example.net,1992-01-09,Data Analyst,253,Dominican Republic,Puerto Plata,Individual,Approved,2025-09-14 17:43:48,Event
2996,Nayara Blanca,josep90@example.org,1981-04-20,Project Manager,244,Dominican Republic,Punta Cana,Student,Rejected,2025-04-26 17:11:57,Walk-in
2997,María José Cárdenas,adela36@example.com,1976-01-03,Financial Analyst,106,Dominican Republic,San Pedro de Macorís,Student,Approved,2022-01-05 11:18:34,Walk-in
2998,Loida Franco,elodiaalcazar@example.net,1976-12-08,Lawyer,115,Dominican Republic,San Pedro de Macorís,Student,Under Review,2022-02-14 12:54:33,Event
2999,Toni Mas,eramos@example.net,1986-04-03,Data Analyst,42,Dominican Republic,Punta Cana,Corporate,Approved,2024-03-18 07:00:25,Walk-in
3000,Esteban Sanmiguel,vibanez@example.net,1986-09-13,Financial Analyst,85,Dominican Republic,San Pedro de Macorís,Honorary,Approved,2024-05-10 02:05:14,Walk-in
3001,Juan Bautista Badía,gabriel31@example.com,1996-09-18,Financial Analyst,116,Dominican Republic,Santo Domingo,Individual,Approved,2025-11-03 13:59:02,Referral
3002,Elena Cobo,rosellovenceslas@example.com,2003-04-04,Software Engineer,101,Dominican Republic,San Pedro de Macorís,Student,Approved,2023-12-05 07:33:34,Email Campaign
3003,Concepción Gomila,marianoguardia@example.net,1995-03-13,Architect,259,Dominican Republic,La Romana,Corporate,Approved,2025-01-20 07:23:00,Email Campaign
3004,Diana Aliaga,miguel39@example.org,2002-07-26,Architect,257,Dominican Republic,Punta Cana,Student,Rejected,2024-08-07 03:11:09,Event
3005,Félix Vilanova,vgiron@example.com,1982-05-22,Accountant,294,Dominican Republic,Santo Domingo,Student,Approved,2023-10-05 16:04:50,Email Campaign
3006,Pastora Vicente,giraltjose-manuel@example.org,2007-06-08,Project Manager,11,Dominican Republic,Santiago,Student,Approved,2025-09-29 10:50:30,Walk-in
3007,Joan Lluch,jose-ramon30@example.org,1983-06-22,Lawyer,175,Dominican Republic,San Pedro de Macorís,Student,Approved,2025-04-01 07:34:53,Email Campaign
3008,Martín Cadenas,ezequielmarcos@example.com,2007-05-28,Software Engineer,191,Dominican Republic,Puerto Plata,Student,Approved,2023-10-22 09:06:08,Event
3009,Alfredo Perelló,lidiasegarra@example.org,1977-07-08,Civil Engineer,140,Dominican Republic,Santiago,Honorary,Approved,2023-09-15 19:25:30,Email Campaign
3010,Jeremías Oliver,moranteyolanda@example.org,1989-04-01,Financial Analyst,192,Dominican Republic,Santiago,Corporate,Approved,2022-01-22 12:47:59,Email Campaign
3011,Edgardo Ibarra,nachobaez@example.org,1992-03-26,Accountant,261,Dominican Republic,Punta Cana,Student,Approved,2022-05-31 16:58:50,Walk-in
3012,Pío Palacios,bienvenida70@example.net,2008-03-05,Business Consultant,17,Dominican Republic,Puerto Plata,Corporate,Approved,2023-12-02 14:57:43,Email Campaign
3013,Fabiana Badía,evaristo24@example.com,1989-01-10,Project Manager,105,Dominican Republic,Punta Cana,Individual,Approved,2024-04-01 02:15:23,Website
3014,Calisto Bermúdez,ramiroperales@example.org,1980-02-15,Financial Analyst,3,Dominican Republic,La Romana,Corporate,Approved,2024-05-18 07:09:51,Email Campaign
3015,Joan Vicens,torremaria-manuela@example.net,1978-03-18,Software Engineer,179,Dominican Republic,La Romana,Individual,Approved,2022-06-04 22:17:29,Walk-in
3016,Rafaela Ibañez,vera05@example.net,2000-12-03,Civil Engineer,265,Dominican Republic,Puerto Plata,Individual,Approved,2023-07-20 06:56:30,Event
3017,Luisina Menéndez,maria-belen19@example.net,2005-05-26,Accountant,273,Dominican Republic,San Pedro de Macorís,Individual,Approved,2025-08-26 09:55:13,Walk-in
3018,Damián Mínguez,wmiralles@example.com,2007-12-13,Data Analyst,273,Dominican Republic,Santo Domingo,Student,Approved,2022-09-06 13:56:39,Email Campaign
3019,Tere Poza,lgual@example.net,1997-02-21,Accountant,12,Dominican Republic,La Romana,Corporate,Approved,2022-10-08 05:21:06,Website
3020,Leopoldo Recio,aleros@example.org,2000-12-29,Business Consultant,153,Dominican Republic,Punta Cana,Student,Approved,2025-02-21 05:18:20,Email Campaign
3021,Eloy Benavente,tecla63@example.com,1980-02-13,Financial Analyst,276,Dominican Republic,Santo Domingo,Individual,Approved,2021-09-23 13:15:04,Email Campaign
3022,Samanta Abascal,eruano@example.com,1977-01-22,Business Consultant,20,Dominican Republic,Puerto Plata,Corporate,Withdrawn,2024-02-10 04:22:46,Walk-in
3023,Fabio Ballesteros,elvira86@example.net,2003-02-28,Financial Analyst,172,Dominican Republic,San Pedro de Macorís,Corporate,Approved,2024-09-12 14:33:51,Email Campaign
3024,Guadalupe Rivera,eserna@example.com,1982-02-08,Financial Analyst,256,Dominican Republic,Santiago,Student,Submitted,2023-06-27 04:01:57,Event
3025,Jimena Rocamora,vazquezaristides@example.net,2001-09-09,Civil Engineer,166,Dominican Republic,Santiago,Honorary,Withdrawn,2021-12-21 16:04:33,Event
3026,César Arregui,luismaria-del-carmen@example.com,2000-07-30,Accountant,252,Dominican Republic,Santo Domingo,Honorary,Rejected,2022-06-20 04:41:48,Event
3027,Reina Ayllón,elicomas@example.com,2003-12-04,Civil Engineer,54,Dominican Republic,San Pedro de Macorís,Corporate,Rejected,2026-01-07 00:05:34,Email Campaign
3028,Beatriz Valle,galanantonio@example.com,2002-11-03,Data Analyst,175,Dominican Republic,Puerto Plata,Student,Rejected,2024-12-21 18:32:17,Walk-in
3029,Gala Carbó,jherrero@example.net,1979-07-10,Business Consultant,77,Dominican Republic,Santiago,Corporate,Withdrawn,2025-02-12 06:08:34,Referral
3030,Apolonia Suárez,chus85@example.com,2007-04-28,Architect,106,Dominican Republic,La Romana,Corporate,Approved,2022-01-14 21:58:41,Event
3031,Pancho Aranda,zmuniz@example.net,1993-11-22,Marketing Specialist,122,Dominican Republic,San Pedro de Macorís,Honorary,Approved,2023-01-05 20:39:18,Walk-in
3032,Ricardo Tejero,azucenaaramburu@example.org,1991-12-13,Financial Analyst,209,Dominican Republic,San Francisco de Macorís,Honorary,Approved,2022-12-23 17:15:43,Website
3033,Lidia Torrents,palmiraabellan@example.net,1997-05-13,Accountant,105,Dominican Republic,San Francisco de Macorís,Honorary,Rejected,2026-05-12 22:20:27,Referral
3034,Dani Manrique,ocortes@example.org,1991-03-27,Architect,153,Dominican Republic,La Romana,Student,Approved,2023-06-11 15:41:12,Event
3035,Pastor Rivera,alejandro78@example.org,2000-05-21,Business Consultant,98,Dominican Republic,San Francisco de Macorís,Honorary,Approved,2021-11-23 04:46:51,Website
3036,Bibiana Girona,paezelisabet@example.com,2008-01-18,Business Consultant,244,Dominican Republic,Santiago,Student,Approved,2026-01-28 16:54:11,Website
3037,Martirio Pera,jaraosvaldo@example.com,1996-04-26,Software Engineer,277,Dominican Republic,San Francisco de Macorís,Honorary,Approved,2026-04-26 07:20:17,Referral
3038,Hernando Requena,qbernad@example.com,1992-01-03,Civil Engineer,113,Dominican Republic,La Romana,Individual,Withdrawn,2023-11-22 06:05:14,Email Campaign
3039,Cintia Aranda,hpinilla@example.net,2000-04-02,Financial Analyst,140,Dominican Republic,San Pedro de Macorís,Honorary,Approved,2025-03-16 00:32:23,Referral
3040,Vinicio Peralta,nebotmaria-carmen@example.com,2006-01-14,Project Manager,6,Dominican Republic,Punta Cana,Honorary,Approved,2022-07-05 12:15:00,Website
3041,Cesar Rodríguez,paulino60@example.com,1998-05-27,Architect,131,Dominican Republic,Santo Domingo,Honorary,Withdrawn,2024-10-04 04:18:59,Walk-in
3042,Otilia Quesada,marcioibarra@example.org,1992-10-14,Marketing Specialist,157,Dominican Republic,Santo Domingo,Honorary,Approved,2022-01-24 10:47:21,Event
3043,Yésica Ródenas,dionisiacollado@example.org,2000-02-19,Civil Engineer,142,Dominican Republic,Puerto Plata,Student,Rejected,2021-12-04 08:46:37,Referral
3044,Eloy Olmedo,tiburcio53@example.org,2001-11-11,Software Engineer,150,Dominican Republic,Santiago,Student,Rejected,2025-08-24 04:10:58,Referral
3045,Juliana Tapia,bherranz@example.net,1982-06-15,Civil Engineer,35,Dominican Republic,Santo Domingo,Corporate,Approved,2022-06-30 16:19:52,Referral
3046,Reyes Valbuena,lcampoy@example.org,2004-03-19,Architect,176,Dominican Republic,Santiago,Student,Under Review,2025-03-09 06:31:01,Event
3047,Cándido Pera,carla72@example.org,2004-08-21,Architect,179,Dominican Republic,Santo Domingo,Student,Rejected,2022-07-13 08:10:02,Event
3048,Ernesto Jáuregui,chaconreinaldo@example.com,1987-02-11,Accountant,203,Dominican Republic,San Francisco de Macorís,Individual,Rejected,2024-05-19 21:02:36,Website
3049,Amado Barco,manolo90@example.net,2000-12-21,Financial Analyst,129,Dominican Republic,Punta Cana,Individual,Pending Payment,2021-12-17 02:54:46,Event
3050,Graciela Gallardo,oquerol@example.com,1983-09-16,Architect,35,Dominican Republic,Puerto Plata,Student,Approved,2026-01-28 16:52:05,Event
3051,Arcelia Tejera,martinpina@example.org,1988-12-22,Data Analyst,141,Dominican Republic,Santo Domingo,Honorary,Approved,2023-06-23 09:18:13,Website
3052,Albert Francisco,jose-ramon83@example.net,1977-09-01,Lawyer,226,Dominican Republic,Punta Cana,Honorary,Approved,2021-11-19 05:14:33,Referral
3053,Amor Bernad,jacinto52@example.net,1986-02-05,Lawyer,298,Dominican Republic,Santiago,Student,Approved,2023-07-29 00:35:25,Referral
3054,Alejandro Téllez,curro79@example.net,2008-05-15,Lawyer,5,Dominican Republic,Punta Cana,Corporate,Pending Payment,2025-02-28 05:46:02,Email Campaign
3055,Mauricio Linares,jponce@example.net,1996-09-18,Lawyer,162,Dominican Republic,La Romana,Honorary,Pending Payment,2025-11-15 10:55:54,Event
3056,Jimena Ferreras,cornelio89@example.com,1980-12-24,Financial Analyst,103,Dominican Republic,La Romana,Honorary,Approved,2022-11-20 03:11:24,Referral
3057,Nicodemo Cortina,omoran@example.com,1977-07-17,Financial Analyst,299,Dominican Republic,Puerto Plata,Student,Under Review,2021-09-07 18:25:02,Website
3058,Fito Castejón,anselmocastilla@example.org,2006-02-26,Financial Analyst,138,Dominican Republic,San Francisco de Macorís,Corporate,Approved,2024-02-03 08:56:48,Walk-in
3059,Antonio Perales,csole@example.org,1981-12-03,Financial Analyst,161,Dominican Republic,Santo Domingo,Honorary,Approved,2024-09-15 11:38:22,Event
3060,Cayetano Peinado,jaureguicristian@example.net,2004-08-05,Architect,156,Dominican Republic,Puerto Plata,Honorary,Approved,2023-01-23 12:54:13,Website
3061,María Pilar Vendrell,navarrobuenaventura@example.com,1989-05-05,Accountant,115,Dominican Republic,Santo Domingo,Student,Approved,2025-04-26 23:10:58,Email Campaign
3062,Armando Cardona,isaaccastejon@example.com,1993-08-01,Architect,259,Dominican Republic,Santiago,Individual,Submitted,2026-05-10 21:50:12,Event
3063,Lázaro Llorens,laragones@example.net,1988-08-18,Project Manager,71,Dominican Republic,Puerto Plata,Student,Approved,2023-04-19 14:18:13,Walk-in
3064,Sigfrido Blanch,enrique76@example.net,1986-08-20,Business Consultant,107,Dominican Republic,Punta Cana,Corporate,Approved,2026-05-05 17:18:57,Walk-in
3065,Nélida Luján,marcio20@example.org,1981-02-03,Civil Engineer,288,Dominican Republic,Punta Cana,Student,Approved,2023-11-10 02:14:54,Email Campaign
3066,Joaquina Company,brunilda86@example.org,2000-04-14,Financial Analyst,4,Dominican Republic,La Romana,Individual,Approved,2022-04-01 19:31:17,Walk-in
3067,Jose Ignacio Serrano,oscarbenitez@example.com,1988-02-18,Data Analyst,136,Dominican Republic,Punta Cana,Student,Submitted,2022-01-01 21:17:04,Email Campaign
3068,Jaime Beltrán,angulojosefa@example.org,1988-08-01,Lawyer,141,Dominican Republic,San Francisco de Macorís,Corporate,Approved,2024-11-20 10:07:09,Event
3069,Evangelina Carro,mirta19@example.org,1998-06-05,Financial Analyst,185,Dominican Republic,Puerto Plata,Corporate,Approved,2025-02-15 18:34:59,Website
3070,Adolfo Piñol,amatjuan-luis@example.com,2007-04-25,Business Consultant,280,Dominican Republic,Punta Cana,Individual,Approved,2022-06-09 05:19:27,Walk-in
3071,Samanta Vallejo,calofelia@example.net,2003-01-04,Software Engineer,25,Dominican Republic,Punta Cana,Individual,Approved,2022-09-18 18:06:02,Referral
3072,Macarena Miró,tclavero@example.net,1992-03-10,Software Engineer,259,Dominican Republic,Santo Domingo,Student,Approved,2025-02-17 03:35:48,Referral
3073,Charo Galván,bernardino03@example.com,1978-04-26,Lawyer,172,Dominican Republic,San Francisco de Macorís,Corporate,Under Review,2024-01-15 12:36:43,Walk-in
3074,Ciro Figuerola,villaloboscristobal@example.org,2007-10-05,Marketing Specialist,79,Dominican Republic,San Francisco de Macorís,Student,Approved,2022-07-13 13:33:19,Event
3075,Mateo Agustí,africa13@example.org,1986-05-11,Lawyer,263,Dominican Republic,La Romana,Corporate,Approved,2022-08-20 16:52:58,Referral
3076,Victor Abril,mateo70@example.net,1987-12-08,Project Manager,175,Dominican Republic,Santo Domingo,Individual,Approved,2025-03-04 06:14:57,Website
3077,Abel Llobet,pomareswilfredo@example.org,1985-09-18,Business Consultant,236,Dominican Republic,La Romana,Individual,Approved,2025-12-06 13:48:45,Event
3078,Álvaro Zurita,brunoalmeida@example.org,1979-03-16,Civil Engineer,58,Dominican Republic,Puerto Plata,Individual,Approved,2023-11-19 21:27:56,Event
3079,Nydia Otero,ullabres@example.com,1979-11-27,Lawyer,222,Dominican Republic,San Pedro de Macorís,Honorary,Approved,2022-12-12 11:37:04,Walk-in
3080,Zacarías Mosquera,yleiva@example.org,1991-02-16,Lawyer,121,Dominican Republic,Punta Cana,Honorary,Approved,2023-12-05 14:14:23,Event
3081,Amando Girón,rosasandoval@example.com,1984-06-07,Business Consultant,14,Dominican Republic,San Francisco de Macorís,Student,Under Review,2026-02-12 17:20:56,Referral
3082,Vinicio Acevedo,jose-manuelcampillo@example.net,1983-06-06,Software Engineer,100,Dominican Republic,Puerto Plata,Student,Approved,2024-12-29 08:52:10,Website
3083,Mariana Malo,estevezolalla@example.net,1989-05-30,Data Analyst,171,Dominican Republic,La Romana,Corporate,Approved,2024-03-16 06:47:55,Referral
3084,Calisto Acosta,oalegria@example.org,1990-02-28,Project Manager,270,Dominican Republic,San Pedro de Macorís,Individual,Approved,2025-06-26 17:58:04,Email Campaign
3085,Pascual Guillen,arroyopablo@example.com,2007-02-19,Financial Analyst,154,Dominican Republic,San Pedro de Macorís,Student,Approved,2025-01-08 21:52:20,Event
3086,Jose Antonio Bonilla,bertranamando@example.net,1996-02-24,Civil Engineer,161,Dominican Republic,Punta Cana,Corporate,Approved,2025-02-07 07:55:40,Email Campaign
3087,Fidela Márquez,santos12@example.com,1983-05-01,Architect,143,Dominican Republic,San Pedro de Macorís,Honorary,Approved,2025-01-07 15:06:14,Referral
3088,Anselmo Pont,alfonso04@example.com,1985-07-14,Financial Analyst,287,Dominican Republic,Santiago,Corporate,Approved,2026-01-30 15:29:28,Event
3089,Salomón Simó,sarita86@example.net,1997-04-16,Architect,111,Dominican Republic,Santiago,Corporate,Approved,2026-01-23 17:20:17,Event
3090,Domitila Llabrés,asuncion17@example.org,2006-03-17,Data Analyst,159,Dominican Republic,San Francisco de Macorís,Student,Rejected,2023-09-30 12:02:01,Event
3091,Santiago Campillo,baezaafrica@example.com,2002-10-18,Financial Analyst,16,Dominican Republic,La Romana,Corporate,Approved,2025-08-20 11:26:24,Event
3092,Adalberto Bello,wtorre@example.org,1997-11-22,Business Consultant,15,Dominican Republic,San Francisco de Macorís,Individual,Approved,2025-09-26 13:27:58,Website
3093,Matías Menendez,nydiafranch@example.org,1990-10-04,Business Consultant,33,Dominican Republic,San Pedro de Macorís,Student,Rejected,2026-02-20 14:55:08,Walk-in
3094,Cristian Cano,salamancacustodio@example.net,1999-08-01,Marketing Specialist,248,Dominican Republic,Punta Cana,Corporate,Rejected,2025-04-01 09:20:07,Referral
3095,Pepita Azorin,loboencarnacion@example.org,1981-06-09,Marketing Specialist,90,Dominican Republic,Santo Domingo,Corporate,Approved,2022-06-10 04:29:24,Event
3096,Julio Macías,chema55@example.net,1990-01-13,Accountant,146,Dominican Republic,Punta Cana,Honorary,Approved,2025-06-16 20:44:52,Event
3097,Lino Gordillo,joanvillena@example.com,1998-03-23,Data Analyst,277,Dominican Republic,Santo Domingo,Individual,Approved,2025-02-10 18:44:54,Walk-in
3098,Judith Noriega,felix39@example.org,1991-12-24,Lawyer,230,Dominican Republic,Puerto Plata,Individual,Approved,2021-11-16 03:55:09,Event
3099,Olivia Galván,placidohervas@example.org,2005-06-19,Lawyer,11,Dominican Republic,San Pedro de Macorís,Student,Approved,2022-02-13 21:55:48,Website
3100,María Escolano,wquintero@example.org,2000-02-14,Financial Analyst,193,Dominican Republic,San Pedro de Macorís,Honorary,Approved,2024-12-06 18:57:32,Referral
3101,Liliana Cantón,psastre@example.org,1991-02-09,Accountant,58,Dominican Republic,Punta Cana,Honorary,Rejected,2023-06-29 07:02:13,Website
3102,Clementina Mateos,rcortes@example.net,1992-07-01,Accountant,41,Dominican Republic,Santo Domingo,Student,Approved,2022-12-11 18:29:25,Website
3103,Úrsula Ferrández,raquel86@example.com,2008-08-22,Marketing Specialist,150,Dominican Republic,Santiago,Individual,Approved,2023-09-21 15:08:46,Event
3104,Petrona Corral,jpons@example.com,1998-03-26,Civil Engineer,46,Dominican Republic,San Pedro de Macorís,Honorary,Approved,2022-06-09 03:22:39,Website
3105,Juan Carlos Bermudez,leocadiofont@example.org,2006-01-31,Architect,142,Dominican Republic,Puerto Plata,Corporate,Approved,2025-09-30 01:59:23,Event
3106,Yéssica Portero,baragones@example.org,1988-01-28,Architect,149,Dominican Republic,San Francisco de Macorís,Honorary,Withdrawn,2024-09-29 04:36:23,Event
3107,Celia Cadenas,ugranados@example.com,1996-04-26,Lawyer,199,Dominican Republic,Santiago,Student,Approved,2022-09-19 01:36:59,Referral
3108,Diego Carrión,vcerezo@example.org,1989-01-09,Accountant,166,Dominican Republic,Puerto Plata,Honorary,Rejected,2026-05-23 05:38:06,Website
3109,Emperatriz Expósito,maricela46@example.com,1989-04-12,Lawyer,199,Dominican Republic,Santiago,Honorary,Approved,2023-06-04 23:11:25,Referral
3110,Oriana Samper,calmanu@example.net,1997-01-10,Financial Analyst,202,Dominican Republic,Santo Domingo,Individual,Approved,2024-06-08 18:50:13,Walk-in
3111,Poncio Torre,gualelena@example.net,1983-09-21,Data Analyst,147,Dominican Republic,Punta Cana,Honorary,Approved,2023-10-13 04:20:18,Walk-in
3112,Gisela Catalán,ucabeza@example.net,1989-02-02,Architect,294,Dominican Republic,Santiago,Individual,Approved,2025-01-11 21:06:20,Email Campaign
3113,Mariana Corbacho,modesto29@example.net,1977-07-05,Civil Engineer,198,Dominican Republic,Santiago,Individual,Approved,2024-06-13 18:50:51,Event
3114,Amado Durán,abaeza@example.org,1998-05-02,Lawyer,48,Dominican Republic,San Francisco de Macorís,Student,Approved,2022-05-01 23:23:05,Referral
3115,Miguela Cantero,blancoolimpia@example.com,1990-01-28,Software Engineer,37,Dominican Republic,San Pedro de Macorís,Student,Rejected,2022-04-12 01:48:37,Website
3116,Severo Bejarano,jfernandez@example.com,2002-06-14,Project Manager,233,Dominican Republic,Santiago,Honorary,Approved,2023-10-18 21:37:04,Walk-in
3117,María Manuela Vilar,chaparrochucho@example.org,1975-09-09,Data Analyst,66,Dominican Republic,San Pedro de Macorís,Individual,Submitted,2022-01-18 10:27:00,Referral
3118,Hortensia Vigil,fatimaferrando@example.net,2004-09-10,Software Engineer,36,Dominican Republic,Santo Domingo,Individual,Approved,2024-03-24 00:54:00,Walk-in
3119,Graciela Perez,quirosale@example.org,1982-05-03,Data Analyst,170,Dominican Republic,Punta Cana,Honorary,Approved,2023-07-04 05:59:49,Walk-in
3120,Candelario Barriga,graciela48@example.org,1992-06-12,Software Engineer,190,Dominican Republic,Santiago,Student,Approved,2025-08-13 05:35:40,Walk-in
3121,Eusebia Hierro,uparejo@example.net,1989-11-26,Data Analyst,49,Dominican Republic,Punta Cana,Student,Approved,2022-03-31 21:56:58,Website
3122,Eloísa Chacón,calixtocerdan@example.org,1976-05-11,Accountant,293,Dominican Republic,San Pedro de Macorís,Individual,Approved,2025-02-21 15:59:46,Referral
3123,Ignacio Bilbao,hmadrigal@example.com,1988-09-22,Accountant,201,Dominican Republic,Santo Domingo,Corporate,Submitted,2022-03-09 22:15:57,Walk-in
3124,Felicia Godoy,cortesgoyo@example.com,1984-07-21,Marketing Specialist,196,Dominican Republic,Puerto Plata,Corporate,Rejected,2022-08-22 07:58:36,Event
3125,Jenny Rubio,teovelazquez@example.org,1986-06-05,Accountant,75,Dominican Republic,Punta Cana,Honorary,Under Review,2022-03-19 05:00:04,Event
3126,Severiano Sevillano,allanos@example.org,1980-08-29,Software Engineer,260,Dominican Republic,San Francisco de Macorís,Student,Approved,2023-07-26 20:36:06,Email Campaign
3127,Merche Bauzà,genovevaescobar@example.com,1980-05-28,Financial Analyst,200,Dominican Republic,Santiago,Student,Rejected,2026-03-10 19:30:46,Email Campaign
3128,Eustaquio Quesada,lcal@example.com,2005-11-11,Accountant,103,Dominican Republic,Punta Cana,Student,Approved,2023-09-11 16:25:08,Walk-in
3129,Íñigo Juan,ramona22@example.com,1981-12-10,Data Analyst,141,Dominican Republic,Santiago,Corporate,Rejected,2025-03-05 12:21:31,Referral
3130,María Jimenez,marcial84@example.org,2002-11-30,Project Manager,263,Dominican Republic,San Francisco de Macorís,Honorary,Under Review,2025-04-20 06:43:44,Email Campaign
3131,María Fernanda Royo,carmonacarlito@example.com,2002-04-17,Data Analyst,58,Dominican Republic,San Pedro de Macorís,Corporate,Rejected,2023-07-18 06:24:13,Walk-in
3132,Ismael Arteaga,bjimenez@example.net,1999-09-20,Civil Engineer,205,Dominican Republic,Santo Domingo,Honorary,Withdrawn,2026-01-26 13:19:57,Website
3133,Amador Montes,ftejero@example.com,1986-06-10,Data Analyst,190,Dominican Republic,Punta Cana,Corporate,Rejected,2024-08-10 02:47:51,Email Campaign
3134,Dorotea Barba,xdiaz@example.com,1993-09-13,Business Consultant,264,Dominican Republic,Santiago,Individual,Approved,2025-09-21 16:58:23,Website
3135,Úrsula Azorin,agatapalacio@example.net,1978-12-24,Data Analyst,261,Dominican Republic,La Romana,Honorary,Approved,2022-12-10 20:41:05,Website
3136,Alcides Larrea,dgutierrez@example.org,1979-08-08,Architect,235,Dominican Republic,San Francisco de Macorís,Corporate,Submitted,2025-02-27 05:53:10,Event
3137,Gaspar Puente,nalsina@example.org,1982-02-13,Lawyer,288,Dominican Republic,La Romana,Honorary,Approved,2024-05-28 10:10:17,Email Campaign
3138,Apolonia Martinez,agudogabino@example.net,1986-07-08,Business Consultant,58,Dominican Republic,La Romana,Corporate,Rejected,2024-07-31 17:38:57,Event
3139,Gema Tovar,ugordillo@example.com,2006-11-05,Data Analyst,107,Dominican Republic,Santiago,Corporate,Approved,2023-04-25 09:19:30,Email Campaign
3140,Eligia Palomar,wmoles@example.com,1977-12-10,Financial Analyst,62,Dominican Republic,Puerto Plata,Individual,Under Review,2022-11-22 13:06:04,Email Campaign
3141,José Manuel Sanmiguel,isabel11@example.org,1991-12-17,Lawyer,76,Dominican Republic,San Francisco de Macorís,Corporate,Approved,2023-06-29 15:39:06,Referral
3142,Rosendo Sarmiento,gilleocadia@example.net,1990-02-17,Financial Analyst,62,Dominican Republic,La Romana,Student,Approved,2022-11-29 21:44:12,Event
3143,Pedro Pozo,grosa@example.org,1981-02-06,Software Engineer,215,Dominican Republic,San Pedro de Macorís,Student,Approved,2024-10-02 01:58:41,Referral
3144,Catalina Manzanares,hernangaliano@example.org,2002-09-30,Data Analyst,201,Dominican Republic,San Pedro de Macorís,Individual,Approved,2021-10-09 13:40:39,Website
3145,Candelaria Arnau,romulo30@example.net,2007-11-23,Financial Analyst,296,Dominican Republic,Puerto Plata,Honorary,Rejected,2025-12-21 14:19:50,Website
3146,Juana Coll,eusebiairiarte@example.net,1994-08-27,Lawyer,294,Dominican Republic,Punta Cana,Individual,Approved,2022-11-01 15:01:22,Email Campaign
3147,Ariadna Soler,violetadonoso@example.org,1976-12-25,Financial Analyst,135,Dominican Republic,La Romana,Student,Approved,2025-08-30 07:39:17,Walk-in
3148,Isabela Vélez,celsoduarte@example.net,1990-08-31,Data Analyst,107,Dominican Republic,San Pedro de Macorís,Student,Approved,2023-08-08 21:44:35,Website
3149,Lilia Roldán,maria-belen48@example.com,1980-09-23,Marketing Specialist,211,Dominican Republic,Santo Domingo,Corporate,Approved,2023-03-20 02:53:47,Event
3150,Abilio Suarez,adolfobaro@example.net,1990-12-06,Business Consultant,126,Dominican Republic,Punta Cana,Individual,Rejected,2021-11-03 17:04:07,Walk-in
3151,Carmelita Marquez,candelassoriano@example.com,2003-11-15,Lawyer,40,Dominican Republic,La Romana,Student,Rejected,2022-03-29 06:22:47,Event
3152,Ulises Cueto,wropero@example.org,1997-01-20,Software Engineer,213,Dominican Republic,Punta Cana,Honorary,Rejected,2025-01-05 18:00:05,Email Campaign
3153,Nacho Batalla,etelvinamoran@example.com,1986-12-11,Marketing Specialist,117,Dominican Republic,San Pedro de Macorís,Corporate,Approved,2022-06-05 16:17:04,Referral
3154,Isaura Aliaga,parrasonia@example.org,1976-09-30,Accountant,73,Dominican Republic,Santo Domingo,Corporate,Approved,2026-01-06 10:55:07,Referral
3155,Darío Mateos,leocadia22@example.com,2005-06-28,Architect,76,Dominican Republic,San Pedro de Macorís,Honorary,Approved,2023-02-14 00:37:54,Email Campaign
3156,Hipólito Asenjo,gallegosilvio@example.org,1991-01-07,Financial Analyst,173,Dominican Republic,Santo Domingo,Individual,Withdrawn,2022-10-18 02:25:43,Event
3157,Efraín Hernandez,antonio28@example.org,1975-09-29,Business Consultant,30,Dominican Republic,Santiago,Honorary,Rejected,2023-04-09 08:13:01,Website
3158,Haydée Llabrés,saturninallobet@example.org,1991-03-12,Marketing Specialist,157,Dominican Republic,La Romana,Honorary,Approved,2024-06-18 20:09:42,Event
3159,Noemí Fuentes,royomaria-fernanda@example.net,1980-06-18,Business Consultant,24,Dominican Republic,Santo Domingo,Student,Withdrawn,2021-11-27 10:00:28,Walk-in
3160,Rosaura Caparrós,oprieto@example.org,1990-01-02,Civil Engineer,38,Dominican Republic,Santo Domingo,Individual,Approved,2025-04-11 04:05:44,Walk-in
3161,Emma Pol,amayoral@example.org,1982-09-01,Lawyer,124,Dominican Republic,San Francisco de Macorís,Student,Approved,2021-08-30 05:54:54,Event
3162,José Manuel Pereira,virginia41@example.org,1988-11-24,Business Consultant,105,Dominican Republic,Santiago,Student,Pending Payment,2022-07-01 04:53:53,Website
3163,Tristán Portillo,custodia70@example.org,1998-12-24,Business Consultant,36,Dominican Republic,Punta Cana,Individual,Approved,2026-04-20 00:01:49,Website
3164,Lucio Manrique,carmina01@example.com,2000-06-12,Financial Analyst,158,Dominican Republic,La Romana,Honorary,Approved,2022-06-16 21:24:44,Email Campaign
3165,Amelia Ramírez,eric96@example.net,1981-06-06,Financial Analyst,214,Dominican Republic,Santiago,Student,Approved,2026-01-14 02:06:29,Website
3166,Abraham Castilla,clemente15@example.org,1986-06-18,Data Analyst,190,Dominican Republic,Santiago,Honorary,Rejected,2021-10-21 04:54:18,Walk-in
3167,Francisca Raya,ucabeza@example.net,2001-12-10,Financial Analyst,88,Dominican Republic,San Francisco de Macorís,Honorary,Approved,2023-04-24 01:45:24,Event
3168,Donato Murcia,leandramunoz@example.com,1981-01-30,Marketing Specialist,110,Dominican Republic,La Romana,Corporate,Approved,2023-09-24 13:18:22,Event
3169,Josefina Cánovas,gertrudisasensio@example.com,1992-10-07,Data Analyst,0,Dominican Republic,San Pedro de Macorís,Honorary,Approved,2026-04-25 03:15:29,Website
3170,Guadalupe Sarmiento,pmateu@example.com,2006-12-28,Architect,223,Dominican Republic,Punta Cana,Honorary,Approved,2023-12-15 19:07:41,Walk-in
3171,Manola Barceló,anabel62@example.com,2001-01-12,Accountant,257,Dominican Republic,Santo Domingo,Individual,Approved,2023-05-04 10:27:15,Website
3172,Débora Pascual,campillochucho@example.org,2006-10-07,Data Analyst,140,Dominican Republic,San Francisco de Macorís,Honorary,Rejected,2024-06-14 20:34:15,Event
3173,Maura Cuenca,miguel86@example.org,1991-05-27,Marketing Specialist,71,Dominican Republic,Santiago,Student,Withdrawn,2025-06-09 08:29:01,Website
3174,Julie Elorza,oarjona@example.org,1990-10-17,Lawyer,86,Dominican Republic,Santiago,Student,Approved,2024-01-01 09:50:15,Referral
3175,Bernardita Alfonso,alexiniguez@example.com,2002-12-12,Architect,103,Dominican Republic,San Pedro de Macorís,Honorary,Rejected,2026-03-10 18:30:04,Walk-in
3176,Tatiana Vera,sotelodesiderio@example.net,1990-05-03,Marketing Specialist,119,Dominican Republic,Punta Cana,Student,Submitted,2022-03-23 05:08:31,Walk-in
3177,Nerea Mendoza,gaspargimeno@example.com,2008-03-20,Accountant,101,Dominican Republic,La Romana,Individual,Approved,2024-06-11 07:55:06,Walk-in
3178,Jesusa Marquez,debora20@example.com,2000-09-14,Data Analyst,79,Dominican Republic,Puerto Plata,Corporate,Withdrawn,2024-08-25 08:29:53,Referral
3179,Cintia Ramírez,cmontesinos@example.com,1996-01-18,Accountant,83,Dominican Republic,Santiago,Corporate,Approved,2022-05-27 00:18:16,Event
3180,Custodio Fabra,bgodoy@example.net,1986-01-15,Architect,271,Dominican Republic,Santiago,Individual,Approved,2024-06-20 06:46:41,Referral
3181,Adelia Requena,vascoibanez@example.com,2001-09-29,Lawyer,222,Dominican Republic,La Romana,Honorary,Approved,2022-07-15 03:40:36,Email Campaign
3182,Chucho Porcel,palaciosbernarda@example.net,1991-06-17,Business Consultant,16,Dominican Republic,Santo Domingo,Honorary,Withdrawn,2021-12-24 21:10:02,Event
3183,Nazaret Canales,georgina22@example.org,2002-01-26,Business Consultant,74,Dominican Republic,Punta Cana,Student,Approved,2023-05-25 00:43:41,Website
3184,Heriberto Pinilla,abarrera@example.net,1982-04-22,Accountant,178,Dominican Republic,Santiago,Individual,Approved,2023-12-19 18:40:17,Walk-in
3185,Álvaro Roselló,castillohilda@example.net,1997-04-10,Financial Analyst,198,Dominican Republic,La Romana,Corporate,Approved,2026-01-15 14:41:56,Event
3186,Delia Gordillo,valcarcellisandro@example.com,2006-05-09,Business Consultant,41,Dominican Republic,San Pedro de Macorís,Corporate,Approved,2022-07-20 13:58:30,Walk-in
3187,Manu Caro,lupetello@example.net,2005-09-20,Architect,275,Dominican Republic,Santiago,Individual,Approved,2022-09-23 06:18:42,Event
3188,Adelaida Calzada,josefa60@example.org,1982-11-01,Architect,127,Dominican Republic,Santiago,Honorary,Approved,2026-01-30 01:50:31,Website
3189,Inés Torralba,sofia28@example.com,2000-08-13,Accountant,9,Dominican Republic,Santo Domingo,Honorary,Approved,2026-01-02 19:59:34,Event
3190,Régulo Vila,jordamaura@example.org,2008-08-15,Lawyer,102,Dominican Republic,La Romana,Student,Approved,2025-08-16 23:39:08,Event
3191,Ruy Herrero,aguirrefilomena@example.org,1991-08-25,Marketing Specialist,218,Dominican Republic,San Francisco de Macorís,Honorary,Rejected,2023-09-01 18:43:04,Website
3192,Anabel Luís,merche45@example.com,1998-12-02,Lawyer,93,Dominican Republic,San Francisco de Macorís,Honorary,Pending Payment,2023-10-19 17:56:46,Walk-in
3193,Ruth Menendez,damian07@example.com,1995-06-08,Project Manager,11,Dominican Republic,San Pedro de Macorís,Student,Approved,2023-02-06 01:36:27,Website
3194,Mar Rojas,rogelionunez@example.com,1997-11-27,Software Engineer,36,Dominican Republic,La Romana,Individual,Approved,2023-08-17 09:26:40,Walk-in
3195,Manuel Sans,clementina16@example.org,2007-07-08,Data Analyst,265,Dominican Republic,La Romana,Individual,Approved,2023-11-08 19:58:16,Walk-in
3196,Josep Nogueira,africavillalobos@example.com,2008-02-18,Data Analyst,205,Dominican Republic,Santiago,Student,Approved,2022-02-10 03:37:38,Website
3197,Óscar Romeu,antonia57@example.net,2001-05-19,Software Engineer,281,Dominican Republic,San Pedro de Macorís,Individual,Rejected,2023-07-19 12:38:17,Walk-in
3198,Ágata Valdés,sigfrido81@example.com,1991-11-16,Accountant,23,Dominican Republic,San Pedro de Macorís,Student,Under Review,2026-02-15 18:46:56,Website
3199,Martin Gibert,ines07@example.net,1982-10-23,Software Engineer,42,Dominican Republic,Punta Cana,Student,Approved,2022-02-18 05:25:22,Email Campaign
3200,Venceslás Cabañas,ysolana@example.org,2005-08-05,Business Consultant,204,Dominican Republic,San Francisco de Macorís,Individual,Approved,2023-04-18 08:47:37,Website
3201,Maximiano Amigó,tellezapolonia@example.net,1983-01-23,Marketing Specialist,178,Dominican Republic,San Francisco de Macorís,Individual,Approved,2024-12-12 23:08:53,Referral
3202,Dalila Crespi,gracianofigueroa@example.net,1999-11-10,Architect,20,Dominican Republic,San Francisco de Macorís,Student,Approved,2025-11-29 11:51:39,Event
3203,Modesto Lumbreras,guzmanvera@example.org,1989-07-22,Marketing Specialist,122,Dominican Republic,Santiago,Honorary,Approved,2024-07-17 08:11:23,Referral
3204,Eladio Mínguez,expositojacobo@example.org,2001-09-03,Accountant,93,Dominican Republic,La Romana,Student,Approved,2022-10-29 07:10:50,Walk-in
3205,Paca Pozo,gustavo27@example.org,1986-04-25,Lawyer,87,Dominican Republic,Santiago,Individual,Approved,2024-06-19 05:08:55,Walk-in
3206,Nydia Carrera,estrella72@example.com,1995-11-12,Civil Engineer,201,Dominican Republic,Puerto Plata,Student,Approved,2022-02-08 09:51:53,Referral
3207,Godofredo Chaves,jose-luisleal@example.com,1992-03-23,Software Engineer,158,Dominican Republic,Santiago,Honorary,Approved,2022-04-15 07:08:04,Event
3208,Luís Rodrigo,soraya09@example.org,1999-10-26,Business Consultant,150,Dominican Republic,Santiago,Honorary,Rejected,2024-09-07 17:54:35,Email Campaign
3209,Mauricio Pedro,jordana70@example.org,1976-11-23,Business Consultant,225,Dominican Republic,Santiago,Corporate,Approved,2021-12-31 00:42:16,Event
3210,Segismundo Carballo,einfante@example.org,1989-11-14,Accountant,242,Dominican Republic,San Francisco de Macorís,Corporate,Withdrawn,2024-04-12 08:09:37,Website
3211,Juan Manuel Palomo,nerea76@example.org,2001-09-16,Project Manager,113,Dominican Republic,Santo Domingo,Corporate,Approved,2023-01-05 06:08:11,Event
3212,Cándido Ibañez,colomaale@example.net,2000-07-26,Project Manager,216,Dominican Republic,San Pedro de Macorís,Corporate,Approved,2021-10-09 02:53:56,Website
3213,Purificación Riquelme,amor76@example.org,2006-06-23,Accountant,131,Dominican Republic,Santiago,Student,Approved,2022-12-16 16:40:05,Email Campaign
3214,Florentino Conde,gabrielaamor@example.com,1988-10-14,Project Manager,242,Dominican Republic,La Romana,Individual,Approved,2024-03-02 13:13:42,Website
3215,Loreto Rius,jose-ramon04@example.com,1988-03-23,Accountant,29,Dominican Republic,Punta Cana,Honorary,Approved,2024-05-27 22:19:35,Event
3216,Obdulia Nieto,aurelio26@example.org,1999-08-29,Marketing Specialist,63,Dominican Republic,Puerto Plata,Student,Approved,2024-06-24 20:32:24,Referral
3217,Tiburcio Agudo,fvalentin@example.net,1996-04-03,Accountant,284,Dominican Republic,Santo Domingo,Honorary,Approved,2024-04-19 22:29:48,Website
3218,Águeda Gascón,flaviacerro@example.com,1989-08-05,Architect,86,Dominican Republic,Punta Cana,Corporate,Submitted,2023-04-13 08:04:18,Referral
3219,Corona Barrio,irene60@example.org,1993-04-28,Financial Analyst,257,Dominican Republic,La Romana,Corporate,Approved,2023-03-01 15:19:21,Referral
3220,Joaquina Hidalgo,upi@example.net,2003-07-14,Data Analyst,158,Dominican Republic,San Francisco de Macorís,Student,Approved,2022-11-10 07:55:34,Email Campaign
3221,Teobaldo Alemany,itziarespejo@example.org,1977-10-04,Lawyer,260,Dominican Republic,Puerto Plata,Individual,Approved,2025-06-05 15:05:49,Email Campaign
3222,Reinaldo Navas,perezcristobal@example.com,2001-12-15,Architect,79,Dominican Republic,Santiago,Corporate,Withdrawn,2021-12-19 03:14:46,Referral
3223,Toni Sevilla,bautistanoe@example.net,1979-04-25,Data Analyst,186,Dominican Republic,Puerto Plata,Student,Under Review,2023-02-13 04:08:38,Event
3224,Antonio Barba,danielagallardo@example.com,1986-03-04,Financial Analyst,6,Dominican Republic,Puerto Plata,Honorary,Approved,2021-12-06 19:50:47,Referral
3225,Zacarías Rubio,hcespedes@example.com,1981-11-06,Civil Engineer,52,Dominican Republic,Punta Cana,Corporate,Rejected,2022-04-12 08:13:56,Referral
3226,Carmen Ferrer,marisolguardia@example.net,2000-08-23,Data Analyst,32,Dominican Republic,Puerto Plata,Corporate,Approved,2022-04-08 05:59:06,Website
3227,Manu Criado,hcollado@example.org,2004-07-27,Civil Engineer,188,Dominican Republic,San Pedro de Macorís,Individual,Approved,2024-07-08 08:30:22,Event
3228,Jacobo Amat,kblazquez@example.org,2006-12-08,Financial Analyst,127,Dominican Republic,Puerto Plata,Student,Submitted,2025-03-16 04:01:20,Website
3229,Aristides Baquero,soledadcodina@example.net,1983-07-31,Project Manager,72,Dominican Republic,Santiago,Honorary,Approved,2025-08-04 05:08:35,Referral
3230,Victor Losa,wilfredobalaguer@example.com,1985-05-19,Business Consultant,11,Dominican Republic,Puerto Plata,Student,Approved,2026-05-30 14:10:25,Email Campaign
3231,Moisés Tudela,jdiaz@example.org,1977-10-05,Civil Engineer,34,Dominican Republic,San Pedro de Macorís,Student,Approved,2025-01-20 06:10:42,Website
3232,Guillermo Contreras,jimenavillegas@example.net,2001-01-27,Project Manager,161,Dominican Republic,Puerto Plata,Student,Rejected,2021-11-13 22:06:48,Event
3233,Cebrián Diego,sbaena@example.com,1989-10-19,Marketing Specialist,102,Dominican Republic,Santo Domingo,Corporate,Approved,2025-03-19 20:14:58,Event
3234,Pío Vaquero,emigdio47@example.com,1976-02-04,Accountant,181,Dominican Republic,Santiago,Individual,Approved,2025-03-13 05:24:17,Event
3235,Olivia Aliaga,clara@example.org,1999-04-15,Data Analyst,48,Dominican Republic,La Romana,Student,Rejected,2023-11-02 11:24:54,Event
3236,Yésica Noriega,porfirioserra@example.org,1991-01-23,Civil Engineer,298,Dominican Republic,Santiago,Honorary,Approved,2026-04-30 22:15:39,Event
3237,Adela Iglesia,juria@example.net,1984-07-09,Financial Analyst,101,Dominican Republic,Santiago,Student,Approved,2021-10-08 13:50:23,Email Campaign
3238,Vasco Acevedo,sigfrido57@example.com,1991-03-27,Data Analyst,65,Dominican Republic,Punta Cana,Student,Approved,2022-02-06 00:16:26,Walk-in
3239,Toño Boix,veronicavilaplana@example.net,1996-04-15,Marketing Specialist,294,Dominican Republic,San Pedro de Macorís,Corporate,Approved,2025-07-05 13:43:57,Referral
3240,África Coronado,fabian68@example.org,2002-09-18,Financial Analyst,197,Dominican Republic,Puerto Plata,Corporate,Rejected,2022-10-23 08:28:47,Walk-in
3241,Ariel Collado,tbelda@example.net,2001-05-13,Lawyer,13,Dominican Republic,Santo Domingo,Individual,Approved,2024-11-11 02:55:32,Referral
3242,José Ángel Carreras,aamor@example.com,1982-04-24,Data Analyst,112,Dominican Republic,La Romana,Student,Approved,2025-11-03 12:39:48,Email Campaign
3243,Carlito Villalobos,varagones@example.com,2000-06-09,Business Consultant,188,Dominican Republic,Punta Cana,Student,Approved,2025-01-12 18:05:25,Event
3244,Candela Villalba,fortunycarlito@example.net,2004-03-15,Accountant,107,Dominican Republic,San Francisco de Macorís,Individual,Approved,2025-01-23 22:54:25,Walk-in
3245,Reyes Mayoral,opedro@example.org,1980-07-22,Architect,127,Dominican Republic,Puerto Plata,Corporate,Approved,2025-08-13 06:12:31,Walk-in
3246,Dafne Zabaleta,tomasacasal@example.org,2001-07-15,Lawyer,10,Dominican Republic,Santo Domingo,Student,Approved,2023-11-19 08:58:28,Walk-in
3247,Eliseo Paniagua,raulleon@example.org,2004-03-04,Software Engineer,68,Dominican Republic,San Francisco de Macorís,Corporate,Approved,2025-01-16 03:46:03,Website
3248,Máxima Alemán,boadaencarnita@example.net,1998-10-25,Project Manager,89,Dominican Republic,Puerto Plata,Student,Approved,2023-11-16 20:01:40,Email Campaign
3249,Cayetana Aller,sacedo@example.org,1991-09-06,Marketing Specialist,108,Dominican Republic,La Romana,Corporate,Approved,2021-08-29 10:30:18,Website
3250,Jesusa Vilar,gtorre@example.com,1981-06-13,Data Analyst,226,Dominican Republic,San Francisco de Macorís,Student,Approved,2021-12-26 05:30:23,Email Campaign
3251,Alexandra Solsona,ballesterosadriana@example.com,1977-08-17,Project Manager,183,Dominican Republic,La Romana,Individual,Approved,2024-01-28 04:39:27,Website
3252,Jaime Gomila,uperalta@example.com,1995-12-18,Business Consultant,153,Dominican Republic,Punta Cana,Corporate,Pending Payment,2024-11-16 06:06:07,Email Campaign
3253,Víctor Cordero,seve10@example.com,1977-12-09,Financial Analyst,9,Dominican Republic,Santo Domingo,Corporate,Approved,2022-06-06 08:25:02,Email Campaign
3254,Andrés Abascal,somozaaurelio@example.org,1992-07-14,Data Analyst,216,Dominican Republic,Santo Domingo,Student,Approved,2026-05-16 22:38:58,Website
3255,Maite Paredes,egeaalbano@example.com,1977-04-13,Marketing Specialist,20,Dominican Republic,Santiago,Corporate,Withdrawn,2022-11-30 11:07:47,Walk-in
3256,Pablo Malo,rcardenas@example.net,1983-06-17,Data Analyst,154,Dominican Republic,Santo Domingo,Individual,Approved,2023-02-22 10:28:40,Referral
3257,Anacleto Bilbao,duenasestefania@example.com,1988-01-18,Business Consultant,45,Dominican Republic,Punta Cana,Corporate,Approved,2025-09-04 12:00:58,Referral
3258,Julio César Serna,felicidad39@example.com,1986-07-30,Project Manager,108,Dominican Republic,Punta Cana,Individual,Under Review,2025-06-27 22:39:13,Event
3259,Marianela Mendoza,paz25@example.org,1988-09-11,Software Engineer,213,Dominican Republic,La Romana,Corporate,Approved,2023-11-05 02:27:36,Email Campaign
3260,Haydée Daza,lucenacelso@example.com,1985-04-26,Data Analyst,251,Dominican Republic,Santiago,Honorary,Approved,2022-08-11 21:14:15,Website
3261,Paco Galván,cmanzanares@example.net,2004-08-05,Project Manager,103,Dominican Republic,Santiago,Corporate,Approved,2024-10-07 02:46:56,Email Campaign
3262,Ciro Expósito,alvarogras@example.com,2002-07-04,Financial Analyst,297,Dominican Republic,La Romana,Honorary,Approved,2025-04-03 07:54:28,Website
3263,Natividad Prats,ipinilla@example.org,2000-12-11,Marketing Specialist,110,Dominican Republic,Santiago,Student,Pending Payment,2024-11-08 05:29:50,Event
3264,María Fernanda Acuña,olegario71@example.com,1985-11-22,Data Analyst,299,Dominican Republic,Punta Cana,Student,Rejected,2022-01-17 00:43:23,Email Campaign
3265,Nereida Parejo,encarnacion68@example.net,1978-04-30,Accountant,119,Dominican Republic,San Francisco de Macorís,Corporate,Approved,2023-12-28 06:49:14,Walk-in
3266,Leandro Arana,galanoriana@example.com,1992-10-08,Data Analyst,141,Dominican Republic,Puerto Plata,Individual,Rejected,2025-01-21 22:19:28,Website
3267,Francisco Javier Luque,pagesvicente@example.com,1984-09-05,Lawyer,286,Dominican Republic,Santo Domingo,Individual,Approved,2024-06-18 05:46:11,Website
3268,Amando Rueda,gervasiojordan@example.com,2001-09-02,Software Engineer,75,Dominican Republic,Santiago,Honorary,Approved,2023-09-21 06:35:07,Email Campaign
3269,Maximiliano Codina,gcanales@example.org,1978-09-23,Accountant,197,Dominican Republic,Punta Cana,Individual,Approved,2022-02-18 02:46:49,Website
3270,Visitación Villegas,nereida18@example.com,1989-08-10,Financial Analyst,168,Dominican Republic,La Romana,Individual,Rejected,2025-04-05 00:20:09,Website
3271,Teófila Vidal,debora32@example.org,1983-11-27,Data Analyst,159,Dominican Republic,La Romana,Student,Approved,2024-09-07 20:13:03,Walk-in
3272,Pascuala Requena,vallgraciela@example.org,1977-06-05,Data Analyst,183,Dominican Republic,San Francisco de Macorís,Corporate,Rejected,2025-07-06 04:36:34,Walk-in
3273,Loreto Fiol,jimena80@example.org,2005-10-01,Accountant,285,Dominican Republic,Santiago,Individual,Approved,2022-12-24 01:46:51,Event
3274,Eusebio Riquelme,fabian59@example.com,1998-03-12,Software Engineer,149,Dominican Republic,San Pedro de Macorís,Student,Submitted,2022-10-16 21:44:44,Website
3275,Adán Nadal,manu82@example.net,1993-03-28,Civil Engineer,201,Dominican Republic,San Francisco de Macorís,Corporate,Approved,2025-10-08 08:40:44,Website
3276,África Cal,bernardolujan@example.com,1998-11-21,Marketing Specialist,111,Dominican Republic,San Pedro de Macorís,Corporate,Approved,2023-10-28 05:47:05,Email Campaign
3277,Emelina Losada,ymayol@example.org,1985-09-03,Project Manager,128,Dominican Republic,San Francisco de Macorís,Corporate,Approved,2023-02-18 22:56:41,Email Campaign
3278,Dalila Huguet,ecalleja@example.net,1994-04-12,Project Manager,144,Dominican Republic,Santo Domingo,Corporate,Rejected,2023-10-17 22:36:50,Event
3279,Isabel Sánchez,ceciliojauregui@example.com,1978-04-26,Business Consultant,276,Dominican Republic,Santo Domingo,Individual,Approved,2025-07-18 18:42:19,Website
3280,Gervasio Valera,blanca04@example.com,2002-11-20,Financial Analyst,25,Dominican Republic,Puerto Plata,Corporate,Approved,2022-11-16 08:34:18,Event
3281,Ester Escrivá,bsalmeron@example.net,2006-12-06,Software Engineer,173,Dominican Republic,San Pedro de Macorís,Corporate,Rejected,2025-12-06 22:38:42,Referral
3282,Aura Sanz,vsosa@example.com,1985-02-17,Project Manager,50,Dominican Republic,Santiago,Corporate,Rejected,2024-06-14 03:58:11,Email Campaign
3283,Armida Jordá,emarino@example.org,1985-02-03,Marketing Specialist,91,Dominican Republic,Santiago,Individual,Rejected,2021-09-08 01:24:48,Email Campaign
3284,David Cerdán,severoacero@example.net,1986-10-25,Lawyer,106,Dominican Republic,Santiago,Honorary,Approved,2025-05-08 04:11:50,Referral
3285,Germán Santiago,gracia19@example.org,1984-03-11,Data Analyst,11,Dominican Republic,Puerto Plata,Corporate,Approved,2024-11-08 16:53:34,Email Campaign
3286,Teresita Ibañez,canteroezequiel@example.com,2004-04-11,Software Engineer,101,Dominican Republic,San Pedro de Macorís,Individual,Approved,2026-02-21 04:23:36,Referral
3287,Luciano Mariño,bherrera@example.net,2002-06-20,Accountant,283,Dominican Republic,San Pedro de Macorís,Honorary,Approved,2024-08-15 13:29:04,Referral
3288,Santos Carrera,palominosebastian@example.net,2002-12-24,Data Analyst,150,Dominican Republic,San Pedro de Macorís,Honorary,Withdrawn,2025-01-25 22:53:49,Walk-in
3289,Elías Catalán,rufinabarrios@example.com,1976-08-09,Civil Engineer,171,Dominican Republic,Puerto Plata,Corporate,Under Review,2025-03-19 05:17:14,Website
3290,Nico Iniesta,molinajesus@example.org,1988-07-14,Architect,106,Dominican Republic,San Pedro de Macorís,Honorary,Approved,2021-12-12 21:53:30,Email Campaign
3291,Eleuterio Castrillo,pmari@example.org,1977-06-11,Business Consultant,265,Dominican Republic,San Francisco de Macorís,Corporate,Withdrawn,2023-06-19 02:45:16,Event
3292,Pilar Sacristán,nuriatellez@example.org,1993-11-30,Civil Engineer,72,Dominican Republic,Puerto Plata,Student,Approved,2025-03-03 14:16:55,Walk-in
3293,Fabiola Cáceres,marc75@example.com,1982-01-17,Architect,20,Dominican Republic,San Francisco de Macorís,Student,Approved,2022-03-08 08:43:26,Website
3294,Nerea Calzada,eufemiabenito@example.org,1994-02-21,Financial Analyst,224,Dominican Republic,Santiago,Corporate,Approved,2021-10-09 07:54:08,Email Campaign
3295,Amparo Estevez,zasenjo@example.com,1978-04-15,Marketing Specialist,172,Dominican Republic,Santo Domingo,Individual,Approved,2024-05-12 17:32:48,Referral
3296,Josefina Martín,esther85@example.net,1989-04-20,Financial Analyst,118,Dominican Republic,Punta Cana,Student,Approved,2024-11-08 04:22:20,Website
3297,Jesús Otero,tmoreno@example.com,1978-05-14,Data Analyst,124,Dominican Republic,Santo Domingo,Individual,Submitted,2026-02-05 08:04:15,Email Campaign
3298,Ambrosio Dalmau,nilochaparro@example.org,2007-07-26,Accountant,7,Dominican Republic,Punta Cana,Honorary,Approved,2023-02-09 04:07:55,Website
3299,Yaiza Zabala,lrosello@example.org,2006-08-27,Marketing Specialist,185,Dominican Republic,La Romana,Honorary,Approved,2024-05-03 20:57:01,Event
3300,Perlita Llamas,wzorrilla@example.com,1981-08-15,Business Consultant,181,Dominican Republic,San Pedro de Macorís,Individual,Approved,2026-03-20 17:51:52,Website
3301,Angélica Crespi,vidal05@example.org,1977-02-27,Software Engineer,21,Dominican Republic,Santiago,Individual,Approved,2023-09-18 07:55:36,Referral
3302,Cebrián Giménez,ofeliasegui@example.org,2002-08-13,Data Analyst,255,Dominican Republic,La Romana,Corporate,Approved,2023-01-28 11:06:29,Referral
3303,Hugo Cuervo,galianorufina@example.com,2007-10-15,Architect,93,Dominican Republic,Puerto Plata,Individual,Approved,2024-11-23 11:42:14,Email Campaign
3304,Azeneth Rubio,edmundo77@example.net,1988-11-20,Data Analyst,204,Dominican Republic,Puerto Plata,Honorary,Approved,2022-10-22 21:31:53,Referral
3305,Teófilo Neira,adrianacobo@example.net,1991-05-24,Business Consultant,66,Dominican Republic,Santiago,Honorary,Approved,2024-11-14 10:15:11,Referral
3306,Ambrosio Hervia,adolfovega@example.com,1990-12-01,Business Consultant,182,Dominican Republic,San Francisco de Macorís,Corporate,Approved,2023-07-30 11:43:56,Email Campaign
3307,Paz Leiva,vbernal@example.org,1989-06-26,Civil Engineer,77,Dominican Republic,San Francisco de Macorís,Corporate,Pending Payment,2023-03-14 05:34:21,Email Campaign
3308,Graciela Goñi,juan-pablooliver@example.net,1999-08-10,Project Manager,270,Dominican Republic,Santo Domingo,Corporate,Rejected,2024-10-13 00:04:46,Walk-in
3309,Alexandra Herrero,tatiana62@example.org,2008-02-09,Accountant,281,Dominican Republic,La Romana,Corporate,Rejected,2022-09-30 18:43:13,Referral
3310,Rosa María Santamaría,darce@example.com,1986-11-23,Marketing Specialist,228,Dominican Republic,Santiago,Honorary,Approved,2023-06-18 10:46:33,Walk-in
3311,Norberto Palacios,dgil@example.org,2002-01-18,Data Analyst,17,Dominican Republic,Santiago,Honorary,Approved,2025-08-01 01:10:19,Event
3312,Isidro Castañeda,carmelitaocana@example.com,2007-01-16,Financial Analyst,95,Dominican Republic,San Francisco de Macorís,Student,Rejected,2021-11-04 03:27:46,Walk-in
3313,Mateo Cárdenas,ariel25@example.com,1987-02-20,Financial Analyst,52,Dominican Republic,San Pedro de Macorís,Corporate,Approved,2024-02-13 21:15:38,Referral
3314,Violeta Reguera,cristinasandoval@example.com,1997-09-26,Software Engineer,291,Dominican Republic,San Pedro de Macorís,Student,Approved,2021-12-23 22:55:10,Email Campaign
3315,Lázaro Calvet,ricartalbina@example.net,1993-12-07,Civil Engineer,206,Dominican Republic,La Romana,Corporate,Approved,2022-03-28 15:09:02,Event
3316,Plácido Robledo,salomon73@example.net,1988-12-12,Financial Analyst,238,Dominican Republic,San Pedro de Macorís,Corporate,Approved,2024-07-27 06:57:30,Referral
3317,Ricardo Agustín,leon84@example.net,1998-06-25,Business Consultant,281,Dominican Republic,Punta Cana,Individual,Approved,2025-04-26 14:04:34,Walk-in
3318,Angelina Gracia,glaucoescalona@example.net,2004-07-03,Project Manager,204,Dominican Republic,Puerto Plata,Student,Approved,2022-04-01 23:44:07,Referral
3319,Jenny Cánovas,candelas95@example.com,1993-11-02,Software Engineer,262,Dominican Republic,Puerto Plata,Honorary,Submitted,2025-08-10 06:05:32,Website
3320,Zaida Río,alarcongeorgina@example.com,2005-12-20,Accountant,109,Dominican Republic,Santo Domingo,Corporate,Approved,2023-01-10 02:42:55,Email Campaign
3321,Jorge Juárez,dafne94@example.org,1989-12-30,Civil Engineer,288,Dominican Republic,San Pedro de Macorís,Individual,Approved,2023-12-26 21:35:56,Walk-in
3322,Amílcar Torrents,oamador@example.net,1995-11-17,Data Analyst,199,Dominican Republic,Santiago,Individual,Approved,2024-05-25 09:50:53,Referral
3323,Hilario Barranco,castellslina@example.org,1983-04-26,Data Analyst,106,Dominican Republic,Punta Cana,Student,Approved,2023-09-25 18:53:37,Referral
3324,Coral Vidal,carpiojose-antonio@example.net,2007-10-24,Financial Analyst,199,Dominican Republic,La Romana,Honorary,Approved,2025-12-10 09:13:41,Walk-in
3325,Andrea Bou,icobo@example.org,1984-01-28,Architect,185,Dominican Republic,Puerto Plata,Honorary,Approved,2024-09-04 09:17:26,Website
3326,Teobaldo Baeza,tatiana81@example.org,1994-01-18,Marketing Specialist,180,Dominican Republic,Punta Cana,Honorary,Rejected,2021-10-17 07:42:38,Walk-in
3327,Demetrio Paz,hilariosebastian@example.com,2004-02-24,Business Consultant,235,Dominican Republic,Puerto Plata,Corporate,Approved,2023-05-02 02:31:13,Email Campaign
3328,Máximo Quintanilla,ialmazan@example.net,1997-12-18,Accountant,241,Dominican Republic,Punta Cana,Student,Submitted,2025-06-23 10:17:42,Referral
3329,Amor Daza,ubelda@example.com,1988-02-04,Project Manager,234,Dominican Republic,San Francisco de Macorís,Honorary,Rejected,2025-04-27 09:23:39,Website
3330,Georgina Pedro,wmarques@example.com,1987-03-28,Architect,160,Dominican Republic,Santiago,Individual,Rejected,2024-07-27 06:12:48,Walk-in
3331,Emma Peláez,amancio55@example.net,1983-10-24,Accountant,82,Dominican Republic,San Pedro de Macorís,Corporate,Approved,2024-12-09 07:02:56,Website
3332,Eloy Blanch,tcarbo@example.net,1988-01-19,Data Analyst,289,Dominican Republic,Santiago,Student,Approved,2024-02-01 01:23:45,Walk-in
3333,Tomasa Benavente,etelvinaochoa@example.org,1999-02-11,Accountant,73,Dominican Republic,Puerto Plata,Honorary,Approved,2024-04-24 01:36:29,Referral
3334,Eleuterio Pedraza,nydiabarrio@example.com,2006-01-26,Financial Analyst,165,Dominican Republic,Santo Domingo,Student,Approved,2026-02-26 04:16:07,Event
3335,Filomena Valle,matildebenavente@example.com,1997-10-07,Project Manager,106,Dominican Republic,Puerto Plata,Individual,Approved,2024-04-25 06:52:19,Email Campaign
3336,Clemente Bautista,cirinomari@example.com,1992-05-14,Project Manager,111,Dominican Republic,La Romana,Student,Approved,2024-02-29 13:15:09,Event
3337,Leocadia Marqués,eustaquio03@example.org,2002-07-05,Business Consultant,271,Dominican Republic,La Romana,Student,Approved,2022-10-20 18:59:37,Walk-in
3338,Ainara Pol,abigail30@example.net,2000-07-04,Financial Analyst,46,Dominican Republic,San Pedro de Macorís,Corporate,Approved,2026-04-21 00:36:53,Referral
3339,Epifanio Marín,fabregatpacifica@example.net,1987-12-23,Project Manager,153,Dominican Republic,Punta Cana,Individual,Approved,2023-09-16 13:41:01,Referral
3340,Francisco Jose Bravo,malenaluis@example.com,1975-12-22,Data Analyst,12,Dominican Republic,Santo Domingo,Student,Approved,2023-02-13 21:13:23,Referral
3341,Dafne Fonseca,sguillen@example.net,2004-01-28,Financial Analyst,143,Dominican Republic,San Francisco de Macorís,Student,Approved,2021-11-02 07:13:49,Event
3342,Coral Iglesia,echeverrianayara@example.net,1978-08-29,Lawyer,275,Dominican Republic,Punta Cana,Individual,Rejected,2026-05-05 18:57:25,Email Campaign
3343,Valentina Arias,lina25@example.com,1995-02-05,Business Consultant,250,Dominican Republic,San Pedro de Macorís,Corporate,Approved,2024-05-06 14:59:29,Website
3344,Dafne Barriga,lumbrerasangela@example.com,1996-04-29,Accountant,260,Dominican Republic,Punta Cana,Honorary,Rejected,2023-10-20 11:03:48,Walk-in
3345,Chus Cerezo,veracorrea@example.com,1985-12-09,Marketing Specialist,49,Dominican Republic,Santiago,Student,Approved,2025-02-09 03:54:54,Event
3346,Adán Boix,carbonellherminio@example.com,2000-11-10,Financial Analyst,138,Dominican Republic,San Pedro de Macorís,Student,Rejected,2023-08-20 09:18:52,Referral
3347,Juan Francisco Vallés,ainara13@example.org,1996-02-02,Project Manager,211,Dominican Republic,Punta Cana,Corporate,Approved,2025-04-30 05:23:37,Email Campaign
3348,Jesusa Echeverría,iroma@example.com,1978-08-12,Financial Analyst,151,Dominican Republic,La Romana,Honorary,Approved,2023-03-25 13:11:54,Walk-in
3349,Ana Haro,oriana21@example.org,1980-10-10,Marketing Specialist,273,Dominican Republic,Punta Cana,Corporate,Rejected,2021-11-14 07:38:35,Email Campaign
3350,María Teresa Dalmau,friasani@example.org,1983-04-06,Accountant,76,Dominican Republic,Puerto Plata,Individual,Approved,2021-12-26 07:17:18,Referral
3351,Cirino Manjón,charo02@example.net,1993-07-13,Architect,275,Dominican Republic,Punta Cana,Individual,Approved,2022-01-30 10:18:37,Email Campaign
3352,Cayetana Álvarez,pinoines@example.com,1985-12-03,Data Analyst,261,Dominican Republic,Punta Cana,Honorary,Under Review,2024-09-18 17:01:50,Referral
3353,Fausto Fabra,camposinmaculada@example.net,2005-03-17,Civil Engineer,156,Dominican Republic,Punta Cana,Honorary,Rejected,2021-12-15 22:45:06,Walk-in
3354,Armida Correa,gayagregorio@example.com,1989-01-01,Software Engineer,261,Dominican Republic,Santiago,Corporate,Approved,2023-05-30 14:16:59,Walk-in
3355,Ciríaco Salamanca,joaquinrosa@example.net,1989-03-18,Software Engineer,233,Dominican Republic,La Romana,Student,Approved,2025-10-23 05:34:51,Walk-in
3356,Baltasar Mas,tomeche@example.org,2004-11-06,Lawyer,294,Dominican Republic,Santo Domingo,Individual,Under Review,2023-07-03 00:27:04,Website
3357,Jessica Briones,velasconadia@example.com,1985-07-13,Accountant,297,Dominican Republic,Santo Domingo,Individual,Approved,2021-12-14 21:43:30,Referral
3358,Miguel Ángel Andrés,harolorenza@example.org,2002-03-30,Civil Engineer,113,Dominican Republic,San Francisco de Macorís,Student,Approved,2023-01-01 10:28:34,Email Campaign
3359,Alonso Ibarra,nerea49@example.com,1990-04-10,Architect,288,Dominican Republic,Punta Cana,Student,Approved,2021-11-20 05:01:17,Referral
3360,América Benito,tere87@example.com,1987-05-20,Business Consultant,97,Dominican Republic,San Francisco de Macorís,Student,Approved,2022-02-22 02:02:52,Event
3361,Pascuala Valcárcel,woliver@example.net,1980-11-13,Software Engineer,270,Dominican Republic,San Francisco de Macorís,Individual,Approved,2024-09-11 09:13:50,Event
3362,Laura Segovia,jaimebenet@example.com,2001-05-14,Software Engineer,190,Dominican Republic,La Romana,Corporate,Rejected,2023-06-06 00:39:58,Walk-in
3363,Desiderio Prado,ferrandezgloria@example.com,2008-04-19,Accountant,233,Dominican Republic,Puerto Plata,Corporate,Pending Payment,2025-12-08 03:05:28,Referral
3364,Luisa Benítez,ballesterosmaximiano@example.net,2001-05-03,Business Consultant,151,Dominican Republic,La Romana,Corporate,Approved,2025-05-22 05:50:35,Event
3365,Rebeca Anguita,martinapinilla@example.org,1977-09-13,Lawyer,293,Dominican Republic,Puerto Plata,Student,Approved,2025-04-05 17:50:01,Walk-in
3366,Sabas Serrano,alcaldeonofre@example.net,1996-04-26,Project Manager,279,Dominican Republic,Puerto Plata,Honorary,Approved,2024-01-15 14:58:37,Referral
3367,Samuel Puente,thigueras@example.org,2001-09-14,Project Manager,60,Dominican Republic,Punta Cana,Honorary,Approved,2023-10-04 17:36:30,Referral
3368,Isaías Serra,andresamerica@example.org,2000-11-24,Project Manager,99,Dominican Republic,San Pedro de Macorís,Individual,Pending Payment,2024-05-10 15:15:43,Walk-in
3369,Azeneth Agullo,valbuenaroxana@example.org,1984-12-24,Architect,162,Dominican Republic,Puerto Plata,Student,Approved,2022-01-23 15:31:29,Referral
3370,Celia Rivero,josepesparza@example.org,1985-10-17,Accountant,174,Dominican Republic,Santiago,Individual,Approved,2023-06-26 07:12:20,Event
3371,Rafaela Anglada,inebot@example.com,1985-08-15,Financial Analyst,243,Dominican Republic,San Pedro de Macorís,Honorary,Approved,2024-01-29 05:28:49,Event
3372,Socorro Zorrilla,estrelladonoso@example.org,1991-07-29,Civil Engineer,258,Dominican Republic,Puerto Plata,Student,Under Review,2024-07-01 18:20:04,Referral
3373,Eli Adadia,jestrada@example.net,2004-08-06,Financial Analyst,211,Dominican Republic,La Romana,Honorary,Approved,2024-05-31 14:20:54,Walk-in
3374,Xiomara Cid,carmelita54@example.com,1986-05-30,Lawyer,177,Dominican Republic,San Francisco de Macorís,Student,Approved,2022-08-10 12:43:09,Walk-in
3375,Héctor Carbó,namador@example.com,1993-04-26,Financial Analyst,133,Dominican Republic,Santo Domingo,Individual,Approved,2023-01-20 17:09:12,Referral
3376,Mayte Gutierrez,ivalcarcel@example.net,2006-07-28,Marketing Specialist,18,Dominican Republic,Santiago,Individual,Submitted,2023-05-28 09:41:11,Walk-in
3377,Carla Torrijos,ruyfernandez@example.org,2008-01-25,Data Analyst,38,Dominican Republic,San Francisco de Macorís,Honorary,Approved,2023-09-12 01:25:55,Referral
3378,Bernardita Alegria,jordajordana@example.org,1989-08-21,Data Analyst,115,Dominican Republic,Punta Cana,Student,Pending Payment,2023-10-28 02:09:31,Event
3379,Valentín Pascual,severiano64@example.net,1990-04-20,Data Analyst,218,Dominican Republic,La Romana,Student,Withdrawn,2025-09-23 21:04:54,Email Campaign
3380,Leonor Larrañaga,pozojeronimo@example.com,2001-09-25,Financial Analyst,274,Dominican Republic,Santo Domingo,Individual,Pending Payment,2022-05-27 05:45:49,Walk-in
3381,Eladio Arias,ggoni@example.com,1986-12-22,Lawyer,205,Dominican Republic,La Romana,Corporate,Approved,2024-08-02 07:25:42,Email Campaign
3382,Tania Domingo,zterron@example.org,1979-10-17,Architect,141,Dominican Republic,Santo Domingo,Student,Withdrawn,2023-11-12 00:57:47,Email Campaign
3383,Pepito Vilanova,adalberto81@example.org,2001-02-20,Marketing Specialist,77,Dominican Republic,Santiago,Individual,Withdrawn,2023-12-10 15:27:40,Website
3384,José Luis Bernad,valentin28@example.org,1999-09-10,Architect,192,Dominican Republic,San Pedro de Macorís,Student,Approved,2024-04-19 21:55:49,Email Campaign
3385,Leonor Gargallo,ebayona@example.com,1993-12-26,Software Engineer,3,Dominican Republic,San Pedro de Macorís,Student,Rejected,2024-11-22 03:55:47,Walk-in
3386,Diego Cal,rolando03@example.com,1978-03-28,Project Manager,10,Dominican Republic,San Pedro de Macorís,Student,Approved,2022-05-30 07:32:27,Website
3387,Ascensión Delgado,yalonso@example.com,1987-04-10,Accountant,220,Dominican Republic,San Francisco de Macorís,Honorary,Approved,2024-07-16 11:08:02,Referral
3388,Leire Lerma,qorozco@example.org,2000-11-16,Business Consultant,72,Dominican Republic,Puerto Plata,Honorary,Approved,2025-01-14 01:35:00,Walk-in
3389,Angelita Huerta,wvelazquez@example.com,2007-02-12,Architect,201,Dominican Republic,Puerto Plata,Student,Approved,2023-08-14 22:52:30,Walk-in
3390,Angelina Sans,lasanoemi@example.org,1982-05-25,Accountant,0,Dominican Republic,Santo Domingo,Honorary,Approved,2024-02-12 23:56:15,Walk-in
3391,Saturnina Llamas,lisandro59@example.com,1998-08-07,Data Analyst,70,Dominican Republic,San Francisco de Macorís,Corporate,Pending Payment,2025-02-20 10:58:09,Website
3392,Mirta Rodrigo,agullojeronimo@example.org,2004-08-10,Accountant,243,Dominican Republic,La Romana,Honorary,Approved,2022-05-20 16:54:54,Referral
3393,Cirino Riba,evaristovalderrama@example.org,2008-03-10,Marketing Specialist,259,Dominican Republic,Punta Cana,Corporate,Approved,2023-07-12 00:03:10,Walk-in
3394,Azeneth Peñalver,rlasa@example.org,1999-02-20,Accountant,245,Dominican Republic,La Romana,Student,Approved,2022-06-29 07:44:45,Referral
3395,Florinda Salgado,rosarioguardiola@example.net,1988-02-27,Project Manager,178,Dominican Republic,La Romana,Student,Approved,2022-02-13 18:28:01,Walk-in
3396,Custodia Morcillo,yalmazan@example.net,1982-03-27,Project Manager,96,Dominican Republic,Santo Domingo,Corporate,Approved,2023-11-07 08:20:37,Event
3397,Amor Blázquez,cpalomo@example.net,1979-07-05,Project Manager,262,Dominican Republic,Puerto Plata,Honorary,Pending Payment,2022-03-30 03:08:30,Email Campaign
3398,Gonzalo Requena,roberta03@example.com,2003-06-02,Financial Analyst,213,Dominican Republic,La Romana,Honorary,Rejected,2026-02-20 06:20:42,Website
3399,Eusebia Infante,gonzalo77@example.org,1976-03-05,Business Consultant,231,Dominican Republic,San Francisco de Macorís,Individual,Approved,2025-03-22 14:19:43,Event
3400,Francisco Jose Torrens,leticia95@example.net,1979-11-14,Project Manager,74,Dominican Republic,San Pedro de Macorís,Individual,Submitted,2024-03-30 00:29:03,Referral
3401,Obdulia Escudero,jose-mari49@example.net,1988-10-26,Software Engineer,147,Dominican Republic,Santo Domingo,Individual,Pending Payment,2025-04-15 18:01:31,Event
3402,Coral Mur,emiliano17@example.net,1999-05-27,Financial Analyst,55,Dominican Republic,Santiago,Student,Approved,2024-08-28 18:48:51,Walk-in
3403,Ramona Rozas,aitananovoa@example.org,1992-09-03,Civil Engineer,260,Dominican Republic,San Francisco de Macorís,Individual,Approved,2021-09-18 20:58:33,Website
3404,Albano Caparrós,pbatlle@example.com,1982-08-11,Lawyer,221,Dominican Republic,San Francisco de Macorís,Corporate,Approved,2023-12-15 10:50:26,Referral
3405,Mariano Serra,josefina59@example.org,1983-08-13,Data Analyst,222,Dominican Republic,Santo Domingo,Individual,Approved,2024-04-24 09:12:18,Walk-in
3406,Ileana Carpio,jgarcia@example.org,2003-08-29,Civil Engineer,69,Dominican Republic,Santiago,Corporate,Submitted,2023-01-12 01:20:29,Website
3407,Telmo Lopez,rbou@example.net,2004-08-23,Business Consultant,19,Dominican Republic,Puerto Plata,Corporate,Approved,2022-01-16 06:33:40,Email Campaign
3408,Balduino Botella,dalberto@example.net,2008-07-06,Data Analyst,50,Dominican Republic,San Francisco de Macorís,Honorary,Approved,2022-07-13 03:56:53,Email Campaign
3409,Edgardo Luz,vidal61@example.net,2000-10-08,Accountant,127,Dominican Republic,La Romana,Individual,Approved,2023-09-08 14:26:34,Referral
3410,Apolinar Lillo,celia41@example.net,2006-12-25,Financial Analyst,102,Dominican Republic,Puerto Plata,Corporate,Approved,2024-02-07 21:02:35,Website
3411,Fulgencio Higueras,leyre52@example.net,1982-07-09,Data Analyst,274,Dominican Republic,Puerto Plata,Honorary,Approved,2023-06-19 09:17:16,Event
3412,Almudena Dominguez,zpalomar@example.net,1992-05-20,Project Manager,245,Dominican Republic,Santo Domingo,Student,Approved,2026-05-15 11:25:50,Email Campaign
3413,Edelmiro Galindo,chaconseverino@example.com,1988-07-09,Marketing Specialist,79,Dominican Republic,Puerto Plata,Individual,Approved,2023-12-24 19:47:05,Website
3414,Febe Sastre,fbaez@example.com,1993-04-05,Architect,177,Dominican Republic,Punta Cana,Individual,Submitted,2022-10-03 08:33:42,Event
3415,Sol Barón,rarcos@example.net,2002-07-16,Software Engineer,56,Dominican Republic,San Pedro de Macorís,Honorary,Rejected,2024-01-05 05:54:55,Referral
3416,Camilo Abril,hcarrillo@example.com,1979-09-15,Data Analyst,55,Dominican Republic,Santiago,Student,Approved,2022-04-19 02:51:02,Website
3417,Marcelo Quero,jose-manuel61@example.org,1995-06-20,Lawyer,67,Dominican Republic,La Romana,Honorary,Approved,2025-12-11 06:18:46,Website
3418,Jose Angel Barrena,zparejo@example.com,1981-07-07,Software Engineer,35,Dominican Republic,La Romana,Honorary,Withdrawn,2024-03-20 23:42:07,Referral
3419,Samanta Tovar,lupitavillalonga@example.net,2004-11-02,Lawyer,271,Dominican Republic,Punta Cana,Corporate,Approved,2024-07-06 04:49:26,Event
3420,Leocadia Esteban,anabeltolosa@example.com,1994-09-08,Civil Engineer,254,Dominican Republic,San Francisco de Macorís,Corporate,Rejected,2025-11-12 11:48:47,Referral
3421,Álvaro Acuña,somozacharo@example.net,2005-11-02,Data Analyst,114,Dominican Republic,Puerto Plata,Student,Rejected,2022-09-05 17:18:06,Website
3422,Evelia Colom,jose-carlos25@example.org,1980-12-24,Architect,178,Dominican Republic,La Romana,Student,Approved,2022-05-21 16:15:53,Website
3423,Maricela Anguita,marisoldaza@example.com,1992-01-31,Data Analyst,166,Dominican Republic,Puerto Plata,Student,Rejected,2022-03-01 10:52:30,Website
3424,Encarnacion Rebollo,urequena@example.org,1980-09-11,Accountant,174,Dominican Republic,La Romana,Individual,Approved,2026-04-03 01:25:56,Event
3425,Tito Palomo,carmelagarrido@example.net,1997-08-24,Civil Engineer,79,Dominican Republic,San Pedro de Macorís,Honorary,Rejected,2024-09-20 09:33:20,Walk-in
3426,Ángel Barroso,zmelendez@example.net,1993-08-31,Civil Engineer,160,Dominican Republic,Puerto Plata,Individual,Submitted,2022-10-14 20:38:38,Walk-in
3427,César Abella,fabregatisabela@example.net,1991-09-20,Business Consultant,260,Dominican Republic,Santo Domingo,Student,Approved,2021-09-24 16:42:04,Walk-in
3428,Paz Almazán,zartigas@example.org,1992-03-25,Civil Engineer,127,Dominican Republic,Punta Cana,Student,Approved,2026-01-27 22:52:40,Website
3429,Maxi Barrera,wroyo@example.net,1983-04-18,Civil Engineer,259,Dominican Republic,San Francisco de Macorís,Student,Approved,2023-01-18 00:08:52,Event
3430,Angelino Valenzuela,villajoel@example.com,1992-10-25,Lawyer,50,Dominican Republic,Santo Domingo,Corporate,Approved,2023-12-16 17:59:35,Walk-in
3431,Dorotea Cortes,utellez@example.com,1994-01-18,Architect,106,Dominican Republic,Santo Domingo,Honorary,Under Review,2025-05-24 14:56:10,Website
3432,Rosaura Recio,encarnacionredondo@example.com,1977-08-30,Lawyer,115,Dominican Republic,San Pedro de Macorís,Individual,Approved,2025-09-08 20:28:36,Walk-in
3433,Nazaret Macías,octavia56@example.com,1990-09-03,Marketing Specialist,121,Dominican Republic,Puerto Plata,Individual,Withdrawn,2022-10-13 17:23:18,Event
3434,Teófilo Sotelo,rpalomo@example.com,1978-09-14,Architect,199,Dominican Republic,Puerto Plata,Honorary,Approved,2025-12-26 18:41:03,Event
3435,Felipe Vallés,salomdelia@example.com,1992-08-09,Civil Engineer,201,Dominican Republic,Puerto Plata,Honorary,Approved,2025-09-14 14:57:05,Website
3436,Crescencia Olmo,arjonaguillermo@example.com,1987-01-02,Business Consultant,185,Dominican Republic,Santo Domingo,Honorary,Approved,2022-10-11 01:39:04,Email Campaign
3437,Marisela Company,estevezulises@example.org,1989-02-28,Civil Engineer,35,Dominican Republic,La Romana,Individual,Approved,2023-07-28 05:24:14,Referral
3438,Bautista Gascón,ramonaporcel@example.net,2008-01-15,Financial Analyst,123,Dominican Republic,La Romana,Corporate,Approved,2023-10-29 04:28:43,Email Campaign
3439,Onofre Duarte,venceslas33@example.org,1996-06-18,Project Manager,199,Dominican Republic,La Romana,Corporate,Approved,2021-12-06 08:08:12,Event
3440,Íñigo Jordá,piquerjavi@example.com,1978-08-04,Software Engineer,140,Dominican Republic,La Romana,Corporate,Approved,2025-05-01 01:54:49,Website
3441,Aránzazu Novoa,florcomas@example.com,1991-06-20,Business Consultant,134,Dominican Republic,La Romana,Corporate,Approved,2025-01-18 15:36:24,Referral
3442,Marcela Tejero,donato25@example.net,1994-08-19,Accountant,243,Dominican Republic,Punta Cana,Individual,Rejected,2023-05-09 11:52:29,Email Campaign
3443,Alma Amat,palmapriscila@example.org,1989-03-28,Business Consultant,85,Dominican Republic,Punta Cana,Honorary,Approved,2025-02-14 00:06:46,Walk-in
3444,Eli Gallardo,eliasugarte@example.com,1983-06-29,Financial Analyst,176,Dominican Republic,San Francisco de Macorís,Individual,Approved,2023-07-01 07:01:00,Event
3445,Juan Castilla,bertapacheco@example.net,1989-04-07,Accountant,165,Dominican Republic,Santo Domingo,Corporate,Approved,2023-01-02 20:13:51,Website
3446,María Teresa Vizcaíno,adelachaves@example.org,1992-07-26,Civil Engineer,235,Dominican Republic,Puerto Plata,Corporate,Pending Payment,2023-02-25 19:39:23,Walk-in
3447,Gilberto Navas,cristianaranda@example.org,2003-03-16,Marketing Specialist,208,Dominican Republic,San Pedro de Macorís,Corporate,Approved,2023-08-08 14:17:29,Email Campaign
3448,Liliana Soto,aguilarcandelaria@example.net,1995-07-09,Architect,48,Dominican Republic,San Pedro de Macorís,Individual,Withdrawn,2024-04-21 17:47:31,Referral
3449,Erasmo Galiano,teresita03@example.net,1990-10-24,Marketing Specialist,277,Dominican Republic,Santo Domingo,Honorary,Approved,2021-09-29 09:36:51,Email Campaign
3450,Juanito Figueroa,joanferrandiz@example.net,1979-11-10,Architect,93,Dominican Republic,Punta Cana,Student,Approved,2026-03-22 10:49:18,Email Campaign
3451,Susana Vilar,bibianalucas@example.com,1989-03-17,Architect,156,Dominican Republic,Santiago,Corporate,Approved,2022-05-09 01:46:44,Walk-in
3452,Edu Palomino,ralberola@example.com,1983-02-07,Civil Engineer,136,Dominican Republic,La Romana,Honorary,Approved,2025-05-23 11:21:13,Walk-in
3453,Cosme Zabaleta,marina17@example.com,1995-02-01,Civil Engineer,208,Dominican Republic,Santo Domingo,Honorary,Approved,2024-12-05 22:29:44,Event
3454,Calixta Alegre,xmarques@example.net,1987-10-11,Project Manager,194,Dominican Republic,Santiago,Individual,Under Review,2024-04-06 02:39:44,Email Campaign
3455,Marciano Cobos,pedreroamelia@example.net,1999-05-09,Business Consultant,157,Dominican Republic,Puerto Plata,Individual,Approved,2026-03-28 13:57:18,Event
3456,Máxima Girón,bcriado@example.com,1976-09-02,Business Consultant,84,Dominican Republic,San Francisco de Macorís,Corporate,Rejected,2024-05-25 23:06:44,Walk-in
3457,Hilario Codina,pfiguerola@example.net,1990-03-26,Financial Analyst,223,Dominican Republic,Puerto Plata,Corporate,Approved,2026-02-03 19:29:24,Website
3458,Benita Pareja,juan-josecazorla@example.net,1994-07-26,Software Engineer,246,Dominican Republic,Santo Domingo,Honorary,Submitted,2023-06-19 18:01:49,Event
3459,Fabiola Arellano,elisasaura@example.net,2006-08-13,Business Consultant,5,Dominican Republic,San Francisco de Macorís,Individual,Under Review,2025-08-21 03:22:52,Event
3460,Xiomara Villaverde,inesgalvan@example.org,1999-03-29,Architect,246,Dominican Republic,San Francisco de Macorís,Corporate,Rejected,2024-10-25 11:12:03,Email Campaign
3461,Alonso Gárate,ciriacoviana@example.com,2001-06-03,Project Manager,215,Dominican Republic,La Romana,Corporate,Approved,2025-03-24 13:33:49,Event
3462,Onofre Parejo,andresedu@example.com,1976-01-17,Marketing Specialist,32,Dominican Republic,San Pedro de Macorís,Corporate,Rejected,2025-01-07 11:57:16,Email Campaign
3463,Tristán Rovira,zarco@example.net,1991-03-22,Business Consultant,160,Dominican Republic,Punta Cana,Individual,Under Review,2023-07-20 02:28:58,Email Campaign
3464,Manuel Urrutia,fsotelo@example.com,2003-11-06,Lawyer,13,Dominican Republic,Santo Domingo,Corporate,Pending Payment,2026-03-05 07:40:41,Referral
3465,Tiburcio Huerta,celiapalma@example.net,1996-08-04,Data Analyst,240,Dominican Republic,San Pedro de Macorís,Individual,Approved,2022-05-29 09:14:33,Event
3466,Tania Abascal,belennadal@example.org,1986-03-17,Financial Analyst,284,Dominican Republic,Santiago,Individual,Approved,2022-11-24 08:54:54,Referral
3467,Rocío Soria,jdomingo@example.org,1986-09-18,Architect,23,Dominican Republic,San Francisco de Macorís,Corporate,Approved,2024-08-24 20:57:28,Event
3468,Clarisa Pérez,vilmasala@example.com,1982-08-26,Financial Analyst,42,Dominican Republic,Puerto Plata,Individual,Rejected,2025-03-06 00:07:44,Referral
3469,Javier Jimenez,yesica94@example.org,1982-06-27,Financial Analyst,268,Dominican Republic,San Francisco de Macorís,Honorary,Approved,2026-05-20 05:59:40,Referral
3470,Chus Oliveras,mirta46@example.com,1990-06-18,Civil Engineer,297,Dominican Republic,La Romana,Student,Submitted,2024-10-12 03:04:17,Email Campaign
3471,Heliodoro Benavente,gbarragan@example.com,1983-01-14,Architect,46,Dominican Republic,Puerto Plata,Individual,Approved,2021-12-01 01:39:38,Walk-in
3472,Balduino Conde,alcazargloria@example.org,2000-09-12,Architect,162,Dominican Republic,San Pedro de Macorís,Corporate,Under Review,2025-08-18 00:20:52,Referral
3473,Herminio Pinto,rgiralt@example.net,1981-05-09,Marketing Specialist,172,Dominican Republic,San Francisco de Macorís,Honorary,Under Review,2024-08-20 01:42:19,Walk-in
3474,Magdalena Portero,ufuentes@example.net,2003-10-12,Financial Analyst,293,Dominican Republic,Punta Cana,Honorary,Approved,2023-03-26 07:41:33,Event
3475,Francisco Fuente,zaida87@example.com,1994-11-05,Lawyer,251,Dominican Republic,Punta Cana,Individual,Under Review,2023-06-21 03:01:01,Event
3476,Elba Bas,aposada@example.org,1995-05-23,Lawyer,209,Dominican Republic,San Francisco de Macorís,Individual,Approved,2022-09-14 13:16:17,Website
3477,Anastasio Alarcón,carlota86@example.com,2000-02-22,Architect,241,Dominican Republic,La Romana,Corporate,Approved,2021-11-04 22:51:41,Event
3478,Mariana Salamanca,rosa-mariacorrea@example.com,1986-03-06,Financial Analyst,187,Dominican Republic,Santo Domingo,Corporate,Approved,2024-03-27 22:13:02,Website
3479,Ámbar Salvà,gracianasomoza@example.net,1987-10-22,Civil Engineer,149,Dominican Republic,San Pedro de Macorís,Corporate,Approved,2024-09-26 19:10:27,Website
3480,Eva María Losa,tometomas@example.org,2002-06-03,Project Manager,53,Dominican Republic,Punta Cana,Individual,Approved,2021-11-05 21:29:41,Website
3481,Elena Figuerola,acaballero@example.com,2006-10-15,Marketing Specialist,36,Dominican Republic,La Romana,Student,Approved,2024-10-05 02:59:10,Referral
3482,Felicia Campos,machadopancho@example.com,2003-05-13,Software Engineer,10,Dominican Republic,Santo Domingo,Individual,Approved,2023-10-01 22:57:46,Event
3483,Ligia Llabrés,krozas@example.com,1984-04-27,Data Analyst,106,Dominican Republic,Punta Cana,Honorary,Under Review,2025-11-06 20:08:48,Website
3484,Mónica García,calistasaez@example.net,2005-08-30,Project Manager,194,Dominican Republic,Santo Domingo,Student,Submitted,2022-02-18 18:06:51,Event
3485,Marcela Morell,angelicaandres@example.net,1986-12-07,Project Manager,181,Dominican Republic,Punta Cana,Honorary,Approved,2024-12-16 08:11:29,Website
3486,Ulises Ochoa,feijoovenceslas@example.net,2002-10-29,Civil Engineer,19,Dominican Republic,San Francisco de Macorís,Corporate,Approved,2024-03-23 23:58:32,Website
3487,Manola Sancho,lbotella@example.net,2007-01-11,Software Engineer,87,Dominican Republic,Puerto Plata,Individual,Approved,2026-03-29 17:17:04,Event
3488,Ani Guzmán,pllanos@example.com,1987-09-19,Accountant,55,Dominican Republic,Puerto Plata,Individual,Approved,2022-01-07 14:45:34,Event
3489,Eloísa Quintana,esperanza38@example.org,1989-02-01,Financial Analyst,194,Dominican Republic,San Pedro de Macorís,Student,Approved,2022-12-28 21:03:29,Walk-in
3490,Margarita Morales,condejose@example.org,1993-01-18,Data Analyst,37,Dominican Republic,Santiago,Student,Approved,2024-12-19 06:32:20,Referral
3491,Lisandro Pozuelo,juan-manuelgiron@example.com,2001-12-31,Marketing Specialist,5,Dominican Republic,La Romana,Student,Approved,2023-08-17 04:34:55,Event
3492,Pepito Iglesias,lmurcia@example.org,1981-12-30,Financial Analyst,58,Dominican Republic,Puerto Plata,Individual,Approved,2022-07-09 01:45:13,Email Campaign
3493,Itziar Pagès,panton@example.net,1991-01-08,Accountant,196,Dominican Republic,Santo Domingo,Student,Approved,2022-03-11 01:38:50,Referral
3494,Adelardo Vázquez,gallegonatalio@example.com,1989-12-03,Business Consultant,198,Dominican Republic,San Pedro de Macorís,Honorary,Approved,2024-02-15 01:51:58,Event
3495,Rico Roldán,maridiana@example.org,1982-11-09,Accountant,278,Dominican Republic,La Romana,Corporate,Approved,2025-09-15 14:05:41,Event
3496,Samuel Jover,dllorente@example.com,2000-08-22,Financial Analyst,295,Dominican Republic,San Francisco de Macorís,Student,Approved,2022-09-10 11:05:28,Walk-in
3497,Gala Bilbao,lbertran@example.org,1979-08-03,Marketing Specialist,87,Dominican Republic,San Pedro de Macorís,Student,Submitted,2024-07-11 00:12:00,Event
3498,Arsenio Gámez,wmillan@example.net,2002-06-25,Software Engineer,0,Dominican Republic,La Romana,Student,Rejected,2025-02-15 19:24:43,Walk-in
3499,Leocadia Valverde,arreguiaristides@example.com,1979-10-26,Marketing Specialist,17,Dominican Republic,Santo Domingo,Corporate,Approved,2024-04-26 21:42:43,Email Campaign
3500,Azahar Giralt,inocencioperalta@example.org,2004-05-26,Marketing Specialist,19,Dominican Republic,La Romana,Honorary,Approved,2026-04-11 08:10:54,Email Campaign
3501,Severo Quero,cabreraofelia@example.org,1993-03-10,Project Manager,213,Dominican Republic,Punta Cana,Student,Approved,2024-04-26 17:11:27,Referral
3502,Maximiano Abad,diegodelia@example.com,2002-05-15,Software Engineer,112,Dominican Republic,Santo Domingo,Honorary,Approved,2025-10-01 01:29:58,Event
3503,Guadalupe Villena,camachosara@example.org,1977-12-24,Marketing Specialist,140,Dominican Republic,Santo Domingo,Individual,Submitted,2023-03-21 13:45:05,Walk-in
3504,Roberta Mariscal,roberta71@example.net,1978-10-19,Software Engineer,129,Dominican Republic,San Francisco de Macorís,Individual,Approved,2024-11-02 04:43:14,Event
3505,Celia Ballesteros,mbotella@example.com,1996-04-26,Project Manager,165,Dominican Republic,Punta Cana,Honorary,Approved,2022-08-20 23:42:45,Walk-in
3506,Goyo Quero,angelino55@example.org,1995-03-26,Business Consultant,139,Dominican Republic,San Pedro de Macorís,Honorary,Approved,2022-06-16 14:20:34,Email Campaign
3507,Hilda Girón,frios@example.net,1990-05-20,Project Manager,205,Dominican Republic,Punta Cana,Individual,Under Review,2025-11-02 19:01:52,Walk-in
3508,Carmelo Tomas,alberdifelisa@example.com,1996-05-30,Data Analyst,293,Dominican Republic,Punta Cana,Individual,Approved,2022-11-27 09:00:09,Event
3509,Edelmira Frías,maricruzpavon@example.org,1992-05-01,Business Consultant,75,Dominican Republic,La Romana,Individual,Approved,2022-07-06 20:49:47,Referral
3510,Eli Rocamora,corraldomitila@example.org,1982-09-16,Financial Analyst,2,Dominican Republic,La Romana,Corporate,Under Review,2022-11-05 07:08:37,Walk-in
3511,Carlito Ferreras,corona52@example.org,1977-01-29,Financial Analyst,94,Dominican Republic,San Francisco de Macorís,Student,Approved,2023-11-27 16:39:02,Walk-in
3512,Ariel Azorin,alebeltran@example.com,1992-07-10,Lawyer,182,Dominican Republic,Santiago,Honorary,Approved,2024-09-27 06:13:18,Email Campaign
3513,Azahara Oller,tcortes@example.com,1984-04-26,Marketing Specialist,117,Dominican Republic,San Pedro de Macorís,Corporate,Approved,2026-04-02 07:26:20,Email Campaign
3514,Adrián Pont,ecamino@example.net,2006-11-20,Financial Analyst,277,Dominican Republic,Puerto Plata,Individual,Approved,2023-03-12 02:35:53,Website
3515,Verónica Ribas,lorenaaparicio@example.net,1983-06-16,Data Analyst,207,Dominican Republic,San Pedro de Macorís,Student,Approved,2022-02-26 18:57:12,Walk-in
3516,Román Pellicer,romanmaximino@example.com,1998-07-28,Architect,17,Dominican Republic,San Pedro de Macorís,Individual,Rejected,2022-06-11 16:02:46,Website
3517,Florentino Canet,rosadoatilio@example.net,1977-10-21,Lawyer,3,Dominican Republic,San Francisco de Macorís,Student,Approved,2026-04-05 20:31:35,Referral
3518,Ceferino Carrión,rosariograu@example.net,1996-07-22,Financial Analyst,82,Dominican Republic,Santo Domingo,Corporate,Rejected,2023-07-15 10:29:10,Referral
3519,Gustavo Barranco,morenopalau@example.net,2005-05-30,Business Consultant,179,Dominican Republic,San Pedro de Macorís,Individual,Approved,2025-12-20 23:47:14,Walk-in
3520,María José Valbuena,benignoromeu@example.org,1983-03-04,Civil Engineer,90,Dominican Republic,Punta Cana,Honorary,Approved,2022-08-18 03:35:04,Walk-in
3521,Morena Luís,eli68@example.net,1999-01-15,Financial Analyst,17,Dominican Republic,Santo Domingo,Student,Approved,2025-12-11 10:37:59,Referral
3522,Juanita Calzada,pomboevita@example.org,1995-01-24,Data Analyst,299,Dominican Republic,San Pedro de Macorís,Student,Approved,2025-02-02 17:11:41,Walk-in
3523,Rosalina Atienza,plinio05@example.org,1978-09-04,Accountant,26,Dominican Republic,Punta Cana,Honorary,Approved,2022-03-16 01:17:10,Event
3524,Epifanio Avilés,monicaroca@example.org,1993-04-20,Lawyer,241,Dominican Republic,Puerto Plata,Student,Withdrawn,2022-09-10 05:23:05,Email Campaign
3525,Sandalio Lledó,alcaldejose-luis@example.com,2001-01-25,Project Manager,30,Dominican Republic,San Pedro de Macorís,Honorary,Under Review,2025-02-10 12:14:17,Website
3526,Primitiva Arnau,valerovictoria@example.org,1984-05-18,Lawyer,283,Dominican Republic,La Romana,Corporate,Approved,2021-12-22 06:55:03,Email Campaign
3527,Nilda Guzman,teodoro95@example.com,1985-03-10,Civil Engineer,106,Dominican Republic,San Pedro de Macorís,Corporate,Approved,2024-08-24 15:32:01,Event
3528,Amor Quintero,marquezpatricia@example.net,1976-10-29,Marketing Specialist,229,Dominican Republic,San Francisco de Macorís,Individual,Under Review,2025-03-03 22:49:21,Walk-in
3529,Pastora Catalá,vjauregui@example.com,1990-05-09,Software Engineer,231,Dominican Republic,San Francisco de Macorís,Student,Approved,2026-05-23 21:15:58,Event
3530,Isidro Olivé,torrensjuan@example.org,1996-05-06,Architect,188,Dominican Republic,San Francisco de Macorís,Student,Pending Payment,2023-12-25 15:13:42,Website
3531,Cayetano Mayol,gracielaalcazar@example.com,1996-10-01,Architect,21,Dominican Republic,La Romana,Corporate,Under Review,2024-09-14 10:21:37,Event
3532,Wálter Salazar,uescamilla@example.org,1998-08-06,Business Consultant,219,Dominican Republic,San Pedro de Macorís,Corporate,Approved,2026-03-10 19:02:34,Website
3533,Lucio Santos,mportero@example.org,2005-07-11,Lawyer,157,Dominican Republic,Santo Domingo,Honorary,Approved,2024-08-02 21:32:37,Event
3534,Guiomar Arribas,portillorocio@example.com,1992-07-02,Lawyer,60,Dominican Republic,Santo Domingo,Corporate,Approved,2022-10-31 14:18:31,Event
3535,Beatriz Pérez,sorialazaro@example.net,1999-11-17,Architect,13,Dominican Republic,Punta Cana,Individual,Under Review,2024-11-03 21:09:50,Referral
3536,Tania Villena,dafne02@example.net,1988-10-29,Project Manager,230,Dominican Republic,San Pedro de Macorís,Honorary,Pending Payment,2022-10-02 01:26:06,Website
3537,Emelina Salmerón,hblazquez@example.com,1988-10-23,Project Manager,297,Dominican Republic,San Pedro de Macorís,Corporate,Under Review,2022-10-25 18:14:41,Website
3538,María José Pujol,xaguilo@example.org,1986-02-21,Marketing Specialist,250,Dominican Republic,Santo Domingo,Corporate,Withdrawn,2026-02-02 21:01:10,Email Campaign
3539,Edu León,erey@example.net,1977-03-18,Accountant,61,Dominican Republic,San Pedro de Macorís,Corporate,Approved,2022-09-17 22:48:59,Website
3540,Ruy Peiró,fcriado@example.net,1992-05-09,Accountant,48,Dominican Republic,Puerto Plata,Student,Approved,2024-02-29 09:59:08,Event
3541,Arsenio Cruz,pascualpaca@example.com,2008-01-13,Civil Engineer,297,Dominican Republic,San Pedro de Macorís,Individual,Rejected,2022-10-10 07:45:16,Referral
3542,Hilario Bolaños,mohamedcolomer@example.com,1981-09-30,Project Manager,198,Dominican Republic,Puerto Plata,Individual,Approved,2023-05-18 17:35:16,Event
3543,Noé Cordero,pastora60@example.org,1993-05-16,Project Manager,206,Dominican Republic,Santo Domingo,Corporate,Approved,2024-05-19 04:34:42,Event
3544,Marcia Yáñez,eli61@example.com,1981-10-05,Data Analyst,160,Dominican Republic,San Francisco de Macorís,Honorary,Approved,2022-07-27 08:00:54,Referral
3545,Porfirio Barbero,maria-teresa20@example.net,1987-11-23,Lawyer,194,Dominican Republic,San Francisco de Macorís,Student,Approved,2023-08-03 02:36:38,Referral
3546,Natalio Flor,fabraloida@example.org,1993-03-03,Business Consultant,262,Dominican Republic,San Francisco de Macorís,Student,Approved,2023-12-19 11:15:09,Referral
3547,Ramiro Riba,muremperatriz@example.net,1983-06-21,Data Analyst,149,Dominican Republic,La Romana,Honorary,Approved,2024-02-07 01:18:30,Email Campaign
3548,Gracia Company,eutimiocastaneda@example.net,2000-01-26,Software Engineer,213,Dominican Republic,San Francisco de Macorís,Individual,Approved,2022-09-13 17:40:28,Website
3549,Adolfo Blázquez,africalillo@example.com,2005-11-24,Accountant,115,Dominican Republic,San Pedro de Macorís,Student,Approved,2023-07-29 15:09:33,Event
3550,Luciana Canales,violeta14@example.org,2003-02-13,Software Engineer,96,Dominican Republic,Santiago,Corporate,Approved,2026-03-25 01:37:42,Event
3551,Ángeles Torralba,juan-manuelfigueras@example.net,2004-04-28,Software Engineer,11,Dominican Republic,Punta Cana,Honorary,Pending Payment,2025-08-11 06:47:56,Email Campaign
3552,Sara Tirado,jennifermateu@example.org,2001-05-19,Project Manager,46,Dominican Republic,Punta Cana,Honorary,Submitted,2022-11-30 10:24:06,Website
3553,Clemente Cardona,ocolom@example.org,1983-01-11,Architect,154,Dominican Republic,Santiago,Corporate,Approved,2025-11-01 15:31:20,Walk-in
3554,Esther Villanueva,vallescesar@example.net,1976-03-04,Architect,248,Dominican Republic,San Pedro de Macorís,Honorary,Approved,2022-01-05 05:59:07,Website
3555,Nilda Piñol,rosalvamercader@example.org,1989-07-17,Civil Engineer,151,Dominican Republic,San Francisco de Macorís,Individual,Rejected,2024-07-28 22:46:18,Email Campaign
3556,Abigaíl Vives,rgaya@example.com,1987-12-14,Lawyer,74,Dominican Republic,Santo Domingo,Corporate,Approved,2025-12-08 11:00:57,Email Campaign
3557,Ainara Sanmiguel,maura52@example.com,1982-11-25,Marketing Specialist,152,Dominican Republic,Santiago,Student,Approved,2024-03-16 10:23:27,Walk-in
3558,Ani Yáñez,gustavouribe@example.net,1980-09-19,Project Manager,47,Dominican Republic,Santiago,Corporate,Approved,2024-04-29 02:44:47,Referral
3559,María Marqués,eduardomontserrat@example.org,1986-10-09,Project Manager,297,Dominican Republic,La Romana,Corporate,Approved,2022-08-23 12:48:23,Referral
3560,Borja Solano,carolinaamaya@example.com,1977-03-19,Lawyer,288,Dominican Republic,Puerto Plata,Corporate,Approved,2023-10-10 01:04:14,Email Campaign
3561,José Navarrete,jeremias88@example.org,1993-01-09,Accountant,7,Dominican Republic,Punta Cana,Corporate,Approved,2025-08-30 09:26:05,Event
3562,Federico Aguilar,valero67@example.com,1988-07-25,Project Manager,278,Dominican Republic,Puerto Plata,Honorary,Approved,2024-11-14 21:01:53,Walk-in
3563,Leandra Arregui,calixtavalbuena@example.com,1986-07-26,Civil Engineer,293,Dominican Republic,San Francisco de Macorís,Honorary,Approved,2025-11-27 22:55:21,Walk-in
3564,Victoriano Bermúdez,bartolomesureda@example.com,1982-09-17,Architect,220,Dominican Republic,Punta Cana,Individual,Rejected,2022-04-07 06:39:12,Website
3565,Isaura Garrido,mpalomino@example.org,1979-02-21,Financial Analyst,52,Dominican Republic,San Francisco de Macorís,Corporate,Under Review,2024-10-22 17:49:35,Referral
3566,Maxi Cerezo,gcastellanos@example.net,1997-12-05,Project Manager,220,Dominican Republic,San Pedro de Macorís,Corporate,Under Review,2021-12-10 20:55:53,Referral
3567,Alicia Marqués,jimenezmorena@example.com,1983-02-16,Data Analyst,67,Dominican Republic,Punta Cana,Honorary,Rejected,2021-09-06 13:42:54,Email Campaign
3568,Fabiola Carro,ponceceferino@example.com,2007-01-06,Accountant,166,Dominican Republic,Punta Cana,Corporate,Rejected,2024-01-31 20:14:38,Walk-in
3569,Pelayo Cisneros,wmaza@example.net,1991-05-06,Software Engineer,242,Dominican Republic,Puerto Plata,Corporate,Approved,2024-04-20 19:00:26,Email Campaign
3570,Kike Fuentes,brunotejero@example.org,2003-03-26,Accountant,159,Dominican Republic,Santiago,Student,Withdrawn,2022-09-10 07:49:32,Email Campaign
3571,Isabela Pareja,javiherrero@example.com,2002-05-16,Project Manager,39,Dominican Republic,Santo Domingo,Honorary,Approved,2025-06-26 18:12:57,Referral
3572,Fidel Rosell,fandrade@example.org,2001-03-01,Civil Engineer,87,Dominican Republic,San Pedro de Macorís,Individual,Approved,2022-01-14 19:09:30,Referral
3573,Margarita Fuster,jaime44@example.net,1996-01-19,Marketing Specialist,223,Dominican Republic,San Pedro de Macorís,Individual,Submitted,2025-11-14 20:17:29,Email Campaign
3574,Pánfilo Pagès,ubayona@example.net,1993-06-16,Project Manager,118,Dominican Republic,Santo Domingo,Student,Withdrawn,2025-12-16 16:52:44,Walk-in
3575,Cirino Tamayo,tbaeza@example.org,1979-07-31,Project Manager,249,Dominican Republic,Punta Cana,Corporate,Approved,2024-10-07 00:24:01,Event
3576,Constanza Corral,njara@example.com,1990-07-09,Accountant,285,Dominican Republic,Santo Domingo,Student,Approved,2023-07-09 00:46:16,Walk-in
3577,Aránzazu Castell,lmaldonado@example.org,2008-01-22,Civil Engineer,15,Dominican Republic,La Romana,Honorary,Submitted,2023-06-11 06:34:20,Website
3578,Iker Carpio,florencioestrada@example.org,2005-04-12,Accountant,203,Dominican Republic,Punta Cana,Individual,Rejected,2024-05-20 15:10:15,Walk-in
3579,Juan Luis Armas,salcala@example.com,1982-09-06,Lawyer,97,Dominican Republic,San Francisco de Macorís,Student,Rejected,2022-08-26 08:14:03,Email Campaign
3580,Mateo Zapata,nayaraprieto@example.net,1991-05-30,Accountant,84,Dominican Republic,Punta Cana,Individual,Submitted,2024-04-13 20:23:14,Email Campaign
3581,Ángel Soto,ajaume@example.com,1976-04-04,Accountant,98,Dominican Republic,Punta Cana,Corporate,Approved,2023-07-13 23:17:45,Website
3582,Samuel Plaza,zosuna@example.org,1975-10-10,Business Consultant,58,Dominican Republic,La Romana,Student,Approved,2025-06-21 15:43:02,Email Campaign
3583,René Chaparro,ritacortes@example.org,2005-02-03,Marketing Specialist,223,Dominican Republic,San Pedro de Macorís,Corporate,Approved,2023-03-11 02:09:49,Walk-in
3584,Mirta Castejón,garciarosa-maria@example.net,1989-10-11,Architect,293,Dominican Republic,La Romana,Student,Approved,2026-03-21 18:19:44,Email Campaign
3585,Fidel Terrón,maria-belen72@example.com,1984-07-16,Architect,241,Dominican Republic,Punta Cana,Student,Pending Payment,2023-06-26 07:17:29,Walk-in
3586,Elena Fuster,remediosalba@example.com,2000-03-17,Accountant,118,Dominican Republic,La Romana,Corporate,Under Review,2024-09-17 17:52:57,Referral
3587,Fidela Rosa,gloriaarco@example.com,1989-04-15,Marketing Specialist,226,Dominican Republic,Punta Cana,Corporate,Submitted,2025-01-10 12:17:04,Walk-in
3588,Anacleto Llano,jesus12@example.org,1984-03-26,Data Analyst,73,Dominican Republic,Santo Domingo,Student,Pending Payment,2023-11-25 22:42:09,Event
3589,Hernán Nieto,cristina81@example.org,2008-07-14,Accountant,148,Dominican Republic,Santiago,Student,Approved,2026-01-30 00:39:34,Website
3590,Gema Mendoza,gortega@example.org,2008-07-17,Software Engineer,172,Dominican Republic,Santo Domingo,Corporate,Approved,2023-11-15 21:26:15,Referral
3591,Gerardo Carrasco,porcelmaribel@example.org,1991-07-24,Accountant,225,Dominican Republic,San Francisco de Macorís,Honorary,Approved,2026-05-23 08:28:17,Referral
3592,Isabel Borja,talfonso@example.net,1999-10-25,Software Engineer,72,Dominican Republic,Santo Domingo,Honorary,Approved,2023-07-27 11:15:32,Referral
3593,Montserrat Peñalver,eufemia81@example.org,1999-02-06,Accountant,46,Dominican Republic,San Pedro de Macorís,Corporate,Approved,2025-02-22 00:07:28,Email Campaign
3594,Lucía Neira,angela58@example.net,1999-10-18,Civil Engineer,284,Dominican Republic,La Romana,Honorary,Approved,2024-10-25 09:33:20,Event
3595,Constanza Jordá,candelariohuerta@example.com,1995-03-04,Business Consultant,12,Dominican Republic,Santo Domingo,Honorary,Approved,2023-04-30 21:10:17,Website
3596,África Calvet,maria-carmenredondo@example.org,2006-08-05,Software Engineer,30,Dominican Republic,Punta Cana,Honorary,Rejected,2024-12-31 12:30:57,Event
3597,Nicodemo Valderrama,amayapulido@example.com,1990-03-13,Data Analyst,19,Dominican Republic,La Romana,Honorary,Submitted,2026-01-26 08:04:33,Email Campaign
3598,América Tamayo,kpaz@example.org,1987-12-04,Business Consultant,294,Dominican Republic,Puerto Plata,Individual,Approved,2026-05-28 12:55:53,Website
3599,Teodoro Bello,perlamendizabal@example.org,1992-03-01,Lawyer,12,Dominican Republic,Puerto Plata,Corporate,Approved,2023-11-01 18:11:34,Walk-in
3600,Dulce Beltran,isidro80@example.net,1997-11-04,Financial Analyst,152,Dominican Republic,San Francisco de Macorís,Corporate,Withdrawn,2026-04-13 05:49:06,Event
3601,Nerea Martorell,tonitur@example.org,1982-03-06,Business Consultant,217,Dominican Republic,Puerto Plata,Corporate,Approved,2023-05-10 16:05:07,Website
3602,Ema Alberto,hramis@example.com,2005-02-08,Accountant,187,Dominican Republic,Punta Cana,Honorary,Rejected,2021-11-19 10:33:52,Event
3603,Anacleto Burgos,bilbaojacobo@example.net,1979-04-06,Business Consultant,187,Dominican Republic,Puerto Plata,Corporate,Approved,2024-06-29 11:02:42,Website
3604,Mario Zaragoza,menalorenzo@example.org,2001-02-22,Architect,267,Dominican Republic,Santo Domingo,Individual,Rejected,2023-05-05 11:14:12,Email Campaign
3605,Seve Iglesias,wcrespi@example.org,1984-07-18,Accountant,260,Dominican Republic,San Francisco de Macorís,Honorary,Approved,2021-10-04 10:50:13,Walk-in
3606,Chucho Acedo,zcabanillas@example.com,2002-02-04,Software Engineer,71,Dominican Republic,San Francisco de Macorís,Student,Rejected,2023-10-11 18:55:24,Website
3607,Paola Seguí,mesaprimitiva@example.net,2002-11-22,Financial Analyst,171,Dominican Republic,San Francisco de Macorís,Corporate,Approved,2022-05-31 01:10:37,Referral
3608,Octavio Teruel,bernardaamor@example.com,1991-02-06,Data Analyst,29,Dominican Republic,Santiago,Corporate,Approved,2024-11-21 04:08:09,Email Campaign
3609,Íñigo Guardia,lsans@example.org,1995-07-09,Civil Engineer,262,Dominican Republic,San Pedro de Macorís,Individual,Approved,2025-01-02 03:46:06,Email Campaign
3610,Diego Arrieta,mariaferrer@example.com,1981-10-23,Software Engineer,288,Dominican Republic,Puerto Plata,Corporate,Approved,2025-04-30 01:08:54,Event
3611,Marcos Goicoechea,baudeliopascual@example.net,2002-10-24,Civil Engineer,128,Dominican Republic,Puerto Plata,Individual,Approved,2024-12-10 00:17:23,Event
3612,Clementina Ródenas,teresitalasa@example.com,1996-10-03,Business Consultant,6,Dominican Republic,Puerto Plata,Individual,Approved,2025-08-21 20:02:08,Email Campaign
3613,Cristóbal Pascual,yaiza79@example.org,1980-12-26,Project Manager,286,Dominican Republic,Punta Cana,Individual,Approved,2025-10-22 17:23:40,Walk-in
3614,Adelia Aguilar,carlosisa@example.com,1986-02-18,Data Analyst,177,Dominican Republic,San Pedro de Macorís,Student,Approved,2022-06-19 15:52:02,Referral
3615,Perla Soler,ofuster@example.org,2000-06-28,Financial Analyst,41,Dominican Republic,Santo Domingo,Individual,Approved,2025-03-03 03:16:42,Walk-in
3616,Adalberto Rodrigo,santos88@example.net,1993-11-19,Project Manager,8,Dominican Republic,Punta Cana,Individual,Approved,2026-05-01 12:02:03,Walk-in
3617,Sosimo Barros,zabaletaolegario@example.net,1996-03-25,Civil Engineer,58,Dominican Republic,La Romana,Corporate,Approved,2025-09-07 07:59:58,Email Campaign
3618,Herberto Oliver,ltejero@example.com,2003-11-11,Accountant,121,Dominican Republic,Santiago,Honorary,Under Review,2023-06-17 02:54:24,Walk-in
3619,Josefina Ferreras,rllanos@example.com,1977-05-20,Civil Engineer,116,Dominican Republic,San Francisco de Macorís,Corporate,Submitted,2023-01-30 10:01:32,Email Campaign
3620,Roberto Font,ameliapriego@example.com,1998-01-11,Architect,203,Dominican Republic,Santo Domingo,Honorary,Under Review,2025-04-05 00:47:53,Website
3621,Sonia Orozco,vlaguna@example.com,1993-04-12,Business Consultant,177,Dominican Republic,San Pedro de Macorís,Corporate,Approved,2025-06-06 15:29:46,Email Campaign
3622,Gabriela Ponce,ljover@example.net,1984-08-31,Accountant,174,Dominican Republic,Punta Cana,Student,Approved,2025-05-31 22:57:29,Email Campaign
3623,Marcela Bermudez,paulino34@example.com,2006-07-06,Data Analyst,286,Dominican Republic,Punta Cana,Corporate,Approved,2023-10-20 00:41:33,Walk-in
3624,Rosario Montenegro,castillajose-luis@example.org,2002-01-02,Architect,271,Dominican Republic,San Francisco de Macorís,Corporate,Approved,2024-10-01 09:20:58,Email Campaign
3625,Jose Antonio Salas,mdomenech@example.net,1975-11-02,Marketing Specialist,210,Dominican Republic,San Francisco de Macorís,Student,Approved,2026-05-29 00:46:18,Walk-in
3626,Luciana Llamas,omiranda@example.net,1996-11-13,Lawyer,45,Dominican Republic,Santo Domingo,Corporate,Rejected,2023-11-07 12:51:17,Referral
3627,Nazaret Amores,valeroolmedo@example.com,1994-06-30,Architect,272,Dominican Republic,Punta Cana,Individual,Submitted,2021-12-04 21:08:01,Email Campaign
3628,María Teresa Toledo,pererajeremias@example.net,1982-12-29,Project Manager,154,Dominican Republic,San Pedro de Macorís,Corporate,Rejected,2023-05-05 04:40:32,Website
3629,Luisina Peral,lfabregat@example.net,1996-04-21,Marketing Specialist,234,Dominican Republic,Santo Domingo,Student,Approved,2022-09-05 07:18:33,Event
3630,Jose Miguel Ramírez,vmateo@example.net,1977-02-08,Accountant,124,Dominican Republic,San Francisco de Macorís,Corporate,Approved,2024-01-02 10:53:01,Event
3631,Obdulia Andres,dgiralt@example.org,1977-07-13,Marketing Specialist,5,Dominican Republic,Santiago,Individual,Approved,2023-12-27 16:12:14,Walk-in
3632,Chucho Ortiz,pomaresisaias@example.org,2003-03-27,Project Manager,192,Dominican Republic,Santo Domingo,Individual,Approved,2023-11-04 00:33:50,Event
3633,Pili Andreu,cristian02@example.com,1987-12-05,Project Manager,197,Dominican Republic,Santiago,Honorary,Approved,2026-01-16 13:49:53,Event
3634,Jeremías Sans,mfuster@example.com,2007-02-07,Marketing Specialist,199,Dominican Republic,Puerto Plata,Honorary,Rejected,2025-01-02 16:03:03,Website
3635,Adelia Lucas,slarrea@example.com,2005-01-13,Architect,108,Dominican Republic,San Francisco de Macorís,Honorary,Approved,2025-04-28 14:29:28,Website
3636,Marcia Arcos,isaiascerezo@example.com,1982-05-02,Lawyer,245,Dominican Republic,San Francisco de Macorís,Corporate,Rejected,2025-09-08 02:57:40,Email Campaign
3637,Juan Luis Cantón,dorotea20@example.net,2008-02-20,Marketing Specialist,71,Dominican Republic,San Pedro de Macorís,Individual,Approved,2024-01-24 03:24:58,Event
3638,Olimpia Baños,borregoalfonso@example.org,1997-01-09,Accountant,21,Dominican Republic,Punta Cana,Student,Approved,2025-10-23 18:46:26,Event
3639,Tristán Arribas,rcanet@example.net,1986-10-20,Project Manager,93,Dominican Republic,Santiago,Student,Pending Payment,2022-08-18 00:47:39,Website
3640,Ruben Martínez,dora77@example.net,1997-03-19,Architect,80,Dominican Republic,Santiago,Individual,Approved,2025-08-22 22:53:40,Walk-in
3641,Hermenegildo Villegas,jonatanalmeida@example.com,1978-08-12,Financial Analyst,36,Dominican Republic,Punta Cana,Student,Approved,2023-11-22 17:17:34,Website
3642,José Garrido,victoriano54@example.net,2007-11-07,Business Consultant,167,Dominican Republic,Punta Cana,Student,Withdrawn,2025-09-03 12:42:27,Walk-in
3643,Belén Gallo,alonso52@example.com,1976-09-22,Architect,93,Dominican Republic,La Romana,Student,Approved,2023-03-25 19:54:32,Email Campaign
3644,Martirio Solsona,quintanillarosalinda@example.net,1991-08-26,Software Engineer,182,Dominican Republic,Puerto Plata,Student,Rejected,2024-06-28 20:43:05,Referral
3645,Toribio Sosa,terronche@example.net,2004-06-08,Accountant,142,Dominican Republic,San Francisco de Macorís,Student,Approved,2026-04-04 22:50:05,Website
3646,Irma Carretero,eliesparza@example.org,2005-09-10,Architect,286,Dominican Republic,Santiago,Honorary,Rejected,2025-01-16 19:58:02,Email Campaign
3647,Ágata Bustamante,clotildecanals@example.org,1982-01-11,Civil Engineer,226,Dominican Republic,Santiago,Honorary,Rejected,2025-11-01 07:55:11,Referral
3648,Íñigo Izaguirre,elba98@example.com,2008-04-22,Marketing Specialist,214,Dominican Republic,Punta Cana,Corporate,Submitted,2022-07-10 02:26:29,Walk-in
3649,Juana Galan,andreareina@example.net,1990-10-26,Marketing Specialist,181,Dominican Republic,San Pedro de Macorís,Corporate,Withdrawn,2021-09-22 16:37:42,Email Campaign
3650,Nicanor Vazquez,tovarcristina@example.org,2001-06-15,Civil Engineer,48,Dominican Republic,Santiago,Honorary,Withdrawn,2022-01-12 04:40:20,Event
3651,Eusebia Quiroga,diego06@example.com,1977-01-13,Software Engineer,195,Dominican Republic,Punta Cana,Corporate,Approved,2025-11-13 16:13:18,Walk-in
3652,Andrés Felipe Sanz,mariamata@example.com,1993-09-16,Marketing Specialist,217,Dominican Republic,San Francisco de Macorís,Corporate,Approved,2023-12-09 05:53:45,Referral
3653,Ariel Ferrández,gonijose-manuel@example.net,2004-04-10,Data Analyst,101,Dominican Republic,Santiago,Honorary,Approved,2024-08-21 03:26:39,Walk-in
3654,Óscar Garcés,qmoya@example.com,1999-02-16,Project Manager,292,Dominican Republic,Santo Domingo,Individual,Approved,2021-09-17 06:41:01,Event
3655,Rufina Manuel,estela27@example.org,1993-02-19,Accountant,212,Dominican Republic,Puerto Plata,Individual,Pending Payment,2022-02-21 05:29:38,Walk-in
3656,Encarnacion Agustín,desideriosans@example.net,2005-03-21,Architect,105,Dominican Republic,San Francisco de Macorís,Corporate,Withdrawn,2025-12-15 00:44:36,Website
3657,Jose Ignacio Porta,jose-luis16@example.com,2000-12-19,Marketing Specialist,57,Dominican Republic,Santo Domingo,Individual,Approved,2026-01-25 01:33:13,Walk-in
3658,Máximo Valverde,juan-carlos40@example.net,1994-10-07,Lawyer,201,Dominican Republic,Santiago,Student,Approved,2024-05-01 20:37:38,Email Campaign
3659,Manuelita Garriga,folchgilberto@example.net,1976-10-16,Data Analyst,85,Dominican Republic,Santo Domingo,Individual,Rejected,2025-07-28 14:03:58,Event
3660,Eugenia Peral,tadadia@example.com,1980-11-26,Financial Analyst,147,Dominican Republic,Santiago,Individual,Approved,2025-04-02 00:21:15,Referral
3661,Estefanía Balaguer,pardofederico@example.org,2004-01-02,Financial Analyst,254,Dominican Republic,San Pedro de Macorís,Honorary,Approved,2021-12-21 02:48:50,Event
3662,Trini Castillo,mpiquer@example.org,1976-05-16,Project Manager,38,Dominican Republic,Santiago,Individual,Approved,2023-01-20 20:05:02,Email Campaign
3663,Visitación Hoyos,remedios65@example.com,2008-08-13,Data Analyst,274,Dominican Republic,Punta Cana,Honorary,Approved,2021-09-04 18:47:41,Referral
3664,Jose Ignacio Andreu,zcarpio@example.com,1985-01-03,Marketing Specialist,147,Dominican Republic,Punta Cana,Corporate,Approved,2022-02-28 13:53:24,Email Campaign
3665,Nilda Escolano,kgalindo@example.org,1979-08-23,Project Manager,56,Dominican Republic,La Romana,Student,Approved,2022-11-22 07:11:20,Website
3666,Roxana Palau,ciromorera@example.org,1976-05-24,Financial Analyst,51,Dominican Republic,La Romana,Student,Rejected,2024-02-19 15:23:22,Walk-in
3667,Eduardo Fonseca,chavesjuana@example.org,2001-06-09,Civil Engineer,226,Dominican Republic,Santo Domingo,Individual,Approved,2024-12-02 10:01:02,Website
3668,Asunción Cases,mascarobenigna@example.org,2002-03-31,Business Consultant,169,Dominican Republic,Santiago,Individual,Approved,2021-12-04 20:43:36,Website
3669,Claudia Gámez,olivaresmanuel@example.net,1985-06-10,Civil Engineer,128,Dominican Republic,Punta Cana,Individual,Approved,2025-06-18 13:39:02,Referral
3670,Isaac Villalonga,vicente79@example.com,2005-10-04,Architect,223,Dominican Republic,San Pedro de Macorís,Corporate,Approved,2023-05-23 09:01:21,Referral
3671,Delia Zaragoza,kikemur@example.net,1998-10-12,Financial Analyst,98,Dominican Republic,Santiago,Corporate,Approved,2024-06-08 00:55:17,Email Campaign
3672,Jordi Zorrilla,pererarosa@example.org,1993-11-16,Business Consultant,184,Dominican Republic,Puerto Plata,Individual,Approved,2022-12-25 23:49:02,Walk-in
3673,Amalia Codina,maria-del-carmenvillalba@example.org,1990-07-02,Business Consultant,227,Dominican Republic,Santo Domingo,Student,Pending Payment,2023-12-26 14:12:33,Email Campaign
3674,Reyes Catalá,rufina18@example.com,1981-12-05,Civil Engineer,117,Dominican Republic,Santiago,Corporate,Rejected,2024-09-24 12:40:55,Walk-in
3675,Pánfilo Solera,yalvarez@example.net,1998-02-24,Accountant,273,Dominican Republic,San Francisco de Macorís,Honorary,Approved,2022-04-29 01:24:04,Email Campaign
3676,Nicodemo Nevado,hervasbalduino@example.net,1979-11-12,Civil Engineer,131,Dominican Republic,La Romana,Corporate,Approved,2025-04-01 16:37:39,Website
3677,Luisa Moya,juan-francisco87@example.com,1979-02-28,Lawyer,230,Dominican Republic,San Francisco de Macorís,Honorary,Approved,2024-07-12 17:34:49,Referral
3678,Albino Mariscal,delfina15@example.net,1976-09-06,Project Manager,277,Dominican Republic,Santo Domingo,Corporate,Approved,2025-12-28 14:39:51,Event
3679,Concha Cerdán,luis64@example.org,1983-09-21,Financial Analyst,130,Dominican Republic,Punta Cana,Honorary,Withdrawn,2024-06-23 15:09:10,Event
3680,Amando Salcedo,wpaniagua@example.com,1996-02-09,Marketing Specialist,58,Dominican Republic,La Romana,Individual,Approved,2023-06-10 06:15:42,Event
3681,Rafa Méndez,barrioanunciacion@example.net,1980-03-17,Lawyer,257,Dominican Republic,San Francisco de Macorís,Individual,Rejected,2022-12-12 17:22:32,Event
3682,Victoriano Ródenas,marcelo77@example.net,1992-07-18,Financial Analyst,287,Dominican Republic,La Romana,Student,Approved,2025-11-04 23:36:28,Walk-in
3683,Lalo Perales,rafaelluz@example.net,1979-08-23,Project Manager,242,Dominican Republic,San Pedro de Macorís,Honorary,Approved,2022-09-21 20:23:59,Email Campaign
3684,Isaac Vilar,scolomer@example.net,1995-08-12,Civil Engineer,104,Dominican Republic,Punta Cana,Corporate,Approved,2023-10-06 06:57:13,Walk-in
3685,Almudena Soriano,alegriaana@example.org,1999-10-30,Financial Analyst,195,Dominican Republic,San Pedro de Macorís,Corporate,Withdrawn,2024-01-28 07:45:08,Walk-in
3686,Sandra Muro,eli48@example.com,1995-01-05,Marketing Specialist,208,Dominican Republic,Santo Domingo,Student,Approved,2025-03-10 10:12:00,Event
3687,Íñigo Lara,rubioteodosio@example.org,1982-05-14,Architect,5,Dominican Republic,San Pedro de Macorís,Corporate,Approved,2024-07-19 23:41:16,Referral
3688,Modesta Robles,jcarpio@example.com,1988-01-12,Financial Analyst,42,Dominican Republic,San Francisco de Macorís,Corporate,Approved,2023-07-13 09:38:08,Event
3689,Olegario Andrés,maxisanjuan@example.com,1990-11-06,Financial Analyst,173,Dominican Republic,Puerto Plata,Student,Approved,2023-11-22 11:26:59,Event
3690,Etelvina Almansa,hmascaro@example.org,2006-08-26,Software Engineer,60,Dominican Republic,Puerto Plata,Corporate,Approved,2022-12-14 06:39:53,Referral
3691,Amor Coloma,xpuerta@example.org,2003-01-17,Marketing Specialist,217,Dominican Republic,San Pedro de Macorís,Corporate,Approved,2022-03-08 18:10:11,Walk-in
3692,Lorenzo Pedro,franchleoncio@example.org,1992-07-15,Data Analyst,164,Dominican Republic,San Francisco de Macorís,Honorary,Submitted,2022-01-26 08:19:59,Website
3693,Basilio Nicolau,panfilo58@example.org,2002-07-15,Architect,189,Dominican Republic,Puerto Plata,Honorary,Approved,2024-02-12 03:13:38,Event
3694,Patricio Pagès,susanita56@example.org,2008-04-01,Software Engineer,162,Dominican Republic,Santo Domingo,Corporate,Approved,2022-09-12 00:23:58,Email Campaign
3695,Teobaldo Garmendia,ramontomas@example.net,2004-12-05,Software Engineer,123,Dominican Republic,Santo Domingo,Corporate,Approved,2025-03-05 22:38:54,Walk-in
3696,Severino Verdú,palaciomarta@example.org,1985-11-27,Data Analyst,23,Dominican Republic,San Francisco de Macorís,Corporate,Rejected,2022-06-06 13:25:00,Walk-in
3697,Amor Valverde,sazcona@example.org,1978-05-08,Civil Engineer,46,Dominican Republic,Puerto Plata,Student,Approved,2025-09-05 08:46:14,Email Campaign
3698,Chus Pellicer,irma78@example.com,2001-09-16,Marketing Specialist,0,Dominican Republic,Santo Domingo,Student,Withdrawn,2022-12-31 18:37:23,Website
3699,Ciro Saura,jacintoportillo@example.net,1988-09-13,Civil Engineer,56,Dominican Republic,Santo Domingo,Individual,Approved,2022-01-16 09:45:50,Event
3700,Melania Herrera,riveraandres-felipe@example.net,1995-03-28,Civil Engineer,174,Dominican Republic,Punta Cana,Individual,Approved,2026-01-20 01:56:33,Email Campaign
3701,Antonia Ordóñez,borjaanastasio@example.com,1988-04-18,Project Manager,261,Dominican Republic,San Francisco de Macorís,Individual,Withdrawn,2026-05-06 09:10:16,Referral
3702,Haroldo Bermudez,campoyrafael@example.org,1981-07-16,Civil Engineer,222,Dominican Republic,Punta Cana,Honorary,Approved,2022-01-08 14:12:14,Website
3703,Felix Ramis,atilio09@example.net,1982-02-08,Financial Analyst,170,Dominican Republic,Puerto Plata,Individual,Under Review,2023-09-02 06:05:20,Website
3704,Laura Gaya,fherrero@example.net,1977-02-03,Software Engineer,27,Dominican Republic,Santo Domingo,Honorary,Withdrawn,2023-03-23 09:06:46,Website
3705,Virginia Abril,candelariasalva@example.net,1981-06-01,Architect,124,Dominican Republic,San Pedro de Macorís,Individual,Pending Payment,2022-03-08 20:25:21,Email Campaign
3706,Charo Galván,loreto78@example.org,2001-04-04,Financial Analyst,117,Dominican Republic,Santo Domingo,Student,Approved,2025-02-26 11:49:40,Referral
3707,María Teresa Santamaría,pquintero@example.net,2005-08-27,Accountant,32,Dominican Republic,Santiago,Honorary,Rejected,2023-12-21 20:58:03,Event
3708,Silvia Cepeda,guerreromarcelino@example.net,1999-06-11,Data Analyst,62,Dominican Republic,La Romana,Honorary,Approved,2022-06-09 19:30:14,Website
3709,Gilberto Mariscal,manuelitaquiroga@example.com,1985-08-02,Lawyer,157,Dominican Republic,San Francisco de Macorís,Honorary,Approved,2025-09-27 09:05:18,Referral
3710,Leopoldo Comas,rmelero@example.org,1984-05-31,Architect,3,Dominican Republic,Punta Cana,Student,Approved,2025-08-03 14:09:20,Walk-in
3711,Flora Ferrera,mariauria@example.net,2003-07-24,Project Manager,193,Dominican Republic,San Pedro de Macorís,Individual,Approved,2025-05-05 11:18:20,Event
3712,Santos Heras,hmoran@example.org,1998-11-21,Architect,230,Dominican Republic,Santiago,Individual,Submitted,2026-04-29 12:59:31,Referral
3713,Ainoa Salcedo,leandro99@example.org,1986-03-26,Financial Analyst,15,Dominican Republic,La Romana,Student,Under Review,2024-12-13 18:59:41,Referral
3714,Belen Salmerón,mazajose-angel@example.com,2003-05-24,Data Analyst,250,Dominican Republic,La Romana,Student,Rejected,2023-07-01 16:30:28,Referral
3715,Nadia Nadal,cirinomorillo@example.com,2003-02-21,Accountant,119,Dominican Republic,Santo Domingo,Honorary,Rejected,2025-05-15 00:06:17,Website
3716,Sancho Mercader,gustavolorenzo@example.org,2007-09-07,Lawyer,233,Dominican Republic,San Pedro de Macorís,Individual,Approved,2022-12-12 21:19:13,Event
3717,Eugenia Pinedo,perezjulio@example.net,1988-11-13,Architect,157,Dominican Republic,San Francisco de Macorís,Honorary,Under Review,2024-12-20 22:40:54,Walk-in
3718,Silvio Vives,carrogisela@example.net,1981-11-03,Data Analyst,131,Dominican Republic,La Romana,Student,Approved,2022-10-31 23:21:00,Referral
3719,Corona Coello,gracianacerezo@example.com,1988-09-13,Lawyer,51,Dominican Republic,San Pedro de Macorís,Student,Rejected,2025-10-28 04:05:00,Event
3720,Emigdio Estevez,gonzaloadelia@example.org,1983-06-27,Accountant,149,Dominican Republic,Santo Domingo,Individual,Withdrawn,2025-10-13 15:29:34,Referral
3721,Lara Lerma,pomboimelda@example.net,1977-11-01,Architect,181,Dominican Republic,Santiago,Corporate,Approved,2023-05-20 19:48:42,Website
3722,Aránzazu Riba,tmascaro@example.net,2008-06-07,Software Engineer,253,Dominican Republic,San Pedro de Macorís,Individual,Approved,2024-06-06 01:32:29,Email Campaign
3723,Ana Sofía Vallejo,aureliolara@example.com,1986-10-20,Data Analyst,45,Dominican Republic,Santiago,Individual,Approved,2024-12-04 01:44:21,Event
3724,Itziar Morell,ppujol@example.net,2006-10-25,Civil Engineer,26,Dominican Republic,Punta Cana,Student,Approved,2024-10-24 01:18:48,Email Campaign
3725,Paola Seguí,dabril@example.com,1987-02-15,Data Analyst,64,Dominican Republic,La Romana,Individual,Approved,2022-03-22 06:32:26,Website
3726,Remedios Catalá,ptejero@example.com,1984-07-13,Architect,204,Dominican Republic,Santo Domingo,Student,Approved,2023-10-28 10:31:01,Referral
3727,Eligia Laguna,severinogomez@example.org,1991-07-14,Lawyer,225,Dominican Republic,Punta Cana,Corporate,Withdrawn,2021-12-16 22:39:31,Email Campaign
3728,Quirino Reig,jaratono@example.com,1982-03-18,Marketing Specialist,91,Dominican Republic,Punta Cana,Honorary,Approved,2023-10-15 13:58:32,Referral
3729,Nerea Isern,aristidesbarriga@example.com,1980-10-12,Marketing Specialist,172,Dominican Republic,San Pedro de Macorís,Corporate,Approved,2022-05-25 12:16:32,Event
3730,Isidora Viana,qsalazar@example.com,1999-12-27,Architect,297,Dominican Republic,Santiago,Student,Approved,2022-07-01 16:57:44,Event
3731,Rosenda Peinado,aurelianoiborra@example.com,1978-06-19,Civil Engineer,8,Dominican Republic,Santiago,Honorary,Approved,2022-06-09 18:15:11,Walk-in
3732,Concha Álamo,herminia05@example.com,1988-05-16,Business Consultant,18,Dominican Republic,Santo Domingo,Individual,Approved,2022-07-06 11:01:37,Referral
3733,Jonatan Goicoechea,serafina85@example.org,1994-02-19,Lawyer,194,Dominican Republic,Punta Cana,Honorary,Approved,2022-05-24 22:08:55,Website
3734,Eufemia Jódar,ximenaestevez@example.org,1999-10-16,Data Analyst,109,Dominican Republic,Punta Cana,Student,Approved,2025-11-28 10:07:51,Email Campaign
3735,Rufina Tamarit,treig@example.org,1981-12-24,Accountant,94,Dominican Republic,San Francisco de Macorís,Student,Rejected,2025-10-26 01:36:51,Referral
3736,Hilda Asenjo,eduardo33@example.net,1978-11-27,Business Consultant,218,Dominican Republic,San Pedro de Macorís,Individual,Approved,2021-08-30 15:31:21,Event
3737,Samu Armas,tudelaarmando@example.org,1988-01-08,Architect,208,Dominican Republic,Punta Cana,Corporate,Approved,2022-12-08 05:50:40,Referral
3738,Edmundo Bertrán,paco74@example.net,2003-12-14,Business Consultant,121,Dominican Republic,Punta Cana,Honorary,Submitted,2025-02-08 12:28:20,Referral
3739,Porfirio Almansa,rebeca27@example.org,1999-07-30,Software Engineer,151,Dominican Republic,San Pedro de Macorís,Student,Rejected,2023-03-08 14:52:46,Referral
3740,Pascual Román,carbajonidia@example.com,1982-12-24,Software Engineer,23,Dominican Republic,Punta Cana,Corporate,Approved,2024-05-05 05:06:11,Email Campaign
3741,Vera Vara,arseniomiguel@example.org,1996-12-30,Lawyer,207,Dominican Republic,La Romana,Student,Approved,2025-10-07 11:04:46,Referral
3742,Alejandra Pazos,ginerapolinar@example.com,1978-04-05,Data Analyst,101,Dominican Republic,Santiago,Corporate,Rejected,2021-09-28 11:10:04,Email Campaign
3743,Dulce Coronado,cesarquerol@example.net,1995-08-23,Marketing Specialist,247,Dominican Republic,Puerto Plata,Student,Rejected,2025-07-11 19:54:57,Event
3744,Lucio Nicolau,pacificasegura@example.org,1985-04-04,Marketing Specialist,230,Dominican Republic,Santiago,Individual,Rejected,2025-06-14 14:29:43,Walk-in
3745,Jorge Cortina,luquejose-luis@example.org,1996-05-21,Financial Analyst,93,Dominican Republic,Santiago,Student,Approved,2022-09-22 01:27:53,Walk-in
3746,Vicente Luján,nereidabonet@example.org,1989-09-22,Business Consultant,52,Dominican Republic,San Francisco de Macorís,Individual,Approved,2025-04-07 04:05:55,Referral
3747,Sergio Ortega,laroca@example.org,1982-06-30,Data Analyst,257,Dominican Republic,Santo Domingo,Corporate,Approved,2025-01-24 20:17:56,Event
3748,Chema Riba,norberto80@example.com,2001-08-08,Architect,12,Dominican Republic,La Romana,Honorary,Approved,2022-11-20 23:35:42,Referral
3749,Josué Santiago,natanael52@example.com,1991-03-12,Business Consultant,128,Dominican Republic,San Francisco de Macorís,Individual,Under Review,2022-10-31 04:00:56,Referral
3750,Tere Balaguer,sandaliosuarez@example.net,1977-08-07,Architect,151,Dominican Republic,Santo Domingo,Honorary,Withdrawn,2022-11-16 02:20:57,Email Campaign
3751,Wálter Miralles,aguileraadrian@example.com,2006-05-21,Project Manager,121,Dominican Republic,San Pedro de Macorís,Student,Approved,2025-05-13 07:54:44,Email Campaign
3752,Carmelita Torrent,rojascristina@example.org,1986-07-04,Financial Analyst,29,Dominican Republic,Santiago,Honorary,Rejected,2025-08-01 07:00:11,Website
3753,Carlos Belda,celsoyanez@example.org,2004-07-18,Business Consultant,234,Dominican Republic,Santiago,Student,Approved,2024-11-27 22:47:50,Referral
3754,Wilfredo Francisco,jose-angelpatino@example.org,1995-03-10,Architect,26,Dominican Republic,San Pedro de Macorís,Individual,Approved,2023-08-09 05:49:59,Event
3755,Martirio Guardia,pellicerleandro@example.net,1985-03-28,Business Consultant,247,Dominican Republic,San Francisco de Macorís,Student,Approved,2024-05-14 23:22:07,Walk-in
3756,Ceferino Riquelme,ainara07@example.net,1985-09-29,Financial Analyst,53,Dominican Republic,Punta Cana,Individual,Submitted,2023-04-02 22:58:15,Email Campaign
3757,Espiridión Campoy,amilcarcoloma@example.com,1981-08-28,Financial Analyst,293,Dominican Republic,Puerto Plata,Honorary,Approved,2025-01-06 22:42:02,Referral
3758,Isabela Landa,yalvaro@example.com,1997-01-06,Business Consultant,238,Dominican Republic,San Pedro de Macorís,Individual,Approved,2024-06-18 21:55:14,Event
3759,Mamen Cano,claverolorena@example.org,1986-01-04,Business Consultant,57,Dominican Republic,Santiago,Corporate,Approved,2022-03-27 14:48:11,Walk-in
3760,Roberta Barón,leocadia48@example.net,1976-10-05,Architect,168,Dominican Republic,La Romana,Student,Approved,2024-05-03 18:16:22,Email Campaign
3761,Clímaco Ayllón,goyoluis@example.com,2002-01-02,Marketing Specialist,128,Dominican Republic,San Francisco de Macorís,Student,Approved,2024-10-02 21:07:51,Walk-in
3762,Loreto Huguet,sigfridofranco@example.org,1975-11-13,Software Engineer,198,Dominican Republic,Santo Domingo,Student,Rejected,2024-05-02 15:53:58,Email Campaign
3763,Alma Pedrosa,guillermo70@example.org,1995-04-20,Financial Analyst,167,Dominican Republic,Santo Domingo,Student,Approved,2026-03-31 07:33:56,Email Campaign
3764,Trinidad Luján,ramirezmaria-manuela@example.com,1983-08-02,Lawyer,82,Dominican Republic,Puerto Plata,Individual,Approved,2025-06-26 11:46:24,Email Campaign
3765,Úrsula Sanchez,colladoclemente@example.com,1976-01-05,Civil Engineer,215,Dominican Republic,San Francisco de Macorís,Student,Pending Payment,2023-12-11 06:21:17,Email Campaign
3766,Valero Barriga,espejonestor@example.net,1999-06-20,Accountant,142,Dominican Republic,Santiago,Individual,Approved,2023-02-03 18:28:25,Website
3767,Carmina Goicoechea,zoraidasosa@example.org,1990-12-04,Software Engineer,125,Dominican Republic,San Pedro de Macorís,Honorary,Under Review,2026-03-27 15:23:53,Referral
3768,Reinaldo Pintor,santiagoreyes@example.net,1990-10-08,Project Manager,231,Dominican Republic,Punta Cana,Honorary,Withdrawn,2024-11-02 19:07:58,Website
3769,Angelino Pacheco,uriartemanola@example.org,2008-07-30,Business Consultant,188,Dominican Republic,Punta Cana,Honorary,Approved,2023-09-07 06:32:18,Referral
3770,Américo Bayón,oliverlorena@example.com,2006-01-05,Civil Engineer,201,Dominican Republic,Puerto Plata,Honorary,Approved,2022-05-13 15:35:30,Email Campaign
3771,Matilde Pinedo,jose-miguelbeltran@example.com,1995-09-07,Architect,24,Dominican Republic,San Francisco de Macorís,Individual,Under Review,2023-06-15 02:00:27,Walk-in
3772,Tamara Peña,fidela70@example.net,1996-02-19,Business Consultant,221,Dominican Republic,Santo Domingo,Honorary,Rejected,2023-11-04 10:25:09,Referral
3773,Loreto Marín,polpancho@example.net,2000-01-21,Data Analyst,81,Dominican Republic,Punta Cana,Student,Approved,2024-03-02 11:24:49,Email Campaign
3774,Íngrid Pacheco,manolamuniz@example.net,1982-07-17,Business Consultant,203,Dominican Republic,San Francisco de Macorís,Corporate,Approved,2024-10-14 00:20:37,Website
3775,Adelia Almazán,xpina@example.org,1995-04-07,Project Manager,71,Dominican Republic,San Pedro de Macorís,Individual,Approved,2023-11-14 13:28:57,Email Campaign
3776,Ruben Escolano,somozabrigida@example.net,1986-07-19,Data Analyst,65,Dominican Republic,Punta Cana,Student,Approved,2025-04-08 09:26:39,Walk-in
3777,Eugenio Esparza,lcano@example.net,2003-07-04,Data Analyst,94,Dominican Republic,Punta Cana,Student,Approved,2023-01-05 05:58:06,Event
3778,Segismundo Amo,paulinapinol@example.net,2003-07-08,Architect,253,Dominican Republic,La Romana,Honorary,Approved,2022-03-15 06:50:42,Email Campaign
3779,Domingo Rubio,carpioamando@example.net,2005-10-18,Software Engineer,86,Dominican Republic,Santiago,Honorary,Approved,2023-07-11 04:10:33,Referral
3780,Tristán Acero,lopezrafaela@example.net,1975-10-07,Business Consultant,8,Dominican Republic,Santiago,Student,Approved,2026-05-18 10:25:33,Email Campaign
3781,Bonifacio Solsona,avilessalud@example.org,1980-04-09,Accountant,207,Dominican Republic,Punta Cana,Student,Approved,2025-11-24 23:21:13,Referral
3782,Jenny Ramis,belenamador@example.com,2007-04-05,Software Engineer,191,Dominican Republic,San Pedro de Macorís,Honorary,Approved,2026-02-08 10:26:53,Event
3783,Íñigo Sola,yvalcarcel@example.org,1978-07-11,Business Consultant,36,Dominican Republic,Santiago,Student,Approved,2024-01-05 01:04:03,Website
3784,Hilda Simó,josepol@example.net,1980-01-19,Lawyer,19,Dominican Republic,San Pedro de Macorís,Honorary,Rejected,2022-07-04 04:57:59,Walk-in
3785,Cruz Narváez,tquero@example.com,1976-08-09,Architect,60,Dominican Republic,San Francisco de Macorís,Individual,Approved,2025-10-28 19:52:21,Referral
3786,Vinicio Francisco,dorotea56@example.net,2002-10-21,Financial Analyst,110,Dominican Republic,Puerto Plata,Individual,Approved,2022-08-08 23:21:09,Walk-in
3787,Dorita Diego,angelinopablo@example.org,1982-08-11,Civil Engineer,174,Dominican Republic,La Romana,Honorary,Approved,2024-10-13 08:25:51,Email Campaign
3788,Salvador Heredia,ulumbreras@example.net,2002-04-08,Lawyer,8,Dominican Republic,San Pedro de Macorís,Individual,Withdrawn,2023-02-19 14:05:26,Email Campaign
3789,Pastor Arribas,valcarcelpepe@example.org,1990-02-01,Architect,206,Dominican Republic,La Romana,Corporate,Approved,2025-08-15 15:08:17,Event
3790,Margarita Larrañaga,msuarez@example.com,1994-01-24,Project Manager,285,Dominican Republic,Puerto Plata,Student,Approved,2022-09-04 15:03:23,Referral
3791,Carmen Castrillo,trillolucia@example.com,1984-07-25,Financial Analyst,132,Dominican Republic,Santiago,Student,Approved,2025-12-26 00:50:59,Website
3792,Vinicio Luján,msanmartin@example.org,1988-05-13,Project Manager,33,Dominican Republic,La Romana,Corporate,Pending Payment,2024-06-25 16:04:57,Event
3793,Fátima Melero,brunildagutierrez@example.com,1988-10-19,Data Analyst,262,Dominican Republic,Santo Domingo,Honorary,Approved,2025-08-24 00:28:43,Referral
3794,Maricruz Casanova,pascualcoca@example.org,2004-04-22,Architect,244,Dominican Republic,Santiago,Honorary,Approved,2022-05-02 03:04:02,Referral
3795,Emma Folch,pintotecla@example.com,1990-02-18,Architect,200,Dominican Republic,Santo Domingo,Student,Approved,2022-09-12 05:04:28,Event
3796,Eustaquio Pizarro,kcaparros@example.org,1994-12-29,Financial Analyst,111,Dominican Republic,San Pedro de Macorís,Individual,Rejected,2025-03-23 09:26:14,Event
3797,Delfina Fajardo,rafaelharo@example.net,1976-12-03,Data Analyst,182,Dominican Republic,Santo Domingo,Student,Rejected,2023-06-18 04:57:31,Email Campaign
3798,Eulalia Benito,maria-del-carmentejera@example.net,1983-01-08,Financial Analyst,276,Dominican Republic,Punta Cana,Individual,Approved,2021-12-26 20:07:08,Email Campaign
3799,Miguel Ángel Pozuelo,aranzazutejada@example.com,1983-07-18,Data Analyst,241,Dominican Republic,San Francisco de Macorís,Individual,Rejected,2023-08-27 05:13:53,Event
3800,Narciso Muñoz,teoduarte@example.org,1980-04-07,Accountant,158,Dominican Republic,San Pedro de Macorís,Corporate,Approved,2024-01-02 16:04:06,Referral
3801,Maura Tudela,alexandra81@example.org,1981-12-26,Project Manager,65,Dominican Republic,San Pedro de Macorís,Student,Under Review,2026-05-27 01:58:10,Referral
3802,Fausto Quintana,luis-angelpedrosa@example.org,1991-01-10,Marketing Specialist,286,Dominican Republic,Puerto Plata,Honorary,Pending Payment,2023-08-12 17:29:53,Referral
3803,Concepción Dalmau,emigdioginer@example.org,1990-08-20,Project Manager,157,Dominican Republic,Santo Domingo,Student,Approved,2025-07-25 05:42:54,Event
3804,Arcelia Rosado,vicenta03@example.net,1997-10-18,Marketing Specialist,5,Dominican Republic,San Pedro de Macorís,Student,Approved,2024-01-03 02:17:51,Email Campaign
3805,Itziar Saavedra,piedad05@example.com,2008-06-30,Project Manager,74,Dominican Republic,Santiago,Individual,Approved,2025-10-02 09:56:57,Walk-in
3806,Jimena Uría,dbermudez@example.com,1982-08-01,Financial Analyst,85,Dominican Republic,La Romana,Individual,Approved,2022-04-13 04:59:28,Event
3807,Yaiza Casas,hector45@example.org,1987-07-19,Business Consultant,129,Dominican Republic,Punta Cana,Honorary,Approved,2023-10-04 03:55:28,Website
3808,Ani Benito,murilloana-belen@example.com,1976-09-21,Financial Analyst,31,Dominican Republic,San Pedro de Macorís,Individual,Approved,2022-11-05 23:56:52,Website
3809,Trinidad Segovia,aurelianollabres@example.net,1976-10-28,Accountant,152,Dominican Republic,Santo Domingo,Honorary,Approved,2023-04-02 04:18:26,Event
3810,Ricardo Perea,aortuno@example.org,2005-08-28,Architect,205,Dominican Republic,La Romana,Corporate,Withdrawn,2023-10-31 23:03:36,Walk-in
3811,Haroldo Flores,ramirezblanca@example.com,2005-12-04,Software Engineer,268,Dominican Republic,La Romana,Corporate,Approved,2025-07-26 20:37:32,Referral
3812,Adalberto Viñas,moreno06@example.net,2001-06-21,Financial Analyst,8,Dominican Republic,Puerto Plata,Corporate,Approved,2023-12-19 17:17:34,Referral
3813,Javier Llamas,nidia10@example.net,1977-12-10,Business Consultant,64,Dominican Republic,Punta Cana,Student,Approved,2021-10-13 09:13:42,Event
3814,Marcelo Coello,qsaez@example.net,1982-03-18,Financial Analyst,198,Dominican Republic,La Romana,Individual,Rejected,2024-08-13 11:54:08,Website
3815,León Conesa,abellacustodio@example.net,2002-11-09,Lawyer,122,Dominican Republic,Santiago,Corporate,Approved,2022-04-03 09:19:38,Walk-in
3816,Anselma Ricart,gargallofabricio@example.net,1995-08-05,Civil Engineer,15,Dominican Republic,Puerto Plata,Individual,Rejected,2023-09-27 06:45:03,Event
3817,Rafael Sanabria,humberto84@example.net,2005-11-07,Civil Engineer,180,Dominican Republic,Santo Domingo,Individual,Approved,2022-04-23 18:29:53,Referral
3818,Cosme Borrell,lilia70@example.org,1985-11-02,Civil Engineer,276,Dominican Republic,San Francisco de Macorís,Honorary,Approved,2025-07-18 22:00:47,Website
3819,Rafael Priego,brusabina@example.com,1985-05-21,Lawyer,67,Dominican Republic,La Romana,Student,Under Review,2023-01-09 03:38:57,Email Campaign
3820,Rodrigo Exposito,pepita55@example.com,1989-10-22,Data Analyst,129,Dominican Republic,Santiago,Individual,Approved,2023-01-13 04:12:00,Website
3821,Abraham Enríquez,gualnestor@example.net,1984-03-05,Civil Engineer,107,Dominican Republic,Santiago,Corporate,Approved,2024-12-17 13:39:12,Walk-in
3822,Esther Doménech,graciaiborra@example.net,1985-04-29,Business Consultant,93,Dominican Republic,La Romana,Honorary,Approved,2021-09-07 02:38:34,Event
3823,Amelia Blanco,qhoz@example.com,1983-06-10,Civil Engineer,271,Dominican Republic,Punta Cana,Student,Approved,2023-12-31 21:29:39,Walk-in
3824,Rogelio Piñol,ninoperla@example.com,1991-09-19,Data Analyst,76,Dominican Republic,San Pedro de Macorís,Corporate,Approved,2022-01-26 20:25:00,Event
3825,Lorena Ayuso,yayuso@example.org,2007-03-02,Lawyer,242,Dominican Republic,Santiago,Student,Approved,2026-02-13 10:15:00,Walk-in
3826,Reyna Benítez,salacrescencia@example.com,1979-05-02,Architect,249,Dominican Republic,Punta Cana,Individual,Approved,2024-12-23 03:37:35,Event
3827,Goyo Navas,carlitojover@example.net,2001-08-04,Civil Engineer,55,Dominican Republic,Puerto Plata,Student,Approved,2022-05-18 03:22:12,Website
3828,Manola Elías,donairefito@example.com,1997-03-09,Financial Analyst,231,Dominican Republic,San Pedro de Macorís,Honorary,Approved,2022-07-23 06:36:01,Referral
3829,Amarilis Neira,ybautista@example.net,1977-01-23,Project Manager,165,Dominican Republic,San Francisco de Macorís,Student,Rejected,2024-07-09 03:53:20,Referral
3830,Tristán Isern,alvarolupita@example.com,1984-10-29,Financial Analyst,84,Dominican Republic,Punta Cana,Student,Rejected,2022-09-08 08:26:31,Referral
3831,Gregorio Gil,trinidadpou@example.com,2000-07-06,Data Analyst,13,Dominican Republic,Puerto Plata,Individual,Approved,2021-10-03 02:31:57,Email Campaign
3832,Enrique Villaverde,edelmira15@example.com,1999-05-08,Business Consultant,116,Dominican Republic,Puerto Plata,Student,Approved,2024-05-14 10:08:55,Event
3833,Carmina Carnero,qcabeza@example.com,2000-05-20,Accountant,142,Dominican Republic,Santo Domingo,Student,Rejected,2025-09-04 17:27:19,Event
3834,Carlota Donaire,murgalo@example.net,2002-12-20,Accountant,59,Dominican Republic,San Francisco de Macorís,Honorary,Approved,2024-03-27 08:07:14,Walk-in
3835,Dora Escalona,checarmona@example.net,1998-12-22,Software Engineer,38,Dominican Republic,San Pedro de Macorís,Corporate,Approved,2022-07-10 16:36:31,Event
3836,Florina Luna,concepcionleon@example.net,1979-06-28,Architect,241,Dominican Republic,San Pedro de Macorís,Corporate,Approved,2024-02-13 09:17:10,Referral
3837,Damián Luís,blascoinocencio@example.net,2008-05-11,Marketing Specialist,281,Dominican Republic,San Francisco de Macorís,Student,Approved,2024-09-22 21:56:49,Walk-in
3838,Joaquina Puente,custodiacarrillo@example.com,2004-09-23,Data Analyst,232,Dominican Republic,San Francisco de Macorís,Student,Approved,2023-01-31 00:21:30,Email Campaign
3839,Seve Montoya,adelardocarrillo@example.org,2003-07-29,Civil Engineer,138,Dominican Republic,Santiago,Individual,Submitted,2021-11-28 15:18:00,Walk-in
3840,Cándido Sanjuan,tania02@example.org,1996-09-19,Business Consultant,145,Dominican Republic,La Romana,Individual,Rejected,2025-12-15 03:37:41,Referral
3841,Flor Mate,tristan98@example.net,2008-04-27,Data Analyst,164,Dominican Republic,Santiago,Individual,Rejected,2026-01-29 03:34:28,Referral
3842,Rosendo Quintana,etelvina48@example.org,1999-02-27,Accountant,138,Dominican Republic,Santo Domingo,Corporate,Approved,2026-04-07 03:51:20,Referral
3843,Eugenio Sierra,nereacasanovas@example.org,1998-03-04,Accountant,10,Dominican Republic,La Romana,Corporate,Under Review,2024-12-05 18:13:25,Website
3844,Zacarías Morillo,ricomateo@example.com,1999-04-03,Software Engineer,272,Dominican Republic,La Romana,Individual,Approved,2022-09-14 06:41:17,Walk-in
3845,Violeta Millán,nataliaconde@example.net,1979-07-07,Financial Analyst,38,Dominican Republic,Santo Domingo,Individual,Approved,2026-05-30 20:38:05,Website
3846,Fátima Amigó,cabellograciano@example.org,1993-04-01,Marketing Specialist,66,Dominican Republic,Punta Cana,Corporate,Withdrawn,2024-04-29 08:34:35,Website
3847,Sofía Cervantes,cristianpalomar@example.com,2003-11-06,Architect,56,Dominican Republic,San Pedro de Macorís,Student,Approved,2026-03-10 16:31:26,Email Campaign
3848,María Fernanda Donaire,luis-miguelespana@example.net,1984-03-05,Data Analyst,81,Dominican Republic,Santiago,Corporate,Rejected,2021-10-03 05:16:39,Referral
3849,Lucía Casares,socorroinfante@example.com,1981-07-28,Financial Analyst,242,Dominican Republic,Santo Domingo,Student,Approved,2024-12-29 00:00:54,Website
3850,Albina Bilbao,mercedescruz@example.org,1980-05-22,Marketing Specialist,86,Dominican Republic,Santo Domingo,Individual,Rejected,2024-04-24 15:55:56,Walk-in
3851,Jose Manuel Isern,jose-antoniorodrigo@example.com,2002-11-11,Lawyer,1,Dominican Republic,Punta Cana,Student,Approved,2021-12-26 01:24:11,Email Campaign
3852,Odalys Samper,bplaza@example.com,2001-12-09,Marketing Specialist,291,Dominican Republic,Punta Cana,Honorary,Approved,2022-10-18 00:34:40,Referral
3853,Esperanza Figuerola,troldan@example.com,2006-08-10,Financial Analyst,79,Dominican Republic,San Pedro de Macorís,Student,Approved,2025-08-24 07:11:48,Walk-in
3854,Marciano Azorin,itorrecilla@example.org,1976-12-30,Lawyer,172,Dominican Republic,Punta Cana,Corporate,Approved,2025-06-20 05:27:27,Website
3855,Florentina Neira,nadiamanzano@example.net,1977-05-29,Project Manager,4,Dominican Republic,San Francisco de Macorís,Honorary,Approved,2021-10-28 08:49:58,Website
3856,Jose Angel Gil,pellicerricarda@example.org,1976-04-13,Project Manager,24,Dominican Republic,Santiago,Honorary,Withdrawn,2025-11-04 15:07:35,Website
3857,Yéssica Coca,nazaret72@example.com,1985-01-20,Architect,213,Dominican Republic,Punta Cana,Honorary,Approved,2023-03-16 20:57:56,Referral
3858,Toni Olivares,sonia16@example.net,2003-03-27,Financial Analyst,79,Dominican Republic,Santo Domingo,Honorary,Approved,2026-03-05 04:29:23,Website
3859,Dora Galan,amaliarovira@example.net,2008-02-02,Business Consultant,10,Dominican Republic,La Romana,Honorary,Approved,2023-08-22 14:15:51,Website
3860,Custodia Montaña,isidorocalderon@example.net,1981-05-28,Project Manager,58,Dominican Republic,Punta Cana,Student,Approved,2025-12-31 07:24:23,Event
3861,Corona Farré,qfeliu@example.net,1981-04-23,Software Engineer,43,Dominican Republic,Puerto Plata,Corporate,Submitted,2025-07-23 03:45:09,Website
3862,Carmela Roldan,tejerasoledad@example.net,2006-11-26,Project Manager,259,Dominican Republic,La Romana,Individual,Approved,2021-12-27 05:31:01,Email Campaign
3863,Leocadio Escribano,pastorsaura@example.net,1983-07-04,Accountant,46,Dominican Republic,Santiago,Honorary,Pending Payment,2022-04-28 11:02:34,Website
3864,Azahar Pedrero,calistoberrocal@example.net,1990-02-25,Financial Analyst,296,Dominican Republic,Santo Domingo,Corporate,Under Review,2023-03-30 01:05:04,Walk-in
3865,Ileana Berrocal,melchoribanez@example.com,1999-09-15,Marketing Specialist,221,Dominican Republic,Santo Domingo,Student,Approved,2025-08-17 12:09:05,Email Campaign
3866,Lola Barberá,adrian70@example.com,1991-12-17,Architect,195,Dominican Republic,San Pedro de Macorís,Student,Approved,2024-11-02 17:40:46,Event
3867,Adolfo Martorell,genoveva99@example.net,2002-08-10,Architect,211,Dominican Republic,Santo Domingo,Honorary,Approved,2025-01-17 23:42:04,Email Campaign
3868,Hector Olivares,gpina@example.com,1999-08-12,Civil Engineer,283,Dominican Republic,La Romana,Student,Approved,2025-03-05 21:59:10,Walk-in
3869,Edgardo Bejarano,carinaalberdi@example.com,2006-09-04,Project Manager,43,Dominican Republic,San Pedro de Macorís,Student,Pending Payment,2024-09-12 07:22:39,Referral
3870,Camilo Jimenez,manola54@example.net,1981-06-23,Civil Engineer,229,Dominican Republic,Santo Domingo,Individual,Approved,2023-01-13 20:22:37,Walk-in
3871,Trinidad Peláez,nicodemo13@example.org,1999-09-26,Civil Engineer,50,Dominican Republic,San Francisco de Macorís,Student,Rejected,2021-12-11 04:33:56,Walk-in
3872,Manuelita Morán,orozcomacario@example.org,1995-06-11,Accountant,209,Dominican Republic,Santo Domingo,Honorary,Approved,2025-03-02 09:30:42,Email Campaign
3873,Horacio Pablo,cabezasamancio@example.net,1989-08-15,Project Manager,285,Dominican Republic,Punta Cana,Corporate,Approved,2025-11-19 15:51:08,Event
3874,Martin Noriega,graurosalinda@example.com,1983-06-14,Software Engineer,241,Dominican Republic,San Pedro de Macorís,Individual,Under Review,2025-01-25 10:57:31,Referral
3875,Maristela Pagès,naranjomacarena@example.org,1984-03-19,Marketing Specialist,36,Dominican Republic,San Francisco de Macorís,Student,Rejected,2022-03-15 09:07:45,Referral
3876,Amparo Gámez,jcisneros@example.org,1984-07-09,Marketing Specialist,216,Dominican Republic,Santiago,Individual,Rejected,2022-10-17 01:39:33,Email Campaign
3877,Simón Torrens,tariza@example.org,2005-09-16,Data Analyst,18,Dominican Republic,La Romana,Corporate,Approved,2023-02-12 16:38:18,Email Campaign
3878,Inocencio Caparrós,ascensionbernat@example.com,1977-10-17,Marketing Specialist,210,Dominican Republic,La Romana,Honorary,Withdrawn,2026-02-16 00:46:39,Walk-in
3879,Olalla Grau,rosalinda47@example.net,1998-11-07,Architect,278,Dominican Republic,San Francisco de Macorís,Corporate,Approved,2024-05-16 11:34:28,Referral
3880,Saturnina Chamorro,bejaranovanesa@example.org,1990-08-29,Financial Analyst,288,Dominican Republic,Puerto Plata,Honorary,Rejected,2024-05-07 05:06:16,Referral
3881,Cándida Rocha,maritavalenciano@example.org,1978-01-15,Project Manager,111,Dominican Republic,Santiago,Individual,Approved,2022-05-25 04:46:27,Email Campaign
3882,Mariano Fuster,cruzalegre@example.net,1992-10-15,Software Engineer,170,Dominican Republic,Puerto Plata,Honorary,Pending Payment,2025-01-28 02:07:41,Referral
3883,Felix Hernando,rosaleslupita@example.com,2002-03-27,Lawyer,37,Dominican Republic,Santo Domingo,Corporate,Submitted,2023-11-09 18:21:43,Walk-in
3884,Ignacia Amo,gutierrezodalys@example.net,1978-11-24,Project Manager,95,Dominican Republic,San Francisco de Macorís,Honorary,Approved,2025-12-25 12:52:08,Referral
3885,Nicolasa Alfonso,julierios@example.com,1994-04-06,Marketing Specialist,159,Dominican Republic,Punta Cana,Corporate,Approved,2024-10-25 05:52:31,Walk-in
3886,Ligia Bru,arribasefrain@example.org,1992-09-07,Financial Analyst,287,Dominican Republic,Punta Cana,Student,Rejected,2022-12-14 08:20:17,Walk-in
3887,Marco Benitez,amado81@example.com,1977-03-12,Civil Engineer,181,Dominican Republic,Santiago,Student,Rejected,2022-10-18 08:03:55,Event
3888,Aura Juárez,bbarros@example.net,1994-05-14,Civil Engineer,17,Dominican Republic,La Romana,Honorary,Approved,2025-08-26 20:03:28,Event
3889,Berta Salinas,geronimobaro@example.com,1994-12-20,Project Manager,73,Dominican Republic,San Pedro de Macorís,Student,Approved,2025-09-19 15:37:00,Email Campaign
3890,Rosalva Alba,gracianacastellanos@example.org,1985-03-06,Marketing Specialist,240,Dominican Republic,San Francisco de Macorís,Individual,Pending Payment,2023-03-31 23:25:51,Walk-in
3891,Fidela Merino,njaume@example.net,1982-08-14,Marketing Specialist,274,Dominican Republic,Puerto Plata,Corporate,Approved,2024-04-04 22:36:09,Walk-in
3892,Marcos Castilla,arocasergio@example.com,1977-11-26,Lawyer,217,Dominican Republic,Santiago,Corporate,Approved,2022-01-12 13:12:00,Website
3893,Noa Almansa,pia60@example.org,1976-01-20,Accountant,78,Dominican Republic,Santo Domingo,Corporate,Submitted,2024-02-19 22:04:49,Website
3894,Dan Flores,guitartnicodemo@example.com,1987-01-04,Architect,215,Dominican Republic,San Francisco de Macorís,Individual,Approved,2025-07-10 02:12:18,Website
3895,Concepción Mateos,asdrubalsureda@example.org,1998-12-10,Data Analyst,265,Dominican Republic,Punta Cana,Honorary,Approved,2022-09-27 04:04:08,Referral
3896,Iris Guerra,teo72@example.net,1978-07-17,Lawyer,20,Dominican Republic,Puerto Plata,Student,Rejected,2025-10-23 10:26:39,Email Campaign
3897,René Benítez,fsantiago@example.com,1991-11-06,Civil Engineer,169,Dominican Republic,Santiago,Corporate,Approved,2025-05-17 11:09:39,Website
3898,Yéssica Peláez,gelabertangelita@example.com,1991-06-17,Project Manager,113,Dominican Republic,San Francisco de Macorís,Individual,Rejected,2022-04-20 07:55:47,Website
3899,Eduardo Garcés,godoyencarnacion@example.com,1997-07-13,Marketing Specialist,182,Dominican Republic,San Pedro de Macorís,Corporate,Approved,2023-01-07 04:19:37,Email Campaign
3900,Ariel Lobato,cgomila@example.com,1987-12-09,Project Manager,116,Dominican Republic,Punta Cana,Honorary,Approved,2022-08-24 00:17:16,Website
3901,Diana Iriarte,nestor86@example.net,2003-02-26,Architect,4,Dominican Republic,Puerto Plata,Corporate,Approved,2022-05-15 07:16:08,Referral
3902,Filomena Sastre,lisandrocarballo@example.net,1994-07-19,Marketing Specialist,291,Dominican Republic,Santiago,Student,Rejected,2021-11-28 22:11:13,Event
3903,Andrea Quevedo,luisa03@example.net,1997-03-17,Business Consultant,27,Dominican Republic,San Francisco de Macorís,Student,Approved,2022-07-24 01:11:25,Website
3904,Pablo Tormo,arcelia59@example.org,2006-07-06,Civil Engineer,198,Dominican Republic,Puerto Plata,Student,Approved,2022-07-21 06:03:32,Website
3905,María Fernanda Morell,giselaposada@example.net,1980-06-01,Project Manager,290,Dominican Republic,San Pedro de Macorís,Individual,Approved,2021-12-06 05:12:04,Event
3906,Porfirio Lorenzo,eliana33@example.net,1981-11-11,Accountant,124,Dominican Republic,San Pedro de Macorís,Honorary,Submitted,2025-06-17 20:33:45,Website
3907,Ceferino Molina,americo63@example.net,1986-05-01,Lawyer,90,Dominican Republic,Santo Domingo,Student,Approved,2025-03-24 03:55:12,Website
3908,Teresita Sastre,checabaltasar@example.net,1991-07-31,Accountant,181,Dominican Republic,Santo Domingo,Honorary,Approved,2022-04-14 21:12:21,Referral
3909,María Jesús Padilla,alvarolorenzo@example.org,1977-07-10,Accountant,268,Dominican Republic,Santo Domingo,Individual,Under Review,2024-08-05 21:47:06,Event
3910,Plinio Olivé,marisol35@example.com,1985-04-03,Marketing Specialist,47,Dominican Republic,Santo Domingo,Student,Approved,2021-12-15 16:06:13,Walk-in
3911,Vinicio Villalonga,dsarmiento@example.net,2008-07-27,Project Manager,36,Dominican Republic,Santiago,Honorary,Approved,2025-12-06 14:19:40,Email Campaign
3912,Sandra Zaragoza,fidelacerda@example.org,2001-08-01,Lawyer,199,Dominican Republic,Puerto Plata,Corporate,Approved,2021-11-30 23:35:20,Email Campaign
3913,Manu Arias,rchaves@example.net,1975-12-16,Financial Analyst,124,Dominican Republic,San Pedro de Macorís,Individual,Withdrawn,2024-01-04 02:49:02,Walk-in
3914,Alfredo Menéndez,hbayo@example.org,1985-09-07,Civil Engineer,224,Dominican Republic,Santiago,Honorary,Approved,2025-01-27 09:54:36,Referral
3915,Curro Salcedo,guiomar78@example.net,1976-03-06,Lawyer,27,Dominican Republic,San Pedro de Macorís,Individual,Approved,2024-01-11 03:05:59,Event
3916,Claudio Alvarado,carmina66@example.com,1978-06-06,Marketing Specialist,104,Dominican Republic,San Francisco de Macorís,Honorary,Approved,2026-02-02 00:23:05,Email Campaign
3917,Silvio Jimenez,eustaquio62@example.com,1985-11-15,Architect,256,Dominican Republic,La Romana,Corporate,Submitted,2025-11-18 16:03:31,Walk-in
3918,Benigno Jordán,fsoriano@example.org,2003-01-16,Data Analyst,271,Dominican Republic,Puerto Plata,Corporate,Rejected,2021-10-13 11:28:40,Walk-in
3919,Desiderio Vallés,xsolano@example.org,1983-07-03,Marketing Specialist,83,Dominican Republic,Santiago,Student,Approved,2023-09-17 05:43:25,Event
3920,Faustino Morera,sarevalo@example.com,1998-02-02,Accountant,282,Dominican Republic,La Romana,Individual,Under Review,2024-02-24 11:04:28,Email Campaign
3921,Jacobo Andres,ihidalgo@example.com,2004-03-25,Architect,154,Dominican Republic,San Pedro de Macorís,Individual,Approved,2024-11-06 15:00:41,Referral
3922,Georgina Rocha,mjerez@example.net,1977-09-06,Project Manager,134,Dominican Republic,Puerto Plata,Honorary,Under Review,2023-06-21 00:13:27,Event
3923,Feliciana Barberá,nazaret38@example.org,2002-12-17,Business Consultant,76,Dominican Republic,Punta Cana,Corporate,Submitted,2025-08-06 12:03:23,Walk-in
3924,Vasco Vall,juan-carlosquintero@example.net,1981-02-12,Lawyer,126,Dominican Republic,Santiago,Individual,Approved,2024-01-23 23:53:08,Event
3925,Adelia Alonso,rita81@example.org,2007-04-05,Financial Analyst,97,Dominican Republic,La Romana,Honorary,Approved,2023-04-13 05:19:23,Website
3926,Benigno Buendía,pmaldonado@example.org,1984-01-25,Marketing Specialist,17,Dominican Republic,Puerto Plata,Individual,Approved,2022-05-12 22:51:37,Website
3927,Odalys Lamas,jennifer65@example.org,1993-01-01,Marketing Specialist,117,Dominican Republic,San Francisco de Macorís,Individual,Under Review,2022-09-17 05:06:13,Email Campaign
3928,Flavio Silva,dorotea17@example.org,1976-05-19,Lawyer,174,Dominican Republic,Santiago,Honorary,Approved,2023-09-28 05:54:31,Referral
3929,Kike Herranz,mlillo@example.net,2004-04-28,Civil Engineer,295,Dominican Republic,Punta Cana,Individual,Approved,2022-12-18 23:31:17,Website
3930,Paulino Piquer,bmarti@example.net,1986-11-23,Accountant,50,Dominican Republic,Santiago,Honorary,Approved,2023-06-09 04:31:35,Referral
3931,Ricardo Cervera,ciriaco23@example.org,1978-02-17,Marketing Specialist,164,Dominican Republic,Santo Domingo,Honorary,Approved,2024-07-06 10:25:58,Website
3932,Juan Canales,carballodora@example.org,1997-06-04,Lawyer,54,Dominican Republic,Puerto Plata,Individual,Approved,2022-10-27 00:18:07,Website
3933,Amaro Pinilla,torrijoscristian@example.org,2000-09-21,Business Consultant,274,Dominican Republic,La Romana,Student,Submitted,2025-01-25 19:02:46,Walk-in
3934,Florentina Frías,aparicioponcio@example.org,1981-08-26,Architect,92,Dominican Republic,San Pedro de Macorís,Student,Approved,2022-04-17 00:12:17,Walk-in
3935,Imelda Mendoza,fernando67@example.net,2007-11-04,Marketing Specialist,45,Dominican Republic,Puerto Plata,Individual,Rejected,2023-09-23 22:31:29,Website
3936,Marianela Pavón,charolara@example.net,1980-04-11,Financial Analyst,10,Dominican Republic,La Romana,Student,Approved,2024-05-03 10:49:03,Referral
3937,Matilde Rodriguez,casalspepita@example.com,1979-05-06,Software Engineer,123,Dominican Republic,San Pedro de Macorís,Corporate,Rejected,2024-04-23 05:17:12,Email Campaign
3938,Guiomar Merino,macaria26@example.net,1978-07-19,Civil Engineer,164,Dominican Republic,San Francisco de Macorís,Individual,Withdrawn,2026-03-11 16:15:00,Event
3939,Leonardo Mur,hugo75@example.net,1980-11-22,Business Consultant,56,Dominican Republic,Santiago,Student,Pending Payment,2025-01-24 03:08:28,Walk-in
3940,Benita Castejón,benito81@example.com,2004-08-14,Software Engineer,101,Dominican Republic,San Pedro de Macorís,Corporate,Approved,2024-04-17 20:38:16,Website
3941,Amílcar España,eliseoferrero@example.com,1994-07-15,Architect,104,Dominican Republic,San Francisco de Macorís,Student,Pending Payment,2024-10-19 16:46:57,Event
3942,Dorita Grau,ariadna03@example.net,2000-09-18,Accountant,5,Dominican Republic,San Francisco de Macorís,Honorary,Approved,2024-06-26 04:32:12,Walk-in
3943,Sara Duarte,navarreteamaro@example.com,1986-05-28,Software Engineer,252,Dominican Republic,Punta Cana,Student,Under Review,2022-01-14 08:56:44,Event
3944,Salud Valencia,sanmartinnuria@example.org,1987-12-02,Lawyer,92,Dominican Republic,La Romana,Student,Approved,2023-11-09 05:46:32,Email Campaign
3945,Modesta Mariño,pepitoescriva@example.com,1999-08-04,Accountant,116,Dominican Republic,Puerto Plata,Corporate,Withdrawn,2025-09-04 11:16:19,Walk-in
3946,América Torres,sisern@example.com,1994-11-20,Business Consultant,145,Dominican Republic,Punta Cana,Honorary,Approved,2024-12-21 02:04:24,Referral
3947,Juan Luis Higueras,mazateofilo@example.com,2003-02-04,Lawyer,39,Dominican Republic,Santiago,Honorary,Submitted,2022-02-06 01:09:53,Website
3948,Atilio Royo,pomaresclementina@example.net,2005-05-18,Software Engineer,99,Dominican Republic,Santiago,Corporate,Approved,2025-12-30 12:22:50,Email Campaign
3949,Ámbar Cerdá,imartorell@example.com,1979-12-06,Financial Analyst,6,Dominican Republic,San Pedro de Macorís,Honorary,Rejected,2025-07-17 02:40:59,Walk-in
3950,Prudencio Patiño,anabelsevillano@example.net,1983-05-26,Lawyer,107,Dominican Republic,Puerto Plata,Individual,Approved,2024-08-22 06:48:46,Referral
3951,Vanesa Manrique,lalmansa@example.org,1980-05-26,Software Engineer,35,Dominican Republic,Santiago,Student,Approved,2022-09-06 14:27:42,Referral
3952,Alfredo Izquierdo,solefaustino@example.com,1984-04-06,Project Manager,227,Dominican Republic,Puerto Plata,Corporate,Rejected,2024-08-30 08:03:06,Walk-in
3953,Lupe Figuerola,farranz@example.com,1977-09-14,Lawyer,0,Dominican Republic,Puerto Plata,Student,Approved,2023-07-18 05:39:03,Referral
3954,Epifanio Iriarte,canguita@example.net,1980-07-10,Marketing Specialist,109,Dominican Republic,Punta Cana,Honorary,Rejected,2025-01-10 15:44:11,Website
3955,Elías Palomo,tapiamanu@example.org,1979-11-17,Architect,71,Dominican Republic,Punta Cana,Individual,Approved,2025-01-01 15:43:05,Website
3956,María Ángeles Barberá,eleuterioperal@example.org,1997-09-24,Business Consultant,190,Dominican Republic,San Pedro de Macorís,Student,Approved,2023-08-13 21:54:09,Walk-in
3957,Maribel Martinez,ileanaverdugo@example.net,1984-06-12,Civil Engineer,133,Dominican Republic,San Pedro de Macorís,Honorary,Approved,2023-12-04 16:30:20,Website
3958,Fabián Segura,fabricio36@example.org,2002-05-27,Marketing Specialist,112,Dominican Republic,Santiago,Corporate,Approved,2025-11-24 07:02:53,Referral
3959,Domitila Lamas,vjauregui@example.com,1996-03-19,Project Manager,190,Dominican Republic,Punta Cana,Individual,Approved,2024-08-30 16:44:02,Email Campaign
3960,Leonor Pablo,hvendrell@example.org,1990-11-29,Architect,35,Dominican Republic,Punta Cana,Individual,Pending Payment,2023-04-17 13:26:34,Event
3961,Lucila Canales,rmaestre@example.net,2005-01-06,Business Consultant,31,Dominican Republic,Santo Domingo,Honorary,Approved,2022-11-15 08:00:33,Walk-in
3962,Valentín Campillo,eligiocodina@example.net,1985-03-02,Software Engineer,181,Dominican Republic,Punta Cana,Individual,Rejected,2021-11-07 07:45:47,Website
3963,Felix Garcés,rufinocastello@example.com,1988-10-30,Civil Engineer,14,Dominican Republic,Puerto Plata,Honorary,Approved,2022-07-09 19:34:53,Website
3964,Íñigo Real,leocadia04@example.org,1985-02-09,Accountant,37,Dominican Republic,Punta Cana,Corporate,Approved,2024-12-17 17:34:05,Email Campaign
3965,Nicodemo Pazos,berrocalfernando@example.net,1988-07-01,Software Engineer,11,Dominican Republic,Santo Domingo,Honorary,Rejected,2023-08-14 17:49:00,Email Campaign
3966,Anna Bernad,alcazarpancho@example.org,2007-07-21,Civil Engineer,279,Dominican Republic,Puerto Plata,Individual,Approved,2022-10-21 21:10:03,Email Campaign
3967,Laura Castro,anselmotapia@example.net,1985-07-31,Architect,260,Dominican Republic,La Romana,Honorary,Approved,2024-07-12 12:02:53,Event
3968,Diana Palacios,nadiazorrilla@example.net,2007-11-18,Business Consultant,284,Dominican Republic,Punta Cana,Honorary,Approved,2022-10-18 16:42:24,Website
3969,Vasco Rivera,ytirado@example.com,1981-11-09,Marketing Specialist,220,Dominican Republic,Santo Domingo,Individual,Approved,2023-05-28 16:07:07,Walk-in
3970,Etelvina Gallo,jovita43@example.org,2003-07-18,Data Analyst,174,Dominican Republic,San Pedro de Macorís,Individual,Approved,2025-07-15 00:52:59,Email Campaign
3971,Guillermo Cañas,nvina@example.net,1989-11-16,Data Analyst,140,Dominican Republic,La Romana,Corporate,Approved,2023-03-30 02:36:57,Email Campaign
3972,Cebrián Ocaña,armengolalbano@example.org,1988-07-21,Architect,220,Dominican Republic,La Romana,Corporate,Approved,2021-08-30 04:26:16,Event
3973,Amelia Sainz,borjajimenez@example.org,2006-01-24,Civil Engineer,110,Dominican Republic,Santiago,Individual,Rejected,2023-10-15 19:14:34,Event
3974,Josefina Vélez,ypineiro@example.com,1983-01-06,Lawyer,196,Dominican Republic,San Francisco de Macorís,Honorary,Approved,2025-11-16 00:55:10,Walk-in
3975,Borja Paniagua,alba31@example.org,1987-10-06,Lawyer,34,Dominican Republic,Puerto Plata,Corporate,Approved,2023-03-12 17:39:58,Referral
3976,Adalberto Ferreras,santanaivan@example.org,1998-04-13,Architect,157,Dominican Republic,Santiago,Honorary,Approved,2024-09-21 11:13:10,Email Campaign
3977,Aurelio Tamayo,prudenciaguijarro@example.com,1990-12-07,Software Engineer,9,Dominican Republic,Santiago,Student,Pending Payment,2023-08-03 08:05:25,Event
3978,Cruz Castillo,rfernandez@example.org,2000-11-23,Lawyer,55,Dominican Republic,Punta Cana,Corporate,Approved,2024-04-19 02:10:26,Website
3979,Asunción Nieto,cuestaisaura@example.net,1991-02-02,Business Consultant,73,Dominican Republic,Santo Domingo,Honorary,Withdrawn,2024-10-28 00:37:52,Event
3980,Elvira Amor,sergioalfaro@example.org,1996-04-25,Project Manager,176,Dominican Republic,Punta Cana,Honorary,Approved,2022-02-24 10:46:32,Website
3981,Agustina Contreras,amarotejedor@example.org,2005-04-18,Lawyer,3,Dominican Republic,Santiago,Honorary,Withdrawn,2022-12-25 09:30:16,Referral
3982,Marisa Carrión,ovidio23@example.net,1997-07-13,Marketing Specialist,239,Dominican Republic,Puerto Plata,Honorary,Approved,2024-05-26 09:33:49,Walk-in
3983,Clotilde Reyes,catalajoel@example.org,1978-03-18,Accountant,89,Dominican Republic,Santiago,Corporate,Approved,2024-06-09 09:22:11,Event
3984,Obdulia Villalobos,horozco@example.com,1987-12-03,Architect,244,Dominican Republic,La Romana,Honorary,Withdrawn,2025-06-09 20:17:33,Walk-in
3985,Montserrat Andreu,florencioferrandiz@example.org,2003-07-07,Architect,116,Dominican Republic,San Pedro de Macorís,Corporate,Approved,2026-05-03 01:24:51,Email Campaign
3986,Begoña Barberá,macero@example.com,2007-08-05,Architect,198,Dominican Republic,La Romana,Student,Withdrawn,2022-03-22 01:36:00,Event
3987,Adela Navarrete,domingueznatalia@example.net,1985-02-28,Financial Analyst,281,Dominican Republic,San Pedro de Macorís,Student,Approved,2022-09-08 02:17:55,Website
3988,Ismael Amador,salcedoarmida@example.net,1994-03-26,Data Analyst,220,Dominican Republic,Santo Domingo,Student,Approved,2025-04-01 14:45:48,Email Campaign
3989,Ana Olmedo,vmorata@example.net,1994-01-22,Financial Analyst,50,Dominican Republic,La Romana,Honorary,Approved,2024-07-11 04:18:52,Walk-in
3990,Adelardo Nevado,mateosnico@example.org,1985-09-27,Lawyer,287,Dominican Republic,Santiago,Corporate,Approved,2025-05-16 19:02:02,Referral
3991,Gabriel Hurtado,nrevilla@example.com,1998-09-08,Data Analyst,186,Dominican Republic,San Francisco de Macorís,Student,Approved,2024-12-29 20:55:34,Event
3992,Eduardo Salinas,angelicaroman@example.com,1979-03-14,Business Consultant,222,Dominican Republic,Santiago,Student,Approved,2026-03-31 01:24:36,Website
3993,Viviana Casanovas,maria-fernanda20@example.com,2002-08-20,Civil Engineer,61,Dominican Republic,San Pedro de Macorís,Individual,Approved,2023-07-28 20:06:47,Walk-in
3994,Florina León,xiomara04@example.com,1980-08-15,Project Manager,44,Dominican Republic,La Romana,Honorary,Approved,2022-07-21 06:14:34,Website
3995,Amanda Polo,gloria34@example.net,2005-03-29,Business Consultant,155,Dominican Republic,Santiago,Individual,Rejected,2023-05-12 20:43:58,Referral
3996,Rosa Macías,roigmiguela@example.net,2001-03-28,Project Manager,263,Dominican Republic,San Francisco de Macorís,Corporate,Under Review,2024-11-11 03:14:02,Referral
3997,Vidal Jerez,salacayetana@example.net,1994-09-10,Software Engineer,177,Dominican Republic,Puerto Plata,Student,Approved,2025-03-21 00:30:26,Website
3998,Cintia Vicente,berta57@example.com,1996-10-05,Business Consultant,155,Dominican Republic,La Romana,Corporate,Rejected,2022-04-16 23:22:50,Referral
3999,Maricruz Boix,pratsflavia@example.com,1991-03-22,Project Manager,185,Dominican Republic,Santiago,Student,Under Review,2022-12-08 15:54:10,Email Campaign
4000,Timoteo Manjón,varelavictorino@example.net,1983-09-06,Architect,128,Dominican Republic,San Pedro de Macorís,Honorary,Under Review,2025-06-23 22:35:14,Website
4001,Brígida Molins,waltersuarez@example.org,1978-02-10,Project Manager,208,Dominican Republic,Santiago,Corporate,Submitted,2023-01-05 05:24:22,Website
4002,León Garcia,rosadomanu@example.com,1987-10-09,Project Manager,250,Dominican Republic,San Pedro de Macorís,Honorary,Approved,2026-02-01 03:32:01,Website
4003,Eugenio Jordán,valentinalcaraz@example.com,1990-08-19,Lawyer,60,Dominican Republic,Punta Cana,Student,Approved,2021-09-03 07:26:40,Website
4004,Luís Ariza,yfont@example.com,1977-12-20,Marketing Specialist,10,Dominican Republic,La Romana,Corporate,Approved,2025-12-24 01:47:09,Walk-in
4005,Pili Salvador,rufino92@example.com,2006-04-08,Data Analyst,285,Dominican Republic,Santo Domingo,Student,Approved,2022-11-02 09:23:39,Event
4006,Marita Ayllón,guiomarcuenca@example.com,2008-01-25,Civil Engineer,126,Dominican Republic,Puerto Plata,Corporate,Withdrawn,2023-06-04 02:04:46,Referral
4007,Octavio Valderrama,chicoprudencio@example.com,2005-12-18,Lawyer,294,Dominican Republic,San Pedro de Macorís,Student,Approved,2025-10-06 19:12:58,Email Campaign
4008,Gil Belmonte,reynaibanez@example.org,1976-07-23,Lawyer,296,Dominican Republic,Santiago,Corporate,Approved,2026-05-08 13:16:04,Website
4009,Mercedes Noguera,kvelasco@example.com,2002-06-12,Architect,204,Dominican Republic,San Francisco de Macorís,Student,Rejected,2022-08-18 12:17:40,Event
4010,Quirino Guillén,julietamayol@example.org,1987-03-25,Data Analyst,287,Dominican Republic,San Pedro de Macorís,Student,Under Review,2024-12-14 09:07:58,Website
4011,Ricardo Aller,abascalsara@example.com,2006-11-04,Project Manager,108,Dominican Republic,Santo Domingo,Individual,Approved,2025-10-29 14:23:07,Email Campaign
4012,Obdulia Garcia,sarteaga@example.org,1976-09-11,Data Analyst,112,Dominican Republic,Punta Cana,Student,Approved,2023-05-15 22:53:35,Walk-in
4013,Valeria Leiva,hoyospaca@example.net,1989-06-13,Business Consultant,43,Dominican Republic,Santo Domingo,Corporate,Approved,2024-07-12 02:11:33,Walk-in
4014,Francisca Fajardo,dionisiavillalba@example.com,1990-05-27,Lawyer,247,Dominican Republic,Santo Domingo,Corporate,Approved,2026-03-18 09:50:21,Event
4015,Juanito Salcedo,vamoros@example.com,2002-11-28,Financial Analyst,118,Dominican Republic,San Pedro de Macorís,Student,Approved,2022-01-07 23:13:06,Walk-in
4016,Teodosio Arregui,valenzuelalalo@example.com,1979-01-10,Accountant,73,Dominican Republic,Santo Domingo,Corporate,Approved,2024-01-06 11:50:01,Event
4017,Mirta Heras,salomesalgado@example.org,1977-05-18,Civil Engineer,288,Dominican Republic,San Francisco de Macorís,Corporate,Withdrawn,2024-01-05 19:35:12,Event
4018,Luz Bernad,smendizabal@example.org,1988-10-30,Software Engineer,16,Dominican Republic,Santo Domingo,Honorary,Rejected,2026-05-31 02:04:14,Walk-in
4019,Urbano Blanca,ggomez@example.net,1991-03-31,Civil Engineer,250,Dominican Republic,Santo Domingo,Student,Approved,2025-05-13 10:51:54,Walk-in
4020,Gilberto Bernad,tecla77@example.com,2003-12-21,Accountant,67,Dominican Republic,La Romana,Corporate,Approved,2021-09-14 02:03:47,Walk-in
4021,Mamen Morcillo,reinaldo86@example.com,1979-10-18,Lawyer,289,Dominican Republic,La Romana,Honorary,Under Review,2026-02-07 07:37:14,Email Campaign
4022,Eustaquio Manrique,emelendez@example.com,1981-06-10,Data Analyst,32,Dominican Republic,San Francisco de Macorís,Individual,Approved,2025-10-23 03:50:44,Event
4023,Antonia Pardo,eulaliabartolome@example.com,1979-05-08,Business Consultant,176,Dominican Republic,Santiago,Corporate,Approved,2025-12-05 21:45:13,Email Campaign
4024,Angelita Soriano,silviogalan@example.net,1984-06-07,Project Manager,198,Dominican Republic,San Francisco de Macorís,Individual,Approved,2023-02-11 06:02:34,Website
4025,Celestino Cuevas,hernandogilabert@example.net,2005-03-26,Accountant,109,Dominican Republic,San Francisco de Macorís,Student,Approved,2026-02-09 06:35:07,Referral
4026,Teófila Cuervo,miralleschus@example.org,1976-02-18,Lawyer,225,Dominican Republic,San Pedro de Macorís,Honorary,Approved,2025-07-28 03:30:10,Email Campaign
4027,Jovita Casado,rosalindachacon@example.net,1999-05-01,Architect,48,Dominican Republic,Santiago,Corporate,Approved,2021-09-15 16:03:55,Walk-in
4028,Luis Miguel Llano,agueda56@example.com,2007-01-27,Business Consultant,94,Dominican Republic,Punta Cana,Student,Withdrawn,2025-10-04 08:20:01,Referral
4029,Calisto Parra,dan76@example.com,1975-11-20,Software Engineer,121,Dominican Republic,Santo Domingo,Individual,Approved,2024-03-04 14:32:11,Referral
4030,Maximiano Rios,coronablazquez@example.org,1989-04-27,Marketing Specialist,260,Dominican Republic,Santo Domingo,Honorary,Approved,2024-04-15 06:53:28,Website
4031,Raimundo Sacristán,ytur@example.net,2007-11-02,Business Consultant,29,Dominican Republic,Puerto Plata,Student,Approved,2025-06-24 06:15:36,Walk-in
4032,Maricruz Pulido,olga76@example.com,1989-04-14,Software Engineer,116,Dominican Republic,Santiago,Corporate,Rejected,2023-10-16 19:36:59,Event
4033,Alicia Prado,osorioedgardo@example.org,1992-08-30,Architect,176,Dominican Republic,Santo Domingo,Honorary,Approved,2024-07-23 09:59:33,Email Campaign
4034,Remedios Chaves,vmercader@example.com,2007-03-05,Civil Engineer,236,Dominican Republic,Puerto Plata,Corporate,Pending Payment,2023-03-23 16:54:11,Referral
4035,Calisto Tudela,bernabe49@example.net,1993-12-05,Accountant,215,Dominican Republic,San Pedro de Macorís,Corporate,Approved,2026-01-25 12:44:44,Walk-in
4036,Ana Belén Ángel,doritavallejo@example.com,1980-07-13,Marketing Specialist,115,Dominican Republic,San Francisco de Macorís,Individual,Approved,2025-08-18 20:59:25,Walk-in
4037,Poncio Martínez,erasmo20@example.com,1978-04-07,Marketing Specialist,93,Dominican Republic,Puerto Plata,Student,Approved,2026-05-13 00:56:08,Event
4038,Porfirio Armas,mdominguez@example.net,1991-07-20,Business Consultant,173,Dominican Republic,San Pedro de Macorís,Student,Rejected,2023-08-17 01:59:03,Website
4039,Filomena Zorrilla,cllorens@example.org,1988-07-28,Accountant,159,Dominican Republic,Punta Cana,Corporate,Approved,2025-09-21 20:12:59,Event
4040,Enrique Mayoral,mrosales@example.net,1976-12-02,Lawyer,47,Dominican Republic,Santiago,Honorary,Withdrawn,2023-09-28 07:39:28,Website
4041,Fermín Bonilla,jose-miguel03@example.org,1994-02-26,Civil Engineer,234,Dominican Republic,La Romana,Corporate,Approved,2023-04-07 20:15:47,Email Campaign
4042,Claudia Haro,otiliaaller@example.org,1979-05-04,Architect,134,Dominican Republic,La Romana,Individual,Rejected,2022-08-08 21:05:45,Walk-in
4043,Nicolasa Verdugo,guiomar06@example.com,1984-03-16,Civil Engineer,16,Dominican Republic,Puerto Plata,Student,Under Review,2025-12-01 17:24:34,Referral
4044,Bernardita Morales,azeneth75@example.com,1980-03-09,Accountant,197,Dominican Republic,Santiago,Honorary,Rejected,2024-02-11 09:18:10,Referral
4045,Pelayo Corral,vcalvet@example.org,1985-01-19,Project Manager,125,Dominican Republic,Santo Domingo,Individual,Approved,2023-04-16 23:23:57,Referral
4046,Sergio Sebastián,osvaldo78@example.org,1986-06-12,Data Analyst,172,Dominican Republic,Santiago,Student,Under Review,2022-04-09 03:35:52,Referral
4047,Víctor Folch,qborrell@example.org,1986-10-24,Software Engineer,175,Dominican Republic,Puerto Plata,Individual,Approved,2024-08-14 09:30:39,Walk-in
4048,Régulo Rodrigo,qhuertas@example.org,2003-02-19,Software Engineer,288,Dominican Republic,San Pedro de Macorís,Corporate,Approved,2026-04-07 14:47:01,Email Campaign
4049,Leticia Padilla,eibanez@example.com,1997-11-16,Business Consultant,296,Dominican Republic,Puerto Plata,Corporate,Approved,2026-03-11 12:14:20,Event
4050,Águeda Chico,isabel60@example.net,1979-10-27,Architect,283,Dominican Republic,Punta Cana,Corporate,Rejected,2022-08-05 03:47:25,Website
4051,Matilde Rosell,juan-luisrodriguez@example.net,1986-01-28,Civil Engineer,197,Dominican Republic,San Pedro de Macorís,Individual,Rejected,2025-08-26 15:56:45,Email Campaign
4052,Tadeo Diéguez,rubenluz@example.org,1990-05-01,Accountant,183,Dominican Republic,Santiago,Individual,Approved,2026-02-12 13:27:45,Walk-in
4053,Rosalina Paredes,torodominga@example.com,1982-02-25,Lawyer,243,Dominican Republic,San Pedro de Macorís,Corporate,Approved,2025-05-05 12:17:13,Email Campaign
4054,Alicia Atienza,acostaeleuterio@example.net,2007-04-23,Business Consultant,255,Dominican Republic,Santiago,Honorary,Approved,2025-11-09 00:01:02,Website
4055,Odalis Benítez,millaroberta@example.net,2000-11-12,Lawyer,86,Dominican Republic,San Pedro de Macorís,Honorary,Approved,2022-09-25 00:08:34,Event
4056,Piedad Agullo,calistasantos@example.org,1979-01-29,Accountant,81,Dominican Republic,San Pedro de Macorís,Corporate,Withdrawn,2022-09-29 08:28:45,Email Campaign
4057,Edelmiro Pavón,armengolfabiana@example.com,2006-03-27,Software Engineer,41,Dominican Republic,La Romana,Individual,Approved,2024-08-22 22:13:20,Event
4058,Lupe Piñeiro,pascualamayol@example.net,1984-11-08,Business Consultant,275,Dominican Republic,Santiago,Individual,Rejected,2025-03-13 14:05:19,Event
4059,Jennifer España,andres-felipeburgos@example.com,1987-02-05,Lawyer,19,Dominican Republic,San Pedro de Macorís,Student,Rejected,2025-04-07 06:55:11,Referral
4060,Saturnino Gaya,eligiagaray@example.net,1987-08-26,Civil Engineer,62,Dominican Republic,Santo Domingo,Corporate,Approved,2021-12-17 02:16:54,Website
4061,Azahara Cortés,gonzalo26@example.org,1986-08-21,Business Consultant,63,Dominican Republic,Santo Domingo,Individual,Under Review,2023-09-12 06:02:06,Email Campaign
4062,Ignacia Bravo,alberto30@example.net,1992-06-21,Lawyer,298,Dominican Republic,San Pedro de Macorís,Honorary,Approved,2024-04-26 23:24:47,Email Campaign
4063,Matías Águila,blas42@example.org,1980-06-13,Project Manager,230,Dominican Republic,La Romana,Individual,Rejected,2024-01-22 07:04:20,Email Campaign
4064,Benigna Martorell,marisaolivares@example.org,1992-03-30,Architect,224,Dominican Republic,Santiago,Honorary,Approved,2024-01-12 18:42:27,Walk-in
4065,Rafa Alcaraz,malenahuerta@example.org,1993-03-09,Lawyer,73,Dominican Republic,Santiago,Honorary,Approved,2022-02-09 21:29:57,Event
4066,Rita Solana,chavesjuan-manuel@example.com,1975-10-12,Business Consultant,93,Dominican Republic,La Romana,Honorary,Approved,2024-03-21 22:32:18,Referral
4067,Íngrid Francisco,amadorvilma@example.net,1976-01-21,Financial Analyst,245,Dominican Republic,La Romana,Student,Approved,2025-08-18 23:47:44,Event
4068,Alondra Bárcena,jonatanmoya@example.net,1999-02-08,Project Manager,147,Dominican Republic,Santiago,Corporate,Approved,2023-09-15 04:24:35,Website
4069,Íngrid Castelló,otaboada@example.net,1983-02-25,Software Engineer,165,Dominican Republic,Santo Domingo,Student,Approved,2025-10-24 16:05:04,Website
4070,Tristán Pacheco,jose-angel76@example.org,1990-07-14,Lawyer,133,Dominican Republic,Punta Cana,Corporate,Approved,2022-09-25 05:08:11,Walk-in
4071,Vicente Palau,vgomis@example.com,1986-03-12,Data Analyst,35,Dominican Republic,Puerto Plata,Honorary,Rejected,2026-05-23 14:53:03,Website
4072,Ángeles Campillo,adelina12@example.com,1989-06-21,Accountant,191,Dominican Republic,Punta Cana,Individual,Approved,2025-04-16 12:12:48,Referral
4073,Curro Nicolás,custodiagaya@example.net,2000-12-29,Marketing Specialist,133,Dominican Republic,La Romana,Individual,Approved,2022-09-26 00:45:10,Event
4074,Elvira Larrea,oscarazcona@example.org,2008-05-14,Business Consultant,275,Dominican Republic,Santo Domingo,Student,Approved,2022-03-28 01:59:55,Walk-in
4075,Osvaldo Barral,galianosoledad@example.com,2003-11-27,Accountant,293,Dominican Republic,Punta Cana,Honorary,Approved,2023-07-18 07:56:18,Website
4076,Fanny Iborra,ruedafausto@example.com,1996-09-12,Civil Engineer,225,Dominican Republic,San Pedro de Macorís,Corporate,Approved,2026-03-29 05:57:54,Referral
4077,Emperatriz Murillo,teclamaestre@example.com,1991-09-30,Lawyer,270,Dominican Republic,Punta Cana,Corporate,Rejected,2023-04-04 19:35:14,Event
4078,Ildefonso Becerra,elisaaroca@example.org,1990-12-15,Project Manager,220,Dominican Republic,San Pedro de Macorís,Honorary,Approved,2022-08-08 12:26:01,Referral
4079,Jennifer Canals,vascoolivares@example.net,1983-11-23,Project Manager,280,Dominican Republic,La Romana,Corporate,Rejected,2024-09-25 10:41:07,Event
4080,Maxi Sevilla,maestrenidia@example.org,1978-07-07,Architect,247,Dominican Republic,Puerto Plata,Individual,Approved,2022-05-31 01:54:19,Event
4081,Tadeo Estévez,anastasioposada@example.net,2000-03-14,Lawyer,67,Dominican Republic,San Francisco de Macorís,Corporate,Submitted,2024-06-01 03:46:31,Email Campaign
4082,Elba Borrego,acevedoliliana@example.com,2004-01-11,Architect,203,Dominican Republic,Santo Domingo,Student,Approved,2023-10-15 22:48:30,Website
4083,Goyo Prada,sarita36@example.com,1985-07-08,Accountant,44,Dominican Republic,San Pedro de Macorís,Corporate,Submitted,2023-10-14 13:20:43,Website
4084,Humberto Cueto,qbuendia@example.org,1980-12-18,Lawyer,161,Dominican Republic,Santiago,Individual,Rejected,2021-09-17 22:50:14,Walk-in
4085,Evangelina Barbero,kconesa@example.com,1989-03-09,Project Manager,159,Dominican Republic,Puerto Plata,Individual,Withdrawn,2025-11-26 22:27:35,Referral
4086,Jorge Montaña,inigoverdugo@example.org,2004-06-21,Software Engineer,238,Dominican Republic,Santo Domingo,Individual,Approved,2025-12-18 19:46:35,Website
4087,Vanesa Salmerón,guiomar71@example.org,1996-02-12,Lawyer,2,Dominican Republic,San Francisco de Macorís,Student,Rejected,2023-07-05 00:29:24,Referral
4088,Godofredo Perales,anibalalcaraz@example.org,1995-08-27,Civil Engineer,163,Dominican Republic,Santiago,Corporate,Approved,2022-01-07 14:07:06,Email Campaign
4089,Trinidad Barreda,ogalan@example.org,1987-04-15,Business Consultant,57,Dominican Republic,San Pedro de Macorís,Individual,Approved,2026-01-10 05:14:48,Referral
4090,Lupe Rodrigo,vsalmeron@example.com,1989-05-04,Civil Engineer,99,Dominican Republic,Santo Domingo,Student,Approved,2024-10-17 07:57:51,Walk-in
4091,Carmen Reyes,tellofito@example.net,1998-01-14,Marketing Specialist,241,Dominican Republic,Puerto Plata,Corporate,Approved,2024-04-12 00:33:35,Event
4092,Óscar Amorós,luis-miguellledo@example.com,1997-05-06,Financial Analyst,104,Dominican Republic,Puerto Plata,Individual,Rejected,2023-06-29 17:38:29,Walk-in
4093,Isidro Espejo,oriana65@example.net,2002-06-28,Marketing Specialist,299,Dominican Republic,San Francisco de Macorís,Honorary,Approved,2025-03-01 06:33:56,Walk-in
4094,Roberta Álvaro,pacifica15@example.com,2001-02-11,Business Consultant,85,Dominican Republic,Punta Cana,Honorary,Approved,2025-02-22 03:45:57,Website
4095,Macaria Font,dionisio75@example.com,1982-08-03,Financial Analyst,3,Dominican Republic,Santo Domingo,Student,Approved,2024-04-26 01:17:44,Website
4096,Maristela Bayo,candido76@example.net,1998-08-07,Marketing Specialist,294,Dominican Republic,Santiago,Honorary,Approved,2024-12-08 22:15:26,Website
4097,Plinio Paniagua,ymoran@example.com,1976-01-28,Financial Analyst,238,Dominican Republic,Santiago,Student,Rejected,2022-01-02 13:53:10,Website
4098,Mireia Granados,victorinomiranda@example.org,1981-11-07,Accountant,147,Dominican Republic,La Romana,Corporate,Approved,2025-01-04 12:17:39,Referral
4099,Maite Lladó,febe21@example.org,1994-11-01,Project Manager,8,Dominican Republic,San Pedro de Macorís,Individual,Approved,2023-01-04 03:10:29,Website
4100,Gerónimo Castell,cirino45@example.com,1991-12-23,Accountant,17,Dominican Republic,San Pedro de Macorís,Student,Approved,2024-10-12 22:49:39,Website
4101,Primitiva Figuerola,ocastrillo@example.com,1989-02-19,Lawyer,148,Dominican Republic,La Romana,Individual,Approved,2025-03-01 14:17:16,Email Campaign
4102,Artemio Llano,lopezernesto@example.com,1986-02-01,Project Manager,73,Dominican Republic,San Francisco de Macorís,Honorary,Approved,2023-06-21 16:11:34,Walk-in
4103,Baudelio Esteban,iarteaga@example.org,1983-02-26,Project Manager,56,Dominican Republic,Santo Domingo,Honorary,Submitted,2025-10-15 21:08:08,Referral
4104,Fabián Escamilla,domingoalegre@example.net,2002-02-27,Software Engineer,220,Dominican Republic,Santo Domingo,Individual,Approved,2023-05-10 03:33:51,Walk-in
4105,Porfirio Comas,tecla39@example.org,1981-04-20,Business Consultant,148,Dominican Republic,San Pedro de Macorís,Individual,Withdrawn,2024-10-16 02:28:38,Walk-in
4106,Anacleto Bonet,clementina62@example.net,1984-07-02,Civil Engineer,151,Dominican Republic,San Francisco de Macorís,Student,Approved,2021-11-13 06:05:18,Event
4107,Édgar Rosell,hector90@example.net,1991-07-26,Financial Analyst,76,Dominican Republic,San Pedro de Macorís,Corporate,Rejected,2026-03-25 20:09:39,Event
4108,Ibán Mariscal,dquintana@example.net,1996-11-13,Civil Engineer,185,Dominican Republic,Puerto Plata,Student,Submitted,2021-11-08 12:00:23,Walk-in
4109,Aureliano Ríos,mariamateos@example.com,1990-04-23,Marketing Specialist,248,Dominican Republic,Santo Domingo,Individual,Approved,2024-12-26 02:23:33,Referral
4110,René Mendizábal,tomasacuna@example.net,2008-07-28,Business Consultant,142,Dominican Republic,Puerto Plata,Honorary,Rejected,2024-04-12 17:45:12,Website
4111,Humberto Villaverde,kvega@example.net,2000-12-09,Business Consultant,183,Dominican Republic,La Romana,Honorary,Approved,2024-09-04 18:46:53,Event
4112,Vicenta Alegre,nico92@example.com,2002-06-06,Software Engineer,85,Dominican Republic,La Romana,Corporate,Approved,2025-04-13 23:17:25,Website
4113,Fito Tapia,renepinto@example.net,2001-03-11,Marketing Specialist,90,Dominican Republic,Santo Domingo,Individual,Approved,2022-11-23 11:01:44,Website
4114,Humberto Clavero,victorino27@example.org,1997-02-24,Software Engineer,76,Dominican Republic,La Romana,Honorary,Approved,2024-03-27 19:29:08,Walk-in
4115,Lina Rey,ainaraballesteros@example.net,1998-11-07,Architect,196,Dominican Republic,San Francisco de Macorís,Individual,Approved,2023-12-14 03:30:31,Email Campaign
4116,Adelia Elorza,mercedeshernando@example.com,1997-05-10,Accountant,96,Dominican Republic,Santiago,Honorary,Approved,2023-10-15 21:04:18,Referral
4117,Sara Ros,gpuga@example.org,1987-09-03,Civil Engineer,221,Dominican Republic,Santo Domingo,Individual,Under Review,2022-07-02 21:09:22,Referral
4118,Marc Pomares,asensioreyes@example.net,1989-02-11,Lawyer,263,Dominican Republic,Santo Domingo,Student,Submitted,2023-02-01 06:01:48,Website
4119,Ani Polo,rdominguez@example.com,1996-03-14,Marketing Specialist,109,Dominican Republic,La Romana,Honorary,Approved,2023-10-26 11:47:39,Email Campaign
4120,Tamara Alfonso,irmapalomino@example.org,1993-05-06,Business Consultant,168,Dominican Republic,Punta Cana,Student,Approved,2025-04-14 04:32:34,Website
4121,Ester Morante,obolanos@example.net,1985-11-04,Financial Analyst,268,Dominican Republic,Punta Cana,Student,Approved,2023-12-22 04:41:24,Walk-in
4122,Asdrubal Goñi,rupertacadenas@example.net,1984-01-26,Lawyer,132,Dominican Republic,Punta Cana,Individual,Approved,2026-04-13 08:27:38,Event
4123,Amaro Carrión,rfarre@example.com,1989-12-18,Software Engineer,145,Dominican Republic,Punta Cana,Individual,Approved,2022-03-25 10:05:14,Website
4124,Nilda Cepeda,anauribe@example.net,2008-08-18,Data Analyst,220,Dominican Republic,Puerto Plata,Individual,Approved,2023-10-04 08:56:06,Email Campaign
4125,Evangelina Abril,cruzfeliciano@example.org,1978-04-05,Marketing Specialist,243,Dominican Republic,Punta Cana,Honorary,Rejected,2024-12-05 16:02:05,Website
4126,Ildefonso Báez,geraldo00@example.net,1980-11-11,Civil Engineer,51,Dominican Republic,La Romana,Student,Submitted,2023-09-11 20:55:56,Website
4127,Cruz Cabezas,evaristo31@example.org,1983-11-23,Civil Engineer,39,Dominican Republic,Punta Cana,Corporate,Approved,2025-01-03 22:36:26,Event
4128,Febe Gaya,manuelmaria-jesus@example.org,1995-11-05,Civil Engineer,219,Dominican Republic,Puerto Plata,Honorary,Approved,2026-05-10 20:56:11,Email Campaign
4129,Galo Bernad,amadaarroyo@example.org,1983-12-18,Software Engineer,51,Dominican Republic,Punta Cana,Individual,Approved,2022-09-09 10:18:01,Website
4130,Carmela Roldan,cexposito@example.org,1981-11-14,Lawyer,241,Dominican Republic,San Francisco de Macorís,Honorary,Approved,2024-08-10 00:05:46,Website
4131,Elisabet Alfaro,climacosastre@example.com,1997-04-10,Financial Analyst,190,Dominican Republic,San Pedro de Macorís,Individual,Under Review,2024-05-16 14:45:57,Referral
4132,Sabas Alcalá,adanjenny@example.org,1997-12-21,Project Manager,10,Dominican Republic,San Francisco de Macorís,Honorary,Rejected,2022-04-28 19:11:16,Email Campaign
4133,Abigaíl Peñalver,pia32@example.com,2004-07-25,Lawyer,15,Dominican Republic,Punta Cana,Individual,Approved,2024-04-11 12:43:19,Email Campaign
4134,Benita Gómez,isaias87@example.org,1988-04-29,Software Engineer,8,Dominican Republic,San Pedro de Macorís,Individual,Approved,2022-04-08 18:05:39,Website
4135,Matías López,bmayo@example.net,1979-07-27,Lawyer,103,Dominican Republic,Santiago,Student,Rejected,2022-08-13 15:03:07,Referral
4136,Adela Barragán,ialba@example.com,1980-06-06,Lawyer,207,Dominican Republic,San Francisco de Macorís,Honorary,Approved,2026-03-08 21:09:35,Email Campaign
4137,Gilberto Aparicio,balduino09@example.org,1997-12-29,Business Consultant,251,Dominican Republic,San Francisco de Macorís,Individual,Approved,2026-01-26 08:39:36,Event
4138,Agapito Franch,eulalia91@example.org,2004-02-20,Software Engineer,279,Dominican Republic,Punta Cana,Student,Approved,2023-05-24 09:00:33,Walk-in
4139,Florencio Carbajo,balberola@example.com,2004-12-11,Accountant,27,Dominican Republic,Santo Domingo,Individual,Rejected,2023-06-23 19:43:56,Event
4140,Gaspar Lara,guillenemilio@example.net,2000-09-09,Marketing Specialist,206,Dominican Republic,Punta Cana,Corporate,Rejected,2024-08-18 03:24:53,Website
4141,Glauco Sanmartín,xcueto@example.org,1997-12-13,Business Consultant,207,Dominican Republic,San Francisco de Macorís,Honorary,Approved,2022-01-06 04:05:12,Website
4142,Soledad Céspedes,gimenezdani@example.org,1990-07-03,Civil Engineer,31,Dominican Republic,San Pedro de Macorís,Student,Approved,2025-08-16 17:00:07,Event
4143,Cintia Olivares,fito83@example.org,2005-12-12,Software Engineer,233,Dominican Republic,Puerto Plata,Student,Pending Payment,2024-12-07 22:01:49,Walk-in
4144,Ana Amor,blancosalvador@example.com,1992-11-05,Project Manager,142,Dominican Republic,Santiago,Corporate,Approved,2022-08-05 02:00:26,Referral
4145,Daniel Roselló,vreina@example.org,2008-01-28,Marketing Specialist,106,Dominican Republic,San Francisco de Macorís,Corporate,Rejected,2021-09-16 17:17:45,Referral
4146,Gastón Montero,minguezgonzalo@example.net,1989-02-25,Business Consultant,267,Dominican Republic,Puerto Plata,Corporate,Approved,2023-10-31 23:37:07,Referral
4147,Marisela Dominguez,osalas@example.org,1981-06-14,Civil Engineer,199,Dominican Republic,Punta Cana,Honorary,Rejected,2023-02-08 10:17:02,Referral
4148,Apolinar Martínez,tomasitziar@example.com,1982-09-30,Lawyer,276,Dominican Republic,San Pedro de Macorís,Corporate,Approved,2021-11-05 17:32:52,Email Campaign
4149,Lorenzo Albero,maxima31@example.net,1993-05-28,Project Manager,194,Dominican Republic,Santo Domingo,Honorary,Approved,2024-01-15 20:40:47,Event
4150,Melisa Benavente,noriegaamaro@example.com,1986-08-13,Marketing Specialist,55,Dominican Republic,San Pedro de Macorís,Student,Pending Payment,2024-05-15 03:37:48,Event
4151,Abilio Álamo,angelica52@example.net,1985-07-22,Business Consultant,180,Dominican Republic,La Romana,Individual,Approved,2025-02-28 12:01:11,Event
4152,Úrsula Tovar,obarrios@example.com,1992-10-20,Marketing Specialist,138,Dominican Republic,La Romana,Honorary,Approved,2023-10-13 01:47:56,Walk-in
4153,Tristán Sans,uayala@example.org,1994-09-02,Business Consultant,139,Dominican Republic,Santo Domingo,Individual,Approved,2023-08-01 17:48:01,Email Campaign
4154,Amado Sancho,qllamas@example.com,2003-11-30,Architect,80,Dominican Republic,San Francisco de Macorís,Individual,Approved,2021-12-29 02:41:52,Email Campaign
4155,Norberto Viana,modestomosquera@example.net,2006-02-15,Lawyer,291,Dominican Republic,Punta Cana,Individual,Approved,2021-09-18 22:55:19,Email Campaign
4156,Cesar Valencia,vascodiego@example.com,1997-06-19,Accountant,173,Dominican Republic,Puerto Plata,Corporate,Rejected,2025-06-01 04:20:23,Website
4157,Jose Carlos Cervantes,claraamigo@example.org,2004-06-16,Marketing Specialist,159,Dominican Republic,Santo Domingo,Student,Withdrawn,2026-04-21 16:53:26,Walk-in
4158,Vilma Guzman,aitorpaniagua@example.org,1978-09-16,Accountant,6,Dominican Republic,San Francisco de Macorís,Honorary,Approved,2022-12-28 14:09:39,Email Campaign
4159,Bernardino Ferrando,amaro63@example.com,1993-10-27,Architect,209,Dominican Republic,San Francisco de Macorís,Corporate,Rejected,2021-11-30 04:59:04,Event
4160,Camilo Ariza,amor24@example.org,1989-04-19,Financial Analyst,154,Dominican Republic,La Romana,Corporate,Approved,2024-04-29 19:57:45,Event
4161,Bernardo Batalla,ellano@example.org,2000-02-10,Lawyer,146,Dominican Republic,La Romana,Individual,Approved,2022-05-28 10:01:13,Referral
4162,Édgar Avilés,illabres@example.com,2007-08-08,Lawyer,282,Dominican Republic,La Romana,Individual,Pending Payment,2025-05-23 14:42:53,Event
4163,Claudia Ruano,oferrero@example.net,1978-09-11,Data Analyst,176,Dominican Republic,Santo Domingo,Student,Submitted,2023-01-15 20:24:59,Referral
4164,Tere Iñiguez,sampermalena@example.net,1996-03-15,Business Consultant,269,Dominican Republic,Santo Domingo,Student,Withdrawn,2021-11-12 04:56:01,Referral
4165,Mario Martorell,hozcandela@example.net,1993-05-19,Marketing Specialist,146,Dominican Republic,Puerto Plata,Student,Under Review,2022-09-04 01:50:02,Website
4166,Crescencia Barrios,cabomarisa@example.com,2003-07-31,Architect,28,Dominican Republic,Punta Cana,Student,Approved,2024-07-02 10:19:27,Event
4167,Jovita Ramírez,dquesada@example.com,1989-10-21,Project Manager,18,Dominican Republic,Punta Cana,Student,Rejected,2022-04-04 01:57:38,Email Campaign
4168,Daniela Neira,juliopujol@example.net,1976-08-19,Software Engineer,106,Dominican Republic,Punta Cana,Honorary,Approved,2022-06-21 09:30:05,Referral
4169,Alondra Arias,morenabusquets@example.com,1990-01-04,Marketing Specialist,113,Dominican Republic,Punta Cana,Honorary,Approved,2024-04-03 19:30:59,Referral
4170,Natanael Benavides,wsoler@example.org,1980-01-13,Accountant,48,Dominican Republic,Santiago,Student,Approved,2022-12-12 19:23:19,Referral
4171,Graciela Fuster,infantejuliana@example.com,2008-03-20,Software Engineer,184,Dominican Republic,Santo Domingo,Corporate,Under Review,2023-08-10 09:10:47,Referral
4172,Marcos Sans,valeriosegui@example.net,1980-04-09,Financial Analyst,10,Dominican Republic,La Romana,Student,Rejected,2024-05-24 01:21:52,Walk-in
4173,Rosalva Falcó,benignoosuna@example.net,1995-08-28,Accountant,30,Dominican Republic,Santo Domingo,Student,Rejected,2023-03-16 01:31:29,Event
4174,Bernardita Leal,xgutierrez@example.net,1992-09-23,Lawyer,242,Dominican Republic,Puerto Plata,Honorary,Approved,2025-11-22 15:55:57,Event
4175,Félix Segarra,estefaniafalcon@example.org,1997-01-13,Business Consultant,298,Dominican Republic,San Pedro de Macorís,Honorary,Approved,2024-07-15 10:09:43,Event
4176,Juanita Sureda,cardenasjuana@example.com,1976-08-31,Financial Analyst,299,Dominican Republic,San Pedro de Macorís,Student,Approved,2023-09-18 18:20:03,Website
4177,Coral Vaquero,mroda@example.net,1996-04-12,Accountant,185,Dominican Republic,Puerto Plata,Honorary,Approved,2026-02-22 19:22:10,Referral
4178,Mario Plana,bibiana44@example.org,1998-09-10,Marketing Specialist,121,Dominican Republic,Santiago,Honorary,Approved,2025-07-09 03:39:08,Event
4179,Jose Ramón Guerrero,loreto65@example.org,1999-10-22,Civil Engineer,233,Dominican Republic,La Romana,Honorary,Rejected,2023-09-09 15:41:13,Website
4180,Elisa Berenguer,zsantiago@example.org,2002-06-29,Accountant,162,Dominican Republic,Punta Cana,Individual,Approved,2022-12-21 23:23:36,Website
4181,Ainara Ibarra,roxana33@example.com,2006-02-05,Accountant,61,Dominican Republic,San Pedro de Macorís,Honorary,Approved,2021-09-04 00:35:43,Event
4182,Rosario Cruz,calvetsegismundo@example.com,1982-04-06,Project Manager,270,Dominican Republic,Santiago,Honorary,Approved,2023-09-28 14:18:49,Website
4183,Julián Barranco,juarezjessica@example.org,1978-10-09,Data Analyst,299,Dominican Republic,La Romana,Corporate,Submitted,2024-11-01 00:07:56,Referral
4184,Rómulo Ferrández,sofia52@example.com,1982-11-07,Architect,20,Dominican Republic,Santiago,Student,Approved,2025-01-23 02:56:30,Website
4185,Francisco Javier Álvarez,nespada@example.org,1988-01-18,Software Engineer,146,Dominican Republic,Puerto Plata,Individual,Approved,2025-07-23 00:01:51,Walk-in
4186,Amílcar Luque,juan-pablo55@example.net,1979-08-20,Civil Engineer,158,Dominican Republic,La Romana,Honorary,Submitted,2024-04-03 23:55:26,Email Campaign
4187,Herminio Lillo,eugenio11@example.org,1991-07-18,Marketing Specialist,270,Dominican Republic,Santiago,Corporate,Rejected,2024-07-15 16:24:07,Walk-in
4188,Juan Manuel Landa,clementina57@example.net,1985-06-22,Civil Engineer,74,Dominican Republic,Santo Domingo,Honorary,Approved,2023-01-25 17:00:36,Walk-in
4189,María Del Carmen Berrocal,gaston46@example.org,1992-11-07,Civil Engineer,214,Dominican Republic,Santo Domingo,Corporate,Rejected,2022-08-01 11:48:20,Website
4190,Trini Pedraza,cuellaretelvina@example.org,1979-10-31,Accountant,158,Dominican Republic,Santo Domingo,Student,Approved,2025-02-12 23:56:15,Referral
4191,Leandro Tudela,valeriainfante@example.net,1988-10-29,Data Analyst,41,Dominican Republic,Santo Domingo,Individual,Approved,2024-02-07 10:08:09,Website
4192,Gaspar Vallejo,qduran@example.com,2000-06-06,Architect,195,Dominican Republic,Punta Cana,Corporate,Rejected,2023-05-22 12:26:11,Referral
4193,Mohamed Garmendia,wperera@example.net,1995-01-14,Data Analyst,255,Dominican Republic,Punta Cana,Corporate,Approved,2022-08-28 04:39:31,Event
4194,Plácido Heredia,barrigaabril@example.com,2003-03-11,Software Engineer,56,Dominican Republic,La Romana,Student,Approved,2022-08-31 05:18:04,Website
4195,Juan Carlos Pedrosa,angelisidro@example.com,1991-12-25,Civil Engineer,94,Dominican Republic,Punta Cana,Individual,Withdrawn,2023-02-28 00:28:11,Email Campaign
4196,Yéssica Guitart,nicolasadela@example.net,1981-06-25,Lawyer,37,Dominican Republic,La Romana,Student,Approved,2023-11-11 19:32:30,Website
4197,Moreno Ferrándiz,amigolourdes@example.net,1978-10-08,Data Analyst,187,Dominican Republic,Punta Cana,Student,Approved,2022-11-04 17:29:15,Referral
4198,José Quiroga,vera37@example.net,1997-06-03,Civil Engineer,181,Dominican Republic,Punta Cana,Student,Withdrawn,2024-11-30 14:38:19,Walk-in
4199,Florentino Mendez,marcelaasenjo@example.net,1978-01-23,Business Consultant,61,Dominican Republic,Puerto Plata,Student,Approved,2023-12-08 10:59:39,Event
4200,Evelia Ricart,roigsosimo@example.net,2000-12-10,Data Analyst,123,Dominican Republic,La Romana,Individual,Approved,2024-12-17 03:58:52,Event
4201,Danilo Amor,preyes@example.net,1990-10-26,Civil Engineer,100,Dominican Republic,Puerto Plata,Individual,Approved,2024-04-13 09:45:59,Website
4202,Elvira Calatayud,nereabartolome@example.net,2006-09-15,Architect,73,Dominican Republic,Punta Cana,Individual,Approved,2025-10-29 12:49:46,Website
4203,Elba Arco,aneira@example.com,1978-04-14,Financial Analyst,79,Dominican Republic,Punta Cana,Individual,Approved,2023-12-01 00:42:29,Website
4204,Urbano Blanes,candida01@example.org,2006-04-13,Project Manager,146,Dominican Republic,La Romana,Honorary,Under Review,2023-01-19 11:05:11,Referral
4205,Melchor Abril,luciafeijoo@example.org,1989-10-11,Software Engineer,102,Dominican Republic,Santiago,Honorary,Approved,2022-01-09 19:14:37,Email Campaign
4206,Abel Izquierdo,expositovisitacion@example.com,1981-04-06,Software Engineer,82,Dominican Republic,Punta Cana,Honorary,Rejected,2026-05-25 04:34:55,Walk-in
4207,Íngrid Ricart,felicianacanellas@example.org,2007-02-19,Software Engineer,240,Dominican Republic,San Francisco de Macorís,Honorary,Approved,2023-02-13 04:47:10,Website
4208,Benito Portillo,lamasmariana@example.net,1996-08-23,Marketing Specialist,113,Dominican Republic,Santo Domingo,Student,Rejected,2026-04-24 08:27:16,Walk-in
4209,Manolo Chico,angelino79@example.com,2001-08-08,Software Engineer,6,Dominican Republic,San Pedro de Macorís,Student,Approved,2024-11-20 15:57:19,Referral
4210,Esmeralda Santamaría,fernando00@example.net,1977-12-10,Software Engineer,184,Dominican Republic,San Francisco de Macorís,Student,Approved,2024-01-31 02:28:31,Event
4211,Cesar Lobo,elias46@example.org,1997-06-24,Civil Engineer,79,Dominican Republic,Punta Cana,Student,Approved,2025-09-11 16:36:24,Referral
4212,Jacinto Torres,jose-manuelrocha@example.org,2000-02-03,Civil Engineer,99,Dominican Republic,Santo Domingo,Student,Approved,2024-08-29 12:26:42,Website
4213,Cristina Pedrosa,aureliamontserrat@example.net,1996-01-10,Accountant,108,Dominican Republic,San Pedro de Macorís,Corporate,Approved,2023-12-22 18:41:56,Email Campaign
4214,Yago Morales,nrueda@example.com,1999-07-18,Software Engineer,180,Dominican Republic,Santo Domingo,Student,Approved,2025-12-08 04:10:24,Email Campaign
4215,Francisco Gras,nietomauricio@example.com,1991-11-27,Financial Analyst,212,Dominican Republic,La Romana,Individual,Approved,2025-08-22 15:09:22,Event
4216,Georgina Gallardo,bsalcedo@example.org,1991-08-10,Marketing Specialist,217,Dominican Republic,San Pedro de Macorís,Honorary,Pending Payment,2024-04-20 18:35:39,Website
4217,Lola Cabo,peinadodelia@example.org,1996-03-28,Business Consultant,156,Dominican Republic,San Pedro de Macorís,Corporate,Approved,2023-12-20 17:01:06,Website
4218,Luna Calderón,adalberto43@example.net,1977-07-16,Data Analyst,231,Dominican Republic,Santiago,Honorary,Rejected,2023-08-30 04:49:42,Referral
4219,Néstor Roura,canellasbernarda@example.com,2001-10-05,Software Engineer,204,Dominican Republic,La Romana,Honorary,Approved,2026-05-05 08:37:05,Email Campaign
4220,Evelia Redondo,troig@example.org,2004-09-21,Data Analyst,14,Dominican Republic,San Pedro de Macorís,Corporate,Pending Payment,2025-03-20 00:32:28,Walk-in
4221,Héctor Palau,inmaculada76@example.org,2006-07-01,Civil Engineer,140,Dominican Republic,Santo Domingo,Corporate,Rejected,2025-10-14 06:20:56,Website
4222,Nacho Bilbao,chuchobarbera@example.org,1992-09-02,Software Engineer,105,Dominican Republic,Santo Domingo,Student,Submitted,2024-02-15 18:44:38,Website
4223,Efraín Porras,graciacerro@example.com,1986-03-22,Software Engineer,39,Dominican Republic,Santo Domingo,Honorary,Approved,2024-01-30 11:09:50,Referral
4224,Yaiza Calleja,castrillorita@example.com,1987-05-24,Accountant,9,Dominican Republic,San Pedro de Macorís,Honorary,Approved,2024-02-23 07:59:48,Referral
4225,Benjamín Valls,miriam93@example.com,1989-06-08,Accountant,138,Dominican Republic,Santiago,Honorary,Approved,2024-10-29 05:10:11,Referral
4226,Jose Angel Navarrete,nicolasalloret@example.net,1983-12-15,Civil Engineer,211,Dominican Republic,Punta Cana,Corporate,Approved,2025-08-26 23:35:35,Event
4227,María Teresa Santana,anselmo76@example.net,2007-03-04,Project Manager,30,Dominican Republic,La Romana,Individual,Approved,2024-09-25 02:28:40,Referral
4228,María Ángeles Mora,fgodoy@example.com,1994-09-15,Business Consultant,15,Dominican Republic,Punta Cana,Honorary,Pending Payment,2024-08-25 08:09:06,Referral
4229,Lucía Cortes,carlos22@example.com,2007-07-27,Business Consultant,277,Dominican Republic,Punta Cana,Individual,Approved,2026-05-03 02:14:09,Website
4230,Paula Manrique,yseco@example.net,2004-06-03,Software Engineer,59,Dominican Republic,San Francisco de Macorís,Individual,Approved,2022-02-01 09:58:17,Email Campaign
4231,Celestino Téllez,maria-teresa22@example.com,1995-09-08,Project Manager,298,Dominican Republic,San Pedro de Macorís,Honorary,Approved,2023-02-20 23:28:53,Website
4232,Ester Llanos,kmosquera@example.org,2002-05-29,Accountant,252,Dominican Republic,San Pedro de Macorís,Student,Approved,2025-01-11 11:50:24,Walk-in
4233,Anabel Iñiguez,cisnerosbenito@example.org,1998-04-07,Project Manager,178,Dominican Republic,Puerto Plata,Honorary,Approved,2026-01-18 01:45:00,Email Campaign
4234,Norberto Leon,rioaaron@example.org,1994-09-16,Accountant,209,Dominican Republic,Punta Cana,Student,Submitted,2023-11-18 12:03:58,Walk-in
4235,Martina Borrás,concepcion12@example.com,1980-07-12,Marketing Specialist,294,Dominican Republic,San Francisco de Macorís,Corporate,Rejected,2025-03-06 16:25:22,Referral
4236,Cintia Montero,omontero@example.net,1994-02-18,Software Engineer,94,Dominican Republic,Puerto Plata,Honorary,Approved,2024-07-19 07:59:55,Event
4237,Bruno Franch,tperez@example.org,1987-01-01,Accountant,113,Dominican Republic,San Francisco de Macorís,Student,Approved,2023-01-08 01:48:18,Website
4238,Encarnacion Luís,tbejarano@example.org,2000-03-31,Data Analyst,102,Dominican Republic,Santiago,Corporate,Approved,2025-05-06 09:05:39,Website
4239,Mariana Diez,linaresbenigno@example.net,1987-09-12,Architect,108,Dominican Republic,San Pedro de Macorís,Individual,Approved,2022-11-06 01:03:00,Walk-in
4240,Alfredo Puga,hernandolago@example.com,1978-03-29,Lawyer,154,Dominican Republic,Puerto Plata,Honorary,Withdrawn,2022-03-28 00:02:14,Walk-in
4241,Belen Valentín,cfabregat@example.org,1993-05-20,Business Consultant,250,Dominican Republic,Santiago,Honorary,Withdrawn,2023-03-06 15:44:18,Walk-in
4242,Florina Piñeiro,elisa33@example.net,1992-12-01,Architect,104,Dominican Republic,San Pedro de Macorís,Corporate,Approved,2021-12-31 09:04:51,Walk-in
4243,Luciano Calatayud,teruelche@example.com,1977-04-15,Business Consultant,281,Dominican Republic,Santiago,Honorary,Approved,2023-09-26 15:00:45,Website
4244,Hermenegildo Guardia,vargasofelia@example.com,1985-07-30,Data Analyst,150,Dominican Republic,Puerto Plata,Student,Approved,2024-01-16 23:29:12,Referral
4245,Chema Ángel,josep66@example.org,1998-04-09,Business Consultant,65,Dominican Republic,Punta Cana,Individual,Approved,2023-03-10 07:26:44,Event
4246,Inés Alcázar,chuchogiron@example.com,2006-08-18,Project Manager,80,Dominican Republic,Punta Cana,Student,Rejected,2026-05-10 21:49:46,Event
4247,Calixta Asensio,isaurabatlle@example.org,1995-05-24,Architect,164,Dominican Republic,Puerto Plata,Student,Withdrawn,2023-09-11 08:38:12,Email Campaign
4248,Severo Torralba,dvalenzuela@example.com,1991-02-15,Accountant,284,Dominican Republic,San Francisco de Macorís,Corporate,Under Review,2023-09-10 23:08:45,Email Campaign
4249,Reyna Rico,maria-del-carmen76@example.com,1987-10-18,Accountant,216,Dominican Republic,Punta Cana,Corporate,Approved,2024-08-12 19:57:39,Email Campaign
4250,Marc Muro,galindojosue@example.net,1979-06-02,Data Analyst,13,Dominican Republic,Santiago,Corporate,Approved,2024-06-18 14:54:45,Email Campaign
4251,Noelia Ibáñez,pepitocantero@example.org,2006-04-30,Data Analyst,146,Dominican Republic,La Romana,Individual,Approved,2022-01-29 18:06:04,Referral
4252,Enrique Pizarro,consuelamiro@example.com,1982-08-20,Project Manager,18,Dominican Republic,Santo Domingo,Student,Approved,2023-08-26 00:42:55,Email Campaign
4253,Pacífica Avilés,gregorioibanez@example.org,1997-11-09,Business Consultant,218,Dominican Republic,La Romana,Corporate,Approved,2022-05-08 07:32:45,Referral
4254,Hernán Patiño,merinofatima@example.net,1986-05-12,Marketing Specialist,193,Dominican Republic,Puerto Plata,Individual,Approved,2024-07-05 19:49:17,Event
4255,Margarita Andrade,jalsina@example.com,1984-03-01,Accountant,111,Dominican Republic,Puerto Plata,Individual,Approved,2021-10-18 17:39:56,Email Campaign
4256,Toni Chacón,yalcaraz@example.com,1985-03-22,Data Analyst,109,Dominican Republic,Santiago,Student,Approved,2022-07-21 12:03:56,Referral
4257,Miguel Casal,mariano87@example.com,1980-12-29,Project Manager,8,Dominican Republic,La Romana,Individual,Approved,2022-07-25 08:26:14,Event
4258,Verónica Rivera,chita34@example.net,1980-04-07,Marketing Specialist,80,Dominican Republic,Puerto Plata,Corporate,Submitted,2025-07-03 17:24:51,Email Campaign
4259,Josefina Santana,baltasardavila@example.net,1985-03-28,Financial Analyst,252,Dominican Republic,Punta Cana,Individual,Rejected,2022-02-08 13:35:34,Event
4260,Ulises Morán,wdomingo@example.org,1998-05-01,Financial Analyst,299,Dominican Republic,La Romana,Individual,Approved,2021-12-08 02:36:51,Website
4261,Fausto Granados,anunciacion93@example.com,1991-05-15,Lawyer,276,Dominican Republic,Punta Cana,Corporate,Approved,2022-08-07 16:38:05,Website
4262,Felipe Perelló,brunildalamas@example.net,2001-09-22,Business Consultant,85,Dominican Republic,San Pedro de Macorís,Individual,Approved,2026-05-29 14:16:40,Walk-in
4263,Elisa Blazquez,paulina95@example.org,1988-09-18,Software Engineer,122,Dominican Republic,La Romana,Individual,Rejected,2024-06-27 21:51:10,Email Campaign
4264,Etelvina Bautista,mauricio64@example.com,1990-05-13,Lawyer,14,Dominican Republic,San Francisco de Macorís,Honorary,Approved,2023-10-15 22:14:27,Referral
4265,María Fernanda Montoya,jordanaguado@example.org,1984-06-02,Financial Analyst,29,Dominican Republic,San Pedro de Macorís,Student,Approved,2022-04-08 04:39:25,Website
4266,Raimundo Doménech,salud28@example.com,1992-07-04,Business Consultant,158,Dominican Republic,Santo Domingo,Individual,Approved,2026-03-25 08:49:24,Walk-in
4267,Pío Murillo,ana01@example.net,1995-08-26,Civil Engineer,8,Dominican Republic,La Romana,Corporate,Approved,2025-08-24 19:08:29,Event
4268,María Belén Torrents,maria-cristina01@example.net,1985-11-23,Marketing Specialist,285,Dominican Republic,Santiago,Corporate,Approved,2024-11-05 04:54:17,Email Campaign
4269,Vito Arranz,teotrillo@example.org,2001-06-18,Data Analyst,40,Dominican Republic,Santo Domingo,Corporate,Approved,2024-07-28 15:56:56,Walk-in
4270,Vera Arribas,vilmavara@example.net,1976-08-05,Financial Analyst,64,Dominican Republic,Santo Domingo,Corporate,Approved,2022-02-19 19:11:42,Email Campaign
4271,Nayara Menendez,serranoalondra@example.net,1976-10-01,Software Engineer,102,Dominican Republic,La Romana,Corporate,Pending Payment,2025-11-11 14:11:29,Email Campaign
4272,Jose Antonio Lerma,rarnau@example.org,1979-04-01,Project Manager,56,Dominican Republic,Punta Cana,Individual,Pending Payment,2025-03-02 19:34:09,Email Campaign
4273,Clímaco Giralt,albano79@example.net,1979-12-26,Business Consultant,278,Dominican Republic,Santo Domingo,Individual,Approved,2022-05-25 13:58:03,Referral
4274,Rogelio Ledesma,alicia52@example.com,1987-05-25,Business Consultant,54,Dominican Republic,San Francisco de Macorís,Individual,Pending Payment,2024-02-08 09:05:40,Referral
4275,Flora Escamilla,ruthcasas@example.net,2001-04-25,Lawyer,71,Dominican Republic,Santo Domingo,Individual,Approved,2025-01-18 08:11:17,Walk-in
4276,Amelia Vallés,zoraida15@example.net,1977-06-04,Architect,153,Dominican Republic,Santo Domingo,Student,Approved,2025-03-31 16:59:40,Website
4277,Vilma Posada,oliveraplinio@example.net,1991-07-29,Lawyer,270,Dominican Republic,Punta Cana,Corporate,Under Review,2022-08-01 23:03:47,Walk-in
4278,Jimena Morcillo,petrona66@example.org,2004-11-22,Marketing Specialist,27,Dominican Republic,San Francisco de Macorís,Honorary,Pending Payment,2025-03-26 22:23:24,Event
4279,Severino Mata,herassosimo@example.net,1983-10-11,Financial Analyst,45,Dominican Republic,Santiago,Individual,Rejected,2024-12-13 07:00:36,Event
4280,Josué Ramón,nogueracloe@example.com,1986-04-26,Data Analyst,287,Dominican Republic,La Romana,Corporate,Rejected,2022-08-31 19:24:25,Email Campaign
4281,Josefa Reyes,bellidoisidoro@example.org,1995-08-15,Project Manager,117,Dominican Republic,Puerto Plata,Student,Approved,2024-06-29 04:15:15,Referral
4282,Severo Expósito,eleuteriojulian@example.com,2007-04-30,Financial Analyst,178,Dominican Republic,Punta Cana,Individual,Approved,2022-04-14 16:27:12,Event
4283,Ariadna Comas,ruperto96@example.org,1995-11-03,Data Analyst,132,Dominican Republic,Santiago,Individual,Under Review,2022-09-29 12:26:39,Email Campaign
4284,Ceferino Codina,vsanmartin@example.com,1994-08-20,Accountant,268,Dominican Republic,Punta Cana,Honorary,Approved,2024-12-12 17:49:10,Website
4285,Cruz Torre,begona79@example.net,1996-12-29,Financial Analyst,83,Dominican Republic,San Pedro de Macorís,Individual,Approved,2025-02-14 11:53:03,Walk-in
4286,Manola Figuerola,rodriguezjacobo@example.org,1987-06-21,Accountant,44,Dominican Republic,Santo Domingo,Individual,Approved,2023-01-11 05:13:10,Event
4287,Ana Belén Azcona,leandra36@example.net,2005-06-02,Marketing Specialist,279,Dominican Republic,Punta Cana,Honorary,Approved,2023-03-17 23:28:45,Website
4288,Geraldo Olivera,rocajosue@example.org,1983-08-24,Project Manager,228,Dominican Republic,San Francisco de Macorís,Student,Approved,2021-09-08 05:21:52,Email Campaign
4289,Dionisio Cañete,zlucena@example.net,2006-11-02,Marketing Specialist,288,Dominican Republic,San Francisco de Macorís,Individual,Approved,2021-09-25 19:11:13,Referral
4290,Dan Torrents,gfrias@example.net,1978-09-22,Marketing Specialist,261,Dominican Republic,La Romana,Student,Rejected,2025-12-03 17:17:04,Walk-in
4291,Rosalva Rodríguez,adelaidaalegria@example.net,1987-12-28,Lawyer,115,Dominican Republic,Puerto Plata,Corporate,Pending Payment,2024-08-04 10:58:37,Event
4292,Jaime Pont,riveramodesta@example.org,1981-07-23,Business Consultant,187,Dominican Republic,San Pedro de Macorís,Individual,Approved,2023-04-16 07:48:13,Event
4293,Albano Reyes,pablorincon@example.com,1982-08-29,Business Consultant,140,Dominican Republic,San Francisco de Macorís,Individual,Approved,2024-08-25 20:30:37,Website
4294,Amor Sanz,rosendo94@example.org,2001-09-20,Lawyer,99,Dominican Republic,Puerto Plata,Corporate,Under Review,2026-01-29 23:21:28,Email Campaign
4295,Martin Barón,martiserafina@example.org,2004-02-29,Civil Engineer,5,Dominican Republic,San Francisco de Macorís,Student,Approved,2021-12-13 13:39:48,Referral
4296,Isaac Cuervo,bfrutos@example.org,2001-03-31,Marketing Specialist,20,Dominican Republic,San Francisco de Macorís,Individual,Approved,2022-09-25 19:05:41,Walk-in
4297,Mario Zabaleta,leiresales@example.com,2005-01-27,Architect,38,Dominican Republic,San Francisco de Macorís,Corporate,Approved,2024-11-21 07:38:32,Referral
4298,Hilario Morcillo,isabelagrande@example.com,2004-03-12,Financial Analyst,298,Dominican Republic,San Francisco de Macorís,Individual,Approved,2025-03-01 10:11:42,Website
4299,Cecilio Carmona,albertherrero@example.net,1975-10-05,Accountant,50,Dominican Republic,San Pedro de Macorís,Student,Rejected,2025-04-20 11:25:04,Website
4300,Rocío Mur,qchamorro@example.org,1994-10-10,Financial Analyst,40,Dominican Republic,San Pedro de Macorís,Honorary,Approved,2024-07-01 02:27:21,Event
4301,Heraclio Baró,burgosgabriela@example.org,1992-09-29,Architect,53,Dominican Republic,Punta Cana,Individual,Rejected,2022-04-26 23:54:36,Walk-in
4302,Adelaida Tormo,gallartfebe@example.com,1990-01-26,Marketing Specialist,145,Dominican Republic,Santiago,Corporate,Under Review,2024-12-03 17:57:21,Walk-in
4303,Rubén Granados,emateu@example.org,1992-11-25,Accountant,210,Dominican Republic,Santiago,Honorary,Rejected,2022-04-11 13:44:24,Event
4304,Florentina Hoz,severinomorera@example.net,1993-03-08,Data Analyst,252,Dominican Republic,La Romana,Corporate,Under Review,2024-01-12 08:21:39,Event
4305,Nicodemo Agustín,herbertotur@example.net,1977-04-28,Marketing Specialist,206,Dominican Republic,San Francisco de Macorís,Honorary,Rejected,2023-02-14 09:09:29,Email Campaign
4306,Guadalupe Lobo,gomilaamor@example.com,1983-02-02,Software Engineer,114,Dominican Republic,San Francisco de Macorís,Honorary,Approved,2024-08-01 18:40:30,Event
4307,Evita Figuerola,fontfabricio@example.net,1984-03-08,Lawyer,47,Dominican Republic,La Romana,Individual,Approved,2024-07-26 07:06:47,Email Campaign
4308,Edmundo Samper,severino71@example.net,1997-02-16,Marketing Specialist,148,Dominican Republic,Puerto Plata,Individual,Under Review,2024-07-24 06:55:15,Email Campaign
4309,Asdrubal Iborra,peirosamuel@example.net,1991-02-13,Software Engineer,178,Dominican Republic,San Francisco de Macorís,Student,Withdrawn,2026-05-17 12:11:15,Walk-in
4310,Bernabé Sastre,casasjuanita@example.com,1986-11-13,Financial Analyst,166,Dominican Republic,La Romana,Individual,Approved,2022-12-10 07:09:52,Email Campaign
4311,Loreto Manzano,vallepelayo@example.org,2002-11-04,Architect,296,Dominican Republic,Puerto Plata,Individual,Approved,2025-12-12 19:10:46,Email Campaign
4312,Jordán Vera,virginiaacosta@example.net,1978-02-27,Software Engineer,179,Dominican Republic,Santo Domingo,Honorary,Pending Payment,2024-06-09 20:49:29,Event
4313,Dionisio Lloret,fsala@example.com,1984-10-09,Software Engineer,232,Dominican Republic,San Pedro de Macorís,Student,Approved,2022-05-30 02:08:54,Event
4314,Jose Luis Páez,realrocio@example.com,1990-08-19,Data Analyst,260,Dominican Republic,Santiago,Corporate,Approved,2025-03-03 19:50:31,Walk-in
4315,Primitiva Olivares,apoloniadiaz@example.org,1999-07-28,Financial Analyst,97,Dominican Republic,Santiago,Individual,Approved,2024-12-09 07:31:22,Event
4316,César Mosquera,leandra90@example.org,1994-10-17,Lawyer,233,Dominican Republic,Puerto Plata,Honorary,Submitted,2024-03-30 03:29:26,Event
4317,Chita Lago,goyo45@example.com,1991-12-27,Financial Analyst,251,Dominican Republic,La Romana,Student,Approved,2025-02-17 08:59:07,Event
4318,Rosario Prats,gamezzaida@example.net,1993-11-19,Data Analyst,81,Dominican Republic,San Francisco de Macorís,Corporate,Approved,2025-05-14 06:43:50,Email Campaign
4319,Olegario Nieto,aragonlaura@example.net,2004-08-05,Architect,36,Dominican Republic,San Francisco de Macorís,Individual,Approved,2022-06-02 15:55:19,Event
4320,José Pedrero,lola67@example.net,1982-01-10,Civil Engineer,257,Dominican Republic,Santo Domingo,Student,Approved,2022-11-08 20:53:07,Event
4321,Horacio Pastor,rodolfoalcantara@example.org,1995-05-09,Software Engineer,249,Dominican Republic,Santiago,Corporate,Approved,2024-01-27 13:25:31,Email Campaign
4322,Chucho Correa,aanglada@example.com,1979-04-04,Civil Engineer,283,Dominican Republic,Punta Cana,Honorary,Withdrawn,2024-06-07 07:10:14,Email Campaign
4323,Hilda Gras,taramburu@example.net,1992-05-30,Marketing Specialist,178,Dominican Republic,Santo Domingo,Corporate,Pending Payment,2026-03-14 16:32:45,Walk-in
4324,Ariel Ríos,aaronchaves@example.org,2006-05-08,Business Consultant,14,Dominican Republic,San Francisco de Macorís,Individual,Approved,2023-07-21 03:53:03,Website
4325,Ángeles Garmendia,batllefausto@example.org,2001-06-13,Architect,172,Dominican Republic,Punta Cana,Individual,Submitted,2025-04-13 04:37:53,Walk-in
4326,Ruy Tapia,cgimeno@example.org,2007-10-10,Business Consultant,146,Dominican Republic,San Francisco de Macorís,Honorary,Approved,2021-10-19 00:14:06,Website
4327,Heraclio Salcedo,manoloibanez@example.net,1983-04-06,Accountant,266,Dominican Republic,Punta Cana,Corporate,Approved,2024-11-03 21:56:27,Walk-in
4328,Porfirio Rivero,dabascal@example.net,1979-01-26,Project Manager,74,Dominican Republic,Puerto Plata,Student,Approved,2021-09-02 14:06:03,Referral
4329,Ovidio Ramirez,amor43@example.net,1989-07-12,Architect,209,Dominican Republic,Punta Cana,Individual,Approved,2025-10-23 10:14:13,Walk-in
4330,Ale Aragón,juan-bautista67@example.org,1996-02-05,Project Manager,64,Dominican Republic,Santiago,Individual,Withdrawn,2023-09-22 20:02:00,Referral
4331,Carlos Poza,lucila90@example.net,2007-11-04,Architect,299,Dominican Republic,La Romana,Individual,Under Review,2024-07-22 11:21:15,Referral
4332,Kike Roig,thernando@example.net,1977-05-08,Financial Analyst,98,Dominican Republic,Puerto Plata,Corporate,Submitted,2024-08-28 23:10:22,Website
4333,Asunción Valverde,dcasanovas@example.org,1986-11-22,Business Consultant,182,Dominican Republic,Puerto Plata,Honorary,Approved,2023-06-16 12:31:09,Event
4334,Ciríaco Cerezo,telmorivas@example.org,1986-05-29,Business Consultant,97,Dominican Republic,San Pedro de Macorís,Corporate,Approved,2023-12-19 05:48:04,Event
4335,Ana Sofía Verdugo,antunezcintia@example.com,1993-03-11,Software Engineer,201,Dominican Republic,Santo Domingo,Individual,Submitted,2022-02-02 13:35:17,Email Campaign
4336,Mariano Alcalá,marinrolando@example.org,2003-12-15,Data Analyst,246,Dominican Republic,San Francisco de Macorís,Corporate,Approved,2024-05-01 23:05:22,Event
4337,Ema Solera,armasamancio@example.org,2006-10-29,Marketing Specialist,288,Dominican Republic,La Romana,Student,Approved,2022-02-14 12:25:19,Walk-in
4338,Tamara Arana,hgallego@example.net,2007-07-27,Software Engineer,46,Dominican Republic,Santiago,Student,Approved,2024-05-16 16:41:47,Email Campaign
4339,José Ángel Poza,oguardiola@example.com,2000-06-07,Accountant,17,Dominican Republic,La Romana,Corporate,Approved,2025-11-14 06:18:17,Referral
4340,Lorenzo Hervás,kguerra@example.net,2008-08-18,Accountant,244,Dominican Republic,San Pedro de Macorís,Student,Rejected,2021-12-04 13:16:46,Referral
4341,Casandra Llorente,galvezcustodio@example.net,1993-09-19,Marketing Specialist,140,Dominican Republic,San Pedro de Macorís,Honorary,Approved,2024-05-09 15:29:50,Walk-in
4342,Coral Pineda,hbauza@example.org,1980-07-11,Marketing Specialist,220,Dominican Republic,Punta Cana,Individual,Pending Payment,2022-07-31 02:14:28,Email Campaign
4343,Herberto Alcalde,lazaro28@example.net,1984-04-04,Financial Analyst,114,Dominican Republic,Santo Domingo,Student,Submitted,2023-02-20 22:33:16,Website
4344,Plinio Bauzà,bolanosvanesa@example.net,1997-12-22,Data Analyst,283,Dominican Republic,La Romana,Corporate,Submitted,2022-01-02 19:26:51,Website
4345,Haroldo Osuna,rosalina09@example.com,1981-04-18,Lawyer,81,Dominican Republic,Santo Domingo,Student,Rejected,2024-01-21 01:35:41,Walk-in
4346,Bernardino Escudero,clara79@example.net,2000-10-07,Civil Engineer,267,Dominican Republic,Santiago,Student,Approved,2021-12-16 17:28:22,Email Campaign
4347,Luisina Gracia,jose-manuelsalva@example.net,1989-11-22,Software Engineer,94,Dominican Republic,San Francisco de Macorís,Student,Approved,2025-08-19 14:55:28,Website
4348,Roque Ros,poncepaz@example.org,2004-04-12,Architect,129,Dominican Republic,Puerto Plata,Honorary,Approved,2026-02-07 12:28:58,Email Campaign
4349,Crescencia Montero,franchmercedes@example.com,1976-03-19,Software Engineer,228,Dominican Republic,Puerto Plata,Honorary,Withdrawn,2023-06-16 20:31:02,Website
4350,Cintia Sosa,bibianaserra@example.com,1985-07-09,Financial Analyst,150,Dominican Republic,Punta Cana,Student,Withdrawn,2023-04-21 20:14:54,Website
4351,Alfonso Álvarez,vicensharoldo@example.com,1983-10-09,Project Manager,149,Dominican Republic,Santo Domingo,Honorary,Approved,2023-01-08 05:54:22,Walk-in
4352,Jessica Fuente,laguirre@example.com,2001-03-27,Financial Analyst,132,Dominican Republic,Santiago,Honorary,Approved,2024-11-24 05:53:39,Walk-in
4353,Jose Carlos Viana,saturninaacuna@example.com,1979-10-24,Financial Analyst,252,Dominican Republic,Santo Domingo,Individual,Approved,2024-08-11 18:23:10,Referral
4354,Martin Bernal,desiderio33@example.org,1978-04-16,Data Analyst,234,Dominican Republic,Santo Domingo,Honorary,Approved,2025-08-24 17:29:39,Walk-in
4355,Araceli Ribera,nogueiraurbano@example.com,1989-06-17,Accountant,60,Dominican Republic,San Pedro de Macorís,Honorary,Approved,2025-07-01 02:18:27,Event
4356,Ana Bellido,juliecepeda@example.org,2005-05-27,Project Manager,295,Dominican Republic,Santo Domingo,Honorary,Approved,2023-08-03 03:08:02,Website
4357,Benigno Costa,zmontenegro@example.com,1984-10-29,Data Analyst,293,Dominican Republic,San Francisco de Macorís,Individual,Approved,2021-12-07 20:35:29,Walk-in
4358,Pepito Vara,jordanalberto@example.org,1989-11-09,Marketing Specialist,268,Dominican Republic,San Francisco de Macorís,Individual,Approved,2021-10-05 01:15:02,Event
4359,Reyes Río,htoledo@example.net,2005-04-24,Architect,39,Dominican Republic,Puerto Plata,Corporate,Pending Payment,2023-02-04 04:13:10,Event
4360,Juan Pablo Suarez,reyesmorales@example.com,2001-03-09,Architect,293,Dominican Republic,La Romana,Honorary,Approved,2025-08-10 12:47:22,Email Campaign
4361,Bernardo Fajardo,klujan@example.com,1991-11-12,Software Engineer,212,Dominican Republic,San Francisco de Macorís,Individual,Pending Payment,2023-11-07 17:43:46,Event
4362,José Parra,mendozamaximiano@example.org,1991-01-17,Financial Analyst,58,Dominican Republic,Punta Cana,Individual,Approved,2024-09-06 01:57:48,Event
4363,María Del Carmen Elías,vicente44@example.net,2003-03-28,Marketing Specialist,125,Dominican Republic,Santiago,Student,Approved,2026-01-21 19:18:14,Walk-in
4364,Bernardita Coll,emilio69@example.net,2008-07-21,Data Analyst,11,Dominican Republic,San Pedro de Macorís,Honorary,Approved,2022-01-23 13:37:17,Email Campaign
4365,Laura Capdevila,cristobal11@example.com,2000-09-06,Marketing Specialist,159,Dominican Republic,Punta Cana,Corporate,Approved,2025-05-01 09:22:34,Website
4366,Alba Iborra,candelariaocana@example.org,1986-07-11,Financial Analyst,66,Dominican Republic,Punta Cana,Corporate,Approved,2025-07-24 19:03:02,Website
4367,Tiburcio Madrid,currutia@example.net,1988-03-05,Architect,263,Dominican Republic,Santiago,Honorary,Approved,2022-03-01 02:03:30,Walk-in
4368,Gertrudis Riba,franciscoanna@example.net,1982-10-10,Business Consultant,96,Dominican Republic,Puerto Plata,Corporate,Under Review,2022-03-24 03:48:20,Event
4369,Rosalina Godoy,tono50@example.org,2001-06-26,Civil Engineer,198,Dominican Republic,Santiago,Individual,Approved,2025-10-10 05:17:02,Referral
4370,Miguel Verdú,paznar@example.net,1985-10-29,Architect,58,Dominican Republic,San Pedro de Macorís,Student,Approved,2024-07-29 21:03:44,Referral
4371,Renato Franco,ricardagabaldon@example.net,1995-04-26,Lawyer,118,Dominican Republic,Puerto Plata,Individual,Approved,2022-12-07 02:08:55,Event
4372,Jose Ignacio Mas,emiliano45@example.com,1977-06-21,Business Consultant,40,Dominican Republic,La Romana,Individual,Rejected,2024-07-14 00:43:11,Website
4373,Carmelo Moliner,lorenza78@example.net,1980-03-09,Software Engineer,124,Dominican Republic,Santo Domingo,Individual,Approved,2025-01-27 02:09:32,Event
4374,Gregorio Aguilera,nildadelgado@example.com,1998-09-09,Business Consultant,111,Dominican Republic,Santiago,Corporate,Approved,2022-11-20 08:32:17,Email Campaign
4375,Abril Borrego,qcanet@example.net,2001-01-28,Civil Engineer,275,Dominican Republic,La Romana,Honorary,Rejected,2024-12-18 11:50:18,Walk-in
4376,María Teresa Cuevas,vsevillano@example.com,1992-01-10,Marketing Specialist,236,Dominican Republic,San Pedro de Macorís,Individual,Withdrawn,2025-03-16 08:46:00,Event
4377,Loreto Escolano,eveliasoria@example.org,1982-10-05,Project Manager,109,Dominican Republic,Punta Cana,Individual,Rejected,2026-05-20 19:15:03,Event
4378,Omar Lorenzo,wsaldana@example.net,1981-12-15,Business Consultant,28,Dominican Republic,San Francisco de Macorís,Student,Approved,2025-03-01 13:56:45,Referral
4379,Belen Báez,zaidacasado@example.net,1980-12-02,Architect,7,Dominican Republic,La Romana,Individual,Submitted,2023-03-04 11:10:05,Website
4380,Lourdes Lozano,echevarriajudith@example.org,1980-05-23,Data Analyst,94,Dominican Republic,Santiago,Corporate,Withdrawn,2025-12-28 15:14:13,Email Campaign
4381,Marisa Abascal,westeve@example.org,1998-12-17,Financial Analyst,151,Dominican Republic,San Pedro de Macorís,Individual,Withdrawn,2023-10-13 16:53:51,Referral
4382,Rufina Bustamante,leonardo55@example.com,1977-11-02,Civil Engineer,156,Dominican Republic,San Pedro de Macorís,Individual,Pending Payment,2026-03-27 21:19:16,Event
4383,Emperatriz Córdoba,barbara83@example.org,1984-07-15,Project Manager,118,Dominican Republic,La Romana,Corporate,Approved,2021-09-05 23:21:49,Referral
4384,Aurelio Guerra,samu30@example.org,2006-06-04,Data Analyst,138,Dominican Republic,San Pedro de Macorís,Student,Approved,2022-12-31 06:31:41,Referral
4385,Anselma Contreras,mtaboada@example.com,1998-05-14,Software Engineer,103,Dominican Republic,Punta Cana,Honorary,Under Review,2024-03-23 10:40:43,Email Campaign
4386,Sabina Agullo,victoriano98@example.com,1987-11-27,Civil Engineer,145,Dominican Republic,San Francisco de Macorís,Individual,Rejected,2025-06-02 05:32:22,Walk-in
4387,Cornelio Roldan,fchaparro@example.org,1980-09-03,Civil Engineer,168,Dominican Republic,San Pedro de Macorís,Corporate,Withdrawn,2024-10-08 01:00:26,Website
4388,Benito Zamorano,iduque@example.com,2006-07-07,Civil Engineer,151,Dominican Republic,La Romana,Corporate,Rejected,2026-03-18 20:22:30,Referral
4389,Mauricio Polo,eufemia34@example.com,1988-10-19,Accountant,21,Dominican Republic,Puerto Plata,Student,Approved,2022-01-29 19:21:55,Website
4390,Isidora Zabaleta,humbertoalmagro@example.net,1981-06-06,Business Consultant,251,Dominican Republic,Santo Domingo,Student,Approved,2024-09-21 22:21:14,Walk-in
4391,Candelas Saavedra,azaharmancebo@example.com,1991-07-13,Marketing Specialist,141,Dominican Republic,La Romana,Individual,Approved,2023-06-20 00:16:26,Event
4392,Rubén Gallart,puentehermenegildo@example.org,1976-03-16,Marketing Specialist,229,Dominican Republic,San Pedro de Macorís,Honorary,Approved,2026-05-13 08:17:19,Website
4393,Lázaro Ponce,calderonadora@example.org,2000-12-19,Business Consultant,292,Dominican Republic,Santiago,Student,Approved,2025-01-01 07:29:29,Referral
4394,Tecla Cornejo,gutierrezhipolito@example.net,2005-12-12,Software Engineer,238,Dominican Republic,Punta Cana,Corporate,Rejected,2025-02-04 18:43:41,Website
4395,Mateo Avilés,micaela74@example.net,1978-05-24,Data Analyst,54,Dominican Republic,Santiago,Individual,Rejected,2022-06-02 08:32:06,Email Campaign
4396,Toribio Heras,reyna30@example.org,2007-09-22,Civil Engineer,44,Dominican Republic,Santiago,Student,Approved,2022-06-16 23:55:01,Email Campaign
4397,Benjamín Cabañas,prequena@example.com,1990-04-30,Software Engineer,286,Dominican Republic,Puerto Plata,Honorary,Approved,2023-03-04 16:25:58,Website
4398,Maricruz Cobo,primitivo54@example.org,1985-07-08,Software Engineer,6,Dominican Republic,Puerto Plata,Individual,Approved,2021-09-03 01:17:57,Email Campaign
4399,Bibiana Muñoz,jpineda@example.org,2006-02-06,Civil Engineer,258,Dominican Republic,Santo Domingo,Corporate,Approved,2024-08-23 09:35:19,Event
4400,Carlos Calvet,vidalmateo@example.net,1990-03-05,Financial Analyst,48,Dominican Republic,Santo Domingo,Individual,Approved,2022-04-30 17:08:45,Walk-in
4401,Angelino Piñeiro,varranz@example.net,2002-07-16,Accountant,133,Dominican Republic,Punta Cana,Individual,Approved,2022-02-28 14:50:41,Website
4402,Gervasio Porras,martisilvio@example.net,1976-03-30,Lawyer,66,Dominican Republic,Punta Cana,Corporate,Approved,2022-07-14 14:32:55,Website
4403,Vasco Juárez,heraclio89@example.org,2006-07-29,Accountant,118,Dominican Republic,San Pedro de Macorís,Student,Approved,2024-11-17 13:59:55,Website
4404,Tatiana Cañete,leopoldo10@example.com,1988-11-16,Project Manager,279,Dominican Republic,Santo Domingo,Student,Rejected,2025-10-31 03:45:01,Referral
4405,Caridad Maestre,adoracion32@example.org,1990-04-18,Project Manager,46,Dominican Republic,Punta Cana,Individual,Under Review,2024-08-14 13:06:56,Website
4406,Basilio Elías,ezequiel38@example.net,1982-04-13,Financial Analyst,15,Dominican Republic,Puerto Plata,Student,Approved,2024-08-06 11:11:35,Email Campaign
4407,Juan Pablo Izquierdo,sernacarmelo@example.org,1997-07-01,Project Manager,143,Dominican Republic,Puerto Plata,Student,Approved,2021-10-12 08:38:09,Walk-in
4408,Jacinta Simó,encarnitavillalobos@example.com,1976-06-17,Data Analyst,175,Dominican Republic,La Romana,Honorary,Approved,2023-02-01 15:18:06,Email Campaign
4409,Jose Francisco Amigó,feliciana06@example.com,1990-10-09,Accountant,60,Dominican Republic,San Francisco de Macorís,Individual,Withdrawn,2022-06-14 17:22:57,Email Campaign
4410,José Antonio Nicolás,ivanflor@example.org,1992-08-24,Financial Analyst,233,Dominican Republic,San Pedro de Macorís,Honorary,Withdrawn,2022-05-03 03:18:55,Referral
4411,José Manuel Sarabia,pepe41@example.org,1994-10-19,Software Engineer,123,Dominican Republic,Punta Cana,Corporate,Approved,2026-05-08 01:05:10,Website
4412,Jordana Daza,marisa92@example.org,1975-11-04,Business Consultant,51,Dominican Republic,San Pedro de Macorís,Student,Submitted,2023-03-07 17:25:55,Website
4413,Anunciación Bello,miriam20@example.net,1995-08-08,Marketing Specialist,244,Dominican Republic,Puerto Plata,Student,Rejected,2024-08-30 07:06:36,Referral
4414,Emilio Cano,jpoza@example.org,1979-09-26,Accountant,36,Dominican Republic,La Romana,Honorary,Approved,2022-12-29 10:29:04,Referral
4415,Silvestre Ropero,nicanorarroyo@example.com,2001-06-24,Accountant,99,Dominican Republic,San Pedro de Macorís,Individual,Submitted,2022-02-19 00:33:47,Email Campaign
4416,Albina Goñi,leonbarroso@example.org,2005-11-03,Business Consultant,32,Dominican Republic,San Pedro de Macorís,Individual,Approved,2024-02-29 09:32:10,Email Campaign
4417,Jorge Balaguer,olimpiadomingo@example.com,1977-03-16,Architect,266,Dominican Republic,Puerto Plata,Student,Approved,2023-01-30 22:43:23,Email Campaign
4418,Amanda Iglesia,ycornejo@example.org,1994-09-27,Lawyer,2,Dominican Republic,San Pedro de Macorís,Student,Rejected,2023-08-11 11:20:21,Event
4419,Anselma Lucena,asdrubal37@example.net,1989-01-06,Data Analyst,53,Dominican Republic,Punta Cana,Individual,Rejected,2024-09-01 01:14:07,Website
4420,José Ángel Galvez,fabian85@example.net,1993-06-29,Marketing Specialist,163,Dominican Republic,San Pedro de Macorís,Corporate,Approved,2021-10-24 07:24:59,Email Campaign
4421,Graciano Gomila,yanezsegismundo@example.net,1984-04-23,Software Engineer,177,Dominican Republic,San Francisco de Macorís,Corporate,Rejected,2022-06-20 03:20:34,Email Campaign
4422,Lucio Reina,paulacastellanos@example.net,1997-09-21,Accountant,102,Dominican Republic,Santiago,Corporate,Approved,2022-01-18 05:09:40,Walk-in
4423,Aránzazu Montaña,mendezbaudelio@example.com,2007-07-17,Architect,171,Dominican Republic,Santo Domingo,Corporate,Submitted,2025-12-30 21:35:04,Website
4424,Rita Valbuena,nadaldaniela@example.org,2004-02-06,Accountant,263,Dominican Republic,Santo Domingo,Corporate,Rejected,2024-04-30 07:31:08,Event
4425,Desiderio Casares,adelaidatorrents@example.org,1979-03-19,Accountant,210,Dominican Republic,Puerto Plata,Student,Approved,2022-02-26 04:39:38,Referral
4426,Encarnacion Azorin,sisern@example.com,1991-08-28,Marketing Specialist,238,Dominican Republic,Punta Cana,Corporate,Approved,2023-08-15 01:08:27,Walk-in
4427,Clementina Campo,sotoedelmiro@example.com,2007-08-14,Data Analyst,42,Dominican Republic,Santiago,Corporate,Rejected,2023-10-15 22:28:34,Walk-in
4428,Ricarda Agustín,fonsecaleocadia@example.com,1987-10-11,Software Engineer,119,Dominican Republic,Santo Domingo,Student,Approved,2025-01-02 09:49:07,Event
4429,Belén Varela,yolanda86@example.com,1998-08-02,Architect,21,Dominican Republic,Puerto Plata,Honorary,Submitted,2025-10-16 02:37:15,Email Campaign
4430,Marisela Galindo,xmarin@example.com,1996-01-09,Business Consultant,217,Dominican Republic,Santiago,Honorary,Approved,2024-11-13 07:31:27,Event
4431,Sandalio Pi,salaselpidio@example.org,1989-01-16,Data Analyst,275,Dominican Republic,Santiago,Corporate,Approved,2024-11-13 13:51:38,Event
4432,Luna Barco,renata74@example.org,1980-09-06,Accountant,34,Dominican Republic,Puerto Plata,Corporate,Approved,2021-09-15 13:00:52,Email Campaign
4433,Celestina Camacho,ferrandotristan@example.net,1995-11-12,Marketing Specialist,7,Dominican Republic,San Pedro de Macorís,Student,Rejected,2023-06-11 10:17:16,Email Campaign
4434,Angélica Correa,priscila28@example.net,2007-10-09,Civil Engineer,119,Dominican Republic,Puerto Plata,Corporate,Approved,2024-01-19 01:17:05,Website
4435,Adalberto Maza,custodiahuerta@example.com,1979-08-17,Business Consultant,282,Dominican Republic,Santiago,Individual,Approved,2025-01-26 05:40:33,Walk-in
4436,Alejandro Cerro,emoya@example.com,1988-05-09,Data Analyst,67,Dominican Republic,Santo Domingo,Corporate,Approved,2022-10-11 03:16:21,Walk-in
4437,Jenny Ros,jmanjon@example.org,1983-01-12,Project Manager,104,Dominican Republic,San Pedro de Macorís,Student,Approved,2022-06-28 06:34:43,Referral
4438,Teófilo Ferrándiz,hsoriano@example.org,1991-04-18,Architect,40,Dominican Republic,La Romana,Corporate,Rejected,2024-04-30 18:23:33,Website
4439,Eutimio Jurado,hurtadonilo@example.org,1992-03-26,Lawyer,47,Dominican Republic,Punta Cana,Corporate,Rejected,2024-12-05 09:54:57,Email Campaign
4440,Soraya Leal,emiliavillalba@example.org,2001-05-13,Project Manager,79,Dominican Republic,Punta Cana,Corporate,Approved,2023-07-10 23:13:47,Referral
4441,Aitor Gallart,jose-angel95@example.org,2000-11-03,Lawyer,284,Dominican Republic,Puerto Plata,Student,Withdrawn,2025-01-10 15:11:21,Event
4442,Ariel Vélez,godofredo29@example.net,2004-02-11,Marketing Specialist,274,Dominican Republic,La Romana,Individual,Approved,2025-08-18 18:40:42,Referral
4443,Serafina Guzmán,julie01@example.org,1984-04-15,Marketing Specialist,135,Dominican Republic,Punta Cana,Honorary,Approved,2025-10-22 13:06:40,Walk-in
4444,Petrona Mayo,rmulet@example.net,1992-04-19,Project Manager,11,Dominican Republic,La Romana,Honorary,Approved,2023-05-14 11:08:42,Referral
4445,Hortensia Sancho,rarco@example.net,2008-01-24,Accountant,290,Dominican Republic,San Francisco de Macorís,Corporate,Rejected,2021-12-27 14:26:01,Email Campaign
4446,Coral Rincón,mbauza@example.com,1988-01-20,Business Consultant,42,Dominican Republic,Punta Cana,Individual,Approved,2024-12-17 11:38:23,Walk-in
4447,Rosalina Navarrete,osanmartin@example.net,1988-09-28,Project Manager,151,Dominican Republic,Puerto Plata,Individual,Approved,2022-06-14 02:56:39,Walk-in
4448,Melisa Angulo,maria-teresaiglesia@example.org,1987-04-28,Business Consultant,43,Dominican Republic,San Pedro de Macorís,Honorary,Approved,2025-08-25 11:14:30,Walk-in
4449,Hernán Querol,azconaaurelia@example.net,1976-05-01,Architect,90,Dominican Republic,San Francisco de Macorís,Honorary,Approved,2024-02-23 03:46:35,Website
4450,Nélida Canals,bmir@example.net,1997-05-23,Business Consultant,201,Dominican Republic,Punta Cana,Individual,Under Review,2024-01-06 05:40:09,Email Campaign
4451,Tania Garmendia,saezroberta@example.net,2006-09-03,Accountant,156,Dominican Republic,San Francisco de Macorís,Corporate,Submitted,2023-01-09 16:44:13,Email Campaign
4452,Noa Calvet,zsantiago@example.org,1998-09-11,Civil Engineer,75,Dominican Republic,San Francisco de Macorís,Student,Submitted,2025-04-05 04:14:49,Walk-in
4453,Águeda Cabrero,gmontero@example.com,1981-10-21,Data Analyst,46,Dominican Republic,Punta Cana,Corporate,Approved,2023-08-15 08:12:18,Referral
4454,Segismundo Huertas,maria-carmen11@example.org,1984-08-14,Marketing Specialist,251,Dominican Republic,La Romana,Corporate,Approved,2026-03-24 09:14:21,Event
4455,Rosa María Mármol,crivas@example.org,2007-08-29,Lawyer,236,Dominican Republic,San Pedro de Macorís,Student,Approved,2022-11-20 11:44:34,Referral
4456,Rogelio Mosquera,jcuesta@example.org,1994-06-21,Data Analyst,282,Dominican Republic,La Romana,Corporate,Approved,2022-11-14 20:19:03,Walk-in
4457,Prudencia Carpio,reinatrujillo@example.net,1996-11-14,Business Consultant,282,Dominican Republic,San Pedro de Macorís,Student,Under Review,2026-03-11 22:55:43,Event
4458,Araceli Pedraza,juanbaro@example.net,2005-07-24,Financial Analyst,170,Dominican Republic,Santiago,Individual,Approved,2025-02-02 00:17:13,Event
4459,Amancio Manzano,oliverasines@example.net,2002-02-17,Project Manager,92,Dominican Republic,Punta Cana,Student,Approved,2024-06-30 18:31:51,Website
4460,Sara Pedro,adelagonzalez@example.org,1999-09-03,Software Engineer,9,Dominican Republic,La Romana,Student,Approved,2024-01-06 19:34:33,Walk-in
4461,Iker Sarmiento,hfrutos@example.net,1986-07-25,Financial Analyst,137,Dominican Republic,Santiago,Individual,Approved,2024-10-13 09:33:36,Email Campaign
4462,Clarisa Quintanilla,falmeida@example.org,1990-06-15,Accountant,292,Dominican Republic,San Francisco de Macorís,Corporate,Submitted,2023-10-28 10:44:19,Website
4463,José Mari Bustos,maribel40@example.org,1977-08-28,Software Engineer,35,Dominican Republic,Santiago,Corporate,Approved,2023-12-18 00:28:03,Referral
4464,Angelino Sales,segismundo02@example.org,2001-12-27,Business Consultant,216,Dominican Republic,San Francisco de Macorís,Corporate,Approved,2022-09-12 01:14:32,Website
4465,Aurelio Rocamora,maura07@example.net,1992-03-11,Software Engineer,243,Dominican Republic,Punta Cana,Student,Approved,2023-01-01 11:52:23,Referral
4466,Daniela Reig,gabrielvaquero@example.net,2006-03-19,Lawyer,28,Dominican Republic,Punta Cana,Individual,Submitted,2024-06-16 15:38:47,Walk-in
4467,Maribel Mayoral,wilfredofabregas@example.net,1984-09-28,Project Manager,188,Dominican Republic,La Romana,Student,Approved,2023-11-07 07:15:09,Walk-in
4468,Dionisia Torralba,teresitaperera@example.org,2002-10-06,Software Engineer,172,Dominican Republic,Puerto Plata,Corporate,Approved,2025-09-26 11:09:36,Event
4469,Jenny Ferrero,oraya@example.com,1985-01-12,Financial Analyst,98,Dominican Republic,La Romana,Honorary,Approved,2025-06-09 11:01:24,Walk-in
4470,Luz Pazos,qhervia@example.com,2006-08-08,Business Consultant,293,Dominican Republic,Puerto Plata,Honorary,Approved,2022-03-21 17:20:19,Website
4471,Visitación Barreda,godofredo92@example.com,1997-09-05,Project Manager,196,Dominican Republic,Punta Cana,Honorary,Rejected,2022-02-13 02:42:17,Walk-in
4472,Natividad Ropero,hsegura@example.net,1986-08-31,Financial Analyst,119,Dominican Republic,Santiago,Individual,Approved,2023-04-23 18:06:57,Email Campaign
4473,Lidia Quero,campilloaitana@example.com,2007-03-27,Software Engineer,232,Dominican Republic,San Pedro de Macorís,Corporate,Pending Payment,2023-07-23 23:19:54,Walk-in
4474,Juanita Almagro,benjamin25@example.com,2008-02-10,Project Manager,138,Dominican Republic,Santiago,Honorary,Approved,2022-02-24 16:45:34,Referral
4475,Arturo Marin,fonttrinidad@example.org,1989-07-24,Civil Engineer,172,Dominican Republic,San Francisco de Macorís,Honorary,Approved,2025-01-09 17:52:55,Email Campaign
4476,Rebeca Urrutia,jortuno@example.com,2002-01-23,Financial Analyst,36,Dominican Republic,La Romana,Individual,Pending Payment,2021-08-27 15:29:19,Walk-in
4477,Urbano Cano,socorrosamper@example.net,1999-09-09,Architect,123,Dominican Republic,San Francisco de Macorís,Individual,Rejected,2025-08-21 00:42:00,Website
4478,Cristian Saavedra,vgarces@example.com,1975-12-18,Data Analyst,49,Dominican Republic,Santiago,Honorary,Submitted,2025-02-20 23:09:15,Referral
4479,Samanta Marqués,josefinasegarra@example.org,1995-01-09,Architect,132,Dominican Republic,Santiago,Corporate,Approved,2021-11-06 20:16:54,Event
4480,Javiera Mariscal,arielcabrero@example.com,2006-07-22,Financial Analyst,82,Dominican Republic,La Romana,Corporate,Approved,2025-02-10 22:07:08,Referral
4481,Íñigo Puga,rosauradiez@example.com,1976-10-28,Accountant,271,Dominican Republic,Punta Cana,Honorary,Pending Payment,2022-11-15 16:08:54,Website
4482,Malena Oliveras,jose-manuel16@example.net,1983-07-18,Software Engineer,272,Dominican Republic,San Pedro de Macorís,Individual,Approved,2022-03-21 03:48:57,Walk-in
4483,Melchor Vicens,tadeo47@example.org,1987-01-22,Software Engineer,127,Dominican Republic,La Romana,Individual,Approved,2025-03-18 03:38:49,Email Campaign
4484,Baltasar Luna,gsolsona@example.org,1997-11-16,Project Manager,99,Dominican Republic,Santo Domingo,Honorary,Approved,2022-01-11 23:41:00,Referral
4485,Isabel Fuente,zalmazan@example.net,2006-07-17,Architect,270,Dominican Republic,Puerto Plata,Student,Rejected,2022-07-25 18:38:58,Walk-in
4486,Miguel Orozco,estebanruben@example.org,1983-09-24,Accountant,78,Dominican Republic,Santo Domingo,Corporate,Approved,2023-11-03 09:32:29,Walk-in
4487,Amor Soto,cirocepeda@example.org,2002-08-17,Marketing Specialist,119,Dominican Republic,San Pedro de Macorís,Individual,Approved,2022-02-13 23:32:31,Website
4488,Olalla Rosales,bsaavedra@example.com,1986-08-20,Civil Engineer,5,Dominican Republic,Puerto Plata,Student,Rejected,2024-02-01 20:56:04,Website
4489,Gabriela Acosta,joaquin24@example.org,1996-12-26,Software Engineer,30,Dominican Republic,La Romana,Honorary,Approved,2022-08-14 17:21:18,Event
4490,Jesusa Requena,ismael53@example.net,1981-04-26,Financial Analyst,33,Dominican Republic,La Romana,Individual,Approved,2025-11-28 00:47:47,Walk-in
4491,Marcia Rovira,solercarmelita@example.net,1976-01-21,Accountant,120,Dominican Republic,San Pedro de Macorís,Individual,Rejected,2024-10-04 22:57:49,Event
4492,Casandra Bauzà,aureliaanton@example.com,1991-01-23,Architect,69,Dominican Republic,San Pedro de Macorís,Student,Approved,2023-07-23 19:45:50,Referral
4493,Glauco Carmona,reyessalcedo@example.net,2001-05-30,Data Analyst,35,Dominican Republic,Santo Domingo,Individual,Approved,2026-05-31 22:19:39,Email Campaign
4494,Rogelio Martin,nazaret52@example.com,1979-05-25,Financial Analyst,207,Dominican Republic,San Pedro de Macorís,Student,Approved,2024-05-01 09:36:02,Event
4495,Dimas Andrés,valba@example.com,1998-04-17,Software Engineer,13,Dominican Republic,San Francisco de Macorís,Student,Under Review,2024-10-04 00:51:17,Event
4496,Anastasia Aguirre,faustino95@example.org,1994-10-09,Marketing Specialist,103,Dominican Republic,San Francisco de Macorís,Honorary,Approved,2025-01-14 19:33:50,Website
4497,Bernardita Ureña,luis-miguel12@example.org,1987-05-05,Project Manager,268,Dominican Republic,Santo Domingo,Honorary,Submitted,2026-04-18 15:45:41,Event
4498,Dolores Roura,maximinopuerta@example.net,1980-10-06,Architect,275,Dominican Republic,Santo Domingo,Honorary,Approved,2025-01-16 23:02:20,Referral
4499,Jose Manuel Mir,camaya@example.com,1997-09-13,Civil Engineer,191,Dominican Republic,Santo Domingo,Student,Approved,2023-03-30 01:04:48,Walk-in
4500,Nicanor Oliva,pazchucho@example.com,2002-11-17,Business Consultant,173,Dominican Republic,Santo Domingo,Student,Approved,2025-06-13 17:57:37,Website
4501,Jordana Parejo,fontaitana@example.net,1984-03-02,Marketing Specialist,159,Dominican Republic,La Romana,Individual,Approved,2024-06-30 06:40:15,Referral
4502,Isaías Bautista,walterfiguerola@example.com,2001-09-06,Project Manager,54,Dominican Republic,Santo Domingo,Individual,Approved,2023-10-15 04:06:47,Email Campaign
4503,Noemí Múñiz,batallaetelvina@example.com,1990-01-16,Lawyer,214,Dominican Republic,La Romana,Honorary,Approved,2023-01-03 08:21:57,Referral
4504,Dani Figueroa,sigfrido16@example.com,1998-11-23,Software Engineer,88,Dominican Republic,Punta Cana,Student,Rejected,2024-11-08 04:13:32,Website
4505,Carmelo Montero,juanarosado@example.com,1984-02-04,Civil Engineer,261,Dominican Republic,Santo Domingo,Corporate,Approved,2022-12-08 10:50:48,Website
4506,Octavia Cid,rebecajurado@example.com,1976-12-23,Project Manager,261,Dominican Republic,San Pedro de Macorís,Individual,Approved,2025-12-27 11:35:36,Website
4507,Claudio Abril,lermabelen@example.net,1979-04-29,Accountant,96,Dominican Republic,Santo Domingo,Corporate,Approved,2023-01-29 04:45:43,Walk-in
4508,Dafne Salas,llamasarmando@example.net,1996-02-06,Accountant,84,Dominican Republic,San Francisco de Macorís,Honorary,Approved,2023-10-14 20:04:23,Walk-in
4509,Jose Manuel Salvà,casandra12@example.com,1993-03-07,Lawyer,106,Dominican Republic,Santo Domingo,Corporate,Submitted,2022-08-02 10:32:55,Email Campaign
4510,Amarilis Iborra,alcarazazahar@example.org,1986-08-28,Project Manager,4,Dominican Republic,Puerto Plata,Honorary,Approved,2026-01-11 18:59:02,Walk-in
4511,Camila Albero,reyna80@example.net,1979-10-03,Civil Engineer,166,Dominican Republic,Santiago,Honorary,Approved,2023-12-05 17:20:47,Walk-in
4512,Alcides Fernández,lorenzoamaya@example.com,1976-10-12,Lawyer,185,Dominican Republic,Santiago,Individual,Approved,2026-05-09 11:36:20,Email Campaign
4513,Pili Capdevila,nicolaurenato@example.net,1983-03-06,Lawyer,124,Dominican Republic,San Pedro de Macorís,Corporate,Approved,2024-07-21 02:10:13,Website
4514,Felipa Villegas,oarellano@example.org,2008-05-11,Accountant,68,Dominican Republic,San Pedro de Macorís,Individual,Approved,2022-07-20 01:35:38,Referral
4515,Mayte Guzman,cabanillassegismundo@example.net,1989-10-05,Business Consultant,55,Dominican Republic,San Francisco de Macorís,Honorary,Approved,2024-03-25 14:35:03,Email Campaign
4516,Silvio Alonso,fannybenavides@example.org,2006-09-12,Accountant,91,Dominican Republic,Punta Cana,Student,Approved,2024-02-14 16:31:39,Email Campaign
4517,Vicenta Ropero,xroca@example.com,1980-07-20,Marketing Specialist,199,Dominican Republic,San Francisco de Macorís,Individual,Pending Payment,2025-12-14 00:08:30,Event
4518,Darío Company,clarisa83@example.com,2002-02-04,Financial Analyst,281,Dominican Republic,Santiago,Honorary,Pending Payment,2022-12-31 19:53:38,Email Campaign
4519,Aurelio Sebastián,ester88@example.com,1995-07-18,Project Manager,73,Dominican Republic,Santo Domingo,Student,Approved,2024-05-19 04:46:15,Event
4520,Elena Benavides,roqueacuna@example.net,1980-09-14,Marketing Specialist,199,Dominican Republic,San Pedro de Macorís,Individual,Approved,2021-08-27 07:16:32,Event
4521,Jose Ignacio Goicoechea,jovermarcela@example.com,1988-03-20,Data Analyst,63,Dominican Republic,Santo Domingo,Student,Approved,2025-03-14 03:33:20,Walk-in
4522,Jacinta Otero,wcarretero@example.com,1988-12-09,Architect,22,Dominican Republic,San Francisco de Macorís,Student,Approved,2024-08-30 22:35:50,Email Campaign
4523,Amor Vila,galvanalonso@example.com,1995-03-15,Financial Analyst,44,Dominican Republic,La Romana,Honorary,Rejected,2024-08-02 19:05:27,Referral
4524,Reina Barceló,joel89@example.net,2001-04-17,Architect,267,Dominican Republic,San Pedro de Macorís,Student,Rejected,2025-01-07 09:44:40,Referral
4525,Luis Ángel Cabrera,wlillo@example.org,1993-08-16,Business Consultant,141,Dominican Republic,La Romana,Individual,Approved,2024-12-05 20:46:11,Website
4526,Ernesto Moraleda,narcisacastillo@example.org,2004-06-19,Architect,119,Dominican Republic,Puerto Plata,Honorary,Rejected,2023-07-29 06:53:20,Referral
4527,Alonso Suarez,kiketorrijos@example.com,1984-04-23,Financial Analyst,282,Dominican Republic,Santo Domingo,Honorary,Approved,2022-06-13 21:56:18,Event
4528,Yésica Estrada,ncabeza@example.net,2005-02-15,Civil Engineer,61,Dominican Republic,Santo Domingo,Student,Rejected,2024-09-29 22:16:39,Event
4529,Ofelia Parejo,uiglesias@example.net,1989-02-24,Business Consultant,53,Dominican Republic,San Pedro de Macorís,Individual,Rejected,2022-08-29 04:08:12,Website
4530,Anna Alcalde,rita83@example.net,1983-12-30,Civil Engineer,199,Dominican Republic,San Francisco de Macorís,Honorary,Approved,2024-04-22 01:05:57,Event
4531,Soledad Arce,rafalinares@example.net,2003-05-25,Architect,18,Dominican Republic,Santo Domingo,Individual,Approved,2024-01-10 09:34:24,Website
4532,Priscila Chico,hvilla@example.com,1994-11-09,Software Engineer,235,Dominican Republic,Santiago,Student,Withdrawn,2026-04-17 07:10:17,Referral
4533,Íngrid Viana,duenasalbino@example.com,1996-06-19,Project Manager,196,Dominican Republic,San Francisco de Macorís,Individual,Submitted,2024-11-27 22:57:56,Email Campaign
4534,Ramón Piquer,gasparpellicer@example.net,2006-10-16,Software Engineer,224,Dominican Republic,La Romana,Student,Rejected,2025-03-06 11:39:48,Email Campaign
4535,Nélida Cifuentes,sruano@example.org,1980-05-15,Marketing Specialist,125,Dominican Republic,Punta Cana,Student,Approved,2023-09-10 10:03:58,Walk-in
4536,Severino Guzman,davilaadoracion@example.com,1983-06-30,Software Engineer,71,Dominican Republic,San Pedro de Macorís,Student,Submitted,2023-10-24 22:09:10,Walk-in
4537,Donato Fuster,norberto78@example.net,2002-02-26,Accountant,294,Dominican Republic,La Romana,Individual,Approved,2021-12-05 10:24:21,Walk-in
4538,Felipe Cañete,borjarosalinda@example.com,1992-07-24,Business Consultant,276,Dominican Republic,San Pedro de Macorís,Honorary,Approved,2022-05-03 09:47:10,Referral
4539,Irene Amor,kcastillo@example.com,1987-12-29,Financial Analyst,115,Dominican Republic,San Francisco de Macorís,Honorary,Approved,2021-10-19 20:58:06,Referral
4540,Eliseo Pomares,juanito73@example.com,1998-05-04,Accountant,11,Dominican Republic,La Romana,Individual,Approved,2023-06-20 06:08:22,Website
4541,Leopoldo Bustos,josefina39@example.org,1976-09-08,Financial Analyst,201,Dominican Republic,Punta Cana,Honorary,Approved,2023-06-30 20:48:03,Walk-in
4542,Gilberto Gómez,alvarotomas@example.net,2001-02-09,Project Manager,141,Dominican Republic,Punta Cana,Corporate,Approved,2025-04-13 06:46:36,Event
4543,Adelina Ayllón,oroca@example.com,2008-04-19,Financial Analyst,218,Dominican Republic,Santo Domingo,Individual,Approved,2023-11-02 06:47:14,Website
4544,Adoración Toledo,maricruzaznar@example.net,2007-03-06,Business Consultant,76,Dominican Republic,San Francisco de Macorís,Honorary,Rejected,2022-06-24 23:58:01,Referral
4545,Cebrián Barriga,abel83@example.net,1984-02-29,Data Analyst,270,Dominican Republic,Santiago,Corporate,Rejected,2023-10-01 21:05:02,Email Campaign
4546,Manuela Solís,rufinoaleman@example.org,1997-07-03,Marketing Specialist,31,Dominican Republic,San Francisco de Macorís,Corporate,Approved,2026-04-18 22:48:11,Referral
4547,Victoriano Somoza,poliva@example.org,1982-01-21,Architect,84,Dominican Republic,La Romana,Student,Approved,2024-01-20 11:44:23,Walk-in
4548,Erasmo Cañas,hector93@example.net,1980-01-22,Accountant,267,Dominican Republic,Santo Domingo,Student,Approved,2022-10-15 21:38:27,Walk-in
4549,Juan Luis Castellanos,sonia77@example.com,2001-11-04,Project Manager,74,Dominican Republic,Santiago,Corporate,Approved,2023-03-12 13:24:35,Website
4550,Xavier Sastre,porfirio75@example.org,1981-04-03,Project Manager,195,Dominican Republic,Punta Cana,Honorary,Under Review,2022-07-23 03:22:11,Referral
4551,Genoveva Vázquez,glauco11@example.com,1993-07-22,Business Consultant,209,Dominican Republic,Punta Cana,Corporate,Approved,2024-04-11 20:30:32,Walk-in
4552,Toni Arana,leonorpinedo@example.org,1993-09-21,Business Consultant,231,Dominican Republic,San Francisco de Macorís,Individual,Approved,2023-08-11 06:47:59,Email Campaign
4553,Dafne Prieto,tvega@example.org,2003-04-02,Lawyer,44,Dominican Republic,Punta Cana,Corporate,Approved,2021-10-13 22:07:52,Walk-in
4554,Marta Machado,smunoz@example.net,1999-03-11,Data Analyst,176,Dominican Republic,Puerto Plata,Corporate,Approved,2023-09-30 21:33:30,Walk-in
4555,Rafa Vaquero,victoriano70@example.com,1995-04-03,Business Consultant,226,Dominican Republic,La Romana,Individual,Approved,2023-09-24 05:46:42,Walk-in
4556,Isabel Elías,jose-antonio20@example.org,2007-06-01,Marketing Specialist,39,Dominican Republic,Puerto Plata,Corporate,Under Review,2024-05-07 09:29:05,Website
4557,Martín Ramón,rivasleticia@example.net,1999-08-08,Civil Engineer,196,Dominican Republic,La Romana,Corporate,Approved,2025-09-07 01:53:24,Event
4558,Dora Manjón,psalgado@example.com,1993-07-09,Lawyer,216,Dominican Republic,San Pedro de Macorís,Student,Approved,2022-03-25 19:52:30,Walk-in
4559,Aurora Villanueva,tgarrido@example.com,2001-01-14,Marketing Specialist,228,Dominican Republic,Puerto Plata,Individual,Rejected,2022-04-26 10:58:55,Event
4560,Samanta Gomila,esperanza45@example.net,1980-03-29,Marketing Specialist,171,Dominican Republic,La Romana,Honorary,Pending Payment,2022-03-14 15:03:33,Website
4561,Darío Naranjo,oduran@example.net,1986-12-13,Accountant,168,Dominican Republic,Santo Domingo,Honorary,Approved,2022-02-02 06:53:39,Website
4562,Chucho Lucas,fgarcia@example.com,1995-01-27,Business Consultant,250,Dominican Republic,San Pedro de Macorís,Honorary,Submitted,2025-03-30 12:16:30,Referral
4563,Emigdio Quero,anselmapinilla@example.com,1985-08-01,Accountant,92,Dominican Republic,San Pedro de Macorís,Honorary,Approved,2025-11-05 22:18:30,Email Campaign
4564,Iris Sobrino,tejerocasandra@example.net,1997-02-20,Lawyer,184,Dominican Republic,Santo Domingo,Individual,Approved,2022-12-16 07:41:13,Event
4565,Nélida Cepeda,arreguicarmelita@example.net,1997-08-02,Marketing Specialist,22,Dominican Republic,Puerto Plata,Individual,Under Review,2022-09-12 22:42:08,Email Campaign
4566,Alonso Andrés,jaumegaspar@example.net,2003-06-12,Marketing Specialist,185,Dominican Republic,Punta Cana,Individual,Approved,2025-02-12 18:40:58,Email Campaign
4567,Guadalupe Rico,pratsgerman@example.com,1978-07-26,Civil Engineer,254,Dominican Republic,Puerto Plata,Honorary,Approved,2024-05-21 14:55:13,Website
4568,Amaya Morales,candido49@example.org,1994-11-15,Marketing Specialist,290,Dominican Republic,Santiago,Individual,Approved,2025-01-11 21:32:04,Email Campaign
4569,Victor Cabello,vidaladan@example.org,1999-11-30,Business Consultant,233,Dominican Republic,Santiago,Individual,Approved,2023-11-27 15:21:19,Referral
4570,Evangelina Osuna,respanol@example.org,1998-01-25,Business Consultant,294,Dominican Republic,Puerto Plata,Student,Pending Payment,2023-02-18 22:14:22,Event
4571,Alondra Marcos,wroda@example.net,1998-01-28,Lawyer,298,Dominican Republic,La Romana,Honorary,Approved,2022-09-29 01:12:51,Website
4572,Estefanía Martorell,reynaarribas@example.com,1979-07-23,Civil Engineer,228,Dominican Republic,La Romana,Student,Pending Payment,2025-07-14 12:19:42,Walk-in
4573,Edelmiro Sobrino,manuelitamarmol@example.org,1981-10-09,Financial Analyst,176,Dominican Republic,San Pedro de Macorís,Student,Withdrawn,2023-07-01 10:17:44,Event
4574,Rosaura Jaén,martinagutierrez@example.com,1983-07-17,Financial Analyst,254,Dominican Republic,La Romana,Honorary,Approved,2025-04-29 00:37:02,Event
4575,Abigaíl Perea,ftome@example.com,1982-11-19,Civil Engineer,267,Dominican Republic,San Francisco de Macorís,Student,Approved,2023-10-13 15:46:26,Referral
4576,Vanesa Castillo,inadal@example.com,1986-08-17,Data Analyst,128,Dominican Republic,San Francisco de Macorís,Corporate,Approved,2022-01-22 04:37:44,Referral
4577,Hilario Baños,marileandra@example.net,1995-09-24,Software Engineer,68,Dominican Republic,San Francisco de Macorís,Individual,Rejected,2025-05-16 08:59:05,Referral
4578,Elena Briones,abel77@example.org,1997-01-24,Business Consultant,212,Dominican Republic,Santiago,Individual,Approved,2023-03-15 06:16:28,Email Campaign
4579,Rufina Viana,reyche@example.net,1995-04-05,Financial Analyst,140,Dominican Republic,Santiago,Individual,Approved,2021-12-13 05:53:04,Email Campaign
4580,Alicia Lamas,tpozo@example.com,1996-03-16,Accountant,93,Dominican Republic,San Pedro de Macorís,Individual,Under Review,2025-11-18 13:53:48,Website
4581,Pepita Llano,ycordero@example.net,1978-09-17,Marketing Specialist,42,Dominican Republic,Punta Cana,Individual,Approved,2025-07-23 06:59:40,Referral
4582,Dimas Domínguez,maria-jesus35@example.com,1990-01-17,Data Analyst,253,Dominican Republic,San Pedro de Macorís,Honorary,Submitted,2025-11-27 15:19:13,Walk-in
4583,Gala Hierro,gibertfabio@example.com,2001-05-29,Data Analyst,7,Dominican Republic,La Romana,Corporate,Approved,2023-04-30 13:07:22,Website
4584,Roldán Peral,solpareja@example.com,1993-09-30,Marketing Specialist,127,Dominican Republic,Santo Domingo,Corporate,Approved,2025-06-09 21:00:11,Event
4585,Luisa Pino,ugabaldon@example.net,1976-01-02,Project Manager,9,Dominican Republic,Punta Cana,Student,Approved,2025-09-08 03:50:06,Email Campaign
4586,Charo Bueno,valeragabriel@example.net,1999-01-28,Data Analyst,21,Dominican Republic,San Pedro de Macorís,Corporate,Withdrawn,2023-07-22 17:22:08,Website
4587,Fortunata Martorell,rpolo@example.net,1989-10-09,Software Engineer,249,Dominican Republic,La Romana,Honorary,Approved,2022-04-06 09:51:44,Website
4588,Gervasio Pinedo,juliaemilia@example.net,1997-05-22,Financial Analyst,16,Dominican Republic,San Pedro de Macorís,Student,Rejected,2023-05-23 11:42:37,Website
4589,Gala Quirós,custodioprat@example.org,2004-12-05,Business Consultant,286,Dominican Republic,Puerto Plata,Student,Rejected,2025-05-28 03:53:16,Referral
4590,Nazario Prado,jose-mari39@example.org,1995-06-27,Project Manager,199,Dominican Republic,Santo Domingo,Individual,Withdrawn,2024-05-10 21:48:16,Website
4591,Bernardo Navarro,nquero@example.org,1977-09-29,Marketing Specialist,124,Dominican Republic,Punta Cana,Corporate,Approved,2024-12-31 11:39:45,Walk-in
4592,Herberto Porta,leonorcarranza@example.org,1987-11-07,Lawyer,96,Dominican Republic,La Romana,Student,Rejected,2022-04-22 16:53:28,Email Campaign
4593,Roque Jove,salinasarcelia@example.com,2005-04-02,Architect,132,Dominican Republic,Santo Domingo,Student,Rejected,2022-02-14 03:16:53,Website
4594,Salomé Mas,botellahernando@example.net,1997-11-25,Marketing Specialist,157,Dominican Republic,La Romana,Individual,Withdrawn,2024-09-29 12:40:25,Walk-in
4595,María Del Carmen Ferrán,mhoz@example.com,1988-01-23,Project Manager,163,Dominican Republic,San Francisco de Macorís,Corporate,Approved,2023-01-05 04:12:27,Walk-in
4596,Almudena Cárdenas,custodia86@example.com,1991-04-29,Software Engineer,202,Dominican Republic,La Romana,Honorary,Approved,2025-08-21 08:09:43,Walk-in
4597,Josefina Barriga,poncio48@example.net,1995-07-18,Software Engineer,204,Dominican Republic,Santo Domingo,Corporate,Approved,2021-12-18 12:50:45,Website
4598,Ainoa Borrell,joaquinaplana@example.net,2001-09-11,Lawyer,299,Dominican Republic,La Romana,Individual,Approved,2022-06-20 08:34:56,Event
4599,Máximo Manzano,pacatejera@example.org,1977-05-02,Project Manager,223,Dominican Republic,La Romana,Corporate,Rejected,2022-09-25 06:31:51,Referral
4600,Consuela Huertas,mauracalvo@example.org,1980-01-10,Project Manager,13,Dominican Republic,Santo Domingo,Student,Rejected,2024-12-22 21:03:47,Referral
4601,Araceli Ferrero,ajuarez@example.org,1980-12-22,Project Manager,176,Dominican Republic,Punta Cana,Corporate,Approved,2022-03-13 16:20:45,Email Campaign
4602,Josep Rovira,carlos57@example.com,1978-06-28,Marketing Specialist,53,Dominican Republic,Punta Cana,Corporate,Rejected,2022-10-20 11:38:15,Referral
4603,Manuela Bauzà,francisco-jose51@example.net,1995-09-26,Data Analyst,203,Dominican Republic,Punta Cana,Honorary,Approved,2024-08-27 02:55:54,Walk-in
4604,Natividad Riba,suareztristan@example.net,2006-07-07,Financial Analyst,77,Dominican Republic,San Pedro de Macorís,Student,Under Review,2024-10-01 12:31:30,Walk-in
4605,Nicodemo Crespi,isidropedrosa@example.com,2005-09-08,Financial Analyst,80,Dominican Republic,Puerto Plata,Student,Approved,2022-10-02 14:01:37,Website
4606,Jessica Moraleda,bamigo@example.org,1975-11-04,Lawyer,138,Dominican Republic,San Francisco de Macorís,Honorary,Under Review,2022-12-09 01:14:13,Email Campaign
4607,María Jesús Coloma,emagisbert@example.org,1987-10-15,Financial Analyst,154,Dominican Republic,Santiago,Honorary,Approved,2022-11-15 07:25:26,Walk-in
4608,Candelaria Ródenas,xcalleja@example.net,2006-01-21,Architect,173,Dominican Republic,San Francisco de Macorís,Student,Approved,2023-04-20 04:08:23,Website
4609,Pascual Redondo,amada26@example.net,1998-03-31,Project Manager,80,Dominican Republic,San Pedro de Macorís,Honorary,Rejected,2024-04-14 07:29:17,Walk-in
4610,Remedios Valenzuela,seve45@example.com,1976-10-18,Software Engineer,61,Dominican Republic,Santo Domingo,Corporate,Approved,2025-07-08 23:14:45,Website
4611,Isaura Corbacho,cristianagustin@example.org,1994-05-19,Software Engineer,65,Dominican Republic,Punta Cana,Individual,Approved,2024-08-27 20:01:47,Website
4612,Lucila Avilés,tenoriomaximiano@example.com,2000-10-28,Civil Engineer,159,Dominican Republic,San Pedro de Macorís,Corporate,Approved,2024-04-16 11:24:12,Event
4613,Olivia Orozco,nevadocandela@example.org,1997-10-12,Financial Analyst,106,Dominican Republic,La Romana,Individual,Approved,2021-10-02 00:02:06,Walk-in
4614,Miguel Ávila,campsabel@example.net,2006-06-03,Architect,9,Dominican Republic,Santo Domingo,Student,Approved,2026-05-19 09:39:46,Referral
4615,Tania Rivero,ztellez@example.com,1984-04-11,Accountant,286,Dominican Republic,San Francisco de Macorís,Corporate,Approved,2025-11-24 19:56:03,Email Campaign
4616,Trinidad Bernad,victorianoroldan@example.com,1982-03-30,Data Analyst,273,Dominican Republic,Santiago,Honorary,Approved,2024-12-01 03:16:33,Event
4617,Mireia Marqués,pmurillo@example.org,1983-08-10,Lawyer,271,Dominican Republic,San Francisco de Macorís,Student,Approved,2024-03-15 22:31:53,Email Campaign
4618,Olga Saldaña,vlloret@example.net,1989-07-17,Software Engineer,113,Dominican Republic,Puerto Plata,Student,Approved,2023-08-06 20:45:39,Referral
4619,Heliodoro Tena,fabricioros@example.org,1992-09-22,Project Manager,71,Dominican Republic,San Pedro de Macorís,Individual,Approved,2022-08-16 08:25:43,Website
4620,Encarnación Benavente,aaron23@example.com,1985-07-09,Project Manager,31,Dominican Republic,Punta Cana,Honorary,Approved,2023-05-30 02:16:10,Event
4621,Carmela Valenzuela,luismillan@example.org,1986-08-22,Marketing Specialist,141,Dominican Republic,Santo Domingo,Corporate,Approved,2023-01-19 03:35:23,Referral
4622,David Manjón,montenegrovioleta@example.net,1975-10-12,Civil Engineer,207,Dominican Republic,San Francisco de Macorís,Corporate,Submitted,2023-10-19 06:33:58,Email Campaign
4623,Ainara Castrillo,namor@example.com,2005-01-20,Civil Engineer,122,Dominican Republic,Punta Cana,Individual,Approved,2025-04-13 15:22:12,Website
4624,Fernando Benitez,pedro97@example.com,1983-09-07,Business Consultant,180,Dominican Republic,San Pedro de Macorís,Corporate,Approved,2025-02-18 15:35:59,Event
4625,René Alcázar,custodia19@example.net,1978-10-25,Civil Engineer,260,Dominican Republic,Santo Domingo,Corporate,Rejected,2025-05-20 23:22:10,Referral
4626,Maricruz Martí,yguardiola@example.com,1988-01-23,Data Analyst,55,Dominican Republic,San Francisco de Macorís,Individual,Approved,2023-05-24 15:45:58,Walk-in
4627,Encarna Sainz,azucena74@example.net,2001-01-29,Business Consultant,1,Dominican Republic,San Francisco de Macorís,Student,Approved,2024-08-05 21:01:58,Referral
4628,Vanesa Paredes,pcarnero@example.org,2002-11-10,Data Analyst,228,Dominican Republic,San Francisco de Macorís,Individual,Approved,2026-03-15 15:48:47,Email Campaign
4629,José Luis Jáuregui,monica96@example.org,2006-11-28,Business Consultant,131,Dominican Republic,Puerto Plata,Individual,Approved,2025-05-08 17:21:26,Website
4630,Jose Carlos Montero,norbertotejero@example.com,1991-11-22,Marketing Specialist,199,Dominican Republic,Santiago,Individual,Approved,2025-09-14 22:32:07,Website
4631,Almudena Lobato,valentincruz@example.org,1980-06-18,Software Engineer,159,Dominican Republic,Puerto Plata,Individual,Approved,2023-07-17 07:49:44,Walk-in
4632,Anunciación Lledó,xsales@example.com,2006-05-09,Data Analyst,85,Dominican Republic,Santiago,Honorary,Under Review,2022-04-08 16:24:24,Event
4633,Mireia Bertrán,xmarquez@example.com,1995-10-23,Software Engineer,36,Dominican Republic,Santo Domingo,Honorary,Rejected,2026-03-23 21:08:53,Email Campaign
4634,Regina Giner,lupeexposito@example.net,1977-01-09,Business Consultant,86,Dominican Republic,Puerto Plata,Student,Approved,2021-11-22 05:38:26,Referral
4635,Zaida Barreda,dolores05@example.com,1987-07-31,Project Manager,19,Dominican Republic,San Pedro de Macorís,Corporate,Submitted,2022-08-12 19:55:04,Website
4636,Urbano Grau,jmontserrat@example.com,1985-04-28,Architect,249,Dominican Republic,Punta Cana,Student,Approved,2021-12-04 12:06:14,Walk-in
4637,Mohamed Bautista,leonelmateo@example.org,1985-07-12,Financial Analyst,95,Dominican Republic,San Francisco de Macorís,Individual,Approved,2025-02-15 17:30:24,Email Campaign
4638,Edgardo Soria,canizaresgodofredo@example.net,1983-08-14,Data Analyst,46,Dominican Republic,La Romana,Honorary,Approved,2023-10-02 01:48:01,Referral
4639,Sol Baquero,pnavarrete@example.org,1988-04-19,Architect,76,Dominican Republic,Punta Cana,Student,Rejected,2023-04-22 20:27:35,Walk-in
4640,Sarita Pedrosa,lmir@example.net,1994-01-29,Marketing Specialist,193,Dominican Republic,Punta Cana,Honorary,Approved,2021-10-27 08:23:54,Referral
4641,Concepción Priego,anitaestevez@example.net,1999-08-07,Software Engineer,242,Dominican Republic,San Francisco de Macorís,Individual,Approved,2022-09-02 17:36:47,Email Campaign
4642,Dorotea Quintanilla,zapataamelia@example.net,1992-04-11,Data Analyst,124,Dominican Republic,Punta Cana,Honorary,Approved,2024-06-01 04:48:59,Event
4643,Evita Sosa,maytetamayo@example.org,1991-06-21,Business Consultant,181,Dominican Republic,San Francisco de Macorís,Student,Approved,2025-04-06 23:29:43,Event
4644,Jose Miguel Asenjo,osarmiento@example.net,1997-06-18,Architect,199,Dominican Republic,Santiago,Corporate,Approved,2026-01-13 07:15:09,Website
4645,Luciana Huertas,aplaza@example.org,1995-01-06,Marketing Specialist,3,Dominican Republic,Santiago,Student,Approved,2025-11-24 17:42:20,Referral
4646,Gema Valenzuela,nico00@example.net,1997-07-05,Civil Engineer,239,Dominican Republic,San Pedro de Macorís,Student,Approved,2024-02-20 01:05:46,Email Campaign
4647,Leopoldo Pascual,salcedojulie@example.org,1996-01-31,Data Analyst,149,Dominican Republic,Santo Domingo,Corporate,Approved,2025-01-18 16:55:59,Website
4648,Faustino Amores,alemanyursula@example.com,1996-06-22,Accountant,244,Dominican Republic,Puerto Plata,Corporate,Rejected,2023-08-14 11:35:41,Event
4649,Leocadia Espada,sandaliopages@example.org,1990-11-29,Civil Engineer,117,Dominican Republic,La Romana,Corporate,Approved,2026-01-17 09:50:46,Referral
4650,Federico Ojeda,rolando30@example.com,1996-10-12,Civil Engineer,242,Dominican Republic,Puerto Plata,Individual,Under Review,2024-03-28 04:22:38,Walk-in
4651,Herminia Bermudez,teodoro71@example.org,1991-04-04,Lawyer,83,Dominican Republic,Puerto Plata,Individual,Approved,2025-05-30 06:32:38,Website
4652,Miguel Frutos,rcozar@example.net,1986-05-22,Data Analyst,140,Dominican Republic,San Francisco de Macorís,Individual,Approved,2026-05-11 19:29:59,Referral
4653,Cipriano Seguí,velascohilda@example.net,1985-12-29,Financial Analyst,101,Dominican Republic,Santiago,Corporate,Approved,2021-09-16 23:45:19,Website
4654,Ana Belén Mur,maria-del-carmen38@example.org,1988-01-19,Software Engineer,267,Dominican Republic,San Pedro de Macorís,Honorary,Approved,2023-04-26 02:34:06,Website
4655,Manuela Pou,esperanza72@example.com,1993-05-23,Architect,112,Dominican Republic,Punta Cana,Corporate,Approved,2023-06-30 18:01:26,Referral
4656,Sabina Peláez,santanamanu@example.net,1976-06-18,Software Engineer,9,Dominican Republic,La Romana,Individual,Approved,2024-08-14 17:12:26,Website
4657,Celestino Falcó,rebolloeloisa@example.com,1990-11-26,Project Manager,226,Dominican Republic,San Francisco de Macorís,Student,Approved,2023-03-13 05:24:33,Email Campaign
4658,Berto Castells,mollroman@example.net,1983-11-22,Financial Analyst,225,Dominican Republic,La Romana,Corporate,Rejected,2026-05-09 05:58:26,Website
4659,Vinicio Anaya,alondravinas@example.com,1983-04-13,Accountant,290,Dominican Republic,San Francisco de Macorís,Corporate,Approved,2025-06-23 06:06:11,Referral
4660,Cloe Cortés,maloluciana@example.net,1981-06-14,Marketing Specialist,139,Dominican Republic,Santiago,Honorary,Approved,2024-04-15 11:36:04,Website
4661,Cesar Gisbert,ecalderon@example.org,1975-09-25,Accountant,159,Dominican Republic,Santiago,Corporate,Approved,2025-04-10 15:30:48,Website
4662,Jennifer Fernandez,angelramiro@example.net,1982-12-27,Project Manager,170,Dominican Republic,San Francisco de Macorís,Individual,Pending Payment,2021-12-07 08:51:37,Website
4663,Saturnino Julián,rosalindarodriguez@example.net,2007-04-02,Architect,243,Dominican Republic,Puerto Plata,Honorary,Pending Payment,2022-09-13 20:52:16,Website
4664,Teo Salazar,heliodoroprat@example.com,1987-01-29,Architect,254,Dominican Republic,La Romana,Individual,Pending Payment,2025-03-03 07:21:12,Referral
4665,Arturo Pujol,xterron@example.com,1994-11-03,Accountant,161,Dominican Republic,La Romana,Student,Approved,2024-09-03 23:48:03,Referral
4666,Vidal Hervia,luis-angel10@example.com,2007-09-30,Data Analyst,291,Dominican Republic,Santo Domingo,Student,Approved,2025-05-29 18:44:59,Referral
4667,Alicia Castrillo,albano40@example.org,1986-10-24,Business Consultant,39,Dominican Republic,La Romana,Student,Approved,2026-03-09 08:41:47,Walk-in
4668,Florina Vallés,amigoeusebia@example.net,2006-09-04,Accountant,51,Dominican Republic,San Pedro de Macorís,Honorary,Approved,2024-05-16 11:32:05,Email Campaign
4669,Noelia Morell,ncorbacho@example.com,1992-02-17,Architect,200,Dominican Republic,San Francisco de Macorís,Individual,Withdrawn,2025-12-08 04:44:40,Event
4670,Lupe Palomares,ccompany@example.net,1976-05-15,Lawyer,207,Dominican Republic,Puerto Plata,Honorary,Rejected,2022-12-13 21:09:30,Website
4671,Luis Carbonell,maciasche@example.com,1977-08-30,Civil Engineer,243,Dominican Republic,Santiago,Individual,Approved,2025-08-15 10:37:40,Email Campaign
4672,Macaria Mateo,demetrioramis@example.com,1976-02-12,Accountant,129,Dominican Republic,San Pedro de Macorís,Honorary,Approved,2026-02-05 16:23:36,Event
4673,Hilda Carrera,fcarbo@example.com,1997-04-05,Lawyer,92,Dominican Republic,Santiago,Corporate,Approved,2024-10-08 03:50:30,Email Campaign
4674,Eva Piñeiro,oborrell@example.net,1985-04-30,Lawyer,153,Dominican Republic,San Francisco de Macorís,Student,Withdrawn,2021-10-16 12:07:26,Website
4675,Julie Llorens,cpalacio@example.org,1977-01-20,Project Manager,231,Dominican Republic,Puerto Plata,Corporate,Rejected,2024-04-20 19:04:07,Email Campaign
4676,Nico Mascaró,cerveraeladio@example.net,1991-11-23,Software Engineer,155,Dominican Republic,San Pedro de Macorís,Corporate,Approved,2021-11-05 13:39:22,Email Campaign
4677,Santiago Arcos,mmenendez@example.com,1996-11-14,Architect,289,Dominican Republic,La Romana,Student,Approved,2023-09-16 15:27:15,Email Campaign
4678,Nazaret Ruiz,mamen80@example.net,1983-04-24,Architect,102,Dominican Republic,San Pedro de Macorís,Student,Approved,2024-12-31 02:24:26,Referral
4679,Héctor Gelabert,fmarco@example.org,2005-04-11,Lawyer,145,Dominican Republic,Santiago,Student,Submitted,2023-01-19 15:02:10,Website
4680,Marco Parejo,maria-manuela81@example.com,1976-12-13,Architect,243,Dominican Republic,Santiago,Honorary,Under Review,2026-02-08 17:31:03,Website
4681,Luna Giner,pacobaron@example.com,2005-04-15,Software Engineer,208,Dominican Republic,La Romana,Honorary,Approved,2023-03-20 09:17:31,Walk-in
4682,Juan Bautista Lladó,squerol@example.org,1998-06-26,Business Consultant,142,Dominican Republic,Punta Cana,Honorary,Under Review,2021-12-13 04:57:21,Referral
4683,María Luisa Armas,juanpepe@example.org,1995-10-12,Accountant,27,Dominican Republic,La Romana,Individual,Withdrawn,2026-04-26 18:23:41,Referral
4684,Alejandro Llano,ovalcarcel@example.org,2004-04-20,Architect,261,Dominican Republic,San Francisco de Macorís,Honorary,Rejected,2024-05-04 02:49:37,Event
4685,Cristóbal Mata,penasdamian@example.net,1990-07-14,Civil Engineer,263,Dominican Republic,La Romana,Student,Approved,2022-01-31 00:30:24,Email Campaign
4686,Clara Vallés,egalvez@example.com,2003-09-15,Civil Engineer,116,Dominican Republic,Puerto Plata,Student,Submitted,2021-10-08 00:14:26,Referral
4687,Dominga Vallejo,puigsantos@example.net,2006-08-23,Lawyer,197,Dominican Republic,La Romana,Individual,Approved,2022-07-10 16:51:04,Referral
4688,Jacinto Alemán,rosamariscal@example.com,1996-02-26,Marketing Specialist,95,Dominican Republic,La Romana,Individual,Withdrawn,2022-07-29 03:21:56,Website
4689,Iris Escribano,patinobaltasar@example.org,1988-08-11,Marketing Specialist,296,Dominican Republic,San Francisco de Macorís,Honorary,Approved,2023-10-18 21:54:24,Walk-in
4690,Máximo Julián,jplaza@example.com,1990-08-04,Accountant,8,Dominican Republic,Punta Cana,Student,Approved,2023-08-15 10:48:36,Website
4691,Dani Cortina,isidoro61@example.org,1990-08-31,Business Consultant,90,Dominican Republic,Santo Domingo,Honorary,Submitted,2025-01-27 02:37:24,Event
4692,Dorita Valle,lprat@example.org,2002-05-30,Financial Analyst,161,Dominican Republic,Santiago,Corporate,Approved,2024-08-31 15:56:03,Referral
4693,Íngrid Valentín,amaya45@example.org,1994-07-17,Software Engineer,148,Dominican Republic,Santo Domingo,Corporate,Approved,2022-02-27 23:24:15,Walk-in
4694,Evangelina Vega,dcarretero@example.org,1997-10-31,Project Manager,267,Dominican Republic,San Francisco de Macorís,Corporate,Approved,2023-07-11 18:24:56,Website
4695,Chuy Navarro,bburgos@example.org,2006-01-21,Accountant,266,Dominican Republic,La Romana,Corporate,Rejected,2024-01-05 17:05:16,Walk-in
4696,Francisco Jose Piñeiro,landaperlita@example.com,1990-11-19,Marketing Specialist,96,Dominican Republic,San Pedro de Macorís,Corporate,Approved,2022-05-24 20:07:14,Walk-in
4697,Teófila Rincón,angelino44@example.org,1988-03-26,Accountant,64,Dominican Republic,San Pedro de Macorís,Individual,Approved,2023-03-24 15:59:55,Event
4698,Tito Jurado,onofre82@example.net,2006-05-15,Financial Analyst,124,Dominican Republic,Santo Domingo,Individual,Approved,2025-03-04 07:30:42,Walk-in
4699,Mamen Macias,jose-angel19@example.org,2004-01-24,Project Manager,271,Dominican Republic,Santiago,Honorary,Rejected,2023-07-07 19:15:50,Event
4700,Luna Sierra,izquierdodulce@example.net,1992-02-25,Marketing Specialist,64,Dominican Republic,Puerto Plata,Honorary,Withdrawn,2025-04-18 07:31:30,Referral
4701,Elpidio Almansa,obduliafernandez@example.com,1984-01-13,Architect,231,Dominican Republic,Punta Cana,Individual,Approved,2024-12-26 05:44:50,Walk-in
4702,Máximo Cózar,trini27@example.net,1989-10-31,Project Manager,134,Dominican Republic,La Romana,Student,Pending Payment,2021-09-02 08:09:31,Website
4703,Julie Torre,georgina14@example.com,1984-07-18,Accountant,15,Dominican Republic,La Romana,Corporate,Rejected,2023-12-13 11:00:44,Walk-in
4704,Abraham Domínguez,mcasals@example.com,1982-02-26,Financial Analyst,153,Dominican Republic,Punta Cana,Individual,Approved,2024-01-20 05:17:42,Email Campaign
4705,Fabián Morell,nestor61@example.net,1982-05-13,Accountant,108,Dominican Republic,Puerto Plata,Student,Approved,2022-11-14 05:58:52,Walk-in
4706,Olga Ros,pazborja@example.org,1993-10-17,Project Manager,89,Dominican Republic,Santo Domingo,Individual,Approved,2023-10-29 15:04:08,Walk-in
4707,Donato Palomino,camilo09@example.net,1987-08-11,Project Manager,17,Dominican Republic,Punta Cana,Student,Approved,2023-12-22 11:58:38,Website
4708,Eligio Paredes,roxanateruel@example.com,1975-11-15,Financial Analyst,252,Dominican Republic,San Pedro de Macorís,Student,Approved,2024-10-11 11:24:06,Website
4709,Samu Vaquero,vicensveronica@example.com,1997-09-01,Project Manager,160,Dominican Republic,Punta Cana,Honorary,Approved,2026-02-13 17:52:07,Website
4710,Ágata Dueñas,rodenasfaustino@example.com,1978-02-02,Project Manager,224,Dominican Republic,La Romana,Honorary,Rejected,2022-12-08 20:26:13,Email Campaign
4711,Rosendo Fabra,marinoantunez@example.net,1998-03-28,Accountant,90,Dominican Republic,Santo Domingo,Honorary,Submitted,2023-03-21 11:36:59,Email Campaign
4712,Gala Galán,gavila@example.net,2002-04-15,Accountant,112,Dominican Republic,Santiago,Individual,Approved,2023-10-06 00:20:05,Walk-in
4713,Evaristo Ramos,ccuadrado@example.org,1983-12-11,Financial Analyst,143,Dominican Republic,La Romana,Corporate,Approved,2022-12-19 06:31:39,Website
4714,Selena Recio,vidalsalvador@example.net,1990-04-06,Marketing Specialist,71,Dominican Republic,Santiago,Honorary,Approved,2025-05-20 14:36:43,Referral
4715,Lupe Rovira,viviana88@example.org,1995-05-27,Business Consultant,157,Dominican Republic,San Francisco de Macorís,Student,Approved,2024-02-21 18:52:49,Website
4716,María Belén Plaza,wseco@example.com,1995-07-03,Lawyer,94,Dominican Republic,Punta Cana,Corporate,Withdrawn,2022-12-08 01:54:49,Event
4717,Consuelo Mancebo,elvira93@example.org,1982-06-30,Financial Analyst,42,Dominican Republic,Puerto Plata,Individual,Pending Payment,2025-03-13 14:46:26,Event
4718,Amaya Olivares,ucrespo@example.com,1989-07-23,Data Analyst,134,Dominican Republic,San Francisco de Macorís,Honorary,Pending Payment,2025-12-10 15:07:45,Referral
4719,Juan Bautista Acuña,jeremias66@example.com,1997-08-19,Marketing Specialist,266,Dominican Republic,Santo Domingo,Student,Approved,2025-11-30 13:42:29,Email Campaign
4720,Hugo Estévez,feijoocarlos@example.com,1979-11-06,Project Manager,11,Dominican Republic,Puerto Plata,Honorary,Approved,2023-05-29 00:42:30,Referral
4721,Sandra Campo,msandoval@example.org,1987-04-08,Lawyer,232,Dominican Republic,Puerto Plata,Corporate,Approved,2023-09-20 18:35:47,Walk-in
4722,Marciano Armengol,casandragiralt@example.org,1982-06-10,Civil Engineer,240,Dominican Republic,Santo Domingo,Corporate,Approved,2022-07-08 02:21:06,Email Campaign
4723,Francisca Montaña,vigilalcides@example.org,1989-03-10,Lawyer,154,Dominican Republic,La Romana,Individual,Approved,2025-01-28 06:58:03,Event
4724,Lino Alberdi,joseproda@example.org,1993-12-10,Accountant,228,Dominican Republic,Santo Domingo,Corporate,Approved,2022-02-22 23:39:06,Event
4725,Ruperta Carreras,angelitaalvaro@example.net,2000-09-28,Civil Engineer,183,Dominican Republic,Punta Cana,Corporate,Approved,2024-10-03 22:27:56,Website
4726,Guillermo Bello,oteroleoncio@example.net,2006-01-25,Marketing Specialist,162,Dominican Republic,Santiago,Corporate,Approved,2023-09-13 10:54:42,Walk-in
4727,Chus Tomé,palomaresamada@example.org,1984-06-30,Business Consultant,261,Dominican Republic,San Francisco de Macorís,Corporate,Approved,2022-05-21 19:16:35,Referral
4728,Rosalina Moll,almeidaignacia@example.com,2002-01-05,Marketing Specialist,109,Dominican Republic,Puerto Plata,Honorary,Approved,2025-04-11 06:40:01,Event
4729,Albano Vall,pespanol@example.net,1988-07-30,Civil Engineer,120,Dominican Republic,Punta Cana,Student,Approved,2024-08-27 04:37:57,Event
4730,Benito Manjón,jarellano@example.com,2006-09-15,Architect,89,Dominican Republic,Santo Domingo,Student,Rejected,2023-02-19 05:14:01,Referral
4731,Nélida Clemente,rosalia78@example.net,1996-03-27,Lawyer,57,Dominican Republic,San Pedro de Macorís,Honorary,Under Review,2022-10-09 08:41:06,Walk-in
4732,Espiridión Navarro,collruperta@example.com,2008-05-14,Project Manager,169,Dominican Republic,Punta Cana,Individual,Approved,2022-06-30 07:12:52,Walk-in
4733,Mónica Hierro,armando62@example.org,1977-09-12,Accountant,108,Dominican Republic,San Pedro de Macorís,Corporate,Approved,2026-02-25 11:19:05,Website
4734,Luis Miguel Aparicio,moraledaroxana@example.com,2004-05-17,Accountant,50,Dominican Republic,Santo Domingo,Student,Approved,2025-11-15 02:37:39,Website
4735,Águeda Alemán,tcerdan@example.net,2005-09-25,Data Analyst,193,Dominican Republic,San Pedro de Macorís,Individual,Approved,2026-02-07 02:25:41,Event
4736,Bernardo Arcos,lotero@example.com,1993-09-17,Accountant,218,Dominican Republic,San Pedro de Macorís,Honorary,Rejected,2025-01-06 01:29:02,Walk-in
4737,Silvio Perelló,garmendiasilvio@example.net,1978-10-23,Financial Analyst,13,Dominican Republic,Santiago,Student,Under Review,2024-12-23 14:50:34,Referral
4738,Cecilia Céspedes,mansoariel@example.com,2008-02-06,Civil Engineer,56,Dominican Republic,Santiago,Student,Approved,2023-07-29 01:20:16,Referral
4739,Adriana Ferrández,zaragozaitziar@example.com,1978-06-18,Civil Engineer,214,Dominican Republic,Punta Cana,Student,Submitted,2024-01-14 11:59:29,Walk-in
4740,Marisela Figueroa,ferreroesperanza@example.org,1996-02-26,Civil Engineer,11,Dominican Republic,San Francisco de Macorís,Student,Withdrawn,2022-12-20 12:33:56,Website
4741,Amancio Azorin,ramona62@example.com,2002-09-25,Financial Analyst,19,Dominican Republic,Santiago,Honorary,Approved,2021-12-26 16:56:11,Website
4742,Alma Aguilar,florindaluis@example.com,1985-05-11,Business Consultant,214,Dominican Republic,Santo Domingo,Corporate,Withdrawn,2026-01-07 16:37:14,Walk-in
4743,Paola Morera,tzabala@example.net,2004-05-01,Accountant,89,Dominican Republic,La Romana,Student,Withdrawn,2026-02-26 08:28:35,Email Campaign
4744,Encarnación Duarte,guardiaflorentino@example.com,1983-06-02,Data Analyst,116,Dominican Republic,San Pedro de Macorís,Honorary,Approved,2026-03-08 14:30:20,Event
4745,Desiderio Murillo,ezequielgalan@example.org,1980-03-31,Business Consultant,73,Dominican Republic,Puerto Plata,Honorary,Rejected,2025-07-04 19:21:41,Event
4746,Herminia Díaz,jose-maria01@example.com,1995-10-24,Lawyer,21,Dominican Republic,La Romana,Corporate,Approved,2023-10-07 20:23:17,Event
4747,Carmelita Marqués,spedro@example.org,1997-06-14,Software Engineer,82,Dominican Republic,Punta Cana,Honorary,Approved,2022-05-17 20:39:13,Walk-in
4748,Antonia Querol,poncio94@example.com,1994-03-24,Architect,283,Dominican Republic,Punta Cana,Student,Approved,2022-02-03 16:40:18,Walk-in
4749,Baudelio Talavera,maitelerma@example.com,1983-01-07,Lawyer,28,Dominican Republic,San Francisco de Macorís,Individual,Approved,2025-01-18 20:54:52,Website
4750,Segismundo Zabala,aleordonez@example.com,1997-05-16,Financial Analyst,14,Dominican Republic,San Francisco de Macorís,Individual,Approved,2024-10-04 08:55:49,Website
4751,Flora Alegria,paz58@example.org,1994-01-03,Civil Engineer,75,Dominican Republic,La Romana,Corporate,Approved,2025-11-03 23:33:32,Walk-in
4752,Poncio Arias,valeromariana@example.com,2008-08-17,Financial Analyst,174,Dominican Republic,Punta Cana,Student,Withdrawn,2021-12-01 04:26:45,Website
4753,Encarnita Ballester,davidsalcedo@example.org,1978-11-17,Marketing Specialist,60,Dominican Republic,Santo Domingo,Student,Approved,2022-04-24 12:19:53,Email Campaign
4754,Nadia González,diana80@example.com,1982-03-18,Lawyer,48,Dominican Republic,San Pedro de Macorís,Student,Approved,2023-06-07 14:42:41,Event
4755,Jordi Canet,ignacia69@example.com,1984-08-25,Financial Analyst,284,Dominican Republic,San Pedro de Macorís,Student,Withdrawn,2021-10-21 21:54:43,Event
4756,David Atienza,miguelsantiago@example.org,1978-09-24,Project Manager,285,Dominican Republic,Santo Domingo,Corporate,Approved,2023-05-08 20:15:51,Website
4757,África Gallardo,gilberto06@example.org,1981-07-28,Marketing Specialist,185,Dominican Republic,San Francisco de Macorís,Corporate,Withdrawn,2024-11-28 09:38:19,Walk-in
4758,Baltasar Galan,ponsmar@example.com,1980-02-01,Civil Engineer,60,Dominican Republic,Santo Domingo,Corporate,Approved,2024-12-08 01:42:48,Walk-in
4759,Sabas González,demetriopinilla@example.org,1985-08-11,Business Consultant,70,Dominican Republic,Santo Domingo,Corporate,Approved,2022-02-04 20:28:17,Referral
4760,Vera Costa,cruzaguilera@example.org,1991-10-27,Lawyer,273,Dominican Republic,La Romana,Corporate,Rejected,2022-05-19 02:17:46,Website
4761,Jessica Sanchez,marquezmaximiliano@example.com,2006-12-28,Civil Engineer,297,Dominican Republic,Santo Domingo,Honorary,Approved,2023-10-11 15:53:47,Website
4762,Arturo Múñiz,paredesambrosio@example.net,1978-02-24,Architect,83,Dominican Republic,San Pedro de Macorís,Corporate,Rejected,2021-09-30 20:57:43,Email Campaign
4763,Adelardo Méndez,zsainz@example.org,1997-05-05,Data Analyst,33,Dominican Republic,Puerto Plata,Corporate,Approved,2024-09-11 09:36:24,Event
4764,Fausto Rincón,panfilopeinado@example.org,1991-09-13,Marketing Specialist,195,Dominican Republic,San Francisco de Macorís,Honorary,Submitted,2025-04-29 13:57:35,Referral
4765,Jorge Pardo,juan-luiscanals@example.org,1997-11-01,Civil Engineer,231,Dominican Republic,Puerto Plata,Honorary,Approved,2021-11-21 04:29:47,Email Campaign
4766,Eutimio Estevez,gtejero@example.org,1989-02-23,Project Manager,281,Dominican Republic,Santiago,Individual,Approved,2025-03-04 16:53:23,Referral
4767,Nacho Roda,domingomacario@example.net,1981-05-07,Project Manager,206,Dominican Republic,San Francisco de Macorís,Student,Rejected,2023-04-18 06:08:12,Walk-in
4768,Quique Salinas,ssalcedo@example.org,1998-04-01,Civil Engineer,255,Dominican Republic,Santo Domingo,Corporate,Approved,2024-03-18 00:08:57,Email Campaign
4769,Cruz Arranz,adriana17@example.com,1982-03-02,Data Analyst,69,Dominican Republic,Santo Domingo,Individual,Approved,2022-12-08 10:08:00,Event
4770,Eduardo Valcárcel,koliveras@example.com,1979-10-19,Business Consultant,268,Dominican Republic,Santiago,Student,Approved,2024-05-03 06:45:25,Email Campaign
4771,Belen Sobrino,queroolalla@example.net,1994-06-28,Project Manager,157,Dominican Republic,Santo Domingo,Student,Pending Payment,2023-10-09 06:09:54,Email Campaign
4772,Conrado Tejada,molinsrosenda@example.org,1978-10-31,Architect,89,Dominican Republic,San Pedro de Macorís,Individual,Rejected,2022-03-20 23:46:40,Email Campaign
4773,Juan Cámara,david24@example.net,2003-01-26,Data Analyst,50,Dominican Republic,Punta Cana,Individual,Approved,2025-11-28 13:37:26,Walk-in
4774,Mateo Pastor,sigfrido73@example.org,2006-10-16,Financial Analyst,200,Dominican Republic,San Pedro de Macorís,Individual,Approved,2023-05-21 06:08:56,Event
4775,Vicente Benavente,flaguna@example.net,2005-12-22,Lawyer,295,Dominican Republic,Punta Cana,Student,Rejected,2021-08-27 11:38:37,Referral
4776,Isabel Redondo,tmontesinos@example.com,1997-12-02,Marketing Specialist,50,Dominican Republic,Punta Cana,Honorary,Approved,2022-02-08 00:31:14,Event
4777,Candela Ortiz,madadia@example.com,1975-11-25,Accountant,5,Dominican Republic,San Francisco de Macorís,Corporate,Approved,2022-09-09 14:14:16,Website
4778,Florentina Botella,fquintana@example.com,1976-08-18,Accountant,293,Dominican Republic,Santiago,Individual,Approved,2024-12-10 00:11:07,Walk-in
4779,Cristóbal Fábregas,carballocristobal@example.net,1979-12-04,Civil Engineer,183,Dominican Republic,Santiago,Student,Withdrawn,2025-06-29 21:37:07,Email Campaign
4780,Ignacio Giralt,yusteevangelina@example.net,1978-08-20,Business Consultant,37,Dominican Republic,La Romana,Corporate,Withdrawn,2025-07-09 15:55:11,Walk-in
4781,Fermín Andreu,maximinosoriano@example.net,1988-08-06,Lawyer,255,Dominican Republic,Santiago,Individual,Rejected,2024-09-09 23:41:02,Website
4782,Pili Roca,albano01@example.net,1977-10-26,Lawyer,211,Dominican Republic,Punta Cana,Corporate,Rejected,2024-05-07 06:29:36,Email Campaign
4783,Luis Ángel Castilla,tbarcelo@example.com,1994-06-17,Architect,207,Dominican Republic,Santo Domingo,Corporate,Under Review,2022-11-30 07:47:12,Email Campaign
4784,Reyes Manso,casadotadeo@example.com,1982-08-25,Accountant,164,Dominican Republic,San Pedro de Macorís,Student,Rejected,2023-12-16 11:38:01,Walk-in
4785,María Belén Duque,gertrudis11@example.com,2005-07-16,Financial Analyst,150,Dominican Republic,Punta Cana,Honorary,Approved,2025-09-03 10:19:58,Email Campaign
4786,Maximiliano Manzanares,jrubio@example.com,2006-08-05,Data Analyst,236,Dominican Republic,San Pedro de Macorís,Student,Under Review,2026-02-21 18:04:23,Email Campaign
4787,Esteban Castañeda,piabarrios@example.net,1990-02-14,Accountant,235,Dominican Republic,San Francisco de Macorís,Honorary,Withdrawn,2024-02-24 18:08:08,Walk-in
4788,Edmundo Beltrán,rocamorazoraida@example.net,1984-07-20,Civil Engineer,113,Dominican Republic,La Romana,Honorary,Approved,2025-01-20 13:47:09,Website
4789,Bartolomé Gomez,climaco59@example.org,1983-09-30,Architect,272,Dominican Republic,Punta Cana,Honorary,Approved,2024-01-09 20:27:14,Referral
4790,Zaira Rocamora,jmontalban@example.org,2004-05-31,Data Analyst,219,Dominican Republic,La Romana,Individual,Approved,2025-11-11 11:10:27,Walk-in
4791,Luciano Rodriguez,moreno33@example.org,2007-11-08,Architect,44,Dominican Republic,San Pedro de Macorís,Honorary,Rejected,2025-05-02 13:17:58,Event
4792,Marina León,agapito60@example.com,1997-08-11,Architect,105,Dominican Republic,San Francisco de Macorís,Corporate,Approved,2024-02-06 13:12:08,Walk-in
4793,Cristian Báez,albacalvet@example.org,1997-06-26,Business Consultant,177,Dominican Republic,Santiago,Student,Approved,2024-02-14 15:40:35,Email Campaign
4794,Felipa Rodríguez,eveliacalzada@example.net,1976-01-19,Software Engineer,76,Dominican Republic,La Romana,Honorary,Approved,2025-11-14 22:40:20,Email Campaign
4795,Candelaria Arroyo,kromero@example.net,2001-02-22,Marketing Specialist,281,Dominican Republic,Santo Domingo,Corporate,Approved,2024-05-19 19:32:20,Email Campaign
4796,Víctor Peña,cantoncecilia@example.net,1983-05-21,Lawyer,216,Dominican Republic,Puerto Plata,Individual,Approved,2021-10-07 07:46:24,Walk-in
4797,Leocadio Campillo,fabiana44@example.com,1986-01-27,Project Manager,291,Dominican Republic,La Romana,Corporate,Approved,2025-11-20 23:32:42,Referral
4798,Jose Angel Gárate,judith35@example.net,2003-11-18,Data Analyst,262,Dominican Republic,San Francisco de Macorís,Corporate,Approved,2025-08-21 06:59:40,Walk-in
4799,Jose Ramón Rosales,garamburu@example.net,1990-02-28,Marketing Specialist,11,Dominican Republic,Santiago,Corporate,Approved,2025-12-02 07:59:46,Email Campaign
4800,María Pilar Palomino,piedadparejo@example.org,1978-04-01,Marketing Specialist,221,Dominican Republic,Santiago,Honorary,Rejected,2025-10-06 13:15:05,Event
4801,Nayara Montenegro,izquierdoadalberto@example.net,1982-12-08,Civil Engineer,219,Dominican Republic,La Romana,Corporate,Approved,2025-09-05 17:38:21,Referral
4802,Alejandro Blanch,villegasnacio@example.net,1989-03-08,Financial Analyst,178,Dominican Republic,Santiago,Individual,Approved,2026-05-22 08:30:16,Event
4803,Constanza Salvà,fidela09@example.com,1981-05-27,Project Manager,152,Dominican Republic,Santiago,Individual,Under Review,2021-10-30 19:08:26,Event
4804,Nacio Pablo,ordonezalmudena@example.net,1980-11-09,Software Engineer,28,Dominican Republic,San Francisco de Macorís,Corporate,Rejected,2025-12-03 00:55:43,Website
4805,Borja Lasa,ycoronado@example.com,1992-11-02,Data Analyst,44,Dominican Republic,San Pedro de Macorís,Individual,Approved,2022-01-26 23:23:37,Email Campaign
4806,Régulo Fuertes,luciobenitez@example.com,2007-08-17,Accountant,104,Dominican Republic,San Francisco de Macorís,Individual,Approved,2022-06-16 11:23:21,Event
4807,Cipriano Olivares,andres-felipe62@example.net,1992-04-01,Data Analyst,126,Dominican Republic,Punta Cana,Individual,Approved,2026-01-05 00:01:20,Walk-in
4808,Flavia Amo,pradaani@example.org,1978-09-04,Civil Engineer,284,Dominican Republic,Santiago,Honorary,Approved,2022-09-11 02:56:03,Walk-in
4809,Eutimio Carranza,mmarquez@example.org,2005-07-11,Accountant,11,Dominican Republic,Santiago,Student,Approved,2026-05-14 06:43:19,Walk-in
4810,Eustaquio Cueto,jose-antoniobertran@example.org,1986-11-07,Software Engineer,134,Dominican Republic,La Romana,Corporate,Approved,2024-12-20 00:25:59,Website
4811,Amalia Valentín,osvaldoabril@example.net,1999-10-02,Financial Analyst,295,Dominican Republic,Puerto Plata,Student,Approved,2023-06-22 06:02:53,Event
4812,Aurelia Núñez,bcasal@example.org,1999-02-03,Architect,68,Dominican Republic,San Francisco de Macorís,Individual,Approved,2025-07-26 11:48:36,Referral
4813,Juana Carmona,cirino34@example.org,1992-07-20,Software Engineer,99,Dominican Republic,San Pedro de Macorís,Honorary,Approved,2025-11-09 08:16:59,Email Campaign
4814,Gonzalo Cobo,maximianotellez@example.org,1999-06-13,Accountant,100,Dominican Republic,Santo Domingo,Honorary,Rejected,2025-10-26 09:32:05,Event
4815,Rosalía Izquierdo,vilmacadenas@example.net,2006-02-16,Software Engineer,165,Dominican Republic,Santo Domingo,Student,Rejected,2024-04-13 10:17:15,Email Campaign
4816,Lorenza Corbacho,iriartegil@example.org,1990-08-05,Business Consultant,209,Dominican Republic,Santiago,Corporate,Approved,2023-09-05 15:46:18,Website
4817,Teresita Teruel,dani58@example.com,1977-11-16,Financial Analyst,287,Dominican Republic,La Romana,Corporate,Approved,2024-02-04 23:36:16,Event
4818,Eric Noriega,murclaudia@example.org,1998-03-17,Software Engineer,162,Dominican Republic,La Romana,Individual,Under Review,2024-06-16 02:02:54,Event
4819,Jaime Abril,plinio87@example.com,1996-04-29,Data Analyst,227,Dominican Republic,San Francisco de Macorís,Honorary,Approved,2023-07-21 21:59:12,Website
4820,Ruperto Marquez,amayagalvez@example.com,1995-07-20,Software Engineer,2,Dominican Republic,La Romana,Corporate,Approved,2024-08-11 17:15:34,Event
4821,Wilfredo Company,azaharcabezas@example.com,2008-05-04,Financial Analyst,67,Dominican Republic,Puerto Plata,Individual,Approved,2022-04-04 18:03:37,Website
4822,Edu Comas,herasmiguel-angel@example.org,1979-02-12,Lawyer,42,Dominican Republic,Santo Domingo,Corporate,Approved,2022-04-11 14:49:17,Website
4823,Jose Galan,campilloamor@example.com,1986-10-24,Financial Analyst,59,Dominican Republic,Puerto Plata,Honorary,Approved,2023-04-01 00:37:12,Event
4824,Ramón Arregui,rupertajuan@example.com,1995-04-09,Project Manager,127,Dominican Republic,Puerto Plata,Individual,Approved,2024-01-09 08:39:13,Email Campaign
4825,Beatriz Maldonado,donairehector@example.org,2003-08-23,Software Engineer,129,Dominican Republic,Punta Cana,Honorary,Approved,2022-09-21 13:45:48,Referral
4826,Gerardo Gracia,victoriaaragones@example.net,1992-02-13,Project Manager,84,Dominican Republic,Puerto Plata,Individual,Approved,2023-10-09 05:55:04,Referral
4827,Azucena Montoya,xbarranco@example.net,1995-03-25,Civil Engineer,254,Dominican Republic,Santo Domingo,Corporate,Approved,2024-03-28 13:06:21,Walk-in
4828,Hipólito Calvo,alexandraalbero@example.net,1987-09-01,Data Analyst,237,Dominican Republic,San Francisco de Macorís,Honorary,Approved,2025-05-22 14:21:07,Referral
4829,Aurelia Fuertes,hdomenech@example.org,2007-12-19,Lawyer,192,Dominican Republic,San Francisco de Macorís,Individual,Pending Payment,2022-08-07 12:53:22,Referral
4830,Teobaldo Estevez,remigiobalaguer@example.net,1975-11-14,Financial Analyst,294,Dominican Republic,Puerto Plata,Student,Approved,2023-06-06 13:32:26,Event
4831,Victoriano Bauzà,custodio93@example.org,2007-02-18,Project Manager,45,Dominican Republic,Punta Cana,Honorary,Approved,2025-06-21 05:09:43,Referral
4832,Purificación Mata,lidia98@example.net,2002-06-01,Marketing Specialist,86,Dominican Republic,San Francisco de Macorís,Individual,Submitted,2023-09-30 04:16:50,Referral
4833,Calixta Acero,vicentelobo@example.net,1990-07-16,Software Engineer,228,Dominican Republic,Santo Domingo,Corporate,Approved,2023-08-14 10:37:47,Referral
4834,Candelaria Casal,godoynadia@example.org,1990-10-20,Accountant,211,Dominican Republic,Santiago,Honorary,Approved,2022-03-03 22:19:25,Referral
4835,Hilda Ibáñez,ruy24@example.com,1986-04-20,Financial Analyst,168,Dominican Republic,Puerto Plata,Corporate,Submitted,2024-04-10 12:47:01,Website
4836,Américo Sabater,aalcantara@example.com,2006-09-26,Project Manager,11,Dominican Republic,San Francisco de Macorís,Corporate,Approved,2023-08-18 13:38:46,Website
4837,Zaida Palacio,florentina88@example.org,2004-09-14,Civil Engineer,185,Dominican Republic,Punta Cana,Honorary,Approved,2023-05-23 00:52:11,Website
4838,Yéssica Laguna,casanovamelania@example.net,1976-07-30,Business Consultant,45,Dominican Republic,San Francisco de Macorís,Corporate,Approved,2026-05-17 08:59:28,Walk-in
4839,Obdulia Escamilla,asuncionmontserrat@example.org,2003-01-26,Marketing Specialist,252,Dominican Republic,La Romana,Corporate,Rejected,2022-10-23 04:47:44,Walk-in
4840,Luisina Lozano,lteruel@example.net,2001-08-19,Data Analyst,81,Dominican Republic,San Francisco de Macorís,Individual,Approved,2023-01-23 10:32:51,Website
4841,Noé Villalba,opablo@example.com,1978-01-12,Software Engineer,289,Dominican Republic,San Pedro de Macorís,Honorary,Approved,2024-10-21 18:00:45,Walk-in
4842,Teodosio Mariño,montesinossoledad@example.org,1983-01-03,Project Manager,101,Dominican Republic,Punta Cana,Honorary,Approved,2021-12-07 07:29:30,Email Campaign
4843,Victor Manuel Alegre,areig@example.net,2005-12-26,Civil Engineer,107,Dominican Republic,Santiago,Corporate,Approved,2025-11-05 18:49:36,Event
4844,Benjamín Querol,maria-del-carmenguijarro@example.org,1979-01-17,Data Analyst,208,Dominican Republic,Puerto Plata,Honorary,Under Review,2022-03-28 10:29:29,Email Campaign
4845,Lina Rosa,calvetdominga@example.com,1987-02-10,Business Consultant,120,Dominican Republic,Santiago,Honorary,Under Review,2023-07-10 23:36:09,Referral
4846,Amancio Hierro,ufuertes@example.org,2004-04-05,Business Consultant,250,Dominican Republic,Santo Domingo,Corporate,Under Review,2023-04-09 01:40:35,Referral
4847,José Mari Barberá,amarilisurena@example.net,1978-04-10,Business Consultant,78,Dominican Republic,San Pedro de Macorís,Corporate,Submitted,2025-08-14 04:35:49,Website
4848,Adán Garrido,bgalvan@example.com,1978-12-18,Project Manager,283,Dominican Republic,San Francisco de Macorís,Individual,Approved,2026-03-25 16:49:19,Walk-in
4849,Custodia Cerro,alcarazluciano@example.com,1993-04-01,Financial Analyst,26,Dominican Republic,Puerto Plata,Honorary,Approved,2022-10-02 09:52:13,Email Campaign
4850,Artemio Tapia,noeliabarcena@example.com,1981-11-09,Software Engineer,88,Dominican Republic,San Pedro de Macorís,Honorary,Approved,2023-12-13 14:02:32,Event
4851,Vidal Martín,marcrosado@example.net,1984-10-31,Project Manager,51,Dominican Republic,Punta Cana,Student,Approved,2025-09-19 10:43:59,Event
4852,Jose Francisco Colom,serafina50@example.com,2007-10-20,Marketing Specialist,24,Dominican Republic,Puerto Plata,Corporate,Submitted,2024-06-11 07:47:49,Referral
4853,Perlita Cañizares,naranjolilia@example.org,1988-09-24,Lawyer,281,Dominican Republic,La Romana,Student,Approved,2025-05-27 09:59:17,Email Campaign
4854,Etelvina Carretero,amadosanjuan@example.org,2006-06-28,Architect,105,Dominican Republic,Santo Domingo,Individual,Approved,2021-12-10 01:30:03,Walk-in
4855,Ester Ojeda,oalsina@example.com,1999-04-22,Financial Analyst,247,Dominican Republic,San Pedro de Macorís,Student,Under Review,2024-05-18 13:05:23,Event
4856,Aitor Cabeza,rjodar@example.com,1990-06-18,Lawyer,58,Dominican Republic,San Pedro de Macorís,Student,Rejected,2024-06-05 15:06:17,Event
4857,Juliana Salom,salvadorjuan-jose@example.com,1981-12-15,Architect,24,Dominican Republic,San Francisco de Macorís,Honorary,Approved,2021-12-08 05:31:33,Email Campaign
4858,Maxi Juliá,pardovera@example.org,2006-01-18,Lawyer,223,Dominican Republic,San Pedro de Macorís,Honorary,Under Review,2024-10-18 00:56:35,Website
4859,Águeda Moreno,ztome@example.com,1975-12-22,Accountant,147,Dominican Republic,Santo Domingo,Corporate,Approved,2023-02-18 06:52:23,Event
4860,Atilio Caro,zvalentin@example.com,1996-02-10,Project Manager,92,Dominican Republic,Punta Cana,Student,Approved,2023-09-18 22:30:15,Walk-in
4861,Andrés Felipe Amador,goicoecheasoledad@example.com,2005-01-17,Architect,64,Dominican Republic,La Romana,Student,Approved,2022-04-26 11:41:53,Referral
4862,Marcio Aragonés,malena80@example.com,1997-01-31,Software Engineer,37,Dominican Republic,La Romana,Honorary,Approved,2025-09-21 05:28:56,Email Campaign
4863,Alejo Bello,miguela46@example.com,1986-03-04,Project Manager,36,Dominican Republic,Punta Cana,Corporate,Approved,2026-01-24 17:20:10,Event
4864,José Ángel Adán,alcaldeapolinar@example.com,1976-12-01,Business Consultant,6,Dominican Republic,Puerto Plata,Honorary,Rejected,2021-11-03 16:31:51,Walk-in
4865,Luís Revilla,reina54@example.net,1991-05-14,Lawyer,176,Dominican Republic,Santiago,Corporate,Under Review,2024-12-04 01:52:22,Walk-in
4866,Benigna Galván,lupita87@example.com,1981-06-11,Business Consultant,181,Dominican Republic,Santo Domingo,Student,Submitted,2024-09-21 06:01:14,Walk-in
4867,Santos Alfonso,teresa89@example.net,1980-06-23,Marketing Specialist,294,Dominican Republic,Punta Cana,Honorary,Rejected,2024-01-18 23:57:33,Event
4868,Ruy Rodríguez,maximianosalcedo@example.com,1977-09-15,Marketing Specialist,169,Dominican Republic,La Romana,Student,Approved,2022-05-11 03:26:29,Walk-in
4869,Guadalupe Ariza,vmunoz@example.org,1978-09-06,Architect,269,Dominican Republic,San Pedro de Macorís,Student,Approved,2025-12-18 10:13:12,Walk-in
4870,Dani Donaire,planapatricio@example.org,1998-10-29,Architect,37,Dominican Republic,Punta Cana,Corporate,Approved,2024-10-27 05:47:30,Email Campaign
4871,Benito Carpio,clarisa59@example.org,1986-02-19,Project Manager,218,Dominican Republic,San Francisco de Macorís,Corporate,Approved,2023-09-11 06:20:26,Referral
4872,César Neira,saavedrarufina@example.org,2002-01-17,Marketing Specialist,295,Dominican Republic,Santiago,Individual,Approved,2025-11-17 17:14:23,Referral
4873,José María Belda,ellobet@example.com,2004-10-18,Lawyer,4,Dominican Republic,La Romana,Honorary,Rejected,2024-12-11 00:32:42,Email Campaign
4874,Selena Fabregat,arinojessica@example.org,2002-01-29,Business Consultant,69,Dominican Republic,La Romana,Individual,Withdrawn,2022-12-24 10:13:02,Website
4875,Juanita Huertas,segarrasamu@example.com,1977-08-13,Software Engineer,76,Dominican Republic,Santiago,Student,Approved,2023-01-11 14:32:38,Walk-in
4876,Porfirio Meléndez,acabo@example.net,1984-04-15,Architect,66,Dominican Republic,Santiago,Honorary,Approved,2024-02-20 15:05:53,Referral
4877,Leopoldo Pino,xluna@example.net,1992-10-30,Data Analyst,57,Dominican Republic,La Romana,Individual,Approved,2023-03-08 01:40:49,Referral
4878,José Mendez,gonigil@example.net,2006-02-02,Lawyer,141,Dominican Republic,La Romana,Student,Rejected,2022-03-22 21:57:08,Referral
4879,Roxana Borja,rosariosaldana@example.net,1979-12-20,Lawyer,117,Dominican Republic,Santiago,Student,Approved,2023-12-18 09:59:05,Email Campaign
4880,Marcia Lorenzo,xcrespo@example.net,1991-03-20,Marketing Specialist,117,Dominican Republic,San Francisco de Macorís,Individual,Approved,2024-05-30 07:56:48,Event
4881,Consuelo Bru,yolanda48@example.net,1986-01-18,Financial Analyst,236,Dominican Republic,Punta Cana,Honorary,Approved,2021-10-26 23:21:11,Email Campaign
4882,Tamara Adadia,rodrigo58@example.com,2006-03-03,Architect,273,Dominican Republic,Santo Domingo,Student,Approved,2025-02-04 15:07:09,Referral
4883,Joel Cortes,charo87@example.net,1976-04-08,Financial Analyst,171,Dominican Republic,La Romana,Student,Approved,2025-09-14 12:06:13,Referral
4884,Maricruz Hervás,qpuerta@example.net,1998-07-25,Business Consultant,142,Dominican Republic,Santiago,Individual,Approved,2025-09-16 20:02:02,Event
4885,Silvio Iñiguez,cfuster@example.net,1977-03-09,Business Consultant,242,Dominican Republic,Punta Cana,Honorary,Approved,2024-05-21 01:18:53,Walk-in
4886,Jose Ramón Lledó,pascualcanton@example.net,1979-01-13,Accountant,287,Dominican Republic,San Francisco de Macorís,Individual,Rejected,2026-03-24 08:34:19,Walk-in
4887,Wálter Casado,icastaneda@example.net,1990-11-01,Data Analyst,296,Dominican Republic,Puerto Plata,Corporate,Submitted,2024-04-04 09:31:27,Referral
4888,Vasco Rozas,brosell@example.net,2007-12-26,Lawyer,270,Dominican Republic,San Pedro de Macorís,Honorary,Submitted,2025-01-20 09:47:37,Email Campaign
4889,Marisa Barceló,carrenoeliana@example.org,2006-01-25,Accountant,53,Dominican Republic,Santiago,Student,Rejected,2024-10-02 02:57:04,Email Campaign
4890,Fernando Pintor,edmundo59@example.net,1997-09-19,Project Manager,295,Dominican Republic,La Romana,Honorary,Approved,2023-06-11 02:00:02,Event
4891,Daniel Sanabria,avalderrama@example.net,2002-08-24,Lawyer,170,Dominican Republic,Santo Domingo,Student,Approved,2024-09-01 20:22:45,Event
4892,Sosimo Salvà,consuelo10@example.net,1988-05-25,Software Engineer,175,Dominican Republic,Santiago,Honorary,Approved,2025-05-11 14:44:30,Referral
4893,Macarena Garcia,ctoro@example.net,1985-12-15,Accountant,206,Dominican Republic,Santo Domingo,Student,Approved,2024-01-04 20:46:24,Referral
4894,Milagros Salinas,hteruel@example.com,1976-10-21,Marketing Specialist,5,Dominican Republic,Punta Cana,Student,Rejected,2024-09-03 02:15:32,Event
4895,Noa Sanjuan,ibaquero@example.com,2008-01-10,Data Analyst,192,Dominican Republic,Santiago,Individual,Approved,2021-10-21 13:21:08,Referral
4896,Josefina Boada,rafa44@example.net,1985-03-31,Architect,231,Dominican Republic,La Romana,Corporate,Approved,2021-12-14 22:56:47,Email Campaign
4897,Felicidad Montes,imorante@example.com,1988-11-23,Financial Analyst,204,Dominican Republic,Punta Cana,Corporate,Approved,2023-06-29 08:03:30,Walk-in
4898,Amor Jordán,margarita84@example.com,1987-02-06,Accountant,168,Dominican Republic,Punta Cana,Honorary,Rejected,2024-07-07 06:41:33,Walk-in
4899,Leire Sáenz,nredondo@example.org,2003-10-27,Accountant,75,Dominican Republic,San Pedro de Macorís,Student,Under Review,2024-07-11 17:42:20,Referral
4900,Jenny Llabrés,abrahammugica@example.org,1994-11-18,Lawyer,268,Dominican Republic,San Francisco de Macorís,Student,Approved,2024-07-21 16:06:50,Event
4901,Ildefonso Agustín,ecueto@example.net,1991-08-23,Business Consultant,21,Dominican Republic,San Francisco de Macorís,Student,Approved,2022-10-05 23:40:26,Email Campaign
4902,Belén Clavero,kporcel@example.com,1998-07-09,Business Consultant,251,Dominican Republic,San Pedro de Macorís,Corporate,Approved,2025-12-19 13:35:25,Referral
4903,Silvia Valenciano,llamasprudencia@example.org,2000-08-31,Marketing Specialist,30,Dominican Republic,Santo Domingo,Student,Approved,2025-04-11 12:02:11,Referral
4904,Olga Quintana,guitartsebastian@example.com,2003-03-29,Financial Analyst,113,Dominican Republic,Santiago,Honorary,Approved,2026-03-31 11:03:51,Referral
4905,Américo Exposito,rrozas@example.com,1984-08-20,Lawyer,122,Dominican Republic,San Pedro de Macorís,Corporate,Approved,2026-04-02 11:37:19,Event
4906,Francisco Jose Machado,jesusapalomo@example.org,1977-07-28,Financial Analyst,241,Dominican Republic,Punta Cana,Student,Approved,2025-10-01 03:24:46,Website
4907,Elisa Puig,rosellpedro@example.org,1991-12-01,Marketing Specialist,70,Dominican Republic,Santo Domingo,Student,Submitted,2025-11-12 23:15:10,Walk-in
4908,Sabina Solera,emilio47@example.org,1989-12-09,Civil Engineer,172,Dominican Republic,Punta Cana,Honorary,Approved,2024-02-06 08:16:53,Walk-in
4909,Cintia Barón,porrasguadalupe@example.net,1990-03-22,Software Engineer,42,Dominican Republic,San Francisco de Macorís,Corporate,Approved,2024-06-27 11:22:08,Walk-in
4910,Alfredo Sotelo,olegarioecheverria@example.com,1976-11-15,Civil Engineer,177,Dominican Republic,Puerto Plata,Honorary,Approved,2022-06-29 16:58:50,Walk-in
4911,Román Benavent,teofilo97@example.net,1977-10-03,Project Manager,233,Dominican Republic,Santo Domingo,Honorary,Approved,2025-09-26 05:01:25,Website
4912,Etelvina Vergara,horaciobaeza@example.com,1998-06-10,Marketing Specialist,212,Dominican Republic,San Pedro de Macorís,Corporate,Rejected,2022-01-15 22:58:01,Referral
4913,Alfonso Zabaleta,ferrandizildefonso@example.net,1986-02-14,Civil Engineer,232,Dominican Republic,Puerto Plata,Student,Approved,2021-10-21 21:37:48,Event
4914,Epifanio Gallardo,omari@example.org,2003-12-05,Civil Engineer,145,Dominican Republic,Santo Domingo,Student,Submitted,2025-04-29 13:47:11,Email Campaign
4915,Consuela Echevarría,estrella41@example.net,1975-10-10,Accountant,24,Dominican Republic,San Pedro de Macorís,Honorary,Approved,2022-06-02 07:11:46,Referral
4916,Josefina Pinilla,vilma99@example.org,1979-08-30,Lawyer,241,Dominican Republic,Santiago,Individual,Rejected,2023-02-19 01:52:54,Walk-in
4917,Constanza Mas,cjodar@example.org,1977-12-19,Data Analyst,134,Dominican Republic,Santiago,Corporate,Withdrawn,2022-07-24 03:49:57,Referral
4918,Candela Cortés,qbusquets@example.com,2006-10-10,Data Analyst,39,Dominican Republic,San Francisco de Macorís,Corporate,Withdrawn,2024-09-08 15:44:49,Referral
4919,Dominga Oller,blancafrancisca@example.org,1976-07-31,Accountant,115,Dominican Republic,Santo Domingo,Corporate,Approved,2023-04-03 15:23:44,Walk-in
4920,Pascuala Gual,pedreroelisa@example.com,1990-05-09,Data Analyst,236,Dominican Republic,Santo Domingo,Individual,Rejected,2025-05-01 04:21:24,Event
4921,Flavia Izaguirre,isaacmanrique@example.org,1994-08-14,Marketing Specialist,106,Dominican Republic,Santo Domingo,Individual,Approved,2023-06-02 10:12:48,Event
4922,Lorena Tirado,silvia42@example.net,1992-09-09,Lawyer,175,Dominican Republic,San Francisco de Macorís,Honorary,Under Review,2024-03-14 13:47:51,Email Campaign
4923,Rogelio Herrera,ptello@example.com,1997-01-03,Business Consultant,284,Dominican Republic,San Pedro de Macorís,Individual,Rejected,2026-04-30 05:54:10,Email Campaign
4924,Eva María Morata,herviaagapito@example.net,1981-09-30,Software Engineer,188,Dominican Republic,Santo Domingo,Honorary,Approved,2025-06-19 09:26:46,Referral
4925,Aitana Cerezo,santiagocoral@example.org,2003-05-06,Civil Engineer,296,Dominican Republic,San Pedro de Macorís,Honorary,Approved,2022-04-14 14:58:57,Website
4926,Salvador Cuadrado,arturo55@example.org,1981-01-07,Lawyer,74,Dominican Republic,Puerto Plata,Corporate,Rejected,2025-04-05 17:18:54,Website
4927,Vicente Coello,rosalva48@example.org,1999-02-27,Lawyer,176,Dominican Republic,San Francisco de Macorís,Corporate,Approved,2025-08-12 03:25:08,Website
4928,Ernesto Prat,ltorrent@example.org,2000-08-12,Architect,78,Dominican Republic,Puerto Plata,Corporate,Pending Payment,2025-12-27 22:13:12,Event
4929,Serafina Zurita,rosalinda91@example.org,2004-09-26,Accountant,246,Dominican Republic,La Romana,Honorary,Rejected,2026-02-16 18:38:34,Website
4930,Tristán Salas,antoniatorrent@example.com,1984-05-24,Accountant,147,Dominican Republic,Santo Domingo,Individual,Approved,2025-11-19 14:18:09,Event
4931,Modesta Pla,azorinmacario@example.org,1990-09-21,Civil Engineer,89,Dominican Republic,Santiago,Corporate,Approved,2024-11-16 13:00:50,Event
4932,Julie Dalmau,upiquer@example.org,2004-01-20,Architect,270,Dominican Republic,La Romana,Honorary,Rejected,2024-01-17 23:52:51,Referral
4933,Cornelio Moliner,egimenez@example.net,1993-02-16,Lawyer,243,Dominican Republic,La Romana,Honorary,Withdrawn,2022-01-28 17:46:12,Website
4934,Epifanio Alfaro,alex41@example.net,2006-02-15,Architect,160,Dominican Republic,La Romana,Student,Approved,2021-09-19 11:49:00,Walk-in
4935,Édgar Calatayud,canizaresdulce@example.com,1984-02-17,Architect,242,Dominican Republic,San Francisco de Macorís,Individual,Approved,2023-10-06 19:57:25,Referral
4936,Yago Barbero,telmopastor@example.com,1993-08-25,Project Manager,177,Dominican Republic,Santiago,Student,Rejected,2022-07-01 12:22:37,Referral
4937,Lupe Priego,nereidapallares@example.com,1976-08-31,Software Engineer,107,Dominican Republic,Santo Domingo,Student,Approved,2022-04-28 01:40:45,Email Campaign
4938,Dafne Gallego,hugo11@example.org,2005-08-31,Software Engineer,185,Dominican Republic,Santiago,Individual,Approved,2022-08-14 08:38:26,Email Campaign
4939,Loida Morales,rafael67@example.org,2008-02-13,Project Manager,84,Dominican Republic,San Francisco de Macorís,Individual,Pending Payment,2022-06-06 11:14:10,Website
4940,Odalis Gilabert,sbarcelo@example.org,2000-04-11,Business Consultant,21,Dominican Republic,La Romana,Individual,Rejected,2022-03-17 14:44:41,Email Campaign
4941,Graciana Serra,claudia31@example.com,1987-11-17,Civil Engineer,135,Dominican Republic,Santiago,Individual,Approved,2025-03-06 16:35:12,Email Campaign
4942,Amaro Valero,adolfoesteban@example.org,1999-08-28,Architect,168,Dominican Republic,Santo Domingo,Corporate,Approved,2025-06-09 07:15:08,Event
4943,Ignacio Santana,jonatanteruel@example.net,1998-01-25,Data Analyst,83,Dominican Republic,Puerto Plata,Individual,Approved,2022-01-10 09:20:48,Event
4944,Celso Adán,manceboclarisa@example.org,1989-09-21,Project Manager,82,Dominican Republic,Puerto Plata,Honorary,Rejected,2022-12-24 23:15:45,Referral
4945,Carmelo Cruz,lucilajulian@example.org,1975-08-26,Marketing Specialist,57,Dominican Republic,San Pedro de Macorís,Honorary,Approved,2025-03-10 00:47:17,Website
4946,Casemiro Gallardo,rnadal@example.net,1995-11-04,Accountant,220,Dominican Republic,San Pedro de Macorís,Honorary,Rejected,2025-04-11 10:19:44,Event
4947,Ángeles Quintana,donosoyolanda@example.net,1986-04-19,Lawyer,230,Dominican Republic,San Francisco de Macorís,Honorary,Approved,2022-05-16 21:36:06,Website
4948,Kike Iborra,candela04@example.com,1978-06-27,Accountant,163,Dominican Republic,Santiago,Corporate,Withdrawn,2022-03-13 01:52:30,Walk-in
4949,Paula Anguita,mateonorberto@example.org,1978-06-20,Civil Engineer,57,Dominican Republic,Puerto Plata,Student,Pending Payment,2024-05-03 00:58:06,Walk-in
4950,Margarita Herrera,capdevilaconcha@example.com,1996-06-11,Architect,6,Dominican Republic,Santiago,Corporate,Approved,2025-02-08 13:36:52,Walk-in
4951,Bautista Corbacho,mramis@example.org,2002-10-29,Financial Analyst,60,Dominican Republic,La Romana,Student,Approved,2023-12-25 04:04:50,Referral
4952,Natividad Urrutia,aruiz@example.org,2004-06-23,Project Manager,6,Dominican Republic,Santiago,Honorary,Approved,2024-06-07 18:45:11,Website
4953,José María Vallés,renato25@example.com,1987-07-21,Data Analyst,69,Dominican Republic,San Pedro de Macorís,Individual,Approved,2021-09-20 08:34:57,Referral
4954,Pilar Llano,gastonmenendez@example.com,2005-01-27,Architect,192,Dominican Republic,La Romana,Honorary,Approved,2023-11-14 11:56:12,Walk-in
4955,Marita Barberá,qlago@example.net,1999-03-14,Architect,78,Dominican Republic,Santiago,Honorary,Withdrawn,2025-11-26 22:57:09,Email Campaign
4956,Severino Canals,qnebot@example.org,2000-10-12,Accountant,241,Dominican Republic,Santiago,Honorary,Approved,2026-01-21 20:24:24,Email Campaign
4957,Feliciano Valenzuela,ycanales@example.org,1985-11-09,Software Engineer,66,Dominican Republic,La Romana,Individual,Approved,2026-05-25 16:00:42,Event
4958,Pastora Caballero,xbaquero@example.net,1976-05-12,Accountant,16,Dominican Republic,La Romana,Individual,Approved,2022-04-17 18:56:27,Email Campaign
4959,Clementina Valera,paulino70@example.net,1981-06-11,Data Analyst,205,Dominican Republic,Santiago,Corporate,Withdrawn,2025-01-24 04:26:22,Referral
4960,Amparo Pizarro,susana04@example.com,2000-08-16,Civil Engineer,14,Dominican Republic,San Pedro de Macorís,Individual,Rejected,2024-02-11 19:55:21,Walk-in
4961,Ciriaco Martínez,margarita29@example.com,2001-09-13,Data Analyst,229,Dominican Republic,San Pedro de Macorís,Individual,Pending Payment,2022-11-19 03:12:44,Website
4962,Marianela Quiroga,halfonso@example.net,1977-09-15,Business Consultant,176,Dominican Republic,La Romana,Student,Rejected,2024-08-06 11:27:01,Email Campaign
4963,Regina Arranz,moyaolivia@example.org,1983-05-20,Data Analyst,46,Dominican Republic,Santiago,Honorary,Approved,2025-05-18 09:34:18,Event
4964,Haydée Vigil,aelorza@example.net,1984-03-22,Lawyer,287,Dominican Republic,Punta Cana,Corporate,Approved,2025-06-06 00:14:05,Event
4965,Armando Marcos,jose-manuelbarros@example.com,2000-05-02,Business Consultant,270,Dominican Republic,San Francisco de Macorís,Corporate,Under Review,2025-12-11 11:40:59,Referral
4966,Demetrio Mariño,sandraadan@example.com,1988-08-25,Civil Engineer,171,Dominican Republic,Santiago,Individual,Approved,2026-03-27 07:40:34,Walk-in
4967,Cayetano Saavedra,arreguitimoteo@example.net,1978-04-17,Civil Engineer,173,Dominican Republic,San Pedro de Macorís,Student,Rejected,2023-11-26 02:48:29,Event
4968,Isidro Rojas,corona72@example.net,2007-05-10,Financial Analyst,26,Dominican Republic,Punta Cana,Honorary,Approved,2023-07-27 19:12:06,Walk-in
4969,Débora Solsona,vreig@example.org,1998-11-22,Lawyer,198,Dominican Republic,Punta Cana,Honorary,Approved,2022-01-19 23:11:31,Email Campaign
4970,Matías Infante,segoviamiguela@example.org,1986-08-14,Project Manager,0,Dominican Republic,Puerto Plata,Corporate,Approved,2021-12-21 02:24:29,Referral
4971,Ambrosio Urrutia,falcala@example.net,2003-12-12,Civil Engineer,234,Dominican Republic,San Francisco de Macorís,Individual,Approved,2025-07-16 02:49:10,Event
4972,Pablo Cantero,adantrini@example.com,2006-09-12,Civil Engineer,25,Dominican Republic,San Francisco de Macorís,Student,Approved,2025-09-04 03:09:09,Referral
4973,Carolina Ibáñez,anunciacionluz@example.com,1987-12-26,Architect,12,Dominican Republic,Puerto Plata,Student,Approved,2025-07-14 06:00:33,Website
4974,Ulises Calderon,etomas@example.org,1990-05-24,Data Analyst,258,Dominican Republic,Punta Cana,Corporate,Approved,2025-04-16 03:10:59,Email Campaign
4975,Amarilis Castro,cuervonazaret@example.org,1994-06-21,Business Consultant,281,Dominican Republic,San Pedro de Macorís,Student,Approved,2023-08-18 07:35:02,Event
4976,Marcelino Carpio,hernan09@example.org,1979-06-01,Data Analyst,297,Dominican Republic,San Pedro de Macorís,Honorary,Pending Payment,2024-09-24 15:57:04,Referral
4977,Federico Santamaria,marciaparra@example.net,1992-02-27,Accountant,31,Dominican Republic,Santiago,Student,Approved,2026-03-14 03:44:11,Email Campaign
4978,Iván Ferrández,rsilva@example.net,1977-06-30,Accountant,278,Dominican Republic,La Romana,Individual,Approved,2026-02-08 10:02:52,Walk-in
4979,Irene Calatayud,jacintaarrieta@example.com,1995-10-28,Lawyer,195,Dominican Republic,San Francisco de Macorís,Honorary,Submitted,2023-12-05 04:59:55,Event
4980,Nuria Macías,lportillo@example.net,2004-06-23,Lawyer,58,Dominican Republic,Santiago,Individual,Rejected,2026-03-10 00:26:29,Walk-in
4981,Rosalinda Andres,egeahilda@example.org,1987-04-17,Business Consultant,241,Dominican Republic,Punta Cana,Honorary,Approved,2025-02-04 02:14:57,Referral
4982,Nayara Castelló,garzonseverino@example.org,2000-12-04,Data Analyst,190,Dominican Republic,San Francisco de Macorís,Honorary,Approved,2021-10-10 00:23:56,Referral
4983,Rosalina Arenas,pepitotudela@example.net,1976-12-15,Marketing Specialist,260,Dominican Republic,San Pedro de Macorís,Honorary,Submitted,2022-03-30 20:18:55,Event
4984,Remedios Quintanilla,lilianaarevalo@example.net,1997-11-21,Financial Analyst,194,Dominican Republic,Puerto Plata,Corporate,Pending Payment,2025-01-14 00:08:10,Website
4985,Lina Hernando,obarrios@example.com,2007-03-11,Business Consultant,289,Dominican Republic,La Romana,Student,Approved,2024-07-07 23:15:31,Referral
4986,Esperanza Ortiz,monrealduilio@example.com,1990-07-21,Project Manager,240,Dominican Republic,La Romana,Corporate,Pending Payment,2024-11-14 15:09:20,Website
4987,Marisa Benítez,jreyes@example.net,1989-06-15,Financial Analyst,78,Dominican Republic,Puerto Plata,Individual,Approved,2024-08-08 13:30:39,Walk-in
4988,Camila Puente,rolandoballester@example.org,2002-03-16,Project Manager,278,Dominican Republic,Santo Domingo,Student,Approved,2024-09-16 11:27:22,Event
4989,Jose Francisco Peña,jfabra@example.org,1996-09-13,Architect,78,Dominican Republic,San Francisco de Macorís,Corporate,Under Review,2022-11-29 03:25:21,Email Campaign
4990,Gaspar Morera,placido08@example.org,1988-10-27,Software Engineer,114,Dominican Republic,La Romana,Individual,Approved,2023-12-07 03:44:17,Website
4991,Alejandro Saavedra,pfuente@example.net,1992-08-04,Financial Analyst,26,Dominican Republic,San Francisco de Macorís,Corporate,Approved,2022-06-22 20:21:59,Referral
4992,Olga Folch,tecla10@example.org,1997-05-31,Civil Engineer,64,Dominican Republic,Punta Cana,Student,Approved,2021-09-08 15:54:38,Email Campaign
4993,Ulises Porras,calista48@example.com,2008-04-25,Accountant,244,Dominican Republic,San Francisco de Macorís,Individual,Approved,2023-09-13 01:46:26,Email Campaign
4994,Reyes Guardia,adanleonel@example.com,1977-10-03,Project Manager,118,Dominican Republic,Santo Domingo,Honorary,Approved,2023-07-26 06:57:03,Referral
4995,Judith Millán,tabella@example.net,1996-05-17,Project Manager,1,Dominican Republic,Santo Domingo,Honorary,Approved,2025-11-15 08:33:57,Email Campaign
4996,Susana Arenas,kllorente@example.net,1983-12-25,Project Manager,193,Dominican Republic,San Francisco de Macorís,Student,Approved,2025-08-25 23:48:55,Website
4997,Ramón Adadia,lorenzo79@example.org,1997-04-08,Lawyer,190,Dominican Republic,Santo Domingo,Corporate,Approved,2024-04-30 02:08:51,Referral
4998,Mariana Herrera,jodaradoracion@example.org,1979-12-13,Business Consultant,17,Dominican Republic,San Francisco de Macorís,Corporate,Withdrawn,2025-10-21 17:35:09,Event
4999,Fátima Ávila,cuestareina@example.com,1990-02-14,Civil Engineer,63,Dominican Republic,San Francisco de Macorís,Honorary,Approved,2023-11-20 13:03:58,Walk-in
